/Users/valtterivalo/.pyenv/versions/3.12.3/lib/python3.12/site-packages/torch/cuda/__init__.py:61: FutureWarning: The pynvml package is deprecated. Please install nvidia-ml-py instead. If you did not install pynvml directly, please report this to the maintainers of the package that installed pynvml for you.
  import pynvml  # type: ignore[import]
wandb: Currently logged in as: valtterivalo (valtterivalo-clock-cloud) to https://api.wandb.ai. Use `wandb login --relogin` to force relogin
wandb: setting up run ybcg2gjp
wandb: Tracking run with wandb version 0.23.1
wandb: Run data is saved locally in /Users/valtterivalo/Projects/pufferlib-metal-inferno-sync/wandb/run-20260505_124201-ybcg2gjp
wandb: Run `wandb offline` to turn off syncing.
wandb: Syncing run holographic-bantha-76
wandb: ⭐️ View project at https://wandb.ai/valtterivalo-clock-cloud/puffer4
wandb: 🚀 View run at https://wandb.ai/valtterivalo-clock-cloud/puffer4/runs/ybcg2gjp
phase2 demo   0: file_q=0.822 q0=0.000 qmax=0.822 qlast=0.822 best_slot=174/175 term=0 cursor=185 seed=0 len=186
phase2 demo   1: file_q=0.822 q0=0.000 qmax=0.822 qlast=0.822 best_slot=174/176 term=0 cursor=185 seed=0 len=187
phase2 demo   2: file_q=0.822 q0=0.000 qmax=0.822 qlast=0.822 best_slot=174/177 term=1 cursor=185 seed=0 len=188
phase2 demo   3: file_q=0.816 q0=0.000 qmax=0.816 qlast=0.816 best_slot=174/175 term=0 cursor=185 seed=0 len=186
phase2 demo   4: file_q=0.816 q0=0.000 qmax=0.816 qlast=0.816 best_slot=174/175 term=0 cursor=185 seed=0 len=186
phase2 demo   5: file_q=0.816 q0=0.000 qmax=0.816 qlast=0.816 best_slot=174/175 term=0 cursor=185 seed=0 len=186
phase2 demo   6: file_q=0.816 q0=0.000 qmax=0.816 qlast=0.816 best_slot=174/176 term=0 cursor=185 seed=0 len=187
phase2 demo   7: file_q=0.816 q0=0.000 qmax=0.816 qlast=0.816 best_slot=174/177 term=1 cursor=185 seed=0 len=188
phase2 demo   8: file_q=0.794 q0=0.000 qmax=0.794 qlast=0.794 best_slot=140/141 term=0 cursor=146 seed=0 len=147
phase2 demo   9: file_q=0.794 q0=0.000 qmax=0.794 qlast=0.794 best_slot=140/142 term=1 cursor=146 seed=0 len=149
phase2 demo  10: file_q=0.794 q0=0.000 qmax=0.794 qlast=0.794 best_slot=140/142 term=1 cursor=146 seed=0 len=149
phase2 demo  11: file_q=0.794 q0=0.000 qmax=0.794 qlast=0.794 best_slot=143/144 term=0 cursor=150 seed=0 len=151
phase2 demo  12: file_q=0.794 q0=0.000 qmax=0.794 qlast=0.794 best_slot=145/146 term=0 cursor=151 seed=0 len=152
phase2 demo  13: file_q=0.794 q0=0.000 qmax=0.794 qlast=0.794 best_slot=143/144 term=0 cursor=151 seed=0 len=152
phase2 demo  14: file_q=0.794 q0=0.000 qmax=0.794 qlast=0.794 best_slot=143/144 term=0 cursor=151 seed=0 len=152
phase2 demo  15: file_q=0.794 q0=0.000 qmax=0.794 qlast=0.794 best_slot=145/147 term=0 cursor=151 seed=0 len=153
phase2 demo  16: file_q=0.794 q0=0.000 qmax=0.794 qlast=0.794 best_slot=143/145 term=1 cursor=150 seed=0 len=153
phase2 demo  17: file_q=0.794 q0=0.000 qmax=0.794 qlast=0.794 best_slot=143/145 term=1 cursor=151 seed=0 len=154
phase2 demo  18: file_q=0.794 q0=0.000 qmax=0.794 qlast=0.794 best_slot=143/145 term=1 cursor=151 seed=0 len=154
phase2 demo  19: file_q=0.794 q0=0.000 qmax=0.794 qlast=0.794 best_slot=143/145 term=1 cursor=151 seed=0 len=154
phase2 demo  20: file_q=0.794 q0=0.000 qmax=0.794 qlast=0.794 best_slot=145/148 term=0 cursor=151 seed=0 len=154
phase2 demo  21: file_q=0.794 q0=0.000 qmax=0.794 qlast=0.794 best_slot=145/148 term=0 cursor=151 seed=0 len=154
phase2 demo  22: file_q=0.794 q0=0.000 qmax=0.794 qlast=0.794 best_slot=145/147 term=0 cursor=151 seed=0 len=154
phase2 demo  23: file_q=0.794 q0=0.000 qmax=0.794 qlast=0.794 best_slot=143/145 term=1 cursor=151 seed=0 len=154
phase2 demo  24: file_q=0.794 q0=0.000 qmax=0.794 qlast=0.794 best_slot=145/148 term=0 cursor=151 seed=0 len=155
phase2 demo  25: file_q=0.794 q0=0.000 qmax=0.794 qlast=0.794 best_slot=145/149 term=0 cursor=151 seed=0 len=155
phase2 demo  26: file_q=0.794 q0=0.000 qmax=0.794 qlast=0.794 best_slot=145/149 term=0 cursor=151 seed=0 len=155
phase2 demo  27: file_q=0.794 q0=0.000 qmax=0.794 qlast=0.794 best_slot=145/149 term=1 cursor=151 seed=0 len=156
phase2 demo  28: file_q=0.794 q0=0.000 qmax=0.794 qlast=0.794 best_slot=145/150 term=1 cursor=151 seed=0 len=156
phase2 demo  29: file_q=0.794 q0=0.000 qmax=0.794 qlast=0.794 best_slot=145/149 term=1 cursor=151 seed=0 len=156
phase2 demo  30: file_q=0.794 q0=0.000 qmax=0.794 qlast=0.794 best_slot=145/150 term=1 cursor=151 seed=0 len=156
phase2 demo  31: file_q=0.794 q0=0.000 qmax=0.794 qlast=0.794 best_slot=145/150 term=1 cursor=151 seed=0 len=156
phase2 demo  32: file_q=0.794 q0=0.000 qmax=0.794 qlast=0.794 best_slot=148/149 term=0 cursor=156 seed=0 len=157
phase2 demo  33: file_q=0.794 q0=0.000 qmax=0.794 qlast=0.794 best_slot=148/149 term=0 cursor=156 seed=0 len=157
phase2 demo  34: file_q=0.794 q0=0.000 qmax=0.794 qlast=0.794 best_slot=148/150 term=0 cursor=156 seed=0 len=158
phase2 demo  35: file_q=0.794 q0=0.000 qmax=0.794 qlast=0.794 best_slot=148/151 term=0 cursor=156 seed=0 len=159
phase2 demo  36: file_q=0.794 q0=0.000 qmax=0.794 qlast=0.794 best_slot=148/151 term=1 cursor=156 seed=0 len=159
phase2 demo  37: file_q=0.794 q0=0.000 qmax=0.794 qlast=0.794 best_slot=148/150 term=0 cursor=156 seed=0 len=159
phase2 demo  38: file_q=0.794 q0=0.000 qmax=0.794 qlast=0.794 best_slot=148/150 term=1 cursor=156 seed=0 len=159
phase2 demo  39: file_q=0.794 q0=0.000 qmax=0.794 qlast=0.794 best_slot=148/152 term=1 cursor=156 seed=0 len=160
phase2 demo  40: file_q=0.794 q0=0.000 qmax=0.794 qlast=0.794 best_slot=148/151 term=0 cursor=156 seed=0 len=160
phase2 demo  41: file_q=0.794 q0=0.000 qmax=0.794 qlast=0.794 best_slot=148/151 term=0 cursor=156 seed=0 len=160
phase2 demo  42: file_q=0.794 q0=0.000 qmax=0.794 qlast=0.794 best_slot=148/152 term=1 cursor=156 seed=0 len=161
phase2 demo  43: file_q=0.794 q0=0.000 qmax=0.794 qlast=0.794 best_slot=148/152 term=1 cursor=156 seed=0 len=161
phase2 demo  44: file_q=0.794 q0=0.000 qmax=0.794 qlast=0.794 best_slot=148/152 term=1 cursor=156 seed=0 len=161
phase2 demo  45: file_q=0.791 q0=0.000 qmax=0.791 qlast=0.791 best_slot=153/154 term=0 cursor=159 seed=0 len=160
phase2 demo  46: file_q=0.791 q0=0.000 qmax=0.791 qlast=0.791 best_slot=153/155 term=1 cursor=159 seed=0 len=162
phase2 demo  47: file_q=0.788 q0=0.000 qmax=0.767 qlast=0.767 best_slot=135/139 term=0 cursor=140 seed=0 len=145  ** ladder qmax violates file_q
phase2 demo  48: file_q=0.788 q0=0.000 qmax=0.767 qlast=0.788 best_slot=135/140 term=1 cursor=140 seed=0 len=146  ** ladder qmax violates file_q
phase2 demo  49: file_q=0.788 q0=0.000 qmax=0.767 qlast=0.788 best_slot=135/140 term=1 cursor=140 seed=0 len=146  ** ladder qmax violates file_q
phase2 demo  50: file_q=0.788 q0=0.000 qmax=0.788 qlast=0.788 best_slot=179/180 term=0 cursor=191 seed=0 len=192
phase2 demo  51: file_q=0.788 q0=0.000 qmax=0.788 qlast=0.788 best_slot=179/181 term=1 cursor=191 seed=0 len=194
phase2 demo  52: file_q=0.781 q0=0.000 qmax=0.781 qlast=0.781 best_slot=179/180 term=0 cursor=191 seed=0 len=192
phase2 demo  53: file_q=0.781 q0=0.000 qmax=0.781 qlast=0.781 best_slot=179/181 term=1 cursor=191 seed=0 len=194
phase2 demo  54: file_q=0.780 q0=0.000 qmax=0.780 qlast=0.780 best_slot=177/178 term=0 cursor=186 seed=0 len=187
phase2 demo  55: file_q=0.780 q0=0.000 qmax=0.780 qlast=0.780 best_slot=177/179 term=0 cursor=186 seed=0 len=188
phase2 demo  56: file_q=0.780 q0=0.000 qmax=0.780 qlast=0.780 best_slot=177/179 term=0 cursor=186 seed=0 len=188
phase2 demo  57: file_q=0.780 q0=0.000 qmax=0.780 qlast=0.780 best_slot=177/180 term=1 cursor=186 seed=0 len=189
phase2 demo  58: file_q=0.780 q0=0.000 qmax=0.780 qlast=0.780 best_slot=177/180 term=1 cursor=186 seed=0 len=189
phase2 demo  59: file_q=0.777 q0=0.000 qmax=0.777 qlast=0.777 best_slot=145/146 term=0 cursor=151 seed=0 len=152
phase2 demo  60: file_q=0.777 q0=0.000 qmax=0.777 qlast=0.777 best_slot=145/147 term=0 cursor=151 seed=0 len=153
phase2 demo  61: file_q=0.777 q0=0.000 qmax=0.777 qlast=0.777 best_slot=145/148 term=0 cursor=151 seed=0 len=154
phase2 demo  62: file_q=0.777 q0=0.000 qmax=0.777 qlast=0.777 best_slot=145/149 term=0 cursor=151 seed=0 len=155
phase2 demo  63: file_q=0.777 q0=0.000 qmax=0.777 qlast=0.777 best_slot=145/150 term=1 cursor=151 seed=0 len=156
phase2 ladder validation: 64 demos, 3 qmax violations
phase2_init: 64 demos, stride=2, 256 envs
phase2: loaded 64 demos from /Users/valtterivalo/Projects/pufferlib-metal-inferno-sync/experiments/heavy_research_phase2_v4/demos_g1/seed_44/demos
[0;0H╭──────────────────────────────────────────────────────────────────────────────╮
│  PufferLib 4.0 🐡                 GPU: 0%      VRAM: 0.4/18G      RAM: 0.9G  │
│                                                                              │
│  Summary          Value    Evaluate     0ms   0%    Losses            Value  │
│  Env       osrs_inferno      GPU        0ms   0%                             │
│  Params          752.1K      Env        0ms   0%                             │
│  Steps              0.0    Train        0ms   0%                             │
│  SPS                0.0      Misc       0ms   0%                             │
│  Epoch                0      Forwa…     0ms   0%                             │
│  Uptime           113ms                                                      │
│  Remaini…   A hair past                                                      │
│               a freckle                                                      │
│                                                                              │
│  User Stats                    Value    User Stats                    Value  │
│  phase2_cursor_mean_fr…        0.982    phase2_cursor_min_frac        0.959  │
│  phase2_cursor_max_frac        0.995    phase2_cursor_at_start        0.000  │
╰──────────────────────────────────────────────────────────────────────────────╯

[0;0H╭──────────────────────────────────────────────────────────────────────────────╮
│  PufferLib 4.0          🐡        GPU: 0%      VRAM: 0.4/18G      RAM: 0.9G  │
│                                                                              │
│  Summary          Value    Evaluate   263ms  38%    Losses            Value  │
│  Env       osrs_inferno      GPU      220ms  31%    policy           -0.014  │
│  Params          752.1K      Env       43ms   6%    value             0.009  │
│  Steps           163.8K    Train      426ms  61%    entropy           8.077  │
│  SPS             235.5K      Misc       0ms   0%    total            -0.022  │
│  Epoch                5      Forwa…     0ms   0%    old_kl            0.002  │
│  Uptime           809ms                             kl                0.002  │
│  Remaini…  0d 0h 3m 31s                             clipfrac          0.187  │
│                                                     bc                0.000  │
│                                                                              │
│  User Stats                    Value    User Stats                    Value  │
│  episode_return                3.263    damage_dealt                348.562  │
│  damage_received              92.202    episode_length               99.559  │
│  wins                          0.000    wave                         68.000  │
│  idle_ticks                   12.081    brews_used                    3.094  │
│  blood_healed                  0.017    prayer_correct_rate           0.555  │
│  unavoidable_off_praye…        0.052    brews_remaining               8.906  │
│  restores_remaining           10.666    prayer_at_death              91.031  │
│  current_ranged               94.777    current_magic                87.698  │
│  behind_shield_pct             0.275    zuk_hp_remaining            855.495  │
│  min_zuk_hp_seen             856.267    hp_restored                   0.000  │
│  zuk_healer_damage             0.000    deaths_to_jad                 0.007  │
│  episode_return_normal         0.282    wins_normal                   0.000  │
│  min_zuk_hp_normal          1171.440    score_normal                  0.024  │
│  zuk_objective_normal          0.024    phase_reached_normal          0.000  │
│  death_tick_normal            37.188    frac_min_hp_le_300_no…        0.000  │
╰──────────────────────────────────────────────────────────────────────────────╯

[0;0H╭──────────────────────────────────────────────────────────────────────────────╮
│  PufferLib 4.0         🐡         GPU: 0%      VRAM: 0.4/18G      RAM: 0.9G  │
│                                                                              │
│  Summary          Value    Evaluate   254ms  37%    Losses            Value  │
│  Env       osrs_inferno      GPU      211ms  31%    policy           -0.008  │
│  Params          752.1K      Env       42ms   6%    value             0.012  │
│  Steps           327.7K    Train      422ms  62%    entropy           7.969  │
│  SPS             239.6K      Misc       0ms   0%    total            -0.014  │
│  Epoch               10      Forwa…     0ms   0%    old_kl            0.002  │
│  Uptime     0d 0h 0m 1s                             kl                0.002  │
│  Remaini…  0d 0h 3m 27s                             clipfrac          0.180  │
│                                                     bc                0.000  │
│                                                                              │
│  User Stats                    Value    User Stats                    Value  │
│  episode_return                3.408    damage_dealt                364.171  │
│  damage_received              99.169    episode_length              103.325  │
│  wins                          0.000    wave                         68.000  │
│  idle_ticks                   10.726    brews_used                    3.450  │
│  blood_healed                  0.019    prayer_correct_rate           0.552  │
│  unavoidable_off_praye…        0.053    brews_remaining               8.550  │
│  restores_remaining           10.518    prayer_at_death              91.349  │
│  current_ranged               93.909    current_magic                87.309  │
│  behind_shield_pct             0.293    zuk_hp_remaining            840.221  │
│  min_zuk_hp_seen             841.128    hp_restored                   0.000  │
│  zuk_healer_damage             0.000    deaths_to_jad                 0.011  │
│  episode_return_normal         0.380    wins_normal                   0.000  │
│  min_zuk_hp_normal          1161.575    score_normal                  0.032  │
│  zuk_objective_normal          0.032    phase_reached_normal          0.000  │
│  death_tick_normal            40.036    frac_min_hp_le_300_no…        0.000  │
╰──────────────────────────────────────────────────────────────────────────────╯

[0;0H╭──────────────────────────────────────────────────────────────────────────────╮
│  PufferLib 4.0        🐡          GPU: 0%      VRAM: 0.4/18G      RAM: 0.9G  │
│                                                                              │
│  Summary          Value    Evaluate   254ms  37%    Losses            Value  │
│  Env       osrs_inferno      GPU      211ms  31%    policy           -0.001  │
│  Params          752.1K      Env       42ms   6%    value             0.016  │
│  Steps           491.5K    Train      424ms  62%    entropy           7.812  │
│  SPS             239.0K      Misc       0ms   0%    total            -0.005  │
│  Epoch               15      Forwa…     0ms   0%    old_kl            0.002  │
│  Uptime     0d 0h 0m 2s                             kl                0.002  │
│  Remaini…  0d 0h 3m 27s                             clipfrac          0.188  │
│                                                     bc                0.000  │
│                                                                              │
│  User Stats                    Value    User Stats                    Value  │
│  episode_return                3.431    damage_dealt                367.051  │
│  damage_received              96.201    episode_length              102.996  │
│  wins                          0.000    wave                         68.000  │
│  idle_ticks                    8.316    brews_used                    3.352  │
│  blood_healed                  0.010    prayer_correct_rate           0.547  │
│  unavoidable_off_praye…        0.048    brews_remaining               8.648  │
│  restores_remaining           10.557    prayer_at_death              90.991  │
│  current_ranged               94.803    current_magic                87.605  │
│  behind_shield_pct             0.309    zuk_hp_remaining            837.692  │
│  min_zuk_hp_seen             838.714    hp_restored                   0.000  │
│  zuk_healer_damage             0.000    deaths_to_jad                 0.034  │
│  episode_return_normal         0.482    wins_normal                   0.000  │
│  min_zuk_hp_normal          1151.306    score_normal                  0.041  │
│  zuk_objective_normal          0.041    phase_reached_normal          0.001  │
│  death_tick_normal            39.716    frac_min_hp_le_300_no…        0.000  │
╰──────────────────────────────────────────────────────────────────────────────╯

[0;0H╭──────────────────────────────────────────────────────────────────────────────╮
│  PufferLib 4.0       🐡           GPU: 0%      VRAM: 0.4/18G      RAM: 0.9G  │
│                                                                              │
│  Summary          Value    Evaluate   253ms  37%    Losses            Value  │
│  Env       osrs_inferno      GPU      210ms  31%    policy            0.003  │
│  Params          752.1K      Env       43ms   6%    value             0.019  │
│  Steps           655.4K    Train      421ms  62%    entropy           7.666  │
│  SPS             240.3K      Misc       0ms   0%    total             0.000  │
│  Epoch               20      Forwa…     0ms   0%    old_kl            0.001  │
│  Uptime     0d 0h 0m 2s                             kl                0.002  │
│  Remaini…  0d 0h 3m 25s                             clipfrac          0.179  │
│                                                     bc                0.000  │
│                                                                              │
│  User Stats                    Value    User Stats                    Value  │
│  episode_return                3.409    damage_dealt                364.423  │
│  damage_received              96.944    episode_length              101.680  │
│  wins                          0.000    wave                         68.000  │
│  idle_ticks                    6.819    brews_used                    3.449  │
│  blood_healed                  0.008    prayer_correct_rate           0.542  │
│  unavoidable_off_praye…        0.045    brews_remaining               8.551  │
│  restores_remaining           10.536    prayer_at_death              90.921  │
│  current_ranged               94.767    current_magic                87.395  │
│  behind_shield_pct             0.313    zuk_hp_remaining            840.092  │
│  min_zuk_hp_seen             841.365    hp_restored                   0.000  │
│  zuk_healer_damage             0.000    deaths_to_jad                 0.040  │
│  episode_return_normal         0.616    wins_normal                   0.000  │
│  min_zuk_hp_normal          1137.763    score_normal                  0.052  │
│  zuk_objective_normal          0.052    phase_reached_normal          0.002  │
│  death_tick_normal            41.082    frac_min_hp_le_300_no…        0.000  │
╰──────────────────────────────────────────────────────────────────────────────╯

[0;0H╭──────────────────────────────────────────────────────────────────────────────╮
│  PufferLib 4.0      🐡            GPU: 0%      VRAM: 0.4/18G      RAM: 0.9G  │
│                                                                              │
│  Summary          Value    Evaluate   257ms  37%    Losses            Value  │
│  Env       osrs_inferno      GPU      214ms  31%    policy           -0.000  │
│  Params          752.1K      Env       43ms   6%    value             0.020  │
│  Steps           819.2K    Train      424ms  62%    entropy           7.607  │
│  SPS             237.5K      Misc       0ms   0%    total            -0.002  │
│  Epoch               25      Forwa…     0ms   0%    old_kl            0.001  │
│  Uptime     0d 0h 0m 3s                             kl                0.002  │
│  Remaini…  0d 0h 3m 27s                             clipfrac          0.202  │
│                                                     bc                0.000  │
│                                                                              │
│  User Stats                    Value    User Stats                    Value  │
│  episode_return                3.525    damage_dealt                376.798  │
│  damage_received              98.446    episode_length              103.740  │
│  wins                          0.000    wave                         68.000  │
│  idle_ticks                    6.056    brews_used                    3.551  │
│  blood_healed                  0.007    prayer_correct_rate           0.541  │
│  unavoidable_off_praye…        0.043    brews_remaining               8.449  │
│  restores_remaining           10.519    prayer_at_death              90.668  │
│  current_ranged               94.448    current_magic                87.037  │
│  behind_shield_pct             0.323    zuk_hp_remaining            827.702  │
│  min_zuk_hp_seen             829.206    hp_restored                   0.000  │
│  zuk_healer_damage             0.000    deaths_to_jad                 0.037  │
│  episode_return_normal         0.679    wins_normal                   0.000  │
│  min_zuk_hp_normal          1131.502    score_normal                  0.057  │
│  zuk_objective_normal          0.057    phase_reached_normal          0.003  │
│  death_tick_normal            41.142    frac_min_hp_le_300_no…        0.000  │
╰──────────────────────────────────────────────────────────────────────────────╯

[0;0H╭──────────────────────────────────────────────────────────────────────────────╮
│  PufferLib 4.0     🐡             GPU: 0%      VRAM: 0.4/18G      RAM: 0.9G  │
│                                                                              │
│  Summary          Value    Evaluate   257ms  37%    Losses            Value  │
│  Env       osrs_inferno      GPU      213ms  31%    policy           -0.006  │
│  Params          752.1K      Env       43ms   6%    value             0.022  │
│  Steps           983.0K    Train      426ms  62%    entropy           7.453  │
│  SPS             237.2K      Misc       0ms   0%    total            -0.007  │
│  Epoch               30      Forwa…     0ms   0%    old_kl            0.002  │
│  Uptime     0d 0h 0m 4s                             kl                0.002  │
│  Remaini…  0d 0h 3m 26s                             clipfrac          0.205  │
│                                                     bc                0.000  │
│                                                                              │
│  User Stats                    Value    User Stats                    Value  │
│  episode_return                3.516    damage_dealt                375.949  │
│  damage_received              98.524    episode_length              102.930  │
│  wins                          0.000    wave                         68.000  │
│  idle_ticks                    5.365    brews_used                    3.594  │
│  blood_healed                  0.009    prayer_correct_rate           0.538  │
│  unavoidable_off_praye…        0.041    brews_remaining               8.406  │
│  restores_remaining           10.494    prayer_at_death              90.852  │
│  current_ranged               94.602    current_magic                87.170  │
│  behind_shield_pct             0.323    zuk_hp_remaining            828.957  │
│  min_zuk_hp_seen             830.383    hp_restored                   0.000  │
│  zuk_healer_damage             0.000    deaths_to_jad                 0.042  │
│  episode_return_normal         0.768    wins_normal                   0.000  │
│  min_zuk_hp_normal          1122.423    score_normal                  0.065  │
│  zuk_objective_normal          0.065    phase_reached_normal          0.002  │
│  death_tick_normal            42.029    frac_min_hp_le_300_no…        0.000  │
╰──────────────────────────────────────────────────────────────────────────────╯

[0;0H╭──────────────────────────────────────────────────────────────────────────────╮
│  PufferLib 4.0    🐡              GPU: 0%      VRAM: 0.4/18G      RAM: 0.9G  │
│                                                                              │
│  Summary          Value    Evaluate   257ms  37%    Losses            Value  │
│  Env       osrs_inferno      GPU      213ms  31%    policy           -0.000  │
│  Params          752.1K      Env       43ms   6%    value             0.023  │
│  Steps             1.1M    Train      424ms  62%    entropy           7.323  │
│  SPS             238.1K      Misc       0ms   0%    total            -0.000  │
│  Epoch               35      Forwa…     0ms   0%    old_kl            0.002  │
│  Uptime     0d 0h 0m 4s                             kl                0.002  │
│  Remaini…  0d 0h 3m 25s                             clipfrac          0.218  │
│                                                     bc                0.000  │
│                                                                              │
│  User Stats                    Value    User Stats                    Value  │
│  episode_return                3.581    damage_dealt                382.501  │
│  damage_received              97.610    episode_length              103.358  │
│  wins                          0.000    wave                         68.000  │
│  idle_ticks                    4.218    brews_used                    3.476  │
│  blood_healed                  0.008    prayer_correct_rate           0.536  │
│  unavoidable_off_praye…        0.037    brews_remaining               8.524  │
│  restores_remaining           10.516    prayer_at_death              90.844  │
│  current_ranged               95.037    current_magic                87.585  │
│  behind_shield_pct             0.328    zuk_hp_remaining            822.048  │
│  min_zuk_hp_seen             823.639    hp_restored                   0.000  │
│  zuk_healer_damage             0.000    deaths_to_jad                 0.055  │
│  episode_return_normal         0.825    wins_normal                   0.000  │
│  min_zuk_hp_normal          1116.822    score_normal                  0.069  │
│  zuk_objective_normal          0.069    phase_reached_normal          0.005  │
│  death_tick_normal            41.766    frac_min_hp_le_300_no…        0.000  │
╰──────────────────────────────────────────────────────────────────────────────╯

[0;0H╭──────────────────────────────────────────────────────────────────────────────╮
│  PufferLib 4.0   🐡               GPU: 0%      VRAM: 0.4/18G      RAM: 0.9G  │
│                                                                              │
│  Summary          Value    Evaluate   257ms  37%    Losses            Value  │
│  Env       osrs_inferno      GPU      214ms  31%    policy            0.004  │
│  Params          752.1K      Env       43ms   6%    value             0.022  │
│  Steps             1.3M    Train      424ms  62%    entropy           7.309  │
│  SPS             237.9K      Misc       0ms   0%    total             0.004  │
│  Epoch               40      Forwa…     0ms   0%    old_kl            0.002  │
│  Uptime     0d 0h 0m 5s                             kl                0.002  │
│  Remaini…  0d 0h 3m 24s                             clipfrac          0.217  │
│                                                     bc                0.000  │
│                                                                              │
│  User Stats                    Value    User Stats                    Value  │
│  episode_return                3.563    damage_dealt                380.436  │
│  damage_received              98.669    episode_length              103.106  │
│  wins                          0.000    wave                         68.000  │
│  idle_ticks                    4.149    brews_used                    3.616  │
│  blood_healed                  0.008    prayer_correct_rate           0.533  │
│  unavoidable_off_praye…        0.037    brews_remaining               8.384  │
│  restores_remaining           10.458    prayer_at_death              90.764  │
│  current_ranged               94.755    current_magic                87.373  │
│  behind_shield_pct             0.330    zuk_hp_remaining            824.221  │
│  min_zuk_hp_seen             825.597    hp_restored                   0.000  │
│  zuk_healer_damage             0.000    deaths_to_jad                 0.062  │
│  episode_return_normal         0.850    wins_normal                   0.000  │
│  min_zuk_hp_normal          1114.180    score_normal                  0.072  │
│  zuk_objective_normal          0.072    phase_reached_normal          0.009  │
│  death_tick_normal            42.311    frac_min_hp_le_300_no…        0.000  │
╰──────────────────────────────────────────────────────────────────────────────╯

[0;0H╭──────────────────────────────────────────────────────────────────────────────╮
│  PufferLib 4.0  🐡                GPU: 0%      VRAM: 0.4/18G      RAM: 0.9G  │
│                                                                              │
│  Summary          Value    Evaluate   257ms  37%    Losses            Value  │
│  Env       osrs_inferno      GPU      214ms  31%    policy           -0.023  │
│  Params          752.1K      Env       43ms   6%    value             0.025  │
│  Steps             1.5M    Train      423ms  62%    entropy           7.213  │
│  SPS             238.2K      Misc       0ms   0%    total            -0.021  │
│  Epoch               45      Forwa…     0ms   0%    old_kl            0.002  │
│  Uptime     0d 0h 0m 6s                             kl                0.002  │
│  Remaini…  0d 0h 3m 23s                             clipfrac          0.222  │
│                                                     bc                0.000  │
│                                                                              │
│  User Stats                    Value    User Stats                    Value  │
│  episode_return                3.593    damage_dealt                383.500  │
│  damage_received             101.010    episode_length              103.093  │
│  wins                          0.000    wave                         68.000  │
│  idle_ticks                    3.765    brews_used                    3.768  │
│  blood_healed                  0.005    prayer_correct_rate           0.531  │
│  unavoidable_off_praye…        0.036    brews_remaining               8.232  │
│  restores_remaining           10.453    prayer_at_death              89.937  │
│  current_ranged               93.774    current_magic                86.330  │
│  behind_shield_pct             0.332    zuk_hp_remaining            821.050  │
│  min_zuk_hp_seen             822.600    hp_restored                   0.000  │
│  zuk_healer_damage             0.000    deaths_to_jad                 0.054  │
│  episode_return_normal         0.924    wins_normal                   0.000  │
│  min_zuk_hp_normal          1106.565    score_normal                  0.078  │
│  zuk_objective_normal          0.078    phase_reached_normal          0.011  │
│  death_tick_normal            43.321    frac_min_hp_le_300_no…        0.000  │
╰──────────────────────────────────────────────────────────────────────────────╯

[0;0H╭──────────────────────────────────────────────────────────────────────────────╮
│  PufferLib 4.0 🐡                 GPU: 0%      VRAM: 0.4/18G      RAM: 0.9G  │
│                                                                              │
│  Summary          Value    Evaluate   258ms  37%    Losses            Value  │
│  Env       osrs_inferno      GPU      215ms  31%    policy            0.014  │
│  Params          752.1K      Env       43ms   6%    value             0.026  │
│  Steps             1.6M    Train      425ms  62%    entropy           7.142  │
│  SPS             237.0K      Misc       0ms   0%    total             0.016  │
│  Epoch               50      Forwa…     0ms   0%    old_kl            0.002  │
│  Uptime     0d 0h 0m 6s                             kl                0.002  │
│  Remaini…  0d 0h 3m 24s                             clipfrac          0.215  │
│                                                     bc                0.000  │
│                                                                              │
│  User Stats                    Value    User Stats                    Value  │
│  episode_return                3.732    damage_dealt                398.091  │
│  damage_received             100.611    episode_length              104.979  │
│  wins                          0.000    wave                         68.000  │
│  idle_ticks                    3.272    brews_used                    3.700  │
│  blood_healed                  0.004    prayer_correct_rate           0.534  │
│  unavoidable_off_praye…        0.037    brews_remaining               8.300  │
│  restores_remaining           10.468    prayer_at_death              89.416  │
│  current_ranged               93.826    current_magic                86.125  │
│  behind_shield_pct             0.338    zuk_hp_remaining            806.844  │
│  min_zuk_hp_seen             808.011    hp_restored                   0.000  │
│  zuk_healer_damage             0.000    deaths_to_jad                 0.070  │
│  episode_return_normal         0.976    wins_normal                   0.000  │
│  min_zuk_hp_normal          1101.397    score_normal                  0.082  │
│  zuk_objective_normal          0.082    phase_reached_normal          0.020  │
│  death_tick_normal            42.891    frac_min_hp_le_300_no…        0.000  │
╰──────────────────────────────────────────────────────────────────────────────╯

[0;0H╭──────────────────────────────────────────────────────────────────────────────╮
│  PufferLib 4.0          🐡        GPU: 0%      VRAM: 0.4/18G      RAM: 0.9G  │
│                                                                              │
│  Summary          Value    Evaluate   255ms  37%    Losses            Value  │
│  Env       osrs_inferno      GPU      212ms  31%    policy            0.014  │
│  Params          752.1K      Env       43ms   6%    value             0.028  │
│  Steps             1.8M    Train      424ms  62%    entropy           7.051  │
│  SPS             238.2K      Misc       0ms   0%    total             0.017  │
│  Epoch               55      Forwa…     0ms   0%    old_kl            0.002  │
│  Uptime     0d 0h 0m 7s                             kl                0.002  │
│  Remaini…  0d 0h 3m 22s                             clipfrac          0.219  │
│                                                     bc                0.000  │
│                                                                              │
│  User Stats                    Value    User Stats                    Value  │
│  episode_return                3.687    damage_dealt                392.478  │
│  damage_received              99.675    episode_length              103.121  │
│  wins                          0.000    wave                         68.000  │
│  idle_ticks                    2.883    brews_used                    3.649  │
│  blood_healed                  0.005    prayer_correct_rate           0.533  │
│  unavoidable_off_praye…        0.037    brews_remaining               8.351  │
│  restores_remaining           10.493    prayer_at_death              89.381  │
│  current_ranged               94.382    current_magic                86.402  │
│  behind_shield_pct             0.336    zuk_hp_remaining            812.092  │
│  min_zuk_hp_seen             813.035    hp_restored                   0.000  │
│  zuk_healer_damage             0.000    deaths_to_jad                 0.068  │
│  episode_return_normal         1.011    wins_normal                   0.000  │
│  min_zuk_hp_normal          1097.958    score_normal                  0.085  │
│  zuk_objective_normal          0.085    phase_reached_normal          0.018  │
│  death_tick_normal            42.659    frac_min_hp_le_300_no…        0.000  │
╰──────────────────────────────────────────────────────────────────────────────╯

[0;0H╭──────────────────────────────────────────────────────────────────────────────╮
│  PufferLib 4.0         🐡         GPU: 0%      VRAM: 0.4/18G      RAM: 0.9G  │
│                                                                              │
│  Summary          Value    Evaluate   253ms  37%    Losses            Value  │
│  Env       osrs_inferno      GPU      210ms  30%    policy           -0.007  │
│  Params          752.1K      Env       42ms   6%    value             0.031  │
│  Steps             2.0M    Train      424ms  62%    entropy           6.922  │
│  SPS             239.4K      Misc       0ms   0%    total            -0.002  │
│  Epoch               60      Forwa…     0ms   0%    old_kl            0.003  │
│  Uptime     0d 0h 0m 8s                             kl                0.002  │
│  Remaini…  0d 0h 3m 20s                             clipfrac          0.243  │
│                                                     bc                0.000  │
│                                                                              │
│  User Stats                    Value    User Stats                    Value  │
│  episode_return                3.656    damage_dealt                388.539  │
│  damage_received              97.307    episode_length              100.768  │
│  wins                          0.000    wave                         68.000  │
│  idle_ticks                    2.193    brews_used                    3.453  │
│  blood_healed                  0.000    prayer_correct_rate           0.532  │
│  unavoidable_off_praye…        0.035    brews_remaining               8.547  │
│  restores_remaining           10.521    prayer_at_death              89.575  │
│  current_ranged               95.052    current_magic                87.059  │
│  behind_shield_pct             0.332    zuk_hp_remaining            815.370  │
│  min_zuk_hp_seen             816.454    hp_restored                   0.000  │
│  zuk_healer_damage             0.000    deaths_to_jad                 0.072  │
│  episode_return_normal         1.064    wins_normal                   0.000  │
│  min_zuk_hp_normal          1092.608    score_normal                  0.089  │
│  zuk_objective_normal          0.089    phase_reached_normal          0.028  │
│  death_tick_normal            41.724    frac_min_hp_le_300_no…        0.000  │
╰──────────────────────────────────────────────────────────────────────────────╯

[0;0H╭──────────────────────────────────────────────────────────────────────────────╮
│  PufferLib 4.0        🐡          GPU: 0%      VRAM: 0.4/18G      RAM: 0.9G  │
│                                                                              │
│  Summary          Value    Evaluate   255ms  37%    Losses            Value  │
│  Env       osrs_inferno      GPU      212ms  31%    policy            0.021  │
│  Params          752.1K      Env       42ms   6%    value             0.034  │
│  Steps             2.1M    Train      423ms  62%    entropy           6.742  │
│  SPS             239.2K      Misc       0ms   0%    total             0.028  │
│  Epoch               65      Forwa…     0ms   0%    old_kl            0.002  │
│  Uptime     0d 0h 0m 9s                             kl                0.002  │
│  Remaini…  0d 0h 3m 20s                             clipfrac          0.228  │
│                                                     bc                0.000  │
│                                                                              │
│  User Stats                    Value    User Stats                    Value  │
│  episode_return                3.714    damage_dealt                394.142  │
│  damage_received              96.142    episode_length              100.888  │
│  wins                          0.000    wave                         68.000  │
│  idle_ticks                    1.715    brews_used                    3.357  │
│  blood_healed                  0.000    prayer_correct_rate           0.532  │
│  unavoidable_off_praye…        0.033    brews_remaining               8.643  │
│  restores_remaining           10.573    prayer_at_death              89.090  │
│  current_ranged               94.769    current_magic                86.617  │
│  behind_shield_pct             0.337    zuk_hp_remaining            809.693  │
│  min_zuk_hp_seen             810.501    hp_restored                   0.000  │
│  zuk_healer_damage             0.000    deaths_to_jad                 0.066  │
│  episode_return_normal         1.112    wins_normal                   0.000  │
│  min_zuk_hp_normal          1087.950    score_normal                  0.093  │
│  zuk_objective_normal          0.093    phase_reached_normal          0.039  │
│  death_tick_normal            41.252    frac_min_hp_le_300_no…        0.000  │
╰──────────────────────────────────────────────────────────────────────────────╯

[0;0H╭──────────────────────────────────────────────────────────────────────────────╮
│  PufferLib 4.0       🐡           GPU: 0%      VRAM: 0.4/18G      RAM: 0.9G  │
│                                                                              │
│  Summary          Value    Evaluate   255ms  37%    Losses            Value  │
│  Env       osrs_inferno      GPU      213ms  31%    policy           -0.009  │
│  Params          752.1K      Env       42ms   6%    value             0.037  │
│  Steps             2.3M    Train      426ms  62%    entropy           6.772  │
│  SPS             237.9K      Misc       0ms   0%    total            -0.001  │
│  Epoch               70      Forwa…     0ms   0%    old_kl            0.002  │
│  Uptime     0d 0h 0m 9s                             kl                0.002  │
│  Remaini…  0d 0h 3m 20s                             clipfrac          0.228  │
│                                                     bc                0.000  │
│                                                                              │
│  User Stats                    Value    User Stats                    Value  │
│  episode_return                3.682    damage_dealt                390.771  │
│  damage_received              93.481    episode_length              100.206  │
│  wins                          0.000    wave                         68.000  │
│  idle_ticks                    1.961    brews_used                    3.333  │
│  blood_healed                  0.001    prayer_correct_rate           0.534  │
│  unavoidable_off_praye…        0.033    brews_remaining               8.667  │
│  restores_remaining           10.609    prayer_at_death              88.711  │
│  current_ranged               94.815    current_magic                86.332  │
│  behind_shield_pct             0.340    zuk_hp_remaining            812.779  │
│  min_zuk_hp_seen             813.725    hp_restored                   0.007  │
│  zuk_healer_damage             0.000    deaths_to_jad                 0.053  │
│  episode_return_normal         1.077    wins_normal                   0.000  │
│  min_zuk_hp_normal          1091.410    score_normal                  0.090  │
│  zuk_objective_normal          0.090    phase_reached_normal          0.035  │
│  death_tick_normal            40.883    frac_min_hp_le_300_no…        0.000  │
╰──────────────────────────────────────────────────────────────────────────────╯

[0;0H╭──────────────────────────────────────────────────────────────────────────────╮
│  PufferLib 4.0      🐡            GPU: 0%      VRAM: 0.4/18G      RAM: 0.9G  │
│                                                                              │
│  Summary          Value    Evaluate   254ms  37%    Losses            Value  │
│  Env       osrs_inferno      GPU      211ms  30%    policy            0.005  │
│  Params          752.1K      Env       42ms   6%    value             0.039  │
│  Steps             2.5M    Train      426ms  62%    entropy           6.711  │
│  SPS             238.3K      Misc       0ms   0%    total             0.014  │
│  Epoch               75      Forwa…     0ms   0%    old_kl            0.002  │
│  Uptime    0d 0h 0m 10s                             kl                0.002  │
│  Remaini…  0d 0h 3m 19s                             clipfrac          0.220  │
│                                                     bc                0.000  │
│                                                                              │
│  User Stats                    Value    User Stats                    Value  │
│  episode_return                3.683    damage_dealt                390.774  │
│  damage_received              93.457    episode_length               99.554  │
│  wins                          0.000    wave                         68.000  │
│  idle_ticks                    1.802    brews_used                    3.392  │
│  blood_healed                  0.000    prayer_correct_rate           0.531  │
│  unavoidable_off_praye…        0.032    brews_remaining               8.608  │
│  restores_remaining           10.609    prayer_at_death              88.292  │
│  current_ranged               94.352    current_magic                85.808  │
│  behind_shield_pct             0.338    zuk_hp_remaining            812.864  │
│  min_zuk_hp_seen             813.760    hp_restored                   0.017  │
│  zuk_healer_damage             0.000    deaths_to_jad                 0.049  │
│  episode_return_normal         1.142    wins_normal                   0.000  │
│  min_zuk_hp_normal          1084.832    score_normal                  0.096  │
│  zuk_objective_normal          0.096    phase_reached_normal          0.040  │
│  death_tick_normal            41.484    frac_min_hp_le_300_no…        0.000  │
╰──────────────────────────────────────────────────────────────────────────────╯

[0;0H╭──────────────────────────────────────────────────────────────────────────────╮
│  PufferLib 4.0     🐡             GPU: 0%      VRAM: 0.4/18G      RAM: 0.9G  │
│                                                                              │
│  Summary          Value    Evaluate   258ms  37%    Losses            Value  │
│  Env       osrs_inferno      GPU      215ms  31%    policy            0.003  │
│  Params          752.1K      Env       43ms   6%    value             0.038  │
│  Steps             2.6M    Train      424ms  62%    entropy           6.590  │
│  SPS             237.4K      Misc       0ms   0%    total             0.012  │
│  Epoch               80      Forwa…     0ms   0%    old_kl            0.002  │
│  Uptime    0d 0h 0m 11s                             kl                0.002  │
│  Remaini…  0d 0h 3m 19s                             clipfrac          0.230  │
│                                                     bc                0.000  │
│                                                                              │
│  User Stats                    Value    User Stats                    Value  │
│  episode_return                3.771    damage_dealt                399.941  │
│  damage_received              95.840    episode_length              101.354  │
│  wins                          0.000    wave                         68.000  │
│  idle_ticks                    1.485    brews_used                    3.408  │
│  blood_healed                  0.000    prayer_correct_rate           0.530  │
│  unavoidable_off_praye…        0.030    brews_remaining               8.592  │
│  restores_remaining           10.623    prayer_at_death              87.775  │
│  current_ranged               93.729    current_magic                85.153  │
│  behind_shield_pct             0.346    zuk_hp_remaining            803.785  │
│  min_zuk_hp_seen             804.549    hp_restored                   0.000  │
│  zuk_healer_damage             0.000    deaths_to_jad                 0.053  │
│  episode_return_normal         1.167    wins_normal                   0.000  │
│  min_zuk_hp_normal          1082.457    score_normal                  0.098  │
│  zuk_objective_normal          0.098    phase_reached_normal          0.042  │
│  death_tick_normal            41.697    frac_min_hp_le_300_no…        0.000  │
╰──────────────────────────────────────────────────────────────────────────────╯

[0;0H╭──────────────────────────────────────────────────────────────────────────────╮
│  PufferLib 4.0    🐡              GPU: 0%      VRAM: 0.4/18G      RAM: 0.9G  │
│                                                                              │
│  Summary          Value    Evaluate   257ms  37%    Losses            Value  │
│  Env       osrs_inferno      GPU      214ms  31%    policy           -0.006  │
│  Params          752.1K      Env       43ms   6%    value             0.039  │
│  Steps             2.8M    Train      424ms  62%    entropy           6.594  │
│  SPS             237.9K      Misc       0ms   0%    total             0.004  │
│  Epoch               85      Forwa…     0ms   0%    old_kl            0.002  │
│  Uptime    0d 0h 0m 11s                             kl                0.002  │
│  Remaini…  0d 0h 3m 18s                             clipfrac          0.216  │
│                                                     bc                0.000  │
│                                                                              │
│  User Stats                    Value    User Stats                    Value  │
│  episode_return                3.710    damage_dealt                393.498  │
│  damage_received              97.571    episode_length              100.511  │
│  wins                          0.000    wave                         68.000  │
│  idle_ticks                    1.593    brews_used                    3.587  │
│  blood_healed                  0.001    prayer_correct_rate           0.525  │
│  unavoidable_off_praye…        0.029    brews_remaining               8.413  │
│  restores_remaining           10.563    prayer_at_death              88.131  │
│  current_ranged               93.052    current_magic                84.911  │
│  behind_shield_pct             0.343    zuk_hp_remaining            810.305  │
│  min_zuk_hp_seen             811.011    hp_restored                   0.000  │
│  zuk_healer_damage             0.000    deaths_to_jad                 0.065  │
│  episode_return_normal         1.201    wins_normal                   0.000  │
│  min_zuk_hp_normal          1078.921    score_normal                  0.101  │
│  zuk_objective_normal          0.101    phase_reached_normal          0.049  │
│  death_tick_normal            43.125    frac_min_hp_le_300_no…        0.000  │
╰──────────────────────────────────────────────────────────────────────────────╯

[0;0H╭──────────────────────────────────────────────────────────────────────────────╮
│  PufferLib 4.0   🐡               GPU: 0%      VRAM: 0.4/18G      RAM: 0.9G  │
│                                                                              │
│  Summary          Value    Evaluate   257ms  37%    Losses            Value  │
│  Env       osrs_inferno      GPU      214ms  31%    policy            0.003  │
│  Params          752.1K      Env       43ms   6%    value             0.041  │
│  Steps             2.9M    Train      425ms  62%    entropy           6.544  │
│  SPS             237.8K      Misc       0ms   0%    total             0.013  │
│  Epoch               90      Forwa…     0ms   0%    old_kl            0.002  │
│  Uptime    0d 0h 0m 12s                             kl                0.002  │
│  Remaini…  0d 0h 3m 17s                             clipfrac          0.215  │
│                                                     bc                0.000  │
│                                                                              │
│  User Stats                    Value    User Stats                    Value  │
│  episode_return                3.780    damage_dealt                400.744  │
│  damage_received              99.098    episode_length              101.595  │
│  wins                          0.000    wave                         68.000  │
│  idle_ticks                    1.432    brews_used                    3.601  │
│  blood_healed                  0.000    prayer_correct_rate           0.525  │
│  unavoidable_off_praye…        0.029    brews_remaining               8.399  │
│  restores_remaining           10.527    prayer_at_death              88.398  │
│  current_ranged               92.977    current_magic                85.155  │
│  behind_shield_pct             0.344    zuk_hp_remaining            803.292  │
│  min_zuk_hp_seen             803.902    hp_restored                   0.030  │
│  zuk_healer_damage             0.000    deaths_to_jad                 0.064  │
│  episode_return_normal         1.241    wins_normal                   0.000  │
│  min_zuk_hp_normal          1075.012    score_normal                  0.104  │
│  zuk_objective_normal          0.104    phase_reached_normal          0.050  │
│  death_tick_normal            43.173    frac_min_hp_le_300_no…        0.000  │
╰──────────────────────────────────────────────────────────────────────────────╯

[0;0H╭──────────────────────────────────────────────────────────────────────────────╮
│  PufferLib 4.0  🐡                GPU: 0%      VRAM: 0.4/18G      RAM: 0.9G  │
│                                                                              │
│  Summary          Value    Evaluate   256ms  37%    Losses            Value  │
│  Env       osrs_inferno      GPU      213ms  31%    policy           -0.001  │
│  Params          752.1K      Env       42ms   6%    value             0.041  │
│  Steps             3.1M    Train      423ms  62%    entropy           6.526  │
│  SPS             238.7K      Misc       0ms   0%    total             0.009  │
│  Epoch               95      Forwa…     0ms   0%    old_kl            0.003  │
│  Uptime    0d 0h 0m 13s                             kl                0.002  │
│  Remaini…  0d 0h 3m 16s                             clipfrac          0.230  │
│                                                     bc                0.000  │
│                                                                              │
│  User Stats                    Value    User Stats                    Value  │
│  episode_return                3.809    damage_dealt                403.757  │
│  damage_received             100.004    episode_length              101.700  │
│  wins                          0.000    wave                         68.000  │
│  idle_ticks                    1.385    brews_used                    3.581  │
│  blood_healed                  0.000    prayer_correct_rate           0.522  │
│  unavoidable_off_praye…        0.027    brews_remaining               8.419  │
│  restores_remaining           10.502    prayer_at_death              88.952  │
│  current_ranged               93.011    current_magic                85.329  │
│  behind_shield_pct             0.345    zuk_hp_remaining            800.036  │
│  min_zuk_hp_seen             800.932    hp_restored                   0.045  │
│  zuk_healer_damage             0.000    deaths_to_jad                 0.061  │
│  episode_return_normal         1.309    wins_normal                   0.000  │
│  min_zuk_hp_normal          1068.209    score_normal                  0.110  │
│  zuk_objective_normal          0.110    phase_reached_normal          0.058  │
│  death_tick_normal            43.870    frac_min_hp_le_300_no…        0.000  │
╰──────────────────────────────────────────────────────────────────────────────╯

[0;0H╭──────────────────────────────────────────────────────────────────────────────╮
│  PufferLib 4.0 🐡                 GPU: 0%      VRAM: 0.4/18G      RAM: 0.9G  │
│                                                                              │
│  Summary          Value    Evaluate   256ms  37%    Losses            Value  │
│  Env       osrs_inferno      GPU      213ms  31%    policy            0.003  │
│  Params          752.1K      Env       43ms   6%    value             0.043  │
│  Steps             3.3M    Train      423ms  62%    entropy           6.529  │
│  SPS             238.7K      Misc       0ms   0%    total             0.014  │
│  Epoch              100      Forwa…     0ms   0%    old_kl            0.002  │
│  Uptime    0d 0h 0m 13s                             kl                0.002  │
│  Remaini…  0d 0h 3m 15s                             clipfrac          0.237  │
│                                                     bc                0.000  │
│                                                                              │
│  User Stats                    Value    User Stats                    Value  │
│  episode_return                3.823    damage_dealt                405.300  │
│  damage_received             101.360    episode_length              102.129  │
│  wins                          0.000    wave                         68.000  │
│  idle_ticks                    1.453    brews_used                    3.690  │
│  blood_healed                  0.001    prayer_correct_rate           0.519  │
│  unavoidable_off_praye…        0.027    brews_remaining               8.310  │
│  restores_remaining           10.457    prayer_at_death              89.012  │
│  current_ranged               92.779    current_magic                85.246  │
│  behind_shield_pct             0.349    zuk_hp_remaining            798.415  │
│  min_zuk_hp_seen             799.437    hp_restored                   0.070  │
│  zuk_healer_damage             0.000    deaths_to_jad                 0.056  │
│  episode_return_normal         1.327    wins_normal                   0.000  │
│  min_zuk_hp_normal          1066.308    score_normal                  0.111  │
│  zuk_objective_normal          0.111    phase_reached_normal          0.054  │
│  death_tick_normal            44.423    frac_min_hp_le_300_no…        0.000  │
╰──────────────────────────────────────────────────────────────────────────────╯

[0;0H╭──────────────────────────────────────────────────────────────────────────────╮
│  PufferLib 4.0          🐡        GPU: 0%      VRAM: 0.4/18G      RAM: 0.9G  │
│                                                                              │
│  Summary          Value    Evaluate   255ms  37%    Losses            Value  │
│  Env       osrs_inferno      GPU      212ms  31%    policy            0.015  │
│  Params          752.1K      Env       43ms   6%    value             0.040  │
│  Steps             3.4M    Train      425ms  62%    entropy           6.506  │
│  SPS             238.2K      Misc       0ms   0%    total             0.025  │
│  Epoch              105      Forwa…     0ms   0%    old_kl            0.003  │
│  Uptime    0d 0h 0m 14s                             kl                0.003  │
│  Remaini…  0d 0h 3m 15s                             clipfrac          0.243  │
│                                                     bc                0.000  │
│                                                                              │
│  User Stats                    Value    User Stats                    Value  │
│  episode_return                3.843    damage_dealt                407.302  │
│  damage_received             100.206    episode_length              102.212  │
│  wins                          0.000    wave                         68.000  │
│  idle_ticks                    1.496    brews_used                    3.685  │
│  blood_healed                  0.001    prayer_correct_rate           0.515  │
│  unavoidable_off_praye…        0.026    brews_remaining               8.315  │
│  restores_remaining           10.463    prayer_at_death              88.926  │
│  current_ranged               92.241    current_magic                84.613  │
│  behind_shield_pct             0.348    zuk_hp_remaining            796.148  │
│  min_zuk_hp_seen             797.334    hp_restored                   0.091  │
│  zuk_healer_damage             0.000    deaths_to_jad                 0.045  │
│  episode_return_normal         1.352    wins_normal                   0.000  │
│  min_zuk_hp_normal          1063.709    score_normal                  0.114  │
│  zuk_objective_normal          0.114    phase_reached_normal          0.061  │
│  death_tick_normal            44.797    frac_min_hp_le_300_no…        0.000  │
╰──────────────────────────────────────────────────────────────────────────────╯

[0;0H╭──────────────────────────────────────────────────────────────────────────────╮
│  PufferLib 4.0         🐡         GPU: 0%      VRAM: 0.4/18G      RAM: 0.9G  │
│                                                                              │
│  Summary          Value    Evaluate   256ms  37%    Losses            Value  │
│  Env       osrs_inferno      GPU      213ms  31%    policy            0.004  │
│  Params          752.1K      Env       43ms   6%    value             0.044  │
│  Steps             3.6M    Train      424ms  62%    entropy           6.389  │
│  SPS             238.2K      Misc       0ms   0%    total             0.016  │
│  Epoch              110      Forwa…     0ms   0%    old_kl            0.003  │
│  Uptime    0d 0h 0m 15s                             kl                0.003  │
│  Remaini…  0d 0h 3m 14s                             clipfrac          0.247  │
│                                                     bc                0.000  │
│                                                                              │
│  User Stats                    Value    User Stats                    Value  │
│  episode_return                3.876    damage_dealt                410.592  │
│  damage_received              99.431    episode_length              102.150  │
│  wins                          0.000    wave                         68.000  │
│  idle_ticks                    1.214    brews_used                    3.657  │
│  blood_healed                  0.000    prayer_correct_rate           0.513  │
│  unavoidable_off_praye…        0.025    brews_remaining               8.343  │
│  restores_remaining           10.468    prayer_at_death              88.530  │
│  current_ranged               92.568    current_magic                84.975  │
│  behind_shield_pct             0.350    zuk_hp_remaining            792.760  │
│  min_zuk_hp_seen             793.970    hp_restored                   0.041  │
│  zuk_healer_damage             0.002    deaths_to_jad                 0.042  │
│  episode_return_normal         1.381    wins_normal                   0.000  │
│  min_zuk_hp_normal          1060.720    score_normal                  0.116  │
│  zuk_objective_normal          0.116    phase_reached_normal          0.061  │
│  death_tick_normal            44.815    frac_min_hp_le_300_no…        0.000  │
╰──────────────────────────────────────────────────────────────────────────────╯

[0;0H╭──────────────────────────────────────────────────────────────────────────────╮
│  PufferLib 4.0        🐡          GPU: 0%      VRAM: 0.4/18G      RAM: 0.9G  │
│                                                                              │
│  Summary          Value    Evaluate   253ms  37%    Losses            Value  │
│  Env       osrs_inferno      GPU      210ms  30%    policy           -0.009  │
│  Params          752.1K      Env       43ms   6%    value             0.045  │
│  Steps             3.8M    Train      423ms  62%    entropy           6.272  │
│  SPS             239.6K      Misc       0ms   0%    total             0.004  │
│  Epoch              115      Forwa…     0ms   0%    old_kl            0.003  │
│  Uptime    0d 0h 0m 15s                             kl                0.003  │
│  Remaini…  0d 0h 3m 12s                             clipfrac          0.248  │
│                                                     bc                0.000  │
│                                                                              │
│  User Stats                    Value    User Stats                    Value  │
│  episode_return                3.891    damage_dealt                411.649  │
│  damage_received             100.174    episode_length              101.702  │
│  wins                          0.000    wave                         68.000  │
│  idle_ticks                    1.077    brews_used                    3.647  │
│  blood_healed                  0.000    prayer_correct_rate           0.513  │
│  unavoidable_off_praye…        0.025    brews_remaining               8.353  │
│  restores_remaining           10.466    prayer_at_death              88.483  │
│  current_ranged               92.991    current_magic                85.174  │
│  behind_shield_pct             0.350    zuk_hp_remaining            791.646  │
│  min_zuk_hp_seen             792.806    hp_restored                   0.054  │
│  zuk_healer_damage             0.003    deaths_to_jad                 0.041  │
│  episode_return_normal         1.420    wins_normal                   0.000  │
│  min_zuk_hp_normal          1056.974    score_normal                  0.119  │
│  zuk_objective_normal          0.119    phase_reached_normal          0.060  │
│  death_tick_normal            45.007    frac_min_hp_le_300_no…        0.000  │
╰──────────────────────────────────────────────────────────────────────────────╯

[0;0H╭──────────────────────────────────────────────────────────────────────────────╮
│  PufferLib 4.0       🐡           GPU: 0%      VRAM: 0.4/18G      RAM: 0.9G  │
│                                                                              │
│  Summary          Value    Evaluate   257ms  37%    Losses            Value  │
│  Env       osrs_inferno      GPU      213ms  31%    policy           -0.005  │
│  Params          752.1K      Env       43ms   6%    value             0.048  │
│  Steps             3.9M    Train      425ms  62%    entropy           6.258  │
│  SPS             237.7K      Misc       0ms   0%    total             0.010  │
│  Epoch              120      Forwa…     0ms   0%    old_kl            0.003  │
│  Uptime    0d 0h 0m 16s                             kl                0.003  │
│  Remaini…  0d 0h 3m 13s                             clipfrac          0.251  │
│                                                     bc                0.000  │
│                                                                              │
│  User Stats                    Value    User Stats                    Value  │
│  episode_return                3.924    damage_dealt                415.061  │
│  damage_received              99.875    episode_length              101.775  │
│  wins                          0.000    wave                         68.000  │
│  idle_ticks                    1.172    brews_used                    3.743  │
│  blood_healed                  0.000    prayer_correct_rate           0.510  │
│  unavoidable_off_praye…        0.025    brews_remaining               8.257  │
│  restores_remaining           10.449    prayer_at_death              88.045  │
│  current_ranged               92.674    current_magic                84.916  │
│  behind_shield_pct             0.353    zuk_hp_remaining            788.133  │
│  min_zuk_hp_seen             789.414    hp_restored                   0.034  │
│  zuk_healer_damage             0.000    deaths_to_jad                 0.032  │
│  episode_return_normal         1.481    wins_normal                   0.000  │
│  min_zuk_hp_normal          1050.792    score_normal                  0.124  │
│  zuk_objective_normal          0.124    phase_reached_normal          0.068  │
│  death_tick_normal            46.048    frac_min_hp_le_300_no…        0.000  │
╰──────────────────────────────────────────────────────────────────────────────╯

[0;0H╭──────────────────────────────────────────────────────────────────────────────╮
│  PufferLib 4.0      🐡            GPU: 0%      VRAM: 0.4/18G      RAM: 0.9G  │
│                                                                              │
│  Summary          Value    Evaluate   251ms  37%    Losses            Value  │
│  Env       osrs_inferno      GPU      207ms  30%    policy            0.003  │
│  Params          752.1K      Env       43ms   6%    value             0.049  │
│  Steps             4.1M    Train      424ms  62%    entropy           6.274  │
│  SPS             240.0K      Misc       0ms   0%    total             0.018  │
│  Epoch              125      Forwa…     0ms   0%    old_kl            0.003  │
│  Uptime    0d 0h 0m 17s                             kl                0.003  │
│  Remaini…  0d 0h 3m 11s                             clipfrac          0.255  │
│                                                     bc                0.000  │
│                                                                              │
│  User Stats                    Value    User Stats                    Value  │
│  episode_return                3.882    damage_dealt                410.424  │
│  damage_received             101.145    episode_length              100.917  │
│  wins                          0.000    wave                         68.000  │
│  idle_ticks                    1.176    brews_used                    3.862  │
│  blood_healed                  0.000    prayer_correct_rate           0.505  │
│  unavoidable_off_praye…        0.024    brews_remaining               8.138  │
│  restores_remaining           10.407    prayer_at_death              88.061  │
│  current_ranged               92.505    current_magic                84.959  │
│  behind_shield_pct             0.350    zuk_hp_remaining            792.875  │
│  min_zuk_hp_seen             794.069    hp_restored                   0.000  │
│  zuk_healer_damage             0.000    deaths_to_jad                 0.029  │
│  episode_return_normal         1.531    wins_normal                   0.000  │
│  min_zuk_hp_normal          1045.729    score_normal                  0.129  │
│  zuk_objective_normal          0.129    phase_reached_normal          0.079  │
│  death_tick_normal            47.483    frac_min_hp_le_300_no…        0.000  │
╰──────────────────────────────────────────────────────────────────────────────╯

[0;0H╭──────────────────────────────────────────────────────────────────────────────╮
│  PufferLib 4.0     🐡             GPU: 0%      VRAM: 0.4/18G      RAM: 0.9G  │
│                                                                              │
│  Summary          Value    Evaluate   257ms  37%    Losses            Value  │
│  Env       osrs_inferno      GPU      212ms  31%    policy            0.001  │
│  Params          752.1K      Env       44ms   6%    value             0.046  │
│  Steps             4.3M    Train      425ms  62%    entropy           6.266  │
│  SPS             237.7K      Misc       0ms   0%    total             0.015  │
│  Epoch              130      Forwa…     0ms   0%    old_kl            0.003  │
│  Uptime    0d 0h 0m 17s                             kl                0.003  │
│  Remaini…  0d 0h 3m 12s                             clipfrac          0.250  │
│                                                     bc                0.000  │
│                                                                              │
│  User Stats                    Value    User Stats                    Value  │
│  episode_return                3.967    damage_dealt                419.235  │
│  damage_received             102.880    episode_length              102.613  │
│  wins                          0.000    wave                         68.000  │
│  idle_ticks                    1.248    brews_used                    3.928  │
│  blood_healed                  0.001    prayer_correct_rate           0.505  │
│  unavoidable_off_praye…        0.023    brews_remaining               8.072  │
│  restores_remaining           10.355    prayer_at_death              88.162  │
│  current_ranged               92.420    current_magic                84.877  │
│  behind_shield_pct             0.358    zuk_hp_remaining            784.272  │
│  min_zuk_hp_seen             785.400    hp_restored                   0.000  │
│  zuk_healer_damage             0.000    deaths_to_jad                 0.025  │
│  episode_return_normal         1.568    wins_normal                   0.000  │
│  min_zuk_hp_normal          1042.122    score_normal                  0.132  │
│  zuk_objective_normal          0.132    phase_reached_normal          0.088  │
│  death_tick_normal            48.436    frac_min_hp_le_300_no…        0.000  │
╰──────────────────────────────────────────────────────────────────────────────╯

[0;0H╭──────────────────────────────────────────────────────────────────────────────╮
│  PufferLib 4.0    🐡              GPU: 0%      VRAM: 0.4/18G      RAM: 0.9G  │
│                                                                              │
│  Summary          Value    Evaluate   255ms  37%    Losses            Value  │
│  Env       osrs_inferno      GPU      212ms  31%    policy           -0.010  │
│  Params          752.1K      Env       43ms   6%    value             0.045  │
│  Steps             4.4M    Train      425ms  62%    entropy           6.238  │
│  SPS             238.3K      Misc       0ms   0%    total             0.003  │
│  Epoch              135      Forwa…     0ms   0%    old_kl            0.003  │
│  Uptime    0d 0h 0m 18s                             kl                0.003  │
│  Remaini…  0d 0h 3m 11s                             clipfrac          0.261  │
│                                                     bc                0.000  │
│                                                                              │
│  User Stats                    Value    User Stats                    Value  │
│  episode_return                4.114    damage_dealt                435.304  │
│  damage_received             104.439    episode_length              106.181  │
│  wins                          0.000    wave                         68.000  │
│  idle_ticks                    1.198    brews_used                    4.017  │
│  blood_healed                  0.000    prayer_correct_rate           0.511  │
│  unavoidable_off_praye…        0.024    brews_remaining               7.983  │
│  restores_remaining           10.335    prayer_at_death              87.848  │
│  current_ranged               91.921    current_magic                84.441  │
│  behind_shield_pct             0.363    zuk_hp_remaining            768.196  │
│  min_zuk_hp_seen             769.381    hp_restored                   0.000  │
│  zuk_healer_damage             0.000    deaths_to_jad                 0.024  │
│  episode_return_normal         1.574    wins_normal                   0.000  │
│  min_zuk_hp_normal          1041.291    score_normal                  0.132  │
│  zuk_objective_normal          0.132    phase_reached_normal          0.091  │
│  death_tick_normal            48.569    frac_min_hp_le_300_no…        0.000  │
╰──────────────────────────────────────────────────────────────────────────────╯

[0;0H╭──────────────────────────────────────────────────────────────────────────────╮
│  PufferLib 4.0   🐡               GPU: 0%      VRAM: 0.4/18G      RAM: 0.9G  │
│                                                                              │
│  Summary          Value    Evaluate   255ms  37%    Losses            Value  │
│  Env       osrs_inferno      GPU      212ms  31%    policy           -0.006  │
│  Params          752.1K      Env       43ms   6%    value             0.047  │
│  Steps             4.6M    Train      426ms  62%    entropy           6.116  │
│  SPS             237.9K      Misc       0ms   0%    total             0.009  │
│  Epoch              140      Forwa…     0ms   0%    old_kl            0.004  │
│  Uptime    0d 0h 0m 19s                             kl                0.004  │
│  Remaini…  0d 0h 3m 10s                             clipfrac          0.268  │
│                                                     bc                0.000  │
│                                                                              │
│  User Stats                    Value    User Stats                    Value  │
│  episode_return                4.008    damage_dealt                423.721  │
│  damage_received             104.739    episode_length              103.960  │
│  wins                          0.000    wave                         68.000  │
│  idle_ticks                    1.036    brews_used                    4.096  │
│  blood_healed                  0.001    prayer_correct_rate           0.508  │
│  unavoidable_off_praye…        0.024    brews_remaining               7.904  │
│  restores_remaining           10.364    prayer_at_death              87.400  │
│  current_ranged               91.744    current_magic                84.173  │
│  behind_shield_pct             0.352    zuk_hp_remaining            780.162  │
│  min_zuk_hp_seen             780.847    hp_restored                   0.052  │
│  zuk_healer_damage             0.003    deaths_to_jad                 0.027  │
│  episode_return_normal         1.600    wins_normal                   0.000  │
│  min_zuk_hp_normal          1038.841    score_normal                  0.134  │
│  zuk_objective_normal          0.134    phase_reached_normal          0.094  │
│  death_tick_normal            49.088    frac_min_hp_le_300_no…        0.000  │
╰──────────────────────────────────────────────────────────────────────────────╯

[0;0H╭──────────────────────────────────────────────────────────────────────────────╮
│  PufferLib 4.0  🐡                GPU: 0%      VRAM: 0.4/18G      RAM: 0.9G  │
│                                                                              │
│  Summary          Value    Evaluate   257ms  37%    Losses            Value  │
│  Env       osrs_inferno      GPU      213ms  31%    policy           -0.006  │
│  Params          752.1K      Env       44ms   6%    value             0.047  │
│  Steps             4.8M    Train      423ms  62%    entropy           6.051  │
│  SPS             238.2K      Misc       0ms   0%    total             0.008  │
│  Epoch              145      Forwa…     0ms   0%    old_kl            0.004  │
│  Uptime    0d 0h 0m 20s                             kl                0.003  │
│  Remaini…   0d 0h 3m 9s                             clipfrac          0.276  │
│                                                     bc                0.000  │
│                                                                              │
│  User Stats                    Value    User Stats                    Value  │
│  episode_return                3.952    damage_dealt                417.425  │
│  damage_received             103.568    episode_length              101.999  │
│  wins                          0.000    wave                         68.000  │
│  idle_ticks                    0.982    brews_used                    4.075  │
│  blood_healed                  0.000    prayer_correct_rate           0.508  │
│  unavoidable_off_praye…        0.024    brews_remaining               7.925  │
│  restores_remaining           10.435    prayer_at_death              86.452  │
│  current_ranged               92.210    current_magic                84.671  │
│  behind_shield_pct             0.347    zuk_hp_remaining            786.283  │
│  min_zuk_hp_seen             786.807    hp_restored                   0.237  │
│  zuk_healer_damage             0.003    deaths_to_jad                 0.024  │
│  episode_return_normal         1.606    wins_normal                   0.000  │
│  min_zuk_hp_normal          1038.117    score_normal                  0.135  │
│  zuk_objective_normal          0.135    phase_reached_normal          0.094  │
│  death_tick_normal            48.655    frac_min_hp_le_300_no…        0.000  │
╰──────────────────────────────────────────────────────────────────────────────╯

[0;0H╭──────────────────────────────────────────────────────────────────────────────╮
│  PufferLib 4.0 🐡                 GPU: 0%      VRAM: 0.4/18G      RAM: 0.9G  │
│                                                                              │
│  Summary          Value    Evaluate   255ms  37%    Losses            Value  │
│  Env       osrs_inferno      GPU      212ms  31%    policy            0.009  │
│  Params          752.1K      Env       43ms   6%    value             0.046  │
│  Steps             4.9M    Train      423ms  62%    entropy           5.861  │
│  SPS             238.8K      Misc       0ms   0%    total             0.023  │
│  Epoch              150      Forwa…     0ms   0%    old_kl            0.005  │
│  Uptime    0d 0h 0m 20s                             kl                0.004  │
│  Remaini…   0d 0h 3m 8s                             clipfrac          0.288  │
│                                                     bc                0.000  │
│                                                                              │
│  User Stats                    Value    User Stats                    Value  │
│  episode_return                4.110    damage_dealt                434.361  │
│  damage_received             107.114    episode_length              105.374  │
│  wins                          0.000    wave                         68.000  │
│  idle_ticks                    0.847    brews_used                    4.263  │
│  blood_healed                  0.000    prayer_correct_rate           0.514  │
│  unavoidable_off_praye…        0.024    brews_remaining               7.737  │
│  restores_remaining           10.351    prayer_at_death              86.397  │
│  current_ranged               91.826    current_magic                84.582  │
│  behind_shield_pct             0.349    zuk_hp_remaining            769.750  │
│  min_zuk_hp_seen             770.082    hp_restored                   0.432  │
│  zuk_healer_damage             0.009    deaths_to_jad                 0.030  │
│  episode_return_normal         1.663    wins_normal                   0.000  │
│  min_zuk_hp_normal          1032.452    score_normal                  0.140  │
│  zuk_objective_normal          0.140    phase_reached_normal          0.111  │
│  death_tick_normal            50.119    frac_min_hp_le_300_no…        0.000  │
╰──────────────────────────────────────────────────────────────────────────────╯

[0;0H╭──────────────────────────────────────────────────────────────────────────────╮
│  PufferLib 4.0          🐡        GPU: 0%      VRAM: 0.4/18G      RAM: 0.9G  │
│                                                                              │
│  Summary          Value    Evaluate   258ms  37%    Losses            Value  │
│  Env       osrs_inferno      GPU      213ms  31%    policy            0.005  │
│  Params          752.1K      Env       44ms   6%    value             0.046  │
│  Steps             5.1M    Train      423ms  62%    entropy           5.762  │
│  SPS             237.9K      Misc       0ms   0%    total             0.019  │
│  Epoch              155      Forwa…     0ms   0%    old_kl            0.005  │
│  Uptime    0d 0h 0m 21s                             kl                0.004  │
│  Remaini…   0d 0h 3m 8s                             clipfrac          0.297  │
│                                                     bc                0.000  │
│                                                                              │
│  User Stats                    Value    User Stats                    Value  │
│  episode_return                4.099    damage_dealt                432.934  │
│  damage_received             105.174    episode_length              104.624  │
│  wins                          0.000    wave                         68.000  │
│  idle_ticks                    0.815    brews_used                    4.125  │
│  blood_healed                  0.000    prayer_correct_rate           0.519  │
│  unavoidable_off_praye…        0.025    brews_remaining               7.875  │
│  restores_remaining           10.335    prayer_at_death              87.681  │
│  current_ranged               93.152    current_magic                85.716  │
│  behind_shield_pct             0.348    zuk_hp_remaining            771.292  │
│  min_zuk_hp_seen             771.444    hp_restored                   0.383  │
│  zuk_healer_damage             0.009    deaths_to_jad                 0.028  │
│  episode_return_normal         1.632    wins_normal                   0.000  │
│  min_zuk_hp_normal          1035.577    score_normal                  0.137  │
│  zuk_objective_normal          0.137    phase_reached_normal          0.102  │
│  death_tick_normal            49.463    frac_min_hp_le_300_no…        0.000  │
╰──────────────────────────────────────────────────────────────────────────────╯

[0;0H╭──────────────────────────────────────────────────────────────────────────────╮
│  PufferLib 4.0         🐡         GPU: 0%      VRAM: 0.4/18G      RAM: 0.9G  │
│                                                                              │
│  Summary          Value    Evaluate   257ms  37%    Losses            Value  │
│  Env       osrs_inferno      GPU      213ms  31%    policy            0.003  │
│  Params          752.1K      Env       44ms   6%    value             0.046  │
│  Steps             5.2M    Train      429ms  62%    entropy           5.606  │
│  SPS             236.2K      Misc       0ms   0%    total             0.017  │
│  Epoch              160      Forwa…     0ms   0%    old_kl            0.005  │
│  Uptime    0d 0h 0m 22s                             kl                0.005  │
│  Remaini…   0d 0h 3m 9s                             clipfrac          0.301  │
│                                                     bc                0.000  │
│                                                                              │
│  User Stats                    Value    User Stats                    Value  │
│  episode_return                4.057    damage_dealt                428.550  │
│  damage_received             103.862    episode_length              103.551  │
│  wins                          0.000    wave                         68.000  │
│  idle_ticks                    0.752    brews_used                    4.072  │
│  blood_healed                  0.000    prayer_correct_rate           0.523  │
│  unavoidable_off_praye…        0.025    brews_remaining               7.928  │
│  restores_remaining           10.372    prayer_at_death              87.711  │
│  current_ranged               92.937    current_magic                85.339  │
│  behind_shield_pct             0.346    zuk_hp_remaining            775.986  │
│  min_zuk_hp_seen             775.763    hp_restored                   0.538  │
│  zuk_healer_damage             0.008    deaths_to_jad                 0.028  │
│  episode_return_normal         1.640    wins_normal                   0.000  │
│  min_zuk_hp_normal          1034.831    score_normal                  0.138  │
│  zuk_objective_normal          0.138    phase_reached_normal          0.107  │
│  death_tick_normal            48.653    frac_min_hp_le_300_no…        0.000  │
╰──────────────────────────────────────────────────────────────────────────────╯

[0;0H╭──────────────────────────────────────────────────────────────────────────────╮
│  PufferLib 4.0        🐡          GPU: 0%      VRAM: 0.4/18G      RAM: 0.9G  │
│                                                                              │
│  Summary          Value    Evaluate   258ms  37%    Losses            Value  │
│  Env       osrs_inferno      GPU      214ms  31%    policy            0.018  │
│  Params          752.1K      Env       44ms   6%    value             0.045  │
│  Steps             5.4M    Train      423ms  62%    entropy           5.542  │
│  SPS             237.5K      Misc       0ms   0%    total             0.032  │
│  Epoch              165      Forwa…     0ms   0%    old_kl            0.005  │
│  Uptime    0d 0h 0m 22s                             kl                0.005  │
│  Remaini…   0d 0h 3m 7s                             clipfrac          0.309  │
│                                                     bc                0.000  │
│                                                                              │
│  User Stats                    Value    User Stats                    Value  │
│  episode_return                4.040    damage_dealt                426.533  │
│  damage_received             103.891    episode_length              103.362  │
│  wins                          0.000    wave                         68.000  │
│  idle_ticks                    0.718    brews_used                    4.134  │
│  blood_healed                  0.000    prayer_correct_rate           0.522  │
│  unavoidable_off_praye…        0.025    brews_remaining               7.866  │
│  restores_remaining           10.335    prayer_at_death              87.918  │
│  current_ranged               93.106    current_magic                85.374  │
│  behind_shield_pct             0.341    zuk_hp_remaining            777.640  │
│  min_zuk_hp_seen             777.731    hp_restored                   0.253  │
│  zuk_healer_damage             0.003    deaths_to_jad                 0.024  │
│  episode_return_normal         1.705    wins_normal                   0.000  │
│  min_zuk_hp_normal          1027.891    score_normal                  0.143  │
│  zuk_objective_normal          0.143    phase_reached_normal          0.119  │
│  death_tick_normal            49.945    frac_min_hp_le_300_no…        0.000  │
╰──────────────────────────────────────────────────────────────────────────────╯

[0;0H╭──────────────────────────────────────────────────────────────────────────────╮
│  PufferLib 4.0       🐡           GPU: 0%      VRAM: 0.4/18G      RAM: 0.9G  │
│                                                                              │
│  Summary          Value    Evaluate   254ms  37%    Losses            Value  │
│  Env       osrs_inferno      GPU      210ms  31%    policy            0.012  │
│  Params          752.1K      Env       43ms   6%    value             0.043  │
│  Steps             5.6M    Train      424ms  62%    entropy           5.417  │
│  SPS             239.3K      Misc       0ms   0%    total             0.025  │
│  Epoch              170      Forwa…     0ms   0%    old_kl            0.005  │
│  Uptime    0d 0h 0m 23s                             kl                0.005  │
│  Remaini…   0d 0h 3m 5s                             clipfrac          0.307  │
│                                                     bc                0.000  │
│                                                                              │
│  User Stats                    Value    User Stats                    Value  │
│  episode_return                4.162    damage_dealt                439.663  │
│  damage_received             102.565    episode_length              105.468  │
│  wins                          0.000    wave                         68.000  │
│  idle_ticks                    0.728    brews_used                    4.068  │
│  blood_healed                  0.000    prayer_correct_rate           0.531  │
│  unavoidable_off_praye…        0.026    brews_remaining               7.932  │
│  restores_remaining           10.387    prayer_at_death              87.640  │
│  current_ranged               93.659    current_magic                85.721  │
│  behind_shield_pct             0.349    zuk_hp_remaining            764.694  │
│  min_zuk_hp_seen             764.729    hp_restored                   0.367  │
│  zuk_healer_damage             0.000    deaths_to_jad                 0.018  │
│  episode_return_normal         1.699    wins_normal                   0.000  │
│  min_zuk_hp_normal          1028.657    score_normal                  0.143  │
│  zuk_objective_normal          0.143    phase_reached_normal          0.108  │
│  death_tick_normal            48.860    frac_min_hp_le_300_no…        0.000  │
╰──────────────────────────────────────────────────────────────────────────────╯

[0;0H╭──────────────────────────────────────────────────────────────────────────────╮
│  PufferLib 4.0      🐡            GPU: 0%      VRAM: 0.4/18G      RAM: 0.9G  │
│                                                                              │
│  Summary          Value    Evaluate   257ms  37%    Losses            Value  │
│  Env       osrs_inferno      GPU      214ms  31%    policy           -0.003  │
│  Params          752.1K      Env       44ms   6%    value             0.038  │
│  Steps             5.7M    Train      426ms  62%    entropy           5.334  │
│  SPS             237.1K      Misc       0ms   0%    total             0.008  │
│  Epoch              175      Forwa…     0ms   0%    old_kl            0.005  │
│  Uptime    0d 0h 0m 24s                             kl                0.005  │
│  Remaini…   0d 0h 3m 6s                             clipfrac          0.313  │
│                                                     bc                0.000  │
│                                                                              │
│  User Stats                    Value    User Stats                    Value  │
│  episode_return                4.082    damage_dealt                431.237  │
│  damage_received             102.109    episode_length              104.285  │
│  wins                          0.000    wave                         68.000  │
│  idle_ticks                    0.706    brews_used                    4.083  │
│  blood_healed                  0.000    prayer_correct_rate           0.531  │
│  unavoidable_off_praye…        0.025    brews_remaining               7.917  │
│  restores_remaining           10.383    prayer_at_death              88.031  │
│  current_ranged               94.074    current_magic                86.156  │
│  behind_shield_pct             0.344    zuk_hp_remaining            772.877  │
│  min_zuk_hp_seen             773.069    hp_restored                   0.327  │
│  zuk_healer_damage             0.002    deaths_to_jad                 0.021  │
│  episode_return_normal         1.690    wins_normal                   0.000  │
│  min_zuk_hp_normal          1029.522    score_normal                  0.142  │
│  zuk_objective_normal          0.142    phase_reached_normal          0.102  │
│  death_tick_normal            48.885    frac_min_hp_le_300_no…        0.000  │
╰──────────────────────────────────────────────────────────────────────────────╯

[0;0H╭──────────────────────────────────────────────────────────────────────────────╮
│  PufferLib 4.0     🐡             GPU: 0%      VRAM: 0.4/18G      RAM: 0.9G  │
│                                                                              │
│  Summary          Value    Evaluate   254ms  37%    Losses            Value  │
│  Env       osrs_inferno      GPU      210ms  30%    policy           -0.020  │
│  Params          752.1K      Env       43ms   6%    value             0.039  │
│  Steps             5.9M    Train      425ms  62%    entropy           5.285  │
│  SPS             238.6K      Misc       0ms   0%    total            -0.008  │
│  Epoch              180      Forwa…     0ms   0%    old_kl            0.005  │
│  Uptime    0d 0h 0m 24s                             kl                0.005  │
│  Remaini…   0d 0h 3m 4s                             clipfrac          0.318  │
│                                                     bc                0.000  │
│                                                                              │
│  User Stats                    Value    User Stats                    Value  │
│  episode_return                3.976    damage_dealt                419.533  │
│  damage_received             102.978    episode_length              102.379  │
│  wins                          0.000    wave                         68.000  │
│  idle_ticks                    0.705    brews_used                    4.097  │
│  blood_healed                  0.002    prayer_correct_rate           0.528  │
│  unavoidable_off_praye…        0.024    brews_remaining               7.903  │
│  restores_remaining           10.419    prayer_at_death              88.498  │
│  current_ranged               94.150    current_magic                86.320  │
│  behind_shield_pct             0.337    zuk_hp_remaining            784.382  │
│  min_zuk_hp_seen             784.580    hp_restored                   0.187  │
│  zuk_healer_damage             0.000    deaths_to_jad                 0.015  │
│  episode_return_normal         1.694    wins_normal                   0.000  │
│  min_zuk_hp_normal          1029.175    score_normal                  0.142  │
│  zuk_objective_normal          0.142    phase_reached_normal          0.098  │
│  death_tick_normal            48.932    frac_min_hp_le_300_no…        0.000  │
╰──────────────────────────────────────────────────────────────────────────────╯

[0;0H╭──────────────────────────────────────────────────────────────────────────────╮
│  PufferLib 4.0    🐡              GPU: 0%      VRAM: 0.4/18G      RAM: 0.9G  │
│                                                                              │
│  Summary          Value    Evaluate   258ms  37%    Losses            Value  │
│  Env       osrs_inferno      GPU      214ms  31%    policy            0.009  │
│  Params          752.1K      Env       44ms   6%    value             0.040  │
│  Steps             6.1M    Train      424ms  62%    entropy           5.314  │
│  SPS             237.5K      Misc       0ms   0%    total             0.021  │
│  Epoch              185      Forwa…     0ms   0%    old_kl            0.005  │
│  Uptime    0d 0h 0m 25s                             kl                0.005  │
│  Remaini…   0d 0h 3m 5s                             clipfrac          0.304  │
│                                                     bc                0.000  │
│                                                                              │
│  User Stats                    Value    User Stats                    Value  │
│  episode_return                4.099    damage_dealt                432.906  │
│  damage_received             105.173    episode_length              104.519  │
│  wins                          0.000    wave                         68.000  │
│  idle_ticks                    0.827    brews_used                    4.259  │
│  blood_healed                  0.001    prayer_correct_rate           0.531  │
│  unavoidable_off_praye…        0.026    brews_remaining               7.741  │
│  restores_remaining           10.363    prayer_at_death              87.956  │
│  current_ranged               93.504    current_magic                85.858  │
│  behind_shield_pct             0.342    zuk_hp_remaining            771.505  │
│  min_zuk_hp_seen             771.522    hp_restored                   0.395  │
│  zuk_healer_damage             0.002    deaths_to_jad                 0.017  │
│  episode_return_normal         1.752    wins_normal                   0.000  │
│  min_zuk_hp_normal          1023.314    score_normal                  0.147  │
│  zuk_objective_normal          0.147    phase_reached_normal          0.113  │
│  death_tick_normal            49.528    frac_min_hp_le_300_no…        0.000  │
╰──────────────────────────────────────────────────────────────────────────────╯

[0;0H╭──────────────────────────────────────────────────────────────────────────────╮
│  PufferLib 4.0   🐡               GPU: 0%      VRAM: 0.4/18G      RAM: 0.9G  │
│                                                                              │
│  Summary          Value    Evaluate   259ms  37%    Losses            Value  │
│  Env       osrs_inferno      GPU      215ms  31%    policy            0.012  │
│  Params          752.1K      Env       44ms   6%    value             0.044  │
│  Steps             6.2M    Train      425ms  62%    entropy           5.280  │
│  SPS             236.8K      Misc       0ms   0%    total             0.026  │
│  Epoch              190      Forwa…     0ms   0%    old_kl            0.006  │
│  Uptime    0d 0h 0m 26s                             kl                0.005  │
│  Remaini…   0d 0h 3m 4s                             clipfrac          0.301  │
│                                                     bc                0.000  │
│                                                                              │
│  User Stats                    Value    User Stats                    Value  │
│  episode_return                4.052    damage_dealt                428.046  │
│  damage_received             103.311    episode_length              103.416  │
│  wins                          0.000    wave                         68.000  │
│  idle_ticks                    0.864    brews_used                    4.161  │
│  blood_healed                  0.000    prayer_correct_rate           0.532  │
│  unavoidable_off_praye…        0.024    brews_remaining               7.839  │
│  restores_remaining           10.453    prayer_at_death              87.380  │
│  current_ranged               94.181    current_magic                86.001  │
│  behind_shield_pct             0.341    zuk_hp_remaining            776.682  │
│  min_zuk_hp_seen             776.281    hp_restored                   0.802  │
│  zuk_healer_damage             0.014    deaths_to_jad                 0.012  │
│  episode_return_normal         1.724    wins_normal                   0.000  │
│  min_zuk_hp_normal          1026.619    score_normal                  0.144  │
│  zuk_objective_normal          0.144    phase_reached_normal          0.113  │
│  death_tick_normal            48.451    frac_min_hp_le_300_no…        0.000  │
╰──────────────────────────────────────────────────────────────────────────────╯

[0;0H╭──────────────────────────────────────────────────────────────────────────────╮
│  PufferLib 4.0  🐡                GPU: 0%      VRAM: 0.4/18G      RAM: 0.9G  │
│                                                                              │
│  Summary          Value    Evaluate   256ms  37%    Losses            Value  │
│  Env       osrs_inferno      GPU      212ms  31%    policy           -0.014  │
│  Params          752.1K      Env       44ms   6%    value             0.040  │
│  Steps             6.4M    Train      422ms  62%    entropy           5.220  │
│  SPS             238.7K      Misc       0ms   0%    total            -0.002  │
│  Epoch              195      Forwa…     0ms   0%    old_kl            0.004  │
│  Uptime    0d 0h 0m 26s                             kl                0.005  │
│  Remaini…   0d 0h 3m 2s                             clipfrac          0.306  │
│                                                     bc                0.000  │
│                                                                              │
│  User Stats                    Value    User Stats                    Value  │
│  episode_return                4.021    damage_dealt                425.202  │
│  damage_received             100.168    episode_length              101.984  │
│  wins                          0.000    wave                         68.000  │
│  idle_ticks                    0.875    brews_used                    3.979  │
│  blood_healed                  0.000    prayer_correct_rate           0.530  │
│  unavoidable_off_praye…        0.022    brews_remaining               8.021  │
│  restores_remaining           10.526    prayer_at_death              86.884  │
│  current_ranged               95.135    current_magic                86.523  │
│  behind_shield_pct             0.339    zuk_hp_remaining            779.993  │
│  min_zuk_hp_seen             779.198    hp_restored                   1.043  │
│  zuk_healer_damage             0.024    deaths_to_jad                 0.012  │
│  episode_return_normal         1.718    wins_normal                   0.000  │
│  min_zuk_hp_normal          1027.012    score_normal                  0.144  │
│  zuk_objective_normal          0.144    phase_reached_normal          0.122  │
│  death_tick_normal            47.547    frac_min_hp_le_300_no…        0.000  │
╰──────────────────────────────────────────────────────────────────────────────╯

[0;0H╭──────────────────────────────────────────────────────────────────────────────╮
│  PufferLib 4.0 🐡                 GPU: 0%      VRAM: 0.4/18G      RAM: 0.9G  │
│                                                                              │
│  Summary          Value    Evaluate   258ms  37%    Losses            Value  │
│  Env       osrs_inferno      GPU      213ms  31%    policy            0.012  │
│  Params          752.1K      Env       44ms   6%    value             0.043  │
│  Steps             6.6M    Train      425ms  62%    entropy           5.126  │
│  SPS             237.4K      Misc       0ms   0%    total             0.026  │
│  Epoch              200      Forwa…     0ms   0%    old_kl            0.006  │
│  Uptime    0d 0h 0m 27s                             kl                0.006  │
│  Remaini…   0d 0h 3m 3s                             clipfrac          0.310  │
│                                                     bc                0.000  │
│                                                                              │
│  User Stats                    Value    User Stats                    Value  │
│  episode_return                4.169    damage_dealt                440.364  │
│  damage_received             103.939    episode_length              104.529  │
│  wins                          0.000    wave                         68.000  │
│  idle_ticks                    0.972    brews_used                    4.150  │
│  blood_healed                  0.000    prayer_correct_rate           0.530  │
│  unavoidable_off_praye…        0.025    brews_remaining               7.850  │
│  restores_remaining           10.500    prayer_at_death              86.286  │
│  current_ranged               94.972    current_magic                86.239  │
│  behind_shield_pct             0.345    zuk_hp_remaining            764.139  │
│  min_zuk_hp_seen             764.054    hp_restored                   0.542  │
│  zuk_healer_damage             0.009    deaths_to_jad                 0.012  │
│  episode_return_normal         1.754    wins_normal                   0.000  │
│  min_zuk_hp_normal          1022.922    score_normal                  0.148  │
│  zuk_objective_normal          0.148    phase_reached_normal          0.128  │
│  death_tick_normal            48.957    frac_min_hp_le_300_no…        0.000  │
╰──────────────────────────────────────────────────────────────────────────────╯

[0;0H╭──────────────────────────────────────────────────────────────────────────────╮
│  PufferLib 4.0          🐡        GPU: 0%      VRAM: 0.4/18G      RAM: 0.9G  │
│                                                                              │
│  Summary          Value    Evaluate   255ms  37%    Losses            Value  │
│  Env       osrs_inferno      GPU      210ms  31%    policy            0.010  │
│  Params          752.1K      Env       44ms   6%    value             0.041  │
│  Steps             6.7M    Train      424ms  62%    entropy           5.128  │
│  SPS             238.6K      Misc       0ms   0%    total             0.023  │
│  Epoch              205      Forwa…     0ms   0%    old_kl            0.006  │
│  Uptime    0d 0h 0m 28s                             kl                0.005  │
│  Remaini…   0d 0h 3m 1s                             clipfrac          0.311  │
│                                                     bc                0.000  │
│                                                                              │
│  User Stats                    Value    User Stats                    Value  │
│  episode_return                4.307    damage_dealt                455.213  │
│  damage_received             105.340    episode_length              107.416  │
│  wins                          0.000    wave                         68.000  │
│  idle_ticks                    1.071    brews_used                    4.263  │
│  blood_healed                  0.001    prayer_correct_rate           0.538  │
│  unavoidable_off_praye…        0.027    brews_remaining               7.737  │
│  restores_remaining           10.448    prayer_at_death              85.953  │
│  current_ranged               94.995    current_magic                86.199  │
│  behind_shield_pct             0.353    zuk_hp_remaining            749.654  │
│  min_zuk_hp_seen             749.529    hp_restored                   0.478  │
│  zuk_healer_damage             0.001    deaths_to_jad                 0.008  │
│  episode_return_normal         1.765    wins_normal                   0.000  │
│  min_zuk_hp_normal          1021.729    score_normal                  0.149  │
│  zuk_objective_normal          0.149    phase_reached_normal          0.141  │
│  death_tick_normal            49.658    frac_min_hp_le_300_no…        0.000  │
╰──────────────────────────────────────────────────────────────────────────────╯

[0;0H╭──────────────────────────────────────────────────────────────────────────────╮
│  PufferLib 4.0         🐡         GPU: 0%      VRAM: 0.4/18G      RAM: 0.9G  │
│                                                                              │
│  Summary          Value    Evaluate   256ms  37%    Losses            Value  │
│  Env       osrs_inferno      GPU      212ms  31%    policy           -0.016  │
│  Params          752.1K      Env       44ms   6%    value             0.042  │
│  Steps             6.9M    Train      422ms  62%    entropy           5.156  │
│  SPS             239.1K      Misc       0ms   0%    total            -0.003  │
│  Epoch              210      Forwa…     0ms   0%    old_kl            0.005  │
│  Uptime    0d 0h 0m 29s                             kl                0.006  │
│  Remaini…   0d 0h 3m 0s                             clipfrac          0.315  │
│                                                     bc                0.000  │
│                                                                              │
│  User Stats                    Value    User Stats                    Value  │
│  episode_return                4.143    damage_dealt                437.430  │
│  damage_received             110.593    episode_length              104.628  │
│  wins                          0.000    wave                         68.000  │
│  idle_ticks                    1.090    brews_used                    4.561  │
│  blood_healed                  0.000    prayer_correct_rate           0.526  │
│  unavoidable_off_praye…        0.026    brews_remaining               7.439  │
│  restores_remaining           10.349    prayer_at_death              87.243  │
│  current_ranged               94.105    current_magic                85.674  │
│  behind_shield_pct             0.331    zuk_hp_remaining            767.253  │
│  min_zuk_hp_seen             767.343    hp_restored                   0.139  │
│  zuk_healer_damage             0.003    deaths_to_jad                 0.008  │
│  episode_return_normal         1.827    wins_normal                   0.000  │
│  min_zuk_hp_normal          1014.844    score_normal                  0.154  │
│  zuk_objective_normal          0.154    phase_reached_normal          0.164  │
│  death_tick_normal            52.407    frac_min_hp_le_300_no…        0.000  │
╰──────────────────────────────────────────────────────────────────────────────╯

[0;0H╭──────────────────────────────────────────────────────────────────────────────╮
│  PufferLib 4.0        🐡          GPU: 0%      VRAM: 0.4/18G      RAM: 0.9G  │
│                                                                              │
│  Summary          Value    Evaluate   257ms  37%    Losses            Value  │
│  Env       osrs_inferno      GPU      214ms  31%    policy            0.012  │
│  Params          752.1K      Env       43ms   6%    value             0.046  │
│  Steps             7.0M    Train      425ms  62%    entropy           5.133  │
│  SPS             237.5K      Misc       0ms   0%    total             0.027  │
│  Epoch              215      Forwa…     0ms   0%    old_kl            0.005  │
│  Uptime    0d 0h 0m 29s                             kl                0.005  │
│  Remaini…   0d 0h 3m 0s                             clipfrac          0.309  │
│                                                     bc                0.000  │
│                                                                              │
│  User Stats                    Value    User Stats                    Value  │
│  episode_return                4.282    damage_dealt                452.488  │
│  damage_received             113.672    episode_length              107.399  │
│  wins                          0.000    wave                         68.000  │
│  idle_ticks                    1.172    brews_used                    4.747  │
│  blood_healed                  0.001    prayer_correct_rate           0.526  │
│  unavoidable_off_praye…        0.025    brews_remaining               7.253  │
│  restores_remaining           10.225    prayer_at_death              88.447  │
│  current_ranged               93.571    current_magic                85.570  │
│  behind_shield_pct             0.332    zuk_hp_remaining            752.365  │
│  min_zuk_hp_seen             752.451    hp_restored                   0.238  │
│  zuk_healer_damage             0.000    deaths_to_jad                 0.008  │
│  episode_return_normal         1.886    wins_normal                   0.000  │
│  min_zuk_hp_normal          1008.228    score_normal                  0.160  │
│  zuk_objective_normal          0.160    phase_reached_normal          0.187  │
│  death_tick_normal            54.380    frac_min_hp_le_300_no…        0.000  │
╰──────────────────────────────────────────────────────────────────────────────╯

[0;0H╭──────────────────────────────────────────────────────────────────────────────╮
│  PufferLib 4.0       🐡           GPU: 0%      VRAM: 0.4/18G      RAM: 0.9G  │
│                                                                              │
│  Summary          Value    Evaluate   256ms  37%    Losses            Value  │
│  Env       osrs_inferno      GPU      213ms  31%    policy            0.027  │
│  Params          752.1K      Env       43ms   6%    value             0.041  │
│  Steps             7.2M    Train      422ms  62%    entropy           5.119  │
│  SPS             238.7K      Misc       0ms   0%    total             0.040  │
│  Epoch              220      Forwa…     0ms   0%    old_kl            0.007  │
│  Uptime    0d 0h 0m 30s                             kl                0.006  │
│  Remaini…  0d 0h 2m 59s                             clipfrac          0.309  │
│                                                     bc                0.000  │
│                                                                              │
│  User Stats                    Value    User Stats                    Value  │
│  episode_return                4.316    damage_dealt                456.739  │
│  damage_received             113.023    episode_length              108.112  │
│  wins                          0.000    wave                         68.000  │
│  idle_ticks                    1.228    brews_used                    4.663  │
│  blood_healed                  0.002    prayer_correct_rate           0.530  │
│  unavoidable_off_praye…        0.025    brews_remaining               7.337  │
│  restores_remaining           10.293    prayer_at_death              87.798  │
│  current_ranged               93.126    current_magic                84.982  │
│  behind_shield_pct             0.333    zuk_hp_remaining            748.746  │
│  min_zuk_hp_seen             748.671    hp_restored                   0.316  │
│  zuk_healer_damage             0.000    deaths_to_jad                 0.007  │
│  episode_return_normal         1.840    wins_normal                   0.000  │
│  min_zuk_hp_normal          1013.036    score_normal                  0.156  │
│  zuk_objective_normal          0.156    phase_reached_normal          0.169  │
│  death_tick_normal            53.098    frac_min_hp_le_300_no…        0.000  │
╰──────────────────────────────────────────────────────────────────────────────╯

[0;0H╭──────────────────────────────────────────────────────────────────────────────╮
│  PufferLib 4.0      🐡            GPU: 0%      VRAM: 0.4/18G      RAM: 0.9G  │
│                                                                              │
│  Summary          Value    Evaluate   256ms  37%    Losses            Value  │
│  Env       osrs_inferno      GPU      212ms  31%    policy            0.001  │
│  Params          752.1K      Env       43ms   6%    value             0.044  │
│  Steps             7.4M    Train      426ms  62%    entropy           5.062  │
│  SPS             237.5K      Misc       0ms   0%    total             0.016  │
│  Epoch              225      Forwa…     0ms   0%    old_kl            0.006  │
│  Uptime    0d 0h 0m 31s                             kl                0.007  │
│  Remaini…  0d 0h 2m 59s                             clipfrac          0.321  │
│                                                     bc                0.000  │
│                                                                              │
│  User Stats                    Value    User Stats                    Value  │
│  episode_return                4.386    damage_dealt                463.784  │
│  damage_received             114.140    episode_length              109.284  │
│  wins                          0.000    wave                         68.000  │
│  idle_ticks                    1.303    brews_used                    4.785  │
│  blood_healed                  0.003    prayer_correct_rate           0.530  │
│  unavoidable_off_praye…        0.024    brews_remaining               7.215  │
│  restores_remaining           10.248    prayer_at_death              87.646  │
│  current_ranged               92.619    current_magic                84.487  │
│  behind_shield_pct             0.337    zuk_hp_remaining            741.752  │
│  min_zuk_hp_seen             741.415    hp_restored                   0.375  │
│  zuk_healer_damage             0.001    deaths_to_jad                 0.005  │
│  episode_return_normal         1.905    wins_normal                   0.000  │
│  min_zuk_hp_normal          1006.664    score_normal                  0.161  │
│  zuk_objective_normal          0.161    phase_reached_normal          0.183  │
│  death_tick_normal            53.960    frac_min_hp_le_300_no…        0.000  │
╰──────────────────────────────────────────────────────────────────────────────╯

[0;0H╭──────────────────────────────────────────────────────────────────────────────╮
│  PufferLib 4.0     🐡             GPU: 0%      VRAM: 0.4/18G      RAM: 0.9G  │
│                                                                              │
│  Summary          Value    Evaluate   255ms  37%    Losses            Value  │
│  Env       osrs_inferno      GPU      211ms  31%    policy           -0.011  │
│  Params          752.1K      Env       43ms   6%    value             0.046  │
│  Steps             7.5M    Train      424ms  62%    entropy           5.022  │
│  SPS             238.4K      Misc       0ms   0%    total             0.005  │
│  Epoch              230      Forwa…     0ms   0%    old_kl            0.006  │
│  Uptime    0d 0h 0m 31s                             kl                0.006  │
│  Remaini…  0d 0h 2m 58s                             clipfrac          0.309  │
│                                                     bc                0.000  │
│                                                                              │
│  User Stats                    Value    User Stats                    Value  │
│  episode_return                4.281    damage_dealt                452.155  │
│  damage_received             112.248    episode_length              106.486  │
│  wins                          0.000    wave                         68.000  │
│  idle_ticks                    1.318    brews_used                    4.709  │
│  blood_healed                  0.000    prayer_correct_rate           0.525  │
│  unavoidable_off_praye…        0.020    brews_remaining               7.291  │
│  restores_remaining           10.393    prayer_at_death              86.991  │
│  current_ranged               92.045    current_magic                83.452  │
│  behind_shield_pct             0.335    zuk_hp_remaining            753.194  │
│  min_zuk_hp_seen             752.736    hp_restored                   0.618  │
│  zuk_healer_damage             0.003    deaths_to_jad                 0.004  │
│  episode_return_normal         1.866    wins_normal                   0.000  │
│  min_zuk_hp_normal          1011.577    score_normal                  0.157  │
│  zuk_objective_normal          0.157    phase_reached_normal          0.146  │
│  death_tick_normal            52.404    frac_min_hp_le_300_no…        0.000  │
╰──────────────────────────────────────────────────────────────────────────────╯

[0;0H╭──────────────────────────────────────────────────────────────────────────────╮
│  PufferLib 4.0    🐡              GPU: 0%      VRAM: 0.4/18G      RAM: 0.9G  │
│                                                                              │
│  Summary          Value    Evaluate   257ms  37%    Losses            Value  │
│  Env       osrs_inferno      GPU      213ms  31%    policy            0.008  │
│  Params          752.1K      Env       44ms   6%    value             0.050  │
│  Steps             7.7M    Train      425ms  62%    entropy           4.907  │
│  SPS             237.8K      Misc       0ms   0%    total             0.025  │
│  Epoch              235      Forwa…     0ms   0%    old_kl            0.006  │
│  Uptime    0d 0h 0m 32s                             kl                0.006  │
│  Remaini…  0d 0h 2m 57s                             clipfrac          0.315  │
│                                                     bc                0.000  │
│                                                                              │
│  User Stats                    Value    User Stats                    Value  │
│  episode_return                4.261    damage_dealt                450.468  │
│  damage_received             109.791    episode_length              105.974  │
│  wins                          0.000    wave                         68.000  │
│  idle_ticks                    1.318    brews_used                    4.592  │
│  blood_healed                  0.000    prayer_correct_rate           0.527  │
│  unavoidable_off_praye…        0.019    brews_remaining               7.408  │
│  restores_remaining           10.477    prayer_at_death              86.195  │
│  current_ranged               91.578    current_magic                82.661  │
│  behind_shield_pct             0.334    zuk_hp_remaining            755.271  │
│  min_zuk_hp_seen             754.343    hp_restored                   0.861  │
│  zuk_healer_damage             0.005    deaths_to_jad                 0.007  │
│  episode_return_normal         1.808    wins_normal                   0.000  │
│  min_zuk_hp_normal          1017.378    score_normal                  0.152  │
│  zuk_objective_normal          0.152    phase_reached_normal          0.133  │
│  death_tick_normal            51.031    frac_min_hp_le_300_no…        0.000  │
╰──────────────────────────────────────────────────────────────────────────────╯

[0;0H╭──────────────────────────────────────────────────────────────────────────────╮
│  PufferLib 4.0   🐡               GPU: 0%      VRAM: 0.4/18G      RAM: 0.9G  │
│                                                                              │
│  Summary          Value    Evaluate   258ms  37%    Losses            Value  │
│  Env       osrs_inferno      GPU      214ms  31%    policy            0.001  │
│  Params          752.1K      Env       44ms   6%    value             0.049  │
│  Steps             7.9M    Train      426ms  62%    entropy           4.882  │
│  SPS             236.8K      Misc       0ms   0%    total             0.019  │
│  Epoch              240      Forwa…     0ms   0%    old_kl            0.007  │
│  Uptime    0d 0h 0m 33s                             kl                0.006  │
│  Remaini…  0d 0h 2m 57s                             clipfrac          0.325  │
│                                                     bc                0.000  │
│                                                                              │
│  User Stats                    Value    User Stats                    Value  │
│  episode_return                4.234    damage_dealt                447.430  │
│  damage_received             110.309    episode_length              105.165  │
│  wins                          0.000    wave                         68.000  │
│  idle_ticks                    1.240    brews_used                    4.591  │
│  blood_healed                  0.001    prayer_correct_rate           0.524  │
│  unavoidable_off_praye…        0.018    brews_remaining               7.409  │
│  restores_remaining           10.461    prayer_at_death              86.652  │
│  current_ranged               92.058    current_magic                83.147  │
│  behind_shield_pct             0.333    zuk_hp_remaining            758.365  │
│  min_zuk_hp_seen             757.332    hp_restored                   0.896  │
│  zuk_healer_damage             0.010    deaths_to_jad                 0.009  │
│  episode_return_normal         1.850    wins_normal                   0.000  │
│  min_zuk_hp_normal          1013.134    score_normal                  0.156  │
│  zuk_objective_normal          0.156    phase_reached_normal          0.142  │
│  death_tick_normal            51.300    frac_min_hp_le_300_no…        0.000  │
╰──────────────────────────────────────────────────────────────────────────────╯

[0;0H╭──────────────────────────────────────────────────────────────────────────────╮
│  PufferLib 4.0  🐡                GPU: 0%      VRAM: 0.4/18G      RAM: 0.9G  │
│                                                                              │
│  Summary          Value    Evaluate   255ms  37%    Losses            Value  │
│  Env       osrs_inferno      GPU      212ms  31%    policy            0.011  │
│  Params          752.1K      Env       43ms   6%    value             0.043  │
│  Steps             8.0M    Train      425ms  62%    entropy           4.799  │
│  SPS             238.2K      Misc       0ms   0%    total             0.025  │
│  Epoch              245      Forwa…     0ms   0%    old_kl            0.008  │
│  Uptime    0d 0h 0m 33s                             kl                0.007  │
│  Remaini…  0d 0h 2m 56s                             clipfrac          0.319  │
│                                                     bc                0.000  │
│                                                                              │
│  User Stats                    Value    User Stats                    Value  │
│  episode_return                4.226    damage_dealt                446.369  │
│  damage_received             108.001    episode_length              105.149  │
│  wins                          0.000    wave                         68.000  │
│  idle_ticks                    1.189    brews_used                    4.518  │
│  blood_healed                  0.001    prayer_correct_rate           0.525  │
│  unavoidable_off_praye…        0.019    brews_remaining               7.482  │
│  restores_remaining           10.470    prayer_at_death              86.596  │
│  current_ranged               92.292    current_magic                83.226  │
│  behind_shield_pct             0.336    zuk_hp_remaining            758.650  │
│  min_zuk_hp_seen             758.304    hp_restored                   0.428  │
│  zuk_healer_damage             0.000    deaths_to_jad                 0.003  │
│  episode_return_normal         1.828    wins_normal                   0.000  │
│  min_zuk_hp_normal          1015.267    score_normal                  0.154  │
│  zuk_objective_normal          0.154    phase_reached_normal          0.133  │
│  death_tick_normal            50.980    frac_min_hp_le_300_no…        0.000  │
╰──────────────────────────────────────────────────────────────────────────────╯

[0;0H╭──────────────────────────────────────────────────────────────────────────────╮
│  PufferLib 4.0 🐡                 GPU: 0%      VRAM: 0.4/18G      RAM: 0.9G  │
│                                                                              │
│  Summary          Value    Evaluate   257ms  37%    Losses            Value  │
│  Env       osrs_inferno      GPU      212ms  31%    policy            0.013  │
│  Params          752.1K      Env       44ms   6%    value             0.040  │
│  Steps             8.2M    Train      423ms  62%    entropy           4.789  │
│  SPS             238.3K      Misc       0ms   0%    total             0.026  │
│  Epoch              250      Forwa…     0ms   0%    old_kl            0.006  │
│  Uptime    0d 0h 0m 34s                             kl                0.009  │
│  Remaini…  0d 0h 2m 55s                             clipfrac          0.316  │
│                                                     bc                0.000  │
│                                                                              │
│  User Stats                    Value    User Stats                    Value  │
│  episode_return                4.156    damage_dealt                438.852  │
│  damage_received             106.796    episode_length              103.872  │
│  wins                          0.000    wave                         68.000  │
│  idle_ticks                    1.199    brews_used                    4.455  │
│  blood_healed                  0.000    prayer_correct_rate           0.523  │
│  unavoidable_off_praye…        0.017    brews_remaining               7.545  │
│  restores_remaining           10.524    prayer_at_death              86.360  │
│  current_ranged               91.794    current_magic                82.797  │
│  behind_shield_pct             0.336    zuk_hp_remaining            765.972  │
│  min_zuk_hp_seen             765.643    hp_restored                   0.317  │
│  zuk_healer_damage             0.001    deaths_to_jad                 0.005  │
│  episode_return_normal         1.778    wins_normal                   0.000  │
│  min_zuk_hp_normal          1020.407    score_normal                  0.150  │
│  zuk_objective_normal          0.150    phase_reached_normal          0.124  │
│  death_tick_normal            50.222    frac_min_hp_le_300_no…        0.000  │
╰──────────────────────────────────────────────────────────────────────────────╯

[0;0H╭──────────────────────────────────────────────────────────────────────────────╮
│  PufferLib 4.0          🐡        GPU: 0%      VRAM: 0.4/18G      RAM: 0.9G  │
│                                                                              │
│  Summary          Value    Evaluate   254ms  37%    Losses            Value  │
│  Env       osrs_inferno      GPU      210ms  30%    policy            0.007  │
│  Params          752.1K      Env       44ms   6%    value             0.040  │
│  Steps             8.4M    Train      423ms  62%    entropy           4.660  │
│  SPS             239.2K      Misc       0ms   0%    total             0.020  │
│  Epoch              255      Forwa…     0ms   0%    old_kl            0.007  │
│  Uptime    0d 0h 0m 35s                             kl                0.007  │
│  Remaini…  0d 0h 2m 54s                             clipfrac          0.322  │
│                                                     bc                0.000  │
│                                                                              │
│  User Stats                    Value    User Stats                    Value  │
│  episode_return                4.256    damage_dealt                449.732  │
│  damage_received             106.575    episode_length              106.359  │
│  wins                          0.000    wave                         68.000  │
│  idle_ticks                    1.222    brews_used                    4.477  │
│  blood_healed                  0.000    prayer_correct_rate           0.527  │
│  unavoidable_off_praye…        0.016    brews_remaining               7.523  │
│  restores_remaining           10.543    prayer_at_death              85.936  │
│  current_ranged               91.313    current_magic                82.029  │
│  behind_shield_pct             0.341    zuk_hp_remaining            755.105  │
│  min_zuk_hp_seen             754.857    hp_restored                   0.211  │
│  zuk_healer_damage             0.015    deaths_to_jad                 0.006  │
│  episode_return_normal         1.772    wins_normal                   0.000  │
│  min_zuk_hp_normal          1020.858    score_normal                  0.149  │
│  zuk_objective_normal          0.149    phase_reached_normal          0.114  │
│  death_tick_normal            49.761    frac_min_hp_le_300_no…        0.000  │
╰──────────────────────────────────────────────────────────────────────────────╯

[0;0H╭──────────────────────────────────────────────────────────────────────────────╮
│  PufferLib 4.0         🐡         GPU: 0%      VRAM: 0.4/18G      RAM: 0.9G  │
│                                                                              │
│  Summary          Value    Evaluate   256ms  37%    Losses            Value  │
│  Env       osrs_inferno      GPU      212ms  31%    policy            0.005  │
│  Params          752.1K      Env       43ms   6%    value             0.040  │
│  Steps             8.5M    Train      423ms  62%    entropy           4.570  │
│  SPS             238.7K      Misc       0ms   0%    total             0.017  │
│  Epoch              260      Forwa…     0ms   0%    old_kl            0.009  │
│  Uptime    0d 0h 0m 35s                             kl                0.008  │
│  Remaini…  0d 0h 2m 53s                             clipfrac          0.318  │
│                                                     bc                0.000  │
│                                                                              │
│  User Stats                    Value    User Stats                    Value  │
│  episode_return                4.061    damage_dealt                428.244  │
│  damage_received             104.204    episode_length              101.673  │
│  wins                          0.000    wave                         68.000  │
│  idle_ticks                    1.222    brews_used                    4.383  │
│  blood_healed                  0.000    prayer_correct_rate           0.520  │
│  unavoidable_off_praye…        0.013    brews_remaining               7.617  │
│  restores_remaining           10.638    prayer_at_death              86.141  │
│  current_ranged               90.834    current_magic                81.624  │
│  behind_shield_pct             0.329    zuk_hp_remaining            776.084  │
│  min_zuk_hp_seen             775.973    hp_restored                   0.148  │
│  zuk_healer_damage             0.003    deaths_to_jad                 0.004  │
│  episode_return_normal         1.751    wins_normal                   0.000  │
│  min_zuk_hp_normal          1023.639    score_normal                  0.147  │
│  zuk_objective_normal          0.147    phase_reached_normal          0.103  │
│  death_tick_normal            48.909    frac_min_hp_le_300_no…        0.000  │
╰──────────────────────────────────────────────────────────────────────────────╯

[0;0H╭──────────────────────────────────────────────────────────────────────────────╮
│  PufferLib 4.0        🐡          GPU: 0%      VRAM: 0.4/18G      RAM: 0.9G  │
│                                                                              │
│  Summary          Value    Evaluate   259ms  37%    Losses            Value  │
│  Env       osrs_inferno      GPU      214ms  31%    policy            0.021  │
│  Params          752.1K      Env       44ms   6%    value             0.037  │
│  Steps             8.7M    Train      423ms  62%    entropy           4.530  │
│  SPS             237.6K      Misc       0ms   0%    total             0.032  │
│  Epoch              265      Forwa…     0ms   0%    old_kl            0.008  │
│  Uptime    0d 0h 0m 36s                             kl                0.007  │
│  Remaini…  0d 0h 2m 53s                             clipfrac          0.321  │
│                                                     bc                0.000  │
│                                                                              │
│  User Stats                    Value    User Stats                    Value  │
│  episode_return                4.119    damage_dealt                435.222  │
│  damage_received             106.877    episode_length              103.813  │
│  wins                          0.000    wave                         68.000  │
│  idle_ticks                    1.302    brews_used                    4.511  │
│  blood_healed                  0.000    prayer_correct_rate           0.523  │
│  unavoidable_off_praye…        0.013    brews_remaining               7.489  │
│  restores_remaining           10.604    prayer_at_death              86.128  │
│  current_ranged               90.582    current_magic                81.115  │
│  behind_shield_pct             0.336    zuk_hp_remaining            769.408  │
│  min_zuk_hp_seen             769.233    hp_restored                   0.179  │
│  zuk_healer_damage             0.000    deaths_to_jad                 0.007  │
│  episode_return_normal         1.738    wins_normal                   0.000  │
│  min_zuk_hp_normal          1024.289    score_normal                  0.146  │
│  zuk_objective_normal          0.146    phase_reached_normal          0.107  │
│  death_tick_normal            49.518    frac_min_hp_le_300_no…        0.000  │
╰──────────────────────────────────────────────────────────────────────────────╯

[0;0H╭──────────────────────────────────────────────────────────────────────────────╮
│  PufferLib 4.0       🐡           GPU: 0%      VRAM: 0.4/18G      RAM: 0.9G  │
│                                                                              │
│  Summary          Value    Evaluate   258ms  37%    Losses            Value  │
│  Env       osrs_inferno      GPU      213ms  31%    policy            0.029  │
│  Params          752.1K      Env       44ms   6%    value             0.039  │
│  Steps             8.8M    Train      425ms  62%    entropy           4.550  │
│  SPS             237.1K      Misc       0ms   0%    total             0.041  │
│  Epoch              270      Forwa…     0ms   0%    old_kl            0.009  │
│  Uptime    0d 0h 0m 37s                             kl                0.007  │
│  Remaini…  0d 0h 2m 53s                             clipfrac          0.320  │
│                                                     bc                0.000  │
│                                                                              │
│  User Stats                    Value    User Stats                    Value  │
│  episode_return                4.118    damage_dealt                435.204  │
│  damage_received             106.729    episode_length              103.996  │
│  wins                          0.000    wave                         68.000  │
│  idle_ticks                    1.261    brews_used                    4.541  │
│  blood_healed                  0.000    prayer_correct_rate           0.524  │
│  unavoidable_off_praye…        0.015    brews_remaining               7.459  │
│  restores_remaining           10.577    prayer_at_death              86.486  │
│  current_ranged               90.846    current_magic                81.356  │
│  behind_shield_pct             0.335    zuk_hp_remaining            769.704  │
│  min_zuk_hp_seen             769.328    hp_restored                   0.329  │
│  zuk_healer_damage             0.017    deaths_to_jad                 0.004  │
│  episode_return_normal         1.717    wins_normal                   0.000  │
│  min_zuk_hp_normal          1026.807    score_normal                  0.144  │
│  zuk_objective_normal          0.144    phase_reached_normal          0.104  │
│  death_tick_normal            49.240    frac_min_hp_le_300_no…        0.000  │
╰──────────────────────────────────────────────────────────────────────────────╯

[0;0H╭──────────────────────────────────────────────────────────────────────────────╮
│  PufferLib 4.0      🐡            GPU: 0%      VRAM: 0.4/18G      RAM: 0.9G  │
│                                                                              │
│  Summary          Value    Evaluate   256ms  37%    Losses            Value  │
│  Env       osrs_inferno      GPU      212ms  31%    policy            0.009  │
│  Params          752.1K      Env       43ms   6%    value             0.040  │
│  Steps             9.0M    Train      423ms  62%    entropy           4.514  │
│  SPS             238.5K      Misc       0ms   0%    total             0.022  │
│  Epoch              275      Forwa…     0ms   0%    old_kl            0.008  │
│  Uptime    0d 0h 0m 37s                             kl                0.008  │
│  Remaini…  0d 0h 2m 51s                             clipfrac          0.330  │
│                                                     bc                0.000  │
│                                                                              │
│  User Stats                    Value    User Stats                    Value  │
│  episode_return                4.095    damage_dealt                433.094  │
│  damage_received             107.626    episode_length              103.760  │
│  wins                          0.000    wave                         68.000  │
│  idle_ticks                    1.217    brews_used                    4.535  │
│  blood_healed                  0.000    prayer_correct_rate           0.522  │
│  unavoidable_off_praye…        0.015    brews_remaining               7.465  │
│  restores_remaining           10.602    prayer_at_death              86.220  │
│  current_ranged               90.595    current_magic                81.041  │
│  behind_shield_pct             0.335    zuk_hp_remaining            771.793  │
│  min_zuk_hp_seen             771.401    hp_restored                   0.351  │
│  zuk_healer_damage             0.016    deaths_to_jad                 0.006  │
│  episode_return_normal         1.722    wins_normal                   0.000  │
│  min_zuk_hp_normal          1025.979    score_normal                  0.145  │
│  zuk_objective_normal          0.145    phase_reached_normal          0.114  │
│  death_tick_normal            49.428    frac_min_hp_le_300_no…        0.000  │
╰──────────────────────────────────────────────────────────────────────────────╯

[0;0H╭──────────────────────────────────────────────────────────────────────────────╮
│  PufferLib 4.0     🐡             GPU: 0%      VRAM: 0.4/18G      RAM: 0.9G  │
│                                                                              │
│  Summary          Value    Evaluate   255ms  37%    Losses            Value  │
│  Env       osrs_inferno      GPU      210ms  30%    policy            0.017  │
│  Params          752.1K      Env       44ms   6%    value             0.041  │
│  Steps             9.2M    Train      424ms  62%    entropy           4.429  │
│  SPS             238.6K      Misc       0ms   0%    total             0.031  │
│  Epoch              280      Forwa…     0ms   0%    old_kl            0.011  │
│  Uptime    0d 0h 0m 38s                             kl                0.010  │
│  Remaini…  0d 0h 2m 51s                             clipfrac          0.339  │
│                                                     bc                0.000  │
│                                                                              │
│  User Stats                    Value    User Stats                    Value  │
│  episode_return                4.094    damage_dealt                433.297  │
│  damage_received             106.434    episode_length              104.490  │
│  wins                          0.000    wave                         68.000  │
│  idle_ticks                    1.225    brews_used                    4.521  │
│  blood_healed                  0.000    prayer_correct_rate           0.525  │
│  unavoidable_off_praye…        0.014    brews_remaining               7.479  │
│  restores_remaining           10.602    prayer_at_death              85.977  │
│  current_ranged               91.295    current_magic                81.649  │
│  behind_shield_pct             0.341    zuk_hp_remaining            771.458  │
│  min_zuk_hp_seen             771.231    hp_restored                   0.196  │
│  zuk_healer_damage             0.013    deaths_to_jad                 0.005  │
│  episode_return_normal         1.713    wins_normal                   0.000  │
│  min_zuk_hp_normal          1026.903    score_normal                  0.144  │
│  zuk_objective_normal          0.144    phase_reached_normal          0.114  │
│  death_tick_normal            48.904    frac_min_hp_le_300_no…        0.000  │
╰──────────────────────────────────────────────────────────────────────────────╯

[0;0H╭──────────────────────────────────────────────────────────────────────────────╮
│  PufferLib 4.0    🐡              GPU: 0%      VRAM: 0.4/18G      RAM: 0.9G  │
│                                                                              │
│  Summary          Value    Evaluate   260ms  38%    Losses            Value  │
│  Env       osrs_inferno      GPU      216ms  31%    policy            0.012  │
│  Params          752.1K      Env       44ms   6%    value             0.038  │
│  Steps             9.3M    Train      422ms  61%    entropy           4.397  │
│  SPS             237.5K      Misc       0ms   0%    total             0.024  │
│  Epoch              285      Forwa…     0ms   0%    old_kl            0.009  │
│  Uptime    0d 0h 0m 39s                             kl                0.008  │
│  Remaini…  0d 0h 2m 51s                             clipfrac          0.332  │
│                                                     bc                0.000  │
│                                                                              │
│  User Stats                    Value    User Stats                    Value  │
│  episode_return                4.138    damage_dealt                437.824  │
│  damage_received             109.998    episode_length              104.755  │
│  wins                          0.000    wave                         68.000  │
│  idle_ticks                    1.269    brews_used                    4.672  │
│  blood_healed                  0.000    prayer_correct_rate           0.517  │
│  unavoidable_off_praye…        0.011    brews_remaining               7.328  │
│  restores_remaining           10.601    prayer_at_death              85.659  │
│  current_ranged               89.668    current_magic                80.265  │
│  behind_shield_pct             0.335    zuk_hp_remaining            767.045  │
│  min_zuk_hp_seen             766.659    hp_restored                   0.344  │
│  zuk_healer_damage             0.001    deaths_to_jad                 0.005  │
│  episode_return_normal         1.774    wins_normal                   0.000  │
│  min_zuk_hp_normal          1020.576    score_normal                  0.150  │
│  zuk_objective_normal          0.150    phase_reached_normal          0.127  │
│  death_tick_normal            50.646    frac_min_hp_le_300_no…        0.000  │
╰──────────────────────────────────────────────────────────────────────────────╯

[0;0H╭──────────────────────────────────────────────────────────────────────────────╮
│  PufferLib 4.0   🐡               GPU: 0%      VRAM: 0.4/18G      RAM: 0.9G  │
│                                                                              │
│  Summary          Value    Evaluate   261ms  37%    Losses            Value  │
│  Env       osrs_inferno      GPU      214ms  31%    policy           -0.013  │
│  Params          752.1K      Env       46ms   6%    value             0.040  │
│  Steps             9.5M    Train      428ms  62%    entropy           4.410  │
│  SPS             235.6K      Misc       0ms   0%    total             0.001  │
│  Epoch              290      Forwa…     0ms   0%    old_kl            0.008  │
│  Uptime    0d 0h 0m 40s                             kl                0.008  │
│  Remaini…  0d 0h 2m 51s                             clipfrac          0.347  │
│                                                     bc                0.000  │
│                                                                              │
│  User Stats                    Value    User Stats                    Value  │
│  episode_return                4.056    damage_dealt                428.781  │
│  damage_received             108.449    episode_length              102.993  │
│  wins                          0.000    wave                         68.000  │
│  idle_ticks                    1.233    brews_used                    4.602  │
│  blood_healed                  0.000    prayer_correct_rate           0.516  │
│  unavoidable_off_praye…        0.012    brews_remaining               7.398  │
│  restores_remaining           10.658    prayer_at_death              85.695  │
│  current_ranged               89.816    current_magic                80.172  │
│  behind_shield_pct             0.332    zuk_hp_remaining            775.807  │
│  min_zuk_hp_seen             775.652    hp_restored                   0.134  │
│  zuk_healer_damage             0.000    deaths_to_jad                 0.005  │
│  episode_return_normal         1.739    wins_normal                   0.000  │
│  min_zuk_hp_normal          1024.544    score_normal                  0.146  │
│  zuk_objective_normal          0.146    phase_reached_normal          0.112  │
│  death_tick_normal            49.549    frac_min_hp_le_300_no…        0.000  │
╰──────────────────────────────────────────────────────────────────────────────╯

[0;0H╭──────────────────────────────────────────────────────────────────────────────╮
│  PufferLib 4.0  🐡                GPU: 0%      VRAM: 0.4/18G      RAM: 0.9G  │
│                                                                              │
│  Summary          Value    Evaluate   253ms  37%    Losses            Value  │
│  Env       osrs_inferno      GPU      210ms  31%    policy            0.006  │
│  Params          752.1K      Env       43ms   6%    value             0.045  │
│  Steps             9.7M    Train      424ms  62%    entropy           4.350  │
│  SPS             239.3K      Misc       0ms   0%    total             0.022  │
│  Epoch              295      Forwa…     0ms   0%    old_kl            0.008  │
│  Uptime    0d 0h 0m 40s                             kl                0.008  │
│  Remaini…  0d 0h 2m 48s                             clipfrac          0.342  │
│                                                     bc                0.000  │
│                                                                              │
│  User Stats                    Value    User Stats                    Value  │
│  episode_return                4.057    damage_dealt                429.166  │
│  damage_received             108.558    episode_length              102.853  │
│  wins                          0.000    wave                         68.000  │
│  idle_ticks                    1.240    brews_used                    4.594  │
│  blood_healed                  0.000    prayer_correct_rate           0.516  │
│  unavoidable_off_praye…        0.011    brews_remaining               7.406  │
│  restores_remaining           10.720    prayer_at_death              85.083  │
│  current_ranged               88.946    current_magic                79.260  │
│  behind_shield_pct             0.331    zuk_hp_remaining            775.499  │
│  min_zuk_hp_seen             775.285    hp_restored                   0.258  │
│  zuk_healer_damage             0.002    deaths_to_jad                 0.005  │
│  episode_return_normal         1.730    wins_normal                   0.000  │
│  min_zuk_hp_normal          1025.343    score_normal                  0.146  │
│  zuk_objective_normal          0.146    phase_reached_normal          0.113  │
│  death_tick_normal            49.313    frac_min_hp_le_300_no…        0.000  │
╰──────────────────────────────────────────────────────────────────────────────╯

[0;0H╭──────────────────────────────────────────────────────────────────────────────╮
│  PufferLib 4.0 🐡                 GPU: 0%      VRAM: 0.4/18G      RAM: 0.9G  │
│                                                                              │
│  Summary          Value    Evaluate   255ms  37%    Losses            Value  │
│  Env       osrs_inferno      GPU      211ms  31%    policy           -0.001  │
│  Params          752.1K      Env       43ms   6%    value             0.040  │
│  Steps             9.8M    Train      424ms  62%    entropy           4.280  │
│  SPS             238.7K      Misc       0ms   0%    total             0.012  │
│  Epoch              300      Forwa…     0ms   0%    old_kl            0.009  │
│  Uptime    0d 0h 0m 41s                             kl                0.009  │
│  Remaini…  0d 0h 2m 48s                             clipfrac          0.338  │
│                                                     bc                0.000  │
│                                                                              │
│  User Stats                    Value    User Stats                    Value  │
│  episode_return                4.060    damage_dealt                429.335  │
│  damage_received             107.650    episode_length              103.068  │
│  wins                          0.000    wave                         68.000  │
│  idle_ticks                    1.245    brews_used                    4.529  │
│  blood_healed                  0.000    prayer_correct_rate           0.520  │
│  unavoidable_off_praye…        0.012    brews_remaining               7.471  │
│  restores_remaining           10.749    prayer_at_death              84.841  │
│  current_ranged               89.088    current_magic                79.327  │
│  behind_shield_pct             0.329    zuk_hp_remaining            775.143  │
│  min_zuk_hp_seen             775.029    hp_restored                   0.102  │
│  zuk_healer_damage             0.004    deaths_to_jad                 0.003  │
│  episode_return_normal         1.713    wins_normal                   0.000  │
│  min_zuk_hp_normal          1027.025    score_normal                  0.144  │
│  zuk_objective_normal          0.144    phase_reached_normal          0.108  │
│  death_tick_normal            48.769    frac_min_hp_le_300_no…        0.000  │
╰──────────────────────────────────────────────────────────────────────────────╯

[0;0H╭──────────────────────────────────────────────────────────────────────────────╮
│  PufferLib 4.0          🐡        GPU: 0%      VRAM: 0.4/18G      RAM: 0.9G  │
│                                                                              │
│  Summary          Value    Evaluate   257ms  37%    Losses            Value  │
│  Env       osrs_inferno      GPU      213ms  31%    policy            0.002  │
│  Params          752.1K      Env       43ms   6%    value             0.038  │
│  Steps            10.0M    Train      426ms  62%    entropy           4.255  │
│  SPS             237.3K      Misc       0ms   0%    total             0.015  │
│  Epoch              305      Forwa…     0ms   0%    old_kl            0.009  │
│  Uptime    0d 0h 0m 42s                             kl                0.008  │
│  Remaini…  0d 0h 2m 48s                             clipfrac          0.336  │
│                                                     bc                0.000  │
│                                                                              │
│  User Stats                    Value    User Stats                    Value  │
│  episode_return                4.032    damage_dealt                426.049  │
│  damage_received             108.696    episode_length              101.647  │
│  wins                          0.000    wave                         68.000  │
│  idle_ticks                    1.245    brews_used                    4.543  │
│  blood_healed                  0.000    prayer_correct_rate           0.516  │
│  unavoidable_off_praye…        0.012    brews_remaining               7.457  │
│  restores_remaining           10.778    prayer_at_death              84.550  │
│  current_ranged               88.726    current_magic                78.902  │
│  behind_shield_pct             0.322    zuk_hp_remaining            778.216  │
│  min_zuk_hp_seen             778.169    hp_restored                   0.056  │
│  zuk_healer_damage             0.003    deaths_to_jad                 0.002  │
│  episode_return_normal         1.748    wins_normal                   0.000  │
│  min_zuk_hp_normal          1023.413    score_normal                  0.147  │
│  zuk_objective_normal          0.147    phase_reached_normal          0.123  │
│  death_tick_normal            48.651    frac_min_hp_le_300_no…        0.000  │
╰──────────────────────────────────────────────────────────────────────────────╯

[0;0H╭──────────────────────────────────────────────────────────────────────────────╮
│  PufferLib 4.0         🐡         GPU: 0%      VRAM: 0.4/18G      RAM: 0.9G  │
│                                                                              │
│  Summary          Value    Evaluate   257ms  37%    Losses            Value  │
│  Env       osrs_inferno      GPU      213ms  31%    policy            0.001  │
│  Params          752.1K      Env       43ms   6%    value             0.047  │
│  Steps            10.2M    Train      424ms  62%    entropy           4.249  │
│  SPS             238.2K      Misc       0ms   0%    total             0.018  │
│  Epoch              310      Forwa…     0ms   0%    old_kl            0.008  │
│  Uptime    0d 0h 0m 42s                             kl                0.009  │
│  Remaini…  0d 0h 2m 47s                             clipfrac          0.324  │
│                                                     bc                0.000  │
│                                                                              │
│  User Stats                    Value    User Stats                    Value  │
│  episode_return                3.948    damage_dealt                417.481  │
│  damage_received             106.635    episode_length              100.262  │
│  wins                          0.000    wave                         68.000  │
│  idle_ticks                    1.156    brews_used                    4.502  │
│  blood_healed                  0.000    prayer_correct_rate           0.511  │
│  unavoidable_off_praye…        0.011    brews_remaining               7.498  │
│  restores_remaining           10.806    prayer_at_death              84.560  │
│  current_ranged               89.070    current_magic                79.220  │
│  behind_shield_pct             0.318    zuk_hp_remaining            786.734  │
│  min_zuk_hp_seen             786.651    hp_restored                   0.083  │
│  zuk_healer_damage             0.000    deaths_to_jad                 0.001  │
│  episode_return_normal         1.760    wins_normal                   0.000  │
│  min_zuk_hp_normal          1021.958    score_normal                  0.148  │
│  zuk_objective_normal          0.148    phase_reached_normal          0.132  │
│  death_tick_normal            49.081    frac_min_hp_le_300_no…        0.000  │
╰──────────────────────────────────────────────────────────────────────────────╯

[0;0H╭──────────────────────────────────────────────────────────────────────────────╮
│  PufferLib 4.0        🐡          GPU: 0%      VRAM: 0.4/18G      RAM: 0.9G  │
│                                                                              │
│  Summary          Value    Evaluate   258ms  37%    Losses            Value  │
│  Env       osrs_inferno      GPU      214ms  31%    policy            0.024  │
│  Params          752.1K      Env       44ms   6%    value             0.039  │
│  Steps            10.3M    Train      422ms  62%    entropy           4.313  │
│  SPS             238.2K      Misc       0ms   0%    total             0.037  │
│  Epoch              315      Forwa…     0ms   0%    old_kl            0.009  │
│  Uptime    0d 0h 0m 43s                             kl                0.009  │
│  Remaini…  0d 0h 2m 46s                             clipfrac          0.333  │
│                                                     bc                0.000  │
│                                                                              │
│  User Stats                    Value    User Stats                    Value  │
│  episode_return                3.908    damage_dealt                413.182  │
│  damage_received             106.770    episode_length              100.101  │
│  wins                          0.000    wave                         68.000  │
│  idle_ticks                    1.133    brews_used                    4.537  │
│  blood_healed                  0.000    prayer_correct_rate           0.510  │
│  unavoidable_off_praye…        0.012    brews_remaining               7.463  │
│  restores_remaining           10.760    prayer_at_death              84.782  │
│  current_ranged               89.515    current_magic                79.853  │
│  behind_shield_pct             0.320    zuk_hp_remaining            791.055  │
│  min_zuk_hp_seen             790.953    hp_restored                   0.099  │
│  zuk_healer_damage             0.013    deaths_to_jad                 0.003  │
│  episode_return_normal         1.769    wins_normal                   0.000  │
│  min_zuk_hp_normal          1021.596    score_normal                  0.149  │
│  zuk_objective_normal          0.149    phase_reached_normal          0.142  │
│  death_tick_normal            49.476    frac_min_hp_le_300_no…        0.000  │
╰──────────────────────────────────────────────────────────────────────────────╯

[0;0H╭──────────────────────────────────────────────────────────────────────────────╮
│  PufferLib 4.0       🐡           GPU: 0%      VRAM: 0.4/18G      RAM: 0.9G  │
│                                                                              │
│  Summary          Value    Evaluate   255ms  37%    Losses            Value  │
│  Env       osrs_inferno      GPU      212ms  31%    policy            0.002  │
│  Params          752.1K      Env       43ms   6%    value             0.045  │
│  Steps            10.5M    Train      424ms  62%    entropy           4.332  │
│  SPS             238.6K      Misc       0ms   0%    total             0.018  │
│  Epoch              320      Forwa…     0ms   0%    old_kl            0.010  │
│  Uptime    0d 0h 0m 44s                             kl                0.010  │
│  Remaini…  0d 0h 2m 45s                             clipfrac          0.335  │
│                                                     bc                0.000  │
│                                                                              │
│  User Stats                    Value    User Stats                    Value  │
│  episode_return                3.866    damage_dealt                409.483  │
│  damage_received             103.453    episode_length               99.901  │
│  wins                          0.000    wave                         68.000  │
│  idle_ticks                    1.106    brews_used                    4.450  │
│  blood_healed                  0.000    prayer_correct_rate           0.510  │
│  unavoidable_off_praye…        0.010    brews_remaining               7.550  │
│  restores_remaining           10.757    prayer_at_death              84.972  │
│  current_ranged               90.275    current_magic                80.759  │
│  behind_shield_pct             0.324    zuk_hp_remaining            794.962  │
│  min_zuk_hp_seen             794.785    hp_restored                   0.202  │
│  zuk_healer_damage             0.012    deaths_to_jad                 0.000  │
│  episode_return_normal         1.733    wins_normal                   0.000  │
│  min_zuk_hp_normal          1025.145    score_normal                  0.146  │
│  zuk_objective_normal          0.146    phase_reached_normal          0.132  │
│  death_tick_normal            48.885    frac_min_hp_le_300_no…        0.000  │
╰──────────────────────────────────────────────────────────────────────────────╯

[0;0H╭──────────────────────────────────────────────────────────────────────────────╮
│  PufferLib 4.0      🐡            GPU: 0%      VRAM: 0.4/18G      RAM: 0.9G  │
│                                                                              │
│  Summary          Value    Evaluate   257ms  37%    Losses            Value  │
│  Env       osrs_inferno      GPU      213ms  31%    policy           -0.000  │
│  Params          752.1K      Env       43ms   6%    value             0.046  │
│  Steps            10.6M    Train      424ms  62%    entropy           4.318  │
│  SPS             237.9K      Misc       0ms   0%    total             0.016  │
│  Epoch              325      Forwa…     0ms   0%    old_kl            0.009  │
│  Uptime    0d 0h 0m 44s                             kl                0.009  │
│  Remaini…  0d 0h 2m 45s                             clipfrac          0.331  │
│                                                     bc                0.000  │
│                                                                              │
│  User Stats                    Value    User Stats                    Value  │
│  episode_return                3.952    damage_dealt                418.916  │
│  damage_received             109.495    episode_length              103.144  │
│  wins                          0.000    wave                         68.000  │
│  idle_ticks                    1.140    brews_used                    4.722  │
│  blood_healed                  0.000    prayer_correct_rate           0.512  │
│  unavoidable_off_praye…        0.014    brews_remaining               7.278  │
│  restores_remaining           10.658    prayer_at_death              84.960  │
│  current_ranged               89.528    current_magic                80.275  │
│  behind_shield_pct             0.328    zuk_hp_remaining            785.535  │
│  min_zuk_hp_seen             785.506    hp_restored                   0.064  │
│  zuk_healer_damage             0.000    deaths_to_jad                 0.001  │
│  episode_return_normal         1.793    wins_normal                   0.000  │
│  min_zuk_hp_normal          1018.921    score_normal                  0.151  │
│  zuk_objective_normal          0.151    phase_reached_normal          0.162  │
│  death_tick_normal            50.621    frac_min_hp_le_300_no…        0.000  │
╰──────────────────────────────────────────────────────────────────────────────╯

[0;0H╭──────────────────────────────────────────────────────────────────────────────╮
│  PufferLib 4.0     🐡             GPU: 0%      VRAM: 0.4/18G      RAM: 0.9G  │
│                                                                              │
│  Summary          Value    Evaluate   257ms  37%    Losses            Value  │
│  Env       osrs_inferno      GPU      213ms  31%    policy           -0.002  │
│  Params          752.1K      Env       43ms   6%    value             0.049  │
│  Steps            10.8M    Train      424ms  62%    entropy           4.333  │
│  SPS             238.1K      Misc       0ms   0%    total             0.016  │
│  Epoch              330      Forwa…     0ms   0%    old_kl            0.010  │
│  Uptime    0d 0h 0m 45s                             kl                0.009  │
│  Remaini…  0d 0h 2m 44s                             clipfrac          0.330  │
│                                                     bc                0.000  │
│                                                                              │
│  User Stats                    Value    User Stats                    Value  │
│  episode_return                3.815    damage_dealt                403.879  │
│  damage_received             110.453    episode_length              100.510  │
│  wins                          0.000    wave                         68.000  │
│  idle_ticks                    1.096    brews_used                    4.780  │
│  blood_healed                  0.000    prayer_correct_rate           0.507  │
│  unavoidable_off_praye…        0.011    brews_remaining               7.220  │
│  restores_remaining           10.662    prayer_at_death              85.633  │
│  current_ranged               89.248    current_magic                79.904  │
│  behind_shield_pct             0.312    zuk_hp_remaining            800.255  │
│  min_zuk_hp_seen             800.287    hp_restored                   0.068  │
│  zuk_healer_damage             0.004    deaths_to_jad                 0.001  │
│  episode_return_normal         1.781    wins_normal                   0.000  │
│  min_zuk_hp_normal          1020.079    score_normal                  0.150  │
│  zuk_objective_normal          0.150    phase_reached_normal          0.145  │
│  death_tick_normal            50.616    frac_min_hp_le_300_no…        0.000  │
╰──────────────────────────────────────────────────────────────────────────────╯

[0;0H╭──────────────────────────────────────────────────────────────────────────────╮
│  PufferLib 4.0    🐡              GPU: 0%      VRAM: 0.4/18G      RAM: 0.9G  │
│                                                                              │
│  Summary          Value    Evaluate   255ms  37%    Losses            Value  │
│  Env       osrs_inferno      GPU      212ms  31%    policy           -0.001  │
│  Params          752.1K      Env       43ms   6%    value             0.045  │
│  Steps            11.0M    Train      424ms  62%    entropy           4.261  │
│  SPS             238.4K      Misc       0ms   0%    total             0.015  │
│  Epoch              335      Forwa…     0ms   0%    old_kl            0.010  │
│  Uptime    0d 0h 0m 46s                             kl                0.010  │
│  Remaini…  0d 0h 2m 43s                             clipfrac          0.332  │
│                                                     bc                0.000  │
│                                                                              │
│  User Stats                    Value    User Stats                    Value  │
│  episode_return                3.840    damage_dealt                406.658  │
│  damage_received             111.677    episode_length              102.887  │
│  wins                          0.000    wave                         68.000  │
│  idle_ticks                    1.038    brews_used                    4.966  │
│  blood_healed                  0.000    prayer_correct_rate           0.512  │
│  unavoidable_off_praye…        0.013    brews_remaining               7.034  │
│  restores_remaining           10.575    prayer_at_death              86.593  │
│  current_ranged               89.933    current_magic                80.240  │
│  behind_shield_pct             0.310    zuk_hp_remaining            797.462  │
│  min_zuk_hp_seen             797.537    hp_restored                   0.023  │
│  zuk_healer_damage             0.000    deaths_to_jad                 0.001  │
│  episode_return_normal         1.809    wins_normal                   0.000  │
│  min_zuk_hp_normal          1017.236    score_normal                  0.152  │
│  zuk_objective_normal          0.152    phase_reached_normal          0.147  │
│  death_tick_normal            51.719    frac_min_hp_le_300_no…        0.000  │
╰──────────────────────────────────────────────────────────────────────────────╯

[0;0H╭──────────────────────────────────────────────────────────────────────────────╮
│  PufferLib 4.0   🐡               GPU: 0%      VRAM: 0.4/18G      RAM: 0.9G  │
│                                                                              │
│  Summary          Value    Evaluate   253ms  37%    Losses            Value  │
│  Env       osrs_inferno      GPU      210ms  30%    policy            0.010  │
│  Params          752.1K      Env       42ms   6%    value             0.046  │
│  Steps            11.1M    Train      427ms  62%    entropy           4.190  │
│  SPS             238.6K      Misc       0ms   0%    total             0.026  │
│  Epoch              340      Forwa…     0ms   0%    old_kl            0.010  │
│  Uptime    0d 0h 0m 46s                             kl                0.009  │
│  Remaini…  0d 0h 2m 42s                             clipfrac          0.330  │
│                                                     bc                0.000  │
│                                                                              │
│  User Stats                    Value    User Stats                    Value  │
│  episode_return                3.949    damage_dealt                418.781  │
│  damage_received             115.810    episode_length              105.699  │
│  wins                          0.000    wave                         68.000  │
│  idle_ticks                    1.087    brews_used                    5.098  │
│  blood_healed                  0.000    prayer_correct_rate           0.518  │
│  unavoidable_off_praye…        0.014    brews_remaining               6.902  │
│  restores_remaining           10.532    prayer_at_death              86.610  │
│  current_ranged               89.438    current_magic                79.925  │
│  behind_shield_pct             0.318    zuk_hp_remaining            785.390  │
│  min_zuk_hp_seen             785.639    hp_restored                   0.063  │
│  zuk_healer_damage             0.000    deaths_to_jad                 0.000  │
│  episode_return_normal         1.827    wins_normal                   0.000  │
│  min_zuk_hp_normal          1015.332    score_normal                  0.154  │
│  zuk_objective_normal          0.154    phase_reached_normal          0.148  │
│  death_tick_normal            51.423    frac_min_hp_le_300_no…        0.000  │
╰──────────────────────────────────────────────────────────────────────────────╯

[0;0H╭──────────────────────────────────────────────────────────────────────────────╮
│  PufferLib 4.0  🐡                GPU: 0%      VRAM: 0.4/18G      RAM: 0.9G  │
│                                                                              │
│  Summary          Value    Evaluate   257ms  37%    Losses            Value  │
│  Env       osrs_inferno      GPU      213ms  31%    policy            0.007  │
│  Params          752.1K      Env       43ms   6%    value             0.040  │
│  Steps            11.3M    Train      424ms  62%    entropy           4.215  │
│  SPS             238.1K      Misc       0ms   0%    total             0.021  │
│  Epoch              345      Forwa…     0ms   0%    old_kl            0.010  │
│  Uptime    0d 0h 0m 47s                             kl                0.010  │
│  Remaini…  0d 0h 2m 42s                             clipfrac          0.336  │
│                                                     bc                0.000  │
│                                                                              │
│  User Stats                    Value    User Stats                    Value  │
│  episode_return                3.940    damage_dealt                417.164  │
│  damage_received             118.666    episode_length              104.776  │
│  wins                          0.000    wave                         68.000  │
│  idle_ticks                    1.070    brews_used                    5.287  │
│  blood_healed                  0.000    prayer_correct_rate           0.511  │
│  unavoidable_off_praye…        0.012    brews_remaining               6.713  │
│  restores_remaining           10.539    prayer_at_death              86.428  │
│  current_ranged               88.363    current_magic                78.482  │
│  behind_shield_pct             0.309    zuk_hp_remaining            786.995  │
│  min_zuk_hp_seen             787.091    hp_restored                   0.017  │
│  zuk_healer_damage             0.000    deaths_to_jad                 0.001  │
│  episode_return_normal         1.926    wins_normal                   0.000  │
│  min_zuk_hp_normal          1005.245    score_normal                  0.162  │
│  zuk_objective_normal          0.162    phase_reached_normal          0.172  │
│  death_tick_normal            52.841    frac_min_hp_le_300_no…        0.000  │
╰──────────────────────────────────────────────────────────────────────────────╯

[0;0H╭──────────────────────────────────────────────────────────────────────────────╮
│  PufferLib 4.0 🐡                 GPU: 0%      VRAM: 0.4/18G      RAM: 0.9G  │
│                                                                              │
│  Summary          Value    Evaluate   254ms  37%    Losses            Value  │
│  Env       osrs_inferno      GPU      211ms  30%    policy            0.020  │
│  Params          752.1K      Env       43ms   6%    value             0.041  │
│  Steps            11.5M    Train      427ms  62%    entropy           4.143  │
│  SPS             237.9K      Misc       0ms   0%    total             0.033  │
│  Epoch              350      Forwa…     0ms   0%    old_kl            0.009  │
│  Uptime    0d 0h 0m 48s                             kl                0.010  │
│  Remaini…  0d 0h 2m 41s                             clipfrac          0.335  │
│                                                     bc                0.000  │
│                                                                              │
│  User Stats                    Value    User Stats                    Value  │
│  episode_return                3.917    damage_dealt                414.615  │
│  damage_received             124.098    episode_length              104.716  │
│  wins                          0.000    wave                         68.000  │
│  idle_ticks                    1.033    brews_used                    5.539  │
│  blood_healed                  0.000    prayer_correct_rate           0.511  │
│  unavoidable_off_praye…        0.013    brews_remaining               6.461  │
│  restores_remaining           10.491    prayer_at_death              87.321  │
│  current_ranged               88.136    current_magic                78.073  │
│  behind_shield_pct             0.307    zuk_hp_remaining            789.519  │
│  min_zuk_hp_seen             789.595    hp_restored                   0.042  │
│  zuk_healer_damage             0.000    deaths_to_jad                 0.000  │
│  episode_return_normal         1.928    wins_normal                   0.000  │
│  min_zuk_hp_normal          1005.183    score_normal                  0.162  │
│  zuk_objective_normal          0.162    phase_reached_normal          0.167  │
│  death_tick_normal            52.579    frac_min_hp_le_300_no…        0.000  │
╰──────────────────────────────────────────────────────────────────────────────╯

[0;0H╭──────────────────────────────────────────────────────────────────────────────╮
│  PufferLib 4.0          🐡        GPU: 0%      VRAM: 0.4/18G      RAM: 0.9G  │
│                                                                              │
│  Summary          Value    Evaluate   252ms  37%    Losses            Value  │
│  Env       osrs_inferno      GPU      209ms  30%    policy            0.022  │
│  Params          752.1K      Env       43ms   6%    value             0.039  │
│  Steps            11.6M    Train      426ms  62%    entropy           4.044  │
│  SPS             239.1K      Misc       0ms   0%    total             0.036  │
│  Epoch              355      Forwa…     0ms   0%    old_kl            0.011  │
│  Uptime    0d 0h 0m 48s                             kl                0.011  │
│  Remaini…  0d 0h 2m 40s                             clipfrac          0.335  │
│                                                     bc                0.000  │
│                                                                              │
│  User Stats                    Value    User Stats                    Value  │
│  episode_return                4.031    damage_dealt                426.590  │
│  damage_received             128.047    episode_length              106.045  │
│  wins                          0.000    wave                         68.000  │
│  idle_ticks                    1.046    brews_used                    5.652  │
│  blood_healed                  0.000    prayer_correct_rate           0.511  │
│  unavoidable_off_praye…        0.012    brews_remaining               6.348  │
│  restores_remaining           10.473    prayer_at_death              87.203  │
│  current_ranged               87.510    current_magic                77.491  │
│  behind_shield_pct             0.309    zuk_hp_remaining            777.569  │
│  min_zuk_hp_seen             777.754    hp_restored                   0.077  │
│  zuk_healer_damage             0.000    deaths_to_jad                 0.001  │
│  episode_return_normal         1.951    wins_normal                   0.000  │
│  min_zuk_hp_normal          1002.688    score_normal                  0.164  │
│  zuk_objective_normal          0.164    phase_reached_normal          0.181  │
│  death_tick_normal            52.958    frac_min_hp_le_300_no…        0.000  │
╰──────────────────────────────────────────────────────────────────────────────╯

[0;0H╭──────────────────────────────────────────────────────────────────────────────╮
│  PufferLib 4.0         🐡         GPU: 0%      VRAM: 0.4/18G      RAM: 0.9G  │
│                                                                              │
│  Summary          Value    Evaluate   255ms  37%    Losses            Value  │
│  Env       osrs_inferno      GPU      211ms  31%    policy           -0.002  │
│  Params          752.1K      Env       43ms   6%    value             0.042  │
│  Steps            11.8M    Train      424ms  62%    entropy           3.989  │
│  SPS             238.7K      Misc       0ms   0%    total             0.013  │
│  Epoch              360      Forwa…     0ms   0%    old_kl            0.011  │
│  Uptime    0d 0h 0m 49s                             kl                0.010  │
│  Remaini…  0d 0h 2m 40s                             clipfrac          0.345  │
│                                                     bc                0.000  │
│                                                                              │
│  User Stats                    Value    User Stats                    Value  │
│  episode_return                4.048    damage_dealt                427.913  │
│  damage_received             130.969    episode_length              105.929  │
│  wins                          0.000    wave                         68.000  │
│  idle_ticks                    1.053    brews_used                    5.840  │
│  blood_healed                  0.000    prayer_correct_rate           0.507  │
│  unavoidable_off_praye…        0.011    brews_remaining               6.160  │
│  restores_remaining           10.389    prayer_at_death              87.588  │
│  current_ranged               87.497    current_magic                77.867  │
│  behind_shield_pct             0.307    zuk_hp_remaining            776.109  │
│  min_zuk_hp_seen             776.346    hp_restored                   0.063  │
│  zuk_healer_damage             0.002    deaths_to_jad                 0.001  │
│  episode_return_normal         1.964    wins_normal                   0.000  │
│  min_zuk_hp_normal          1001.490    score_normal                  0.165  │
│  zuk_objective_normal          0.165    phase_reached_normal          0.183  │
│  death_tick_normal            53.471    frac_min_hp_le_300_no…        0.000  │
╰──────────────────────────────────────────────────────────────────────────────╯

[0;0H╭──────────────────────────────────────────────────────────────────────────────╮
│  PufferLib 4.0        🐡          GPU: 0%      VRAM: 0.4/18G      RAM: 0.9G  │
│                                                                              │
│  Summary          Value    Evaluate   258ms  37%    Losses            Value  │
│  Env       osrs_inferno      GPU      214ms  31%    policy            0.008  │
│  Params          752.1K      Env       44ms   6%    value             0.041  │
│  Steps            12.0M    Train      424ms  62%    entropy           3.942  │
│  SPS             237.6K      Misc       0ms   0%    total             0.022  │
│  Epoch              365      Forwa…     0ms   0%    old_kl            0.012  │
│  Uptime    0d 0h 0m 50s                             kl                0.011  │
│  Remaini…  0d 0h 2m 40s                             clipfrac          0.346  │
│                                                     bc                0.000  │
│                                                                              │
│  User Stats                    Value    User Stats                    Value  │
│  episode_return                4.084    damage_dealt                431.961  │
│  damage_received             132.074    episode_length              106.833  │
│  wins                          0.000    wave                         68.000  │
│  idle_ticks                    1.075    brews_used                    5.898  │
│  blood_healed                  0.000    prayer_correct_rate           0.509  │
│  unavoidable_off_praye…        0.012    brews_remaining               6.102  │
│  restores_remaining           10.316    prayer_at_death              88.095  │
│  current_ranged               88.734    current_magic                79.260  │
│  behind_shield_pct             0.310    zuk_hp_remaining            771.923  │
│  min_zuk_hp_seen             772.295    hp_restored                   0.030  │
│  zuk_healer_damage             0.000    deaths_to_jad                 0.001  │
│  episode_return_normal         1.975    wins_normal                   0.000  │
│  min_zuk_hp_normal           999.768    score_normal                  0.167  │
│  zuk_objective_normal          0.167    phase_reached_normal          0.182  │
│  death_tick_normal            54.084    frac_min_hp_le_300_no…        0.000  │
╰──────────────────────────────────────────────────────────────────────────────╯

[0;0H╭──────────────────────────────────────────────────────────────────────────────╮
│  PufferLib 4.0       🐡           GPU: 0%      VRAM: 0.4/18G      RAM: 0.9G  │
│                                                                              │
│  Summary          Value    Evaluate   256ms  37%    Losses            Value  │
│  Env       osrs_inferno      GPU      212ms  31%    policy            0.021  │
│  Params          752.1K      Env       43ms   6%    value             0.041  │
│  Steps            12.1M    Train      421ms  62%    entropy           3.853  │
│  SPS             239.4K      Misc       0ms   0%    total             0.035  │
│  Epoch              370      Forwa…     0ms   0%    old_kl            0.011  │
│  Uptime    0d 0h 0m 51s                             kl                0.012  │
│  Remaini…  0d 0h 2m 38s                             clipfrac          0.347  │
│                                                     bc                0.000  │
│                                                                              │
│  User Stats                    Value    User Stats                    Value  │
│  episode_return                4.093    damage_dealt                433.091  │
│  damage_received             131.678    episode_length              106.542  │
│  wins                          0.000    wave                         68.000  │
│  idle_ticks                    1.164    brews_used                    5.919  │
│  blood_healed                  0.000    prayer_correct_rate           0.510  │
│  unavoidable_off_praye…        0.010    brews_remaining               6.081  │
│  restores_remaining           10.307    prayer_at_death              88.443  │
│  current_ranged               89.403    current_magic                80.191  │
│  behind_shield_pct             0.310    zuk_hp_remaining            770.571  │
│  min_zuk_hp_seen             771.185    hp_restored                   0.095  │
│  zuk_healer_damage             0.001    deaths_to_jad                 0.001  │
│  episode_return_normal         1.976    wins_normal                   0.000  │
│  min_zuk_hp_normal           999.461    score_normal                  0.167  │
│  zuk_objective_normal          0.167    phase_reached_normal          0.199  │
│  death_tick_normal            53.663    frac_min_hp_le_300_no…        0.000  │
╰──────────────────────────────────────────────────────────────────────────────╯

[0;0H╭──────────────────────────────────────────────────────────────────────────────╮
│  PufferLib 4.0      🐡            GPU: 0%      VRAM: 0.4/18G      RAM: 0.9G  │
│                                                                              │
│  Summary          Value    Evaluate   256ms  37%    Losses            Value  │
│  Env       osrs_inferno      GPU      212ms  31%    policy            0.001  │
│  Params          752.1K      Env       43ms   6%    value             0.039  │
│  Steps            12.3M    Train      423ms  62%    entropy           3.760  │
│  SPS             238.8K      Misc       0ms   0%    total             0.015  │
│  Epoch              375      Forwa…     0ms   0%    old_kl            0.013  │
│  Uptime    0d 0h 0m 51s                             kl                0.012  │
│  Remaini…  0d 0h 2m 37s                             clipfrac          0.345  │
│                                                     bc                0.000  │
│                                                                              │
│  User Stats                    Value    User Stats                    Value  │
│  episode_return                4.017    damage_dealt                424.335  │
│  damage_received             129.320    episode_length              103.821  │
│  wins                          0.000    wave                         68.000  │
│  idle_ticks                    1.231    brews_used                    5.769  │
│  blood_healed                  0.000    prayer_correct_rate           0.509  │
│  unavoidable_off_praye…        0.012    brews_remaining               6.231  │
│  restores_remaining           10.319    prayer_at_death              88.844  │
│  current_ranged               90.502    current_magic                81.537  │
│  behind_shield_pct             0.299    zuk_hp_remaining            778.425  │
│  min_zuk_hp_seen             779.703    hp_restored                   0.000  │
│  zuk_healer_damage             0.000    deaths_to_jad                 0.001  │
│  episode_return_normal         1.935    wins_normal                   0.000  │
│  min_zuk_hp_normal          1003.531    score_normal                  0.164  │
│  zuk_objective_normal          0.164    phase_reached_normal          0.186  │
│  death_tick_normal            52.900    frac_min_hp_le_300_no…        0.000  │
╰──────────────────────────────────────────────────────────────────────────────╯

[0;0H╭──────────────────────────────────────────────────────────────────────────────╮
│  PufferLib 4.0     🐡             GPU: 0%      VRAM: 0.4/18G      RAM: 0.9G  │
│                                                                              │
│  Summary          Value    Evaluate   258ms  37%    Losses            Value  │
│  Env       osrs_inferno      GPU      214ms  31%    policy            0.017  │
│  Params          752.1K      Env       44ms   6%    value             0.043  │
│  Steps            12.5M    Train      423ms  62%    entropy           3.683  │
│  SPS             237.8K      Misc       0ms   0%    total             0.033  │
│  Epoch              380      Forwa…     0ms   0%    old_kl            0.013  │
│  Uptime    0d 0h 0m 52s                             kl                0.013  │
│  Remaini…  0d 0h 2m 37s                             clipfrac          0.350  │
│                                                     bc                0.000  │
│                                                                              │
│  User Stats                    Value    User Stats                    Value  │
│  episode_return                3.973    damage_dealt                420.755  │
│  damage_received             128.927    episode_length              105.181  │
│  wins                          0.000    wave                         68.000  │
│  idle_ticks                    1.198    brews_used                    5.851  │
│  blood_healed                  0.000    prayer_correct_rate           0.513  │
│  unavoidable_off_praye…        0.012    brews_remaining               6.149  │
│  restores_remaining           10.243    prayer_at_death              89.328  │
│  current_ranged               90.820    current_magic                82.340  │
│  behind_shield_pct             0.303    zuk_hp_remaining            781.978  │
│  min_zuk_hp_seen             783.413    hp_restored                   0.041  │
│  zuk_healer_damage             0.001    deaths_to_jad                 0.002  │
│  episode_return_normal         1.868    wins_normal                   0.000  │
│  min_zuk_hp_normal          1009.994    score_normal                  0.158  │
│  zuk_objective_normal          0.158    phase_reached_normal          0.176  │
│  death_tick_normal            52.957    frac_min_hp_le_300_no…        0.000  │
╰──────────────────────────────────────────────────────────────────────────────╯

[0;0H╭──────────────────────────────────────────────────────────────────────────────╮
│  PufferLib 4.0    🐡              GPU: 0%      VRAM: 0.4/18G      RAM: 0.9G  │
│                                                                              │
│  Summary          Value    Evaluate   256ms  37%    Losses            Value  │
│  Env       osrs_inferno      GPU      212ms  31%    policy            0.013  │
│  Params          752.1K      Env       44ms   6%    value             0.038  │
│  Steps            12.6M    Train      423ms  62%    entropy           3.585  │
│  SPS             238.4K      Misc       0ms   0%    total             0.026  │
│  Epoch              385      Forwa…     0ms   0%    old_kl            0.015  │
│  Uptime    0d 0h 0m 53s                             kl                0.014  │
│  Remaini…  0d 0h 2m 36s                             clipfrac          0.346  │
│                                                     bc                0.000  │
│                                                                              │
│  User Stats                    Value    User Stats                    Value  │
│  episode_return                4.065    damage_dealt                430.323  │
│  damage_received             130.672    episode_length              106.064  │
│  wins                          0.000    wave                         68.000  │
│  idle_ticks                    1.347    brews_used                    5.891  │
│  blood_healed                  0.000    prayer_correct_rate           0.519  │
│  unavoidable_off_praye…        0.013    brews_remaining               6.109  │
│  restores_remaining           10.185    prayer_at_death              89.476  │
│  current_ranged               91.307    current_magic                83.063  │
│  behind_shield_pct             0.304    zuk_hp_remaining            771.585  │
│  min_zuk_hp_seen             773.889    hp_restored                   0.033  │
│  zuk_healer_damage             0.001    deaths_to_jad                 0.002  │
│  episode_return_normal         1.838    wins_normal                   0.000  │
│  min_zuk_hp_normal          1012.792    score_normal                  0.156  │
│  zuk_objective_normal          0.156    phase_reached_normal          0.178  │
│  death_tick_normal            52.657    frac_min_hp_le_300_no…        0.000  │
╰──────────────────────────────────────────────────────────────────────────────╯

[0;0H╭──────────────────────────────────────────────────────────────────────────────╮
│  PufferLib 4.0   🐡               GPU: 0%      VRAM: 0.4/18G      RAM: 0.9G  │
│                                                                              │
│  Summary          Value    Evaluate   260ms  38%    Losses            Value  │
│  Env       osrs_inferno      GPU      215ms  31%    policy            0.020  │
│  Params          752.1K      Env       44ms   6%    value             0.036  │
│  Steps            12.8M    Train      423ms  61%    entropy           3.516  │
│  SPS             237.3K      Misc       0ms   0%    total             0.033  │
│  Epoch              390      Forwa…     0ms   0%    old_kl            0.013  │
│  Uptime    0d 0h 0m 53s                             kl                0.013  │
│  Remaini…  0d 0h 2m 36s                             clipfrac          0.346  │
│                                                     bc                0.000  │
│                                                                              │
│  User Stats                    Value    User Stats                    Value  │
│  episode_return                4.111    damage_dealt                435.465  │
│  damage_received             131.029    episode_length              106.823  │
│  wins                          0.000    wave                         68.000  │
│  idle_ticks                    1.388    brews_used                    5.943  │
│  blood_healed                  0.001    prayer_correct_rate           0.523  │
│  unavoidable_off_praye…        0.012    brews_remaining               6.057  │
│  restores_remaining           10.129    prayer_at_death              89.656  │
│  current_ranged               91.724    current_magic                83.593  │
│  behind_shield_pct             0.303    zuk_hp_remaining            765.790  │
│  min_zuk_hp_seen             768.761    hp_restored                   0.062  │
│  zuk_healer_damage             0.004    deaths_to_jad                 0.002  │
│  episode_return_normal         1.850    wins_normal                   0.000  │
│  min_zuk_hp_normal          1011.057    score_normal                  0.157  │
│  zuk_objective_normal          0.157    phase_reached_normal          0.195  │
│  death_tick_normal            52.583    frac_min_hp_le_300_no…        0.000  │
╰──────────────────────────────────────────────────────────────────────────────╯

[0;0H╭──────────────────────────────────────────────────────────────────────────────╮
│  PufferLib 4.0  🐡                GPU: 0%      VRAM: 0.4/18G      RAM: 0.9G  │
│                                                                              │
│  Summary          Value    Evaluate   255ms  37%    Losses            Value  │
│  Env       osrs_inferno      GPU      211ms  31%    policy            0.026  │
│  Params          752.1K      Env       44ms   6%    value             0.039  │
│  Steps            12.9M    Train      424ms  62%    entropy           3.507  │
│  SPS             238.8K      Misc       0ms   0%    total             0.040  │
│  Epoch              395      Forwa…     0ms   0%    old_kl            0.014  │
│  Uptime    0d 0h 0m 54s                             kl                0.014  │
│  Remaini…  0d 0h 2m 35s                             clipfrac          0.345  │
│                                                     bc                0.000  │
│                                                                              │
│  User Stats                    Value    User Stats                    Value  │
│  episode_return                4.135    damage_dealt                437.959  │
│  damage_received             129.852    episode_length              106.409  │
│  wins                          0.000    wave                         68.000  │
│  idle_ticks                    1.383    brews_used                    5.866  │
│  blood_healed                  0.000    prayer_correct_rate           0.524  │
│  unavoidable_off_praye…        0.012    brews_remaining               6.134  │
│  restores_remaining           10.191    prayer_at_death              89.296  │
│  current_ranged               91.392    current_magic                83.143  │
│  behind_shield_pct             0.302    zuk_hp_remaining            763.827  │
│  min_zuk_hp_seen             766.319    hp_restored                   0.028  │
│  zuk_healer_damage             0.000    deaths_to_jad                 0.004  │
│  episode_return_normal         1.848    wins_normal                   0.000  │
│  min_zuk_hp_normal          1011.402    score_normal                  0.157  │
│  zuk_objective_normal          0.157    phase_reached_normal          0.193  │
│  death_tick_normal            51.648    frac_min_hp_le_300_no…        0.000  │
╰──────────────────────────────────────────────────────────────────────────────╯

[0;0H╭──────────────────────────────────────────────────────────────────────────────╮
│  PufferLib 4.0 🐡                 GPU: 0%      VRAM: 0.4/18G      RAM: 0.9G  │
│                                                                              │
│  Summary          Value    Evaluate   260ms  38%    Losses            Value  │
│  Env       osrs_inferno      GPU      215ms  31%    policy           -0.009  │
│  Params          752.1K      Env       45ms   6%    value             0.042  │
│  Steps            13.1M    Train      424ms  61%    entropy           3.478  │
│  SPS             237.0K      Misc       0ms   0%    total             0.006  │
│  Epoch              400      Forwa…     0ms   0%    old_kl            0.014  │
│  Uptime    0d 0h 0m 55s                             kl                0.014  │
│  Remaini…  0d 0h 2m 35s                             clipfrac          0.342  │
│                                                     bc                0.000  │
│                                                                              │
│  User Stats                    Value    User Stats                    Value  │
│  episode_return                4.177    damage_dealt                442.732  │
│  damage_received             129.254    episode_length              106.906  │
│  wins                          0.000    wave                         68.000  │
│  idle_ticks                    1.407    brews_used                    5.788  │
│  blood_healed                  0.000    prayer_correct_rate           0.526  │
│  unavoidable_off_praye…        0.013    brews_remaining               6.212  │
│  restores_remaining           10.192    prayer_at_death              89.548  │
│  current_ranged               92.280    current_magic                84.028  │
│  behind_shield_pct             0.303    zuk_hp_remaining            759.797  │
│  min_zuk_hp_seen             761.642    hp_restored                   0.165  │
│  zuk_healer_damage             0.003    deaths_to_jad                 0.004  │
│  episode_return_normal         1.860    wins_normal                   0.000  │
│  min_zuk_hp_normal          1010.104    score_normal                  0.158  │
│  zuk_objective_normal          0.158    phase_reached_normal          0.206  │
│  death_tick_normal            51.127    frac_min_hp_le_300_no…        0.000  │
╰──────────────────────────────────────────────────────────────────────────────╯

[0;0H╭──────────────────────────────────────────────────────────────────────────────╮
│  PufferLib 4.0          🐡        GPU: 0%      VRAM: 0.4/18G      RAM: 0.9G  │
│                                                                              │
│  Summary          Value    Evaluate   255ms  37%    Losses            Value  │
│  Env       osrs_inferno      GPU      211ms  30%    policy            0.010  │
│  Params          752.1K      Env       44ms   6%    value             0.046  │
│  Steps            13.3M    Train      426ms  62%    entropy           3.465  │
│  SPS             237.6K      Misc       0ms   0%    total             0.028  │
│  Epoch              405      Forwa…     0ms   0%    old_kl            0.013  │
│  Uptime    0d 0h 0m 55s                             kl                0.012  │
│  Remaini…  0d 0h 2m 34s                             clipfrac          0.343  │
│                                                     bc                0.000  │
│                                                                              │
│  User Stats                    Value    User Stats                    Value  │
│  episode_return                4.078    damage_dealt                432.104  │
│  damage_received             128.035    episode_length              104.432  │
│  wins                          0.000    wave                         68.000  │
│  idle_ticks                    1.368    brews_used                    5.781  │
│  blood_healed                  0.000    prayer_correct_rate           0.516  │
│  unavoidable_off_praye…        0.012    brews_remaining               6.219  │
│  restores_remaining           10.241    prayer_at_death              88.900  │
│  current_ranged               91.697    current_magic                83.157  │
│  behind_shield_pct             0.298    zuk_hp_remaining            770.235  │
│  min_zuk_hp_seen             772.050    hp_restored                   0.059  │
│  zuk_healer_damage             0.000    deaths_to_jad                 0.007  │
│  episode_return_normal         1.917    wins_normal                   0.000  │
│  min_zuk_hp_normal          1003.906    score_normal                  0.163  │
│  zuk_objective_normal          0.163    phase_reached_normal          0.225  │
│  death_tick_normal            52.295    frac_min_hp_le_300_no…        0.000  │
╰──────────────────────────────────────────────────────────────────────────────╯

[0;0H╭──────────────────────────────────────────────────────────────────────────────╮
│  PufferLib 4.0         🐡         GPU: 0%      VRAM: 0.4/18G      RAM: 0.9G  │
│                                                                              │
│  Summary          Value    Evaluate   259ms  37%    Losses            Value  │
│  Env       osrs_inferno      GPU      214ms  31%    policy           -0.009  │
│  Params          752.1K      Env       44ms   6%    value             0.048  │
│  Steps            13.4M    Train      425ms  62%    entropy           3.409  │
│  SPS             237.1K      Misc       0ms   0%    total             0.010  │
│  Epoch              410      Forwa…     0ms   0%    old_kl            0.014  │
│  Uptime    0d 0h 0m 56s                             kl                0.014  │
│  Remaini…  0d 0h 2m 34s                             clipfrac          0.343  │
│                                                     bc                0.000  │
│                                                                              │
│  User Stats                    Value    User Stats                    Value  │
│  episode_return                4.176    damage_dealt                442.682  │
│  damage_received             129.655    episode_length              106.205  │
│  wins                          0.000    wave                         68.000  │
│  idle_ticks                    1.417    brews_used                    5.866  │
│  blood_healed                  0.000    prayer_correct_rate           0.516  │
│  unavoidable_off_praye…        0.011    brews_remaining               6.134  │
│  restores_remaining           10.282    prayer_at_death              88.211  │
│  current_ranged               90.668    current_magic                81.848  │
│  behind_shield_pct             0.302    zuk_hp_remaining            760.453  │
│  min_zuk_hp_seen             761.632    hp_restored                   0.133  │
│  zuk_healer_damage             0.007    deaths_to_jad                 0.002  │
│  episode_return_normal         1.983    wins_normal                   0.000  │
│  min_zuk_hp_normal           997.179    score_normal                  0.169  │
│  zuk_objective_normal          0.169    phase_reached_normal          0.231  │
│  death_tick_normal            53.132    frac_min_hp_le_300_no…        0.000  │
╰──────────────────────────────────────────────────────────────────────────────╯

[0;0H╭──────────────────────────────────────────────────────────────────────────────╮
│  PufferLib 4.0        🐡          GPU: 0%      VRAM: 0.4/18G      RAM: 0.9G  │
│                                                                              │
│  Summary          Value    Evaluate   255ms  37%    Losses            Value  │
│  Env       osrs_inferno      GPU      211ms  31%    policy           -0.001  │
│  Params          752.1K      Env       44ms   6%    value             0.050  │
│  Steps            13.6M    Train      424ms  62%    entropy           3.298  │
│  SPS             238.5K      Misc       0ms   0%    total             0.019  │
│  Epoch              415      Forwa…     0ms   0%    old_kl            0.013  │
│  Uptime    0d 0h 0m 57s                             kl                0.013  │
│  Remaini…  0d 0h 2m 32s                             clipfrac          0.340  │
│                                                     bc                0.000  │
│                                                                              │
│  User Stats                    Value    User Stats                    Value  │
│  episode_return                4.144    damage_dealt                439.819  │
│  damage_received             127.615    episode_length              105.523  │
│  wins                          0.000    wave                         68.000  │
│  idle_ticks                    1.342    brews_used                    5.734  │
│  blood_healed                  0.000    prayer_correct_rate           0.514  │
│  unavoidable_off_praye…        0.012    brews_remaining               6.266  │
│  restores_remaining           10.305    prayer_at_death              87.528  │
│  current_ranged               91.318    current_magic                82.032  │
│  behind_shield_pct             0.303    zuk_hp_remaining            762.832  │
│  min_zuk_hp_seen             764.453    hp_restored                   0.079  │
│  zuk_healer_damage             0.002    deaths_to_jad                 0.002  │
│  episode_return_normal         2.028    wins_normal                   0.000  │
│  min_zuk_hp_normal           991.926    score_normal                  0.173  │
│  zuk_objective_normal          0.173    phase_reached_normal          0.262  │
│  death_tick_normal            53.428    frac_min_hp_le_300_no…        0.000  │
╰──────────────────────────────────────────────────────────────────────────────╯

[0;0H╭──────────────────────────────────────────────────────────────────────────────╮
│  PufferLib 4.0       🐡           GPU: 0%      VRAM: 0.4/18G      RAM: 0.9G  │
│                                                                              │
│  Summary          Value    Evaluate   257ms  37%    Losses            Value  │
│  Env       osrs_inferno      GPU      213ms  31%    policy            0.012  │
│  Params          752.1K      Env       43ms   6%    value             0.053  │
│  Steps            13.8M    Train      423ms  62%    entropy           3.389  │
│  SPS             238.3K      Misc       0ms   0%    total             0.034  │
│  Epoch              420      Forwa…     0ms   0%    old_kl            0.016  │
│  Uptime    0d 0h 0m 57s                             kl                0.018  │
│  Remaini…  0d 0h 2m 32s                             clipfrac          0.349  │
│                                                     bc                0.000  │
│                                                                              │
│  User Stats                    Value    User Stats                    Value  │
│  episode_return                4.149    damage_dealt                440.335  │
│  damage_received             129.849    episode_length              106.104  │
│  wins                          0.000    wave                         68.000  │
│  idle_ticks                    1.391    brews_used                    5.922  │
│  blood_healed                  0.000    prayer_correct_rate           0.511  │
│  unavoidable_off_praye…        0.015    brews_remaining               6.078  │
│  restores_remaining           10.243    prayer_at_death              88.050  │
│  current_ranged               91.038    current_magic                81.908  │
│  behind_shield_pct             0.301    zuk_hp_remaining            762.377  │
│  min_zuk_hp_seen             763.883    hp_restored                   0.041  │
│  zuk_healer_damage             0.002    deaths_to_jad                 0.000  │
│  episode_return_normal         2.122    wins_normal                   0.000  │
│  min_zuk_hp_normal           982.092    score_normal                  0.182  │
│  zuk_objective_normal          0.182    phase_reached_normal          0.292  │
│  death_tick_normal            55.470    frac_min_hp_le_300_no…        0.000  │
╰──────────────────────────────────────────────────────────────────────────────╯

[0;0H╭──────────────────────────────────────────────────────────────────────────────╮
│  PufferLib 4.0      🐡            GPU: 0%      VRAM: 0.4/18G      RAM: 0.9G  │
│                                                                              │
│  Summary          Value    Evaluate   256ms  37%    Losses            Value  │
│  Env       osrs_inferno      GPU      213ms  31%    policy            0.016  │
│  Params          752.1K      Env       43ms   6%    value             0.054  │
│  Steps            13.9M    Train      425ms  62%    entropy           3.308  │
│  SPS             237.7K      Misc       0ms   0%    total             0.037  │
│  Epoch              425      Forwa…     0ms   0%    old_kl            0.016  │
│  Uptime    0d 0h 0m 58s                             kl                0.016  │
│  Remaini…  0d 0h 2m 31s                             clipfrac          0.349  │
│                                                     bc                0.000  │
│                                                                              │
│  User Stats                    Value    User Stats                    Value  │
│  episode_return                4.107    damage_dealt                435.781  │
│  damage_received             128.179    episode_length              105.270  │
│  wins                          0.000    wave                         68.000  │
│  idle_ticks                    1.473    brews_used                    5.801  │
│  blood_healed                  0.000    prayer_correct_rate           0.509  │
│  unavoidable_off_praye…        0.014    brews_remaining               6.199  │
│  restores_remaining           10.266    prayer_at_death              88.364  │
│  current_ranged               91.156    current_magic                82.162  │
│  behind_shield_pct             0.302    zuk_hp_remaining            767.468  │
│  min_zuk_hp_seen             768.466    hp_restored                   0.019  │
│  zuk_healer_damage             0.004    deaths_to_jad                 0.003  │
│  episode_return_normal         2.114    wins_normal                   0.000  │
│  min_zuk_hp_normal           983.743    score_normal                  0.180  │
│  zuk_objective_normal          0.180    phase_reached_normal          0.294  │
│  death_tick_normal            54.960    frac_min_hp_le_300_no…        0.000  │
╰──────────────────────────────────────────────────────────────────────────────╯

[0;0H╭──────────────────────────────────────────────────────────────────────────────╮
│  PufferLib 4.0     🐡             GPU: 0%      VRAM: 0.4/18G      RAM: 0.9G  │
│                                                                              │
│  Summary          Value    Evaluate   256ms  37%    Losses            Value  │
│  Env       osrs_inferno      GPU      213ms  31%    policy            0.010  │
│  Params          752.1K      Env       43ms   6%    value             0.049  │
│  Steps            14.1M    Train      425ms  62%    entropy           3.284  │
│  SPS             238.0K      Misc       0ms   0%    total             0.029  │
│  Epoch              430      Forwa…     0ms   0%    old_kl            0.013  │
│  Uptime    0d 0h 0m 59s                             kl                0.012  │
│  Remaini…  0d 0h 2m 30s                             clipfrac          0.338  │
│                                                     bc                0.000  │
│                                                                              │
│  User Stats                    Value    User Stats                    Value  │
│  episode_return                4.173    damage_dealt                442.932  │
│  damage_received             131.772    episode_length              106.915  │
│  wins                          0.000    wave                         68.000  │
│  idle_ticks                    1.429    brews_used                    5.921  │
│  blood_healed                  0.000    prayer_correct_rate           0.512  │
│  unavoidable_off_praye…        0.016    brews_remaining               6.079  │
│  restores_remaining           10.182    prayer_at_death              88.622  │
│  current_ranged               90.315    current_magic                81.546  │
│  behind_shield_pct             0.302    zuk_hp_remaining            760.820  │
│  min_zuk_hp_seen             761.403    hp_restored                   0.028  │
│  zuk_healer_damage             0.002    deaths_to_jad                 0.001  │
│  episode_return_normal         2.140    wins_normal                   0.000  │
│  min_zuk_hp_normal           980.725    score_normal                  0.183  │
│  zuk_objective_normal          0.183    phase_reached_normal          0.294  │
│  death_tick_normal            56.099    frac_min_hp_le_300_no…        0.000  │
╰──────────────────────────────────────────────────────────────────────────────╯

[0;0H╭──────────────────────────────────────────────────────────────────────────────╮
│  PufferLib 4.0    🐡              GPU: 0%      VRAM: 0.4/18G      RAM: 0.9G  │
│                                                                              │
│  Summary          Value    Evaluate   257ms  37%    Losses            Value  │
│  Env       osrs_inferno      GPU      213ms  31%    policy            0.010  │
│  Params          752.1K      Env       43ms   6%    value             0.049  │
│  Steps            14.3M    Train      425ms  62%    entropy           3.229  │
│  SPS             237.3K      Misc       0ms   0%    total             0.030  │
│  Epoch              435      Forwa…     0ms   0%    old_kl            0.012  │
│  Uptime    0d 0h 0m 59s                             kl                0.012  │
│  Remaini…  0d 0h 2m 30s                             clipfrac          0.336  │
│                                                     bc                0.000  │
│                                                                              │
│  User Stats                    Value    User Stats                    Value  │
│  episode_return                4.133    damage_dealt                438.273  │
│  damage_received             126.757    episode_length              105.510  │
│  wins                          0.000    wave                         68.000  │
│  idle_ticks                    1.470    brews_used                    5.715  │
│  blood_healed                  0.000    prayer_correct_rate           0.516  │
│  unavoidable_off_praye…        0.017    brews_remaining               6.285  │
│  restores_remaining           10.260    prayer_at_death              87.663  │
│  current_ranged               90.669    current_magic                81.209  │
│  behind_shield_pct             0.297    zuk_hp_remaining            765.689  │
│  min_zuk_hp_seen             766.051    hp_restored                   0.007  │
│  zuk_healer_damage             0.000    deaths_to_jad                 0.001  │
│  episode_return_normal         2.122    wins_normal                   0.000  │
│  min_zuk_hp_normal           983.375    score_normal                  0.181  │
│  zuk_objective_normal          0.181    phase_reached_normal          0.277  │
│  death_tick_normal            54.560    frac_min_hp_le_300_no…        0.000  │
╰──────────────────────────────────────────────────────────────────────────────╯

[0;0H╭──────────────────────────────────────────────────────────────────────────────╮
│  PufferLib 4.0   🐡               GPU: 0%      VRAM: 0.4/18G      RAM: 0.9G  │
│                                                                              │
│  Summary          Value    Evaluate   255ms  37%    Losses            Value  │
│  Env       osrs_inferno      GPU      212ms  31%    policy           -0.003  │
│  Params          752.1K      Env       43ms   6%    value             0.048  │
│  Steps            14.4M    Train      422ms  62%    entropy           3.233  │
│  SPS             239.3K      Misc       0ms   0%    total             0.016  │
│  Epoch              440      Forwa…     0ms   0%    old_kl            0.013  │
│  Uptime     0d 0h 1m 0s                             kl                0.013  │
│  Remaini…  0d 0h 2m 28s                             clipfrac          0.346  │
│                                                     bc                0.000  │
│                                                                              │
│  User Stats                    Value    User Stats                    Value  │
│  episode_return                4.104    damage_dealt                435.143  │
│  damage_received             129.540    episode_length              105.423  │
│  wins                          0.000    wave                         68.000  │
│  idle_ticks                    1.395    brews_used                    5.839  │
│  blood_healed                  0.000    prayer_correct_rate           0.512  │
│  unavoidable_off_praye…        0.017    brews_remaining               6.161  │
│  restores_remaining           10.236    prayer_at_death              88.204  │
│  current_ranged               90.132    current_magic                80.729  │
│  behind_shield_pct             0.294    zuk_hp_remaining            768.951  │
│  min_zuk_hp_seen             769.191    hp_restored                   0.028  │
│  zuk_healer_damage             0.000    deaths_to_jad                 0.000  │
│  episode_return_normal         2.112    wins_normal                   0.000  │
│  min_zuk_hp_normal           984.283    score_normal                  0.180  │
│  zuk_objective_normal          0.180    phase_reached_normal          0.264  │
│  death_tick_normal            55.586    frac_min_hp_le_300_no…        0.000  │
╰──────────────────────────────────────────────────────────────────────────────╯

[0;0H╭──────────────────────────────────────────────────────────────────────────────╮
│  PufferLib 4.0  🐡                GPU: 0%      VRAM: 0.4/18G      RAM: 0.9G  │
│                                                                              │
│  Summary          Value    Evaluate   255ms  37%    Losses            Value  │
│  Env       osrs_inferno      GPU      212ms  31%    policy           -0.002  │
│  Params          752.1K      Env       43ms   6%    value             0.046  │
│  Steps            14.6M    Train      426ms  62%    entropy           3.172  │
│  SPS             237.8K      Misc       0ms   0%    total             0.016  │
│  Epoch              445      Forwa…     0ms   0%    old_kl            0.012  │
│  Uptime     0d 0h 1m 1s                             kl                0.013  │
│  Remaini…  0d 0h 2m 28s                             clipfrac          0.336  │
│                                                     bc                0.000  │
│                                                                              │
│  User Stats                    Value    User Stats                    Value  │
│  episode_return                3.996    damage_dealt                423.382  │
│  damage_received             128.003    episode_length              102.536  │
│  wins                          0.000    wave                         68.000  │
│  idle_ticks                    1.384    brews_used                    5.780  │
│  blood_healed                  0.000    prayer_correct_rate           0.505  │
│  unavoidable_off_praye…        0.015    brews_remaining               6.220  │
│  restores_remaining           10.290    prayer_at_death              88.435  │
│  current_ranged               89.931    current_magic                80.504  │
│  behind_shield_pct             0.289    zuk_hp_remaining            780.563  │
│  min_zuk_hp_seen             780.741    hp_restored                   0.056  │
│  zuk_healer_damage             0.000    deaths_to_jad                 0.002  │
│  episode_return_normal         2.116    wins_normal                   0.000  │
│  min_zuk_hp_normal           983.972    score_normal                  0.180  │
│  zuk_objective_normal          0.180    phase_reached_normal          0.289  │
│  death_tick_normal            55.140    frac_min_hp_le_300_no…        0.000  │
╰──────────────────────────────────────────────────────────────────────────────╯

[0;0H╭──────────────────────────────────────────────────────────────────────────────╮
│  PufferLib 4.0 🐡                 GPU: 0%      VRAM: 0.4/18G      RAM: 0.9G  │
│                                                                              │
│  Summary          Value    Evaluate   255ms  37%    Losses            Value  │
│  Env       osrs_inferno      GPU      211ms  31%    policy           -0.005  │
│  Params          752.1K      Env       43ms   6%    value             0.048  │
│  Steps            14.7M    Train      423ms  62%    entropy           3.134  │
│  SPS             239.0K      Misc       0ms   0%    total             0.015  │
│  Epoch              450      Forwa…     0ms   0%    old_kl            0.015  │
│  Uptime     0d 0h 1m 2s                             kl                0.014  │
│  Remaini…  0d 0h 2m 27s                             clipfrac          0.333  │
│                                                     bc                0.000  │
│                                                                              │
│  User Stats                    Value    User Stats                    Value  │
│  episode_return                4.080    damage_dealt                432.841  │
│  damage_received             132.025    episode_length              105.145  │
│  wins                          0.000    wave                         68.000  │
│  idle_ticks                    1.444    brews_used                    5.917  │
│  blood_healed                  0.000    prayer_correct_rate           0.512  │
│  unavoidable_off_praye…        0.018    brews_remaining               6.083  │
│  restores_remaining           10.126    prayer_at_death              89.876  │
│  current_ranged               91.613    current_magic                82.266  │
│  behind_shield_pct             0.294    zuk_hp_remaining            771.342  │
│  min_zuk_hp_seen             771.416    hp_restored                   0.059  │
│  zuk_healer_damage             0.002    deaths_to_jad                 0.002  │
│  episode_return_normal         2.126    wins_normal                   0.000  │
│  min_zuk_hp_normal           982.540    score_normal                  0.181  │
│  zuk_objective_normal          0.181    phase_reached_normal          0.271  │
│  death_tick_normal            55.750    frac_min_hp_le_300_no…        0.000  │
╰──────────────────────────────────────────────────────────────────────────────╯

[0;0H╭──────────────────────────────────────────────────────────────────────────────╮
│  PufferLib 4.0          🐡        GPU: 0%      VRAM: 0.4/18G      RAM: 0.9G  │
│                                                                              │
│  Summary          Value    Evaluate   257ms  37%    Losses            Value  │
│  Env       osrs_inferno      GPU      213ms  31%    policy            0.027  │
│  Params          752.1K      Env       43ms   6%    value             0.045  │
│  Steps            14.9M    Train      423ms  62%    entropy           3.056  │
│  SPS             238.3K      Misc       0ms   0%    total             0.045  │
│  Epoch              455      Forwa…     0ms   0%    old_kl            0.015  │
│  Uptime     0d 0h 1m 2s                             kl                0.014  │
│  Remaini…  0d 0h 2m 27s                             clipfrac          0.342  │
│                                                     bc                0.000  │
│                                                                              │
│  User Stats                    Value    User Stats                    Value  │
│  episode_return                4.191    damage_dealt                444.707  │
│  damage_received             132.966    episode_length              107.290  │
│  wins                          0.000    wave                         68.000  │
│  idle_ticks                    1.405    brews_used                    5.888  │
│  blood_healed                  0.000    prayer_correct_rate           0.522  │
│  unavoidable_off_praye…        0.017    brews_remaining               6.112  │
│  restores_remaining           10.104    prayer_at_death              90.122  │
│  current_ranged               92.207    current_magic                82.695  │
│  behind_shield_pct             0.301    zuk_hp_remaining            759.688  │
│  min_zuk_hp_seen             759.840    hp_restored                   0.072  │
│  zuk_healer_damage             0.000    deaths_to_jad                 0.000  │
│  episode_return_normal         2.063    wins_normal                   0.000  │
│  min_zuk_hp_normal           989.361    score_normal                  0.176  │
│  zuk_objective_normal          0.176    phase_reached_normal          0.247  │
│  death_tick_normal            54.108    frac_min_hp_le_300_no…        0.000  │
╰──────────────────────────────────────────────────────────────────────────────╯

[0;0H╭──────────────────────────────────────────────────────────────────────────────╮
│  PufferLib 4.0         🐡         GPU: 0%      VRAM: 0.4/18G      RAM: 0.9G  │
│                                                                              │
│  Summary          Value    Evaluate   256ms  37%    Losses            Value  │
│  Env       osrs_inferno      GPU      213ms  31%    policy            0.022  │
│  Params          752.1K      Env       42ms   6%    value             0.043  │
│  Steps            15.1M    Train      424ms  62%    entropy           3.011  │
│  SPS             238.2K      Misc       0ms   0%    total             0.039  │
│  Epoch              460      Forwa…     0ms   0%    old_kl            0.015  │
│  Uptime     0d 0h 1m 3s                             kl                0.015  │
│  Remaini…  0d 0h 2m 26s                             clipfrac          0.337  │
│                                                     bc                0.000  │
│                                                                              │
│  User Stats                    Value    User Stats                    Value  │
│  episode_return                4.209    damage_dealt                446.091  │
│  damage_received             134.137    episode_length              107.358  │
│  wins                          0.000    wave                         68.000  │
│  idle_ticks                    1.421    brews_used                    6.062  │
│  blood_healed                  0.000    prayer_correct_rate           0.517  │
│  unavoidable_off_praye…        0.017    brews_remaining               5.938  │
│  restores_remaining           10.083    prayer_at_death              90.444  │
│  current_ranged               91.024    current_magic                81.825  │
│  behind_shield_pct             0.300    zuk_hp_remaining            758.270  │
│  min_zuk_hp_seen             758.307    hp_restored                   0.044  │
│  zuk_healer_damage             0.001    deaths_to_jad                 0.000  │
│  episode_return_normal         2.121    wins_normal                   0.000  │
│  min_zuk_hp_normal           983.326    score_normal                  0.181  │
│  zuk_objective_normal          0.181    phase_reached_normal          0.250  │
│  death_tick_normal            55.788    frac_min_hp_le_300_no…        0.000  │
╰──────────────────────────────────────────────────────────────────────────────╯

[0;0H╭──────────────────────────────────────────────────────────────────────────────╮
│  PufferLib 4.0        🐡          GPU: 0%      VRAM: 0.4/18G      RAM: 0.9G  │
│                                                                              │
│  Summary          Value    Evaluate   255ms  37%    Losses            Value  │
│  Env       osrs_inferno      GPU      212ms  31%    policy            0.010  │
│  Params          752.1K      Env       42ms   6%    value             0.045  │
│  Steps            15.2M    Train      423ms  62%    entropy           2.967  │
│  SPS             239.0K      Misc       0ms   0%    total             0.027  │
│  Epoch              465      Forwa…     0ms   0%    old_kl            0.014  │
│  Uptime     0d 0h 1m 4s                             kl                0.014  │
│  Remaini…  0d 0h 2m 25s                             clipfrac          0.332  │
│                                                     bc                0.000  │
│                                                                              │
│  User Stats                    Value    User Stats                    Value  │
│  episode_return                4.079    damage_dealt                431.503  │
│  damage_received             130.747    episode_length              103.586  │
│  wins                          0.000    wave                         68.000  │
│  idle_ticks                    1.467    brews_used                    5.878  │
│  blood_healed                  0.000    prayer_correct_rate           0.515  │
│  unavoidable_off_praye…        0.015    brews_remaining               6.122  │
│  restores_remaining           10.190    prayer_at_death              90.333  │
│  current_ranged               90.982    current_magic                81.632  │
│  behind_shield_pct             0.290    zuk_hp_remaining            772.579  │
│  min_zuk_hp_seen             772.633    hp_restored                   0.032  │
│  zuk_healer_damage             0.002    deaths_to_jad                 0.003  │
│  episode_return_normal         2.063    wins_normal                   0.000  │
│  min_zuk_hp_normal           989.950    score_normal                  0.175  │
│  zuk_objective_normal          0.175    phase_reached_normal          0.226  │
│  death_tick_normal            54.065    frac_min_hp_le_300_no…        0.000  │
╰──────────────────────────────────────────────────────────────────────────────╯

[0;0H╭──────────────────────────────────────────────────────────────────────────────╮
│  PufferLib 4.0       🐡           GPU: 0%      VRAM: 0.4/18G      RAM: 0.9G  │
│                                                                              │
│  Summary          Value    Evaluate   252ms  37%    Losses            Value  │
│  Env       osrs_inferno      GPU      209ms  30%    policy            0.004  │
│  Params          752.1K      Env       43ms   6%    value             0.051  │
│  Steps            15.4M    Train      422ms  62%    entropy           2.983  │
│  SPS             240.1K      Misc       0ms   0%    total             0.025  │
│  Epoch              470      Forwa…     0ms   0%    old_kl            0.014  │
│  Uptime     0d 0h 1m 4s                             kl                0.014  │
│  Remaini…  0d 0h 2m 24s                             clipfrac          0.338  │
│                                                     bc                0.000  │
│                                                                              │
│  User Stats                    Value    User Stats                    Value  │
│  episode_return                4.084    damage_dealt                431.646  │
│  damage_received             131.719    episode_length              102.900  │
│  wins                          0.000    wave                         68.000  │
│  idle_ticks                    1.395    brews_used                    5.794  │
│  blood_healed                  0.000    prayer_correct_rate           0.516  │
│  unavoidable_off_praye…        0.014    brews_remaining               6.206  │
│  restores_remaining           10.175    prayer_at_death              90.559  │
│  current_ranged               92.137    current_magic                82.702  │
│  behind_shield_pct             0.284    zuk_hp_remaining            772.633  │
│  min_zuk_hp_seen             772.523    hp_restored                   0.138  │
│  zuk_healer_damage             0.010    deaths_to_jad                 0.004  │
│  episode_return_normal         2.078    wins_normal                   0.000  │
│  min_zuk_hp_normal           989.010    score_normal                  0.176  │
│  zuk_objective_normal          0.176    phase_reached_normal          0.263  │
│  death_tick_normal            53.053    frac_min_hp_le_300_no…        0.000  │
╰──────────────────────────────────────────────────────────────────────────────╯

[0;0H╭──────────────────────────────────────────────────────────────────────────────╮
│  PufferLib 4.0      🐡            GPU: 0%      VRAM: 0.4/18G      RAM: 0.9G  │
│                                                                              │
│  Summary          Value    Evaluate   254ms  37%    Losses            Value  │
│  Env       osrs_inferno      GPU      211ms  31%    policy            0.015  │
│  Params          752.1K      Env       43ms   6%    value             0.044  │
│  Steps            15.6M    Train      425ms  62%    entropy           2.917  │
│  SPS             238.4K      Misc       0ms   0%    total             0.032  │
│  Epoch              475      Forwa…     0ms   0%    old_kl            0.014  │
│  Uptime     0d 0h 1m 5s                             kl                0.014  │
│  Remaini…  0d 0h 2m 24s                             clipfrac          0.331  │
│                                                     bc                0.000  │
│                                                                              │
│  User Stats                    Value    User Stats                    Value  │
│  episode_return                4.058    damage_dealt                429.079  │
│  damage_received             132.386    episode_length              103.092  │
│  wins                          0.000    wave                         68.000  │
│  idle_ticks                    1.374    brews_used                    5.754  │
│  blood_healed                  0.000    prayer_correct_rate           0.515  │
│  unavoidable_off_praye…        0.017    brews_remaining               6.246  │
│  restores_remaining           10.144    prayer_at_death              90.936  │
│  current_ranged               93.292    current_magic                84.114  │
│  behind_shield_pct             0.284    zuk_hp_remaining            775.259  │
│  min_zuk_hp_seen             775.131    hp_restored                   0.160  │
│  zuk_healer_damage             0.009    deaths_to_jad                 0.007  │
│  episode_return_normal         2.047    wins_normal                   0.000  │
│  min_zuk_hp_normal           991.835    score_normal                  0.173  │
│  zuk_objective_normal          0.173    phase_reached_normal          0.245  │
│  death_tick_normal            53.418    frac_min_hp_le_300_no…        0.000  │
╰──────────────────────────────────────────────────────────────────────────────╯

[0;0H╭──────────────────────────────────────────────────────────────────────────────╮
│  PufferLib 4.0     🐡             GPU: 0%      VRAM: 0.4/18G      RAM: 0.9G  │
│                                                                              │
│  Summary          Value    Evaluate   257ms  37%    Losses            Value  │
│  Env       osrs_inferno      GPU      214ms  31%    policy            0.015  │
│  Params          752.1K      Env       43ms   6%    value             0.040  │
│  Steps            15.7M    Train      424ms  62%    entropy           2.881  │
│  SPS             237.9K      Misc       0ms   0%    total             0.031  │
│  Epoch              480      Forwa…     0ms   0%    old_kl            0.015  │
│  Uptime     0d 0h 1m 6s                             kl                0.014  │
│  Remaini…  0d 0h 2m 24s                             clipfrac          0.328  │
│                                                     bc                0.000  │
│                                                                              │
│  User Stats                    Value    User Stats                    Value  │
│  episode_return                4.089    damage_dealt                432.481  │
│  damage_received             133.023    episode_length              103.531  │
│  wins                          0.000    wave                         68.000  │
│  idle_ticks                    1.393    brews_used                    5.768  │
│  blood_healed                  0.000    prayer_correct_rate           0.510  │
│  unavoidable_off_praye…        0.014    brews_remaining               6.232  │
│  restores_remaining           10.159    prayer_at_death              90.681  │
│  current_ranged               93.607    current_magic                84.248  │
│  behind_shield_pct             0.284    zuk_hp_remaining            771.691  │
│  min_zuk_hp_seen             771.765    hp_restored                   0.022  │
│  zuk_healer_damage             0.000    deaths_to_jad                 0.008  │
│  episode_return_normal         2.064    wins_normal                   0.000  │
│  min_zuk_hp_normal           989.578    score_normal                  0.175  │
│  zuk_objective_normal          0.175    phase_reached_normal          0.236  │
│  death_tick_normal            54.682    frac_min_hp_le_300_no…        0.000  │
╰──────────────────────────────────────────────────────────────────────────────╯

[0;0H╭──────────────────────────────────────────────────────────────────────────────╮
│  PufferLib 4.0    🐡              GPU: 0%      VRAM: 0.4/18G      RAM: 0.9G  │
│                                                                              │
│  Summary          Value    Evaluate   255ms  37%    Losses            Value  │
│  Env       osrs_inferno      GPU      211ms  31%    policy            0.004  │
│  Params          752.1K      Env       43ms   6%    value             0.044  │
│  Steps            15.9M    Train      423ms  62%    entropy           2.787  │
│  SPS             239.0K      Misc       0ms   0%    total             0.022  │
│  Epoch              485      Forwa…     0ms   0%    old_kl            0.013  │
│  Uptime     0d 0h 1m 6s                             kl                0.013  │
│  Remaini…  0d 0h 2m 22s                             clipfrac          0.331  │
│                                                     bc                0.000  │
│                                                                              │
│  User Stats                    Value    User Stats                    Value  │
│  episode_return                4.245    damage_dealt                448.803  │
│  damage_received             135.424    episode_length              106.851  │
│  wins                          0.000    wave                         68.000  │
│  idle_ticks                    1.470    brews_used                    5.900  │
│  blood_healed                  0.000    prayer_correct_rate           0.518  │
│  unavoidable_off_praye…        0.014    brews_remaining               6.100  │
│  restores_remaining           10.141    prayer_at_death              90.662  │
│  current_ranged               92.536    current_magic                83.398  │
│  behind_shield_pct             0.294    zuk_hp_remaining            755.589  │
│  min_zuk_hp_seen             755.695    hp_restored                   0.022  │
│  zuk_healer_damage             0.000    deaths_to_jad                 0.005  │
│  episode_return_normal         2.080    wins_normal                   0.000  │
│  min_zuk_hp_normal           989.018    score_normal                  0.176  │
│  zuk_objective_normal          0.176    phase_reached_normal          0.204  │
│  death_tick_normal            54.394    frac_min_hp_le_300_no…        0.000  │
╰──────────────────────────────────────────────────────────────────────────────╯

[0;0H╭──────────────────────────────────────────────────────────────────────────────╮
│  PufferLib 4.0   🐡               GPU: 0%      VRAM: 0.4/18G      RAM: 0.9G  │
│                                                                              │
│  Summary          Value    Evaluate   253ms  37%    Losses            Value  │
│  Env       osrs_inferno      GPU      209ms  30%    policy            0.020  │
│  Params          752.1K      Env       43ms   6%    value             0.044  │
│  Steps            16.1M    Train      424ms  62%    entropy           2.801  │
│  SPS             239.5K      Misc       0ms   0%    total             0.038  │
│  Epoch              490      Forwa…     0ms   0%    old_kl            0.016  │
│  Uptime     0d 0h 1m 7s                             kl                0.015  │
│  Remaini…  0d 0h 2m 21s                             clipfrac          0.330  │
│                                                     bc                0.000  │
│                                                                              │
│  User Stats                    Value    User Stats                    Value  │
│  episode_return                4.193    damage_dealt                442.478  │
│  damage_received             134.250    episode_length              104.609  │
│  wins                          0.000    wave                         68.000  │
│  idle_ticks                    1.406    brews_used                    5.988  │
│  blood_healed                  0.000    prayer_correct_rate           0.509  │
│  unavoidable_off_praye…        0.014    brews_remaining               6.012  │
│  restores_remaining           10.114    prayer_at_death              90.789  │
│  current_ranged               91.736    current_magic                82.565  │
│  behind_shield_pct             0.287    zuk_hp_remaining            761.617  │
│  min_zuk_hp_seen             761.636    hp_restored                   0.050  │
│  zuk_healer_damage             0.002    deaths_to_jad                 0.001  │
│  episode_return_normal         2.158    wins_normal                   0.000  │
│  min_zuk_hp_normal           980.873    score_normal                  0.183  │
│  zuk_objective_normal          0.183    phase_reached_normal          0.236  │
│  death_tick_normal            55.553    frac_min_hp_le_300_no…        0.000  │
╰──────────────────────────────────────────────────────────────────────────────╯

[0;0H╭──────────────────────────────────────────────────────────────────────────────╮
│  PufferLib 4.0  🐡                GPU: 0%      VRAM: 0.4/18G      RAM: 0.9G  │
│                                                                              │
│  Summary          Value    Evaluate   257ms  37%    Losses            Value  │
│  Env       osrs_inferno      GPU      213ms  31%    policy            0.025  │
│  Params          752.1K      Env       43ms   6%    value             0.039  │
│  Steps            16.2M    Train      426ms  62%    entropy           2.614  │
│  SPS             237.4K      Misc       0ms   0%    total             0.040  │
│  Epoch              495      Forwa…     0ms   0%    old_kl            0.018  │
│  Uptime     0d 0h 1m 8s                             kl                0.015  │
│  Remaini…  0d 0h 2m 22s                             clipfrac          0.326  │
│                                                     bc                0.000  │
│                                                                              │
│  User Stats                    Value    User Stats                    Value  │
│  episode_return                4.406    damage_dealt                465.314  │
│  damage_received             139.090    episode_length              109.689  │
│  wins                          0.000    wave                         68.000  │
│  idle_ticks                    1.497    brews_used                    6.341  │
│  blood_healed                  0.000    prayer_correct_rate           0.517  │
│  unavoidable_off_praye…        0.013    brews_remaining               5.659  │
│  restores_remaining            9.977    prayer_at_death              91.484  │
│  current_ranged               90.798    current_magic                82.479  │
│  behind_shield_pct             0.296    zuk_hp_remaining            739.114  │
│  min_zuk_hp_seen             739.173    hp_restored                   0.021  │
│  zuk_healer_damage             0.000    deaths_to_jad                 0.001  │
│  episode_return_normal         2.215    wins_normal                   0.000  │
│  min_zuk_hp_normal           975.484    score_normal                  0.187  │
│  zuk_objective_normal          0.187    phase_reached_normal          0.238  │
│  death_tick_normal            56.247    frac_min_hp_le_300_no…        0.000  │
╰──────────────────────────────────────────────────────────────────────────────╯

[0;0H╭──────────────────────────────────────────────────────────────────────────────╮
│  PufferLib 4.0 🐡                 GPU: 0%      VRAM: 0.4/18G      RAM: 0.9G  │
│                                                                              │
│  Summary          Value    Evaluate   256ms  37%    Losses            Value  │
│  Env       osrs_inferno      GPU      213ms  31%    policy           -0.006  │
│  Params          752.1K      Env       43ms   6%    value             0.047  │
│  Steps            16.4M    Train      424ms  62%    entropy           2.652  │
│  SPS             238.4K      Misc       0ms   0%    total             0.014  │
│  Epoch              500      Forwa…     0ms   0%    old_kl            0.017  │
│  Uptime     0d 0h 1m 8s                             kl                0.017  │
│  Remaini…  0d 0h 2m 21s                             clipfrac          0.330  │
│                                                     bc                0.000  │
│                                                                              │
│  User Stats                    Value    User Stats                    Value  │
│  episode_return                4.355    damage_dealt                460.221  │
│  damage_received             138.725    episode_length              109.278  │
│  wins                          0.000    wave                         68.000  │
│  idle_ticks                    1.583    brews_used                    6.386  │
│  blood_healed                  0.000    prayer_correct_rate           0.519  │
│  unavoidable_off_praye…        0.013    brews_remaining               5.614  │
│  restores_remaining            9.912    prayer_at_death              91.712  │
│  current_ranged               91.240    current_magic                83.344  │
│  behind_shield_pct             0.290    zuk_hp_remaining            743.870  │
│  min_zuk_hp_seen             744.146    hp_restored                   0.027  │
│  zuk_healer_damage             0.002    deaths_to_jad                 0.000  │
│  episode_return_normal         2.215    wins_normal                   0.000  │
│  min_zuk_hp_normal           974.662    score_normal                  0.188  │
│  zuk_objective_normal          0.188    phase_reached_normal          0.237  │
│  death_tick_normal            57.051    frac_min_hp_le_300_no…        0.000  │
╰──────────────────────────────────────────────────────────────────────────────╯

[0;0H╭──────────────────────────────────────────────────────────────────────────────╮
│  PufferLib 4.0          🐡        GPU: 0%      VRAM: 0.4/18G      RAM: 0.9G  │
│                                                                              │
│  Summary          Value    Evaluate   254ms  37%    Losses            Value  │
│  Env       osrs_inferno      GPU      210ms  31%    policy            0.006  │
│  Params          752.1K      Env       43ms   6%    value             0.042  │
│  Steps            16.5M    Train      422ms  62%    entropy           2.571  │
│  SPS             239.8K      Misc       0ms   0%    total             0.023  │
│  Epoch              505      Forwa…     0ms   0%    old_kl            0.017  │
│  Uptime     0d 0h 1m 9s                             kl                0.016  │
│  Remaini…  0d 0h 2m 19s                             clipfrac          0.330  │
│                                                     bc                0.000  │
│                                                                              │
│  User Stats                    Value    User Stats                    Value  │
│  episode_return                4.307    damage_dealt                454.967  │
│  damage_received             137.921    episode_length              107.778  │
│  wins                          0.000    wave                         68.000  │
│  idle_ticks                    1.570    brews_used                    6.346  │
│  blood_healed                  0.000    prayer_correct_rate           0.519  │
│  unavoidable_off_praye…        0.010    brews_remaining               5.654  │
│  restores_remaining            9.887    prayer_at_death              91.746  │
│  current_ranged               91.690    current_magic                83.703  │
│  behind_shield_pct             0.289    zuk_hp_remaining            749.133  │
│  min_zuk_hp_seen             749.431    hp_restored                   0.103  │
│  zuk_healer_damage             0.004    deaths_to_jad                 0.001  │
│  episode_return_normal         2.229    wins_normal                   0.000  │
│  min_zuk_hp_normal           973.831    score_normal                  0.188  │
│  zuk_objective_normal          0.188    phase_reached_normal          0.242  │
│  death_tick_normal            56.438    frac_min_hp_le_300_no…        0.000  │
╰──────────────────────────────────────────────────────────────────────────────╯

[0;0H╭──────────────────────────────────────────────────────────────────────────────╮
│  PufferLib 4.0         🐡         GPU: 0%      VRAM: 0.4/18G      RAM: 0.9G  │
│                                                                              │
│  Summary          Value    Evaluate   253ms  37%    Losses            Value  │
│  Env       osrs_inferno      GPU      210ms  30%    policy            0.006  │
│  Params          752.1K      Env       43ms   6%    value             0.048  │
│  Steps            16.7M    Train      424ms  62%    entropy           2.502  │
│  SPS             239.2K      Misc       0ms   0%    total             0.026  │
│  Epoch              510      Forwa…     0ms   0%    old_kl            0.017  │
│  Uptime    0d 0h 1m 10s                             kl                0.016  │
│  Remaini…  0d 0h 2m 19s                             clipfrac          0.322  │
│                                                     bc                0.000  │
│                                                                              │
│  User Stats                    Value    User Stats                    Value  │
│  episode_return                4.375    damage_dealt                462.253  │
│  damage_received             137.519    episode_length              109.027  │
│  wins                          0.000    wave                         68.000  │
│  idle_ticks                    1.480    brews_used                    6.314  │
│  blood_healed                  0.002    prayer_correct_rate           0.519  │
│  unavoidable_off_praye…        0.013    brews_remaining               5.686  │
│  restores_remaining            9.852    prayer_at_death              91.390  │
│  current_ranged               92.293    current_magic                84.111  │
│  behind_shield_pct             0.296    zuk_hp_remaining            741.930  │
│  min_zuk_hp_seen             742.229    hp_restored                   0.000  │
│  zuk_healer_damage             0.000    deaths_to_jad                 0.001  │
│  episode_return_normal         2.288    wins_normal                   0.000  │
│  min_zuk_hp_normal           967.827    score_normal                  0.193  │
│  zuk_objective_normal          0.193    phase_reached_normal          0.274  │
│  death_tick_normal            57.015    frac_min_hp_le_300_no…        0.000  │
╰──────────────────────────────────────────────────────────────────────────────╯

[0;0H╭──────────────────────────────────────────────────────────────────────────────╮
│  PufferLib 4.0        🐡          GPU: 0%      VRAM: 0.4/18G      RAM: 0.9G  │
│                                                                              │
│  Summary          Value    Evaluate   255ms  37%    Losses            Value  │
│  Env       osrs_inferno      GPU      211ms  31%    policy            0.025  │
│  Params          752.1K      Env       43ms   6%    value             0.045  │
│  Steps            16.9M    Train      424ms  62%    entropy           2.527  │
│  SPS             238.7K      Misc       0ms   0%    total             0.044  │
│  Epoch              515      Forwa…     0ms   0%    old_kl            0.020  │
│  Uptime    0d 0h 1m 10s                             kl                0.019  │
│  Remaini…  0d 0h 2m 18s                             clipfrac          0.326  │
│                                                     bc                0.000  │
│                                                                              │
│  User Stats                    Value    User Stats                    Value  │
│  episode_return                4.214    damage_dealt                444.958  │
│  damage_received             134.532    episode_length              105.501  │
│  wins                          0.000    wave                         68.000  │
│  idle_ticks                    1.450    brews_used                    6.076  │
│  blood_healed                  0.000    prayer_correct_rate           0.513  │
│  unavoidable_off_praye…        0.013    brews_remaining               5.924  │
│  restores_remaining            9.950    prayer_at_death              91.268  │
│  current_ranged               92.568    current_magic                84.089  │
│  behind_shield_pct             0.290    zuk_hp_remaining            759.169  │
│  min_zuk_hp_seen             759.296    hp_restored                   0.052  │
│  zuk_healer_damage             0.002    deaths_to_jad                 0.000  │
│  episode_return_normal         2.238    wins_normal                   0.000  │
│  min_zuk_hp_normal           973.160    score_normal                  0.189  │
│  zuk_objective_normal          0.189    phase_reached_normal          0.277  │
│  death_tick_normal            56.206    frac_min_hp_le_300_no…        0.000  │
╰──────────────────────────────────────────────────────────────────────────────╯

[0;0H╭──────────────────────────────────────────────────────────────────────────────╮
│  PufferLib 4.0       🐡           GPU: 0%      VRAM: 0.4/18G      RAM: 0.9G  │
│                                                                              │
│  Summary          Value    Evaluate   258ms  37%    Losses            Value  │
│  Env       osrs_inferno      GPU      214ms  31%    policy           -0.009  │
│  Params          752.1K      Env       44ms   6%    value             0.040  │
│  Steps            17.0M    Train      426ms  62%    entropy           2.479  │
│  SPS             237.1K      Misc       0ms   0%    total             0.007  │
│  Epoch              520      Forwa…     0ms   0%    old_kl            0.018  │
│  Uptime    0d 0h 1m 11s                             kl                0.017  │
│  Remaini…  0d 0h 2m 18s                             clipfrac          0.330  │
│                                                     bc                0.000  │
│                                                                              │
│  User Stats                    Value    User Stats                    Value  │
│  episode_return                4.299    damage_dealt                454.173  │
│  damage_received             136.825    episode_length              108.033  │
│  wins                          0.000    wave                         68.000  │
│  idle_ticks                    1.522    brews_used                    6.344  │
│  blood_healed                  0.000    prayer_correct_rate           0.511  │
│  unavoidable_off_praye…        0.010    brews_remaining               5.656  │
│  restores_remaining            9.877    prayer_at_death              91.313  │
│  current_ranged               91.375    current_magic                83.081  │
│  behind_shield_pct             0.292    zuk_hp_remaining            750.095  │
│  min_zuk_hp_seen             750.299    hp_restored                   0.000  │
│  zuk_healer_damage             0.000    deaths_to_jad                 0.000  │
│  episode_return_normal         2.296    wins_normal                   0.000  │
│  min_zuk_hp_normal           967.005    score_normal                  0.194  │
│  zuk_objective_normal          0.194    phase_reached_normal          0.279  │
│  death_tick_normal            58.183    frac_min_hp_le_300_no…        0.000  │
╰──────────────────────────────────────────────────────────────────────────────╯

[0;0H╭──────────────────────────────────────────────────────────────────────────────╮
│  PufferLib 4.0      🐡            GPU: 0%      VRAM: 0.4/18G      RAM: 0.9G  │
│                                                                              │
│  Summary          Value    Evaluate   255ms  37%    Losses            Value  │
│  Env       osrs_inferno      GPU      211ms  31%    policy            0.011  │
│  Params          752.1K      Env       43ms   6%    value             0.046  │
│  Steps            17.2M    Train      425ms  62%    entropy           2.438  │
│  SPS             238.3K      Misc       0ms   0%    total             0.030  │
│  Epoch              525      Forwa…     0ms   0%    old_kl            0.016  │
│  Uptime    0d 0h 1m 12s                             kl                0.016  │
│  Remaini…  0d 0h 2m 17s                             clipfrac          0.328  │
│                                                     bc                0.000  │
│                                                                              │
│  User Stats                    Value    User Stats                    Value  │
│  episode_return                4.264    damage_dealt                449.586  │
│  damage_received             137.483    episode_length              105.528  │
│  wins                          0.000    wave                         68.000  │
│  idle_ticks                    1.428    brews_used                    6.356  │
│  blood_healed                  0.000    prayer_correct_rate           0.502  │
│  unavoidable_off_praye…        0.010    brews_remaining               5.644  │
│  restores_remaining            9.891    prayer_at_death              91.375  │
│  current_ranged               90.988    current_magic                82.734  │
│  behind_shield_pct             0.289    zuk_hp_remaining            754.448  │
│  min_zuk_hp_seen             754.601    hp_restored                   0.000  │
│  zuk_healer_damage             0.000    deaths_to_jad                 0.000  │
│  episode_return_normal         2.381    wins_normal                   0.000  │
│  min_zuk_hp_normal           958.515    score_normal                  0.201  │
│  zuk_objective_normal          0.201    phase_reached_normal          0.321  │
│  death_tick_normal            58.652    frac_min_hp_le_300_no…        0.000  │
╰──────────────────────────────────────────────────────────────────────────────╯

[0;0H╭──────────────────────────────────────────────────────────────────────────────╮
│  PufferLib 4.0     🐡             GPU: 0%      VRAM: 0.4/18G      RAM: 0.9G  │
│                                                                              │
│  Summary          Value    Evaluate   258ms  37%    Losses            Value  │
│  Env       osrs_inferno      GPU      214ms  31%    policy            0.012  │
│  Params          752.1K      Env       44ms   6%    value             0.047  │
│  Steps            17.4M    Train      424ms  62%    entropy           2.314  │
│  SPS             237.4K      Misc       0ms   0%    total             0.032  │
│  Epoch              530      Forwa…     0ms   0%    old_kl            0.018  │
│  Uptime    0d 0h 1m 13s                             kl                0.017  │
│  Remaini…  0d 0h 2m 17s                             clipfrac          0.324  │
│                                                     bc                0.000  │
│                                                                              │
│  User Stats                    Value    User Stats                    Value  │
│  episode_return                4.338    damage_dealt                458.093  │
│  damage_received             135.667    episode_length              107.154  │
│  wins                          0.000    wave                         68.000  │
│  idle_ticks                    1.420    brews_used                    6.225  │
│  blood_healed                  0.000    prayer_correct_rate           0.507  │
│  unavoidable_off_praye…        0.013    brews_remaining               5.775  │
│  restores_remaining            9.854    prayer_at_death              92.001  │
│  current_ranged               91.350    current_magic                83.552  │
│  behind_shield_pct             0.293    zuk_hp_remaining            746.055  │
│  min_zuk_hp_seen             746.270    hp_restored                   0.000  │
│  zuk_healer_damage             0.000    deaths_to_jad                 0.000  │
│  episode_return_normal         2.318    wins_normal                   0.000  │
│  min_zuk_hp_normal           964.574    score_normal                  0.196  │
│  zuk_objective_normal          0.196    phase_reached_normal          0.349  │
│  death_tick_normal            58.172    frac_min_hp_le_300_no…        0.000  │
╰──────────────────────────────────────────────────────────────────────────────╯

[0;0H╭──────────────────────────────────────────────────────────────────────────────╮
│  PufferLib 4.0    🐡              GPU: 0%      VRAM: 0.4/18G      RAM: 0.9G  │
│                                                                              │
│  Summary          Value    Evaluate   258ms  37%    Losses            Value  │
│  Env       osrs_inferno      GPU      214ms  31%    policy            0.001  │
│  Params          752.1K      Env       43ms   6%    value             0.129  │
│  Steps            17.5M    Train      423ms  62%    entropy           2.309  │
│  SPS             237.8K      Misc       0ms   0%    total             0.062  │
│  Epoch              535      Forwa…     0ms   0%    old_kl            0.020  │
│  Uptime    0d 0h 1m 13s                             kl                0.018  │
│  Remaini…  0d 0h 2m 16s                             clipfrac          0.330  │
│                                                     bc                0.000  │
│                                                                              │
│  User Stats                    Value    User Stats                    Value  │
│  episode_return                4.348    damage_dealt                460.088  │
│  damage_received             134.672    episode_length              107.094  │
│  wins                          0.000    wave                         68.000  │
│  idle_ticks                    1.435    brews_used                    6.223  │
│  blood_healed                  0.000    prayer_correct_rate           0.511  │
│  unavoidable_off_praye…        0.011    brews_remaining               5.777  │
│  restores_remaining            9.857    prayer_at_death              91.974  │
│  current_ranged               92.163    current_magic                84.218  │
│  behind_shield_pct             0.292    zuk_hp_remaining            744.235  │
│  min_zuk_hp_seen             744.376    hp_restored                   0.000  │
│  zuk_healer_damage             0.000    deaths_to_jad                 0.001  │
│  episode_return_normal         2.307    wins_normal                   0.000  │
│  min_zuk_hp_normal           964.412    score_normal                  0.196  │
│  zuk_objective_normal          0.196    phase_reached_normal          0.365  │
│  death_tick_normal            58.004    frac_min_hp_le_300_no…        0.000  │
╰──────────────────────────────────────────────────────────────────────────────╯

[0;0H╭──────────────────────────────────────────────────────────────────────────────╮
│  PufferLib 4.0   🐡               GPU: 0%      VRAM: 0.4/18G      RAM: 0.9G  │
│                                                                              │
│  Summary          Value    Evaluate   256ms  37%    Losses            Value  │
│  Env       osrs_inferno      GPU      212ms  31%    policy            0.006  │
│  Params          752.1K      Env       44ms   6%    value             0.045  │
│  Steps            17.7M    Train      423ms  62%    entropy           2.317  │
│  SPS             238.5K      Misc       0ms   0%    total             0.025  │
│  Epoch              540      Forwa…     0ms   0%    old_kl            0.019  │
│  Uptime    0d 0h 1m 14s                             kl                0.021  │
│  Remaini…  0d 0h 2m 15s                             clipfrac          0.333  │
│                                                     bc                0.000  │
│                                                                              │
│  User Stats                    Value    User Stats                    Value  │
│  episode_return                4.346    damage_dealt                460.006  │
│  damage_received             137.304    episode_length              107.466  │
│  wins                          0.000    wave                         68.000  │
│  idle_ticks                    1.477    brews_used                    6.365  │
│  blood_healed                  0.000    prayer_correct_rate           0.513  │
│  unavoidable_off_praye…        0.013    brews_remaining               5.635  │
│  restores_remaining            9.779    prayer_at_death              92.518  │
│  current_ranged               92.236    current_magic                84.580  │
│  behind_shield_pct             0.286    zuk_hp_remaining            744.037  │
│  min_zuk_hp_seen             744.422    hp_restored                   0.000  │
│  zuk_healer_damage             0.000    deaths_to_jad                 0.000  │
│  episode_return_normal         2.292    wins_normal                   0.000  │
│  min_zuk_hp_normal           965.462    score_normal                  0.195  │
│  zuk_objective_normal          0.195    phase_reached_normal          0.371  │
│  death_tick_normal            58.617    frac_min_hp_le_300_no…        0.000  │
╰──────────────────────────────────────────────────────────────────────────────╯

[0;0H╭──────────────────────────────────────────────────────────────────────────────╮
│  PufferLib 4.0  🐡                GPU: 0%      VRAM: 0.4/18G      RAM: 0.9G  │
│                                                                              │
│  Summary          Value    Evaluate   256ms  37%    Losses            Value  │
│  Env       osrs_inferno      GPU      213ms  31%    policy            0.024  │
│  Params          752.1K      Env       43ms   6%    value             0.045  │
│  Steps            17.9M    Train      425ms  62%    entropy           2.295  │
│  SPS             237.8K      Misc       0ms   0%    total             0.043  │
│  Epoch              545      Forwa…     0ms   0%    old_kl            0.020  │
│  Uptime    0d 0h 1m 15s                             kl                0.018  │
│  Remaini…  0d 0h 2m 15s                             clipfrac          0.325  │
│                                                     bc                0.000  │
│                                                                              │
│  User Stats                    Value    User Stats                    Value  │
│  episode_return                4.263    damage_dealt                452.794  │
│  damage_received             137.614    episode_length              107.573  │
│  wins                          0.000    wave                         68.000  │
│  idle_ticks                    1.473    brews_used                    6.464  │
│  blood_healed                  0.000    prayer_correct_rate           0.506  │
│  unavoidable_off_praye…        0.010    brews_remaining               5.536  │
│  restores_remaining            9.770    prayer_at_death              92.638  │
│  current_ranged               91.953    current_magic                84.261  │
│  behind_shield_pct             0.288    zuk_hp_remaining            751.429  │
│  min_zuk_hp_seen             751.671    hp_restored                   0.000  │
│  zuk_healer_damage             0.000    deaths_to_jad                 0.000  │
│  episode_return_normal         2.250    wins_normal                   0.000  │
│  min_zuk_hp_normal           967.995    score_normal                  0.193  │
│  zuk_objective_normal          0.193    phase_reached_normal          0.342  │
│  death_tick_normal            60.229    frac_min_hp_le_300_no…        0.000  │
╰──────────────────────────────────────────────────────────────────────────────╯

[0;0H╭──────────────────────────────────────────────────────────────────────────────╮
│  PufferLib 4.0 🐡                 GPU: 0%      VRAM: 0.4/18G      RAM: 0.9G  │
│                                                                              │
│  Summary          Value    Evaluate   257ms  37%    Losses            Value  │
│  Env       osrs_inferno      GPU      213ms  31%    policy            0.002  │
│  Params          752.1K      Env       43ms   6%    value             0.040  │
│  Steps            18.0M    Train      424ms  62%    entropy           2.293  │
│  SPS             238.2K      Misc       0ms   0%    total             0.019  │
│  Epoch              550      Forwa…     0ms   0%    old_kl            0.020  │
│  Uptime    0d 0h 1m 15s                             kl                0.020  │
│  Remaini…  0d 0h 2m 14s                             clipfrac          0.326  │
│                                                     bc                0.000  │
│                                                                              │
│  User Stats                    Value    User Stats                    Value  │
│  episode_return                4.388    damage_dealt                466.725  │
│  damage_received             138.268    episode_length              110.311  │
│  wins                          0.000    wave                         68.000  │
│  idle_ticks                    1.415    brews_used                    6.596  │
│  blood_healed                  0.000    prayer_correct_rate           0.506  │
│  unavoidable_off_praye…        0.012    brews_remaining               5.404  │
│  restores_remaining            9.751    prayer_at_death              92.366  │
│  current_ranged               90.887    current_magic                83.188  │
│  behind_shield_pct             0.295    zuk_hp_remaining            737.833  │
│  min_zuk_hp_seen             737.934    hp_restored                   0.006  │
│  zuk_healer_damage             0.000    deaths_to_jad                 0.000  │
│  episode_return_normal         2.285    wins_normal                   0.000  │
│  min_zuk_hp_normal           963.672    score_normal                  0.197  │
│  zuk_objective_normal          0.197    phase_reached_normal          0.392  │
│  death_tick_normal            61.217    frac_min_hp_le_300_no…        0.000  │
╰──────────────────────────────────────────────────────────────────────────────╯

[0;0H╭──────────────────────────────────────────────────────────────────────────────╮
│  PufferLib 4.0          🐡        GPU: 0%      VRAM: 0.4/18G      RAM: 0.9G  │
│                                                                              │
│  Summary          Value    Evaluate   256ms  37%    Losses            Value  │
│  Env       osrs_inferno      GPU      213ms  31%    policy            0.007  │
│  Params          752.1K      Env       43ms   6%    value             0.041  │
│  Steps            18.2M    Train      425ms  62%    entropy           2.223  │
│  SPS             237.9K      Misc       0ms   0%    total             0.025  │
│  Epoch              555      Forwa…     0ms   0%    old_kl            0.019  │
│  Uptime    0d 0h 1m 16s                             kl                0.020  │
│  Remaini…  0d 0h 2m 13s                             clipfrac          0.320  │
│                                                     bc                0.000  │
│                                                                              │
│  User Stats                    Value    User Stats                    Value  │
│  episode_return                4.202    damage_dealt                446.479  │
│  damage_received             135.670    episode_length              105.881  │
│  wins                          0.000    wave                         68.000  │
│  idle_ticks                    1.367    brews_used                    6.481  │
│  blood_healed                  0.000    prayer_correct_rate           0.498  │
│  unavoidable_off_praye…        0.012    brews_remaining               5.519  │
│  restores_remaining            9.849    prayer_at_death              92.430  │
│  current_ranged               90.781    current_magic                82.697  │
│  behind_shield_pct             0.283    zuk_hp_remaining            757.586  │
│  min_zuk_hp_seen             757.775    hp_restored                   0.000  │
│  zuk_healer_damage             0.000    deaths_to_jad                 0.001  │
│  episode_return_normal         2.269    wins_normal                   0.000  │
│  min_zuk_hp_normal           965.094    score_normal                  0.196  │
│  zuk_objective_normal          0.196    phase_reached_normal          0.398  │
│  death_tick_normal            60.663    frac_min_hp_le_300_no…        0.000  │
╰──────────────────────────────────────────────────────────────────────────────╯

[0;0H╭──────────────────────────────────────────────────────────────────────────────╮
│  PufferLib 4.0         🐡         GPU: 0%      VRAM: 0.4/18G      RAM: 0.9G  │
│                                                                              │
│  Summary          Value    Evaluate   257ms  37%    Losses            Value  │
│  Env       osrs_inferno      GPU      214ms  31%    policy           -0.001  │
│  Params          752.1K      Env       43ms   6%    value             0.044  │
│  Steps            18.4M    Train      422ms  62%    entropy           2.223  │
│  SPS             227.8K      Misc       0ms   0%    total             0.017  │
│  Epoch              560      Forwa…     0ms   0%    old_kl            0.022  │
│  Uptime    0d 0h 1m 17s                             kl                0.020  │
│  Remaini…  0d 0h 2m 18s                             clipfrac          0.328  │
│                                                     bc                0.000  │
│                                                                              │
│  User Stats                    Value    User Stats                    Value  │
│  episode_return                4.267    damage_dealt                453.147  │
│  damage_received             138.200    episode_length              106.549  │
│  wins                          0.000    wave                         68.000  │
│  idle_ticks                    1.481    brews_used                    6.387  │
│  blood_healed                  0.000    prayer_correct_rate           0.508  │
│  unavoidable_off_praye…        0.016    brews_remaining               5.613  │
│  restores_remaining            9.817    prayer_at_death              92.295  │
│  current_ranged               91.574    current_magic                83.608  │
│  behind_shield_pct             0.286    zuk_hp_remaining            751.005  │
│  min_zuk_hp_seen             751.285    hp_restored                   0.000  │
│  zuk_healer_damage             0.000    deaths_to_jad                 0.002  │
│  episode_return_normal         2.231    wins_normal                   0.000  │
│  min_zuk_hp_normal           969.796    score_normal                  0.192  │
│  zuk_objective_normal          0.192    phase_reached_normal          0.369  │
│  death_tick_normal            57.598    frac_min_hp_le_300_no…        0.000  │
╰──────────────────────────────────────────────────────────────────────────────╯

[0;0H╭──────────────────────────────────────────────────────────────────────────────╮
│  PufferLib 4.0        🐡          GPU: 0%      VRAM: 0.4/18G      RAM: 0.9G  │
│                                                                              │
│  Summary          Value    Evaluate   253ms  37%    Losses            Value  │
│  Env       osrs_inferno      GPU      210ms  31%    policy            0.029  │
│  Params          752.1K      Env       42ms   6%    value             0.051  │
│  Steps            18.5M    Train      424ms  62%    entropy           2.131  │
│  SPS             239.5K      Misc       0ms   0%    total             0.051  │
│  Epoch              565      Forwa…     0ms   0%    old_kl            0.022  │
│  Uptime    0d 0h 1m 17s                             kl                0.022  │
│  Remaini…  0d 0h 2m 11s                             clipfrac          0.321  │
│                                                     bc                0.000  │
│                                                                              │
│  User Stats                    Value    User Stats                    Value  │
│  episode_return                4.221    damage_dealt                447.341  │
│  damage_received             134.750    episode_length              105.728  │
│  wins                          0.000    wave                         68.000  │
│  idle_ticks                    1.599    brews_used                    6.146  │
│  blood_healed                  0.000    prayer_correct_rate           0.517  │
│  unavoidable_off_praye…        0.018    brews_remaining               5.854  │
│  restores_remaining            9.824    prayer_at_death              92.647  │
│  current_ranged               92.842    current_magic                85.613  │
│  behind_shield_pct             0.285    zuk_hp_remaining            756.743  │
│  min_zuk_hp_seen             757.031    hp_restored                   0.000  │
│  zuk_healer_damage             0.000    deaths_to_jad                 0.005  │
│  episode_return_normal         2.061    wins_normal                   0.000  │
│  min_zuk_hp_normal           988.883    score_normal                  0.176  │
│  zuk_objective_normal          0.176    phase_reached_normal          0.309  │
│  death_tick_normal            53.394    frac_min_hp_le_300_no…        0.000  │
╰──────────────────────────────────────────────────────────────────────────────╯

[0;0H╭──────────────────────────────────────────────────────────────────────────────╮
│  PufferLib 4.0       🐡           GPU: 0%      VRAM: 0.4/18G      RAM: 0.9G  │
│                                                                              │
│  Summary          Value    Evaluate   257ms  37%    Losses            Value  │
│  Env       osrs_inferno      GPU      214ms  31%    policy            0.001  │
│  Params          752.1K      Env       43ms   6%    value             0.047  │
│  Steps            18.7M    Train      425ms  62%    entropy           2.037  │
│  SPS             237.3K      Misc       0ms   0%    total             0.022  │
│  Epoch              570      Forwa…     0ms   0%    old_kl            0.020  │
│  Uptime    0d 0h 1m 18s                             kl                0.019  │
│  Remaini…  0d 0h 2m 11s                             clipfrac          0.313  │
│                                                     bc                0.000  │
│                                                                              │
│  User Stats                    Value    User Stats                    Value  │
│  episode_return                4.226    damage_dealt                447.281  │
│  damage_received             133.447    episode_length              104.814  │
│  wins                          0.000    wave                         68.000  │
│  idle_ticks                    1.550    brews_used                    6.067  │
│  blood_healed                  0.000    prayer_correct_rate           0.518  │
│  unavoidable_off_praye…        0.017    brews_remaining               5.933  │
│  restores_remaining            9.896    prayer_at_death              92.066  │
│  current_ranged               92.587    current_magic                84.911  │
│  behind_shield_pct             0.285    zuk_hp_remaining            756.882  │
│  min_zuk_hp_seen             757.112    hp_restored                   0.000  │
│  zuk_healer_damage             0.000    deaths_to_jad                 0.009  │
│  episode_return_normal         2.079    wins_normal                   0.000  │
│  min_zuk_hp_normal           988.073    score_normal                  0.177  │
│  zuk_objective_normal          0.177    phase_reached_normal          0.321  │
│  death_tick_normal            52.125    frac_min_hp_le_300_no…        0.000  │
╰──────────────────────────────────────────────────────────────────────────────╯

[0;0H╭──────────────────────────────────────────────────────────────────────────────╮
│  PufferLib 4.0      🐡            GPU: 0%      VRAM: 0.4/18G      RAM: 0.9G  │
│                                                                              │
│  Summary          Value    Evaluate   259ms  38%    Losses            Value  │
│  Env       osrs_inferno      GPU      215ms  31%    policy            0.003  │
│  Params          752.1K      Env       43ms   6%    value             0.060  │
│  Steps            18.8M    Train      422ms  61%    entropy           2.020  │
│  SPS             237.9K      Misc       0ms   0%    total             0.029  │
│  Epoch              575      Forwa…     0ms   0%    old_kl            0.022  │
│  Uptime    0d 0h 1m 19s                             kl                0.020  │
│  Remaini…  0d 0h 2m 10s                             clipfrac          0.316  │
│                                                     bc                0.000  │
│                                                                              │
│  User Stats                    Value    User Stats                    Value  │
│  episode_return                4.164    damage_dealt                441.185  │
│  damage_received             136.117    episode_length              103.779  │
│  wins                          0.000    wave                         68.000  │
│  idle_ticks                    1.580    brews_used                    6.113  │
│  blood_healed                  0.000    prayer_correct_rate           0.514  │
│  unavoidable_off_praye…        0.014    brews_remaining               5.887  │
│  restores_remaining            9.902    prayer_at_death              92.034  │
│  current_ranged               92.621    current_magic                85.159  │
│  behind_shield_pct             0.277    zuk_hp_remaining            762.915  │
│  min_zuk_hp_seen             763.161    hp_restored                   0.000  │
│  zuk_healer_damage             0.000    deaths_to_jad                 0.013  │
│  episode_return_normal         2.056    wins_normal                   0.000  │
│  min_zuk_hp_normal           989.878    score_normal                  0.175  │
│  zuk_objective_normal          0.175    phase_reached_normal          0.310  │
│  death_tick_normal            51.508    frac_min_hp_le_300_no…        0.000  │
╰──────────────────────────────────────────────────────────────────────────────╯

[0;0H╭──────────────────────────────────────────────────────────────────────────────╮
│  PufferLib 4.0     🐡             GPU: 0%      VRAM: 0.4/18G      RAM: 0.9G  │
│                                                                              │
│  Summary          Value    Evaluate   256ms  37%    Losses            Value  │
│  Env       osrs_inferno      GPU      213ms  31%    policy            0.009  │
│  Params          752.1K      Env       43ms   6%    value             0.051  │
│  Steps            19.0M    Train      425ms  62%    entropy           1.972  │
│  SPS             237.8K      Misc       0ms   0%    total             0.032  │
│  Epoch              580      Forwa…     0ms   0%    old_kl            0.023  │
│  Uptime    0d 0h 1m 19s                             kl                0.022  │
│  Remaini…  0d 0h 2m 10s                             clipfrac          0.312  │
│                                                     bc                0.000  │
│                                                                              │
│  User Stats                    Value    User Stats                    Value  │
│  episode_return                4.093    damage_dealt                433.378  │
│  damage_received             131.158    episode_length              102.711  │
│  wins                          0.000    wave                         68.000  │
│  idle_ticks                    1.577    brews_used                    5.864  │
│  blood_healed                  0.000    prayer_correct_rate           0.521  │
│  unavoidable_off_praye…        0.018    brews_remaining               6.136  │
│  restores_remaining            9.981    prayer_at_death              92.234  │
│  current_ranged               93.750    current_magic                86.119  │
│  behind_shield_pct             0.277    zuk_hp_remaining            770.445  │
│  min_zuk_hp_seen             770.849    hp_restored                   0.000  │
│  zuk_healer_damage             0.000    deaths_to_jad                 0.014  │
│  episode_return_normal         1.936    wins_normal                   0.000  │
│  min_zuk_hp_normal          1002.544    score_normal                  0.165  │
│  zuk_objective_normal          0.165    phase_reached_normal          0.269  │
│  death_tick_normal            49.530    frac_min_hp_le_300_no…        0.000  │
╰──────────────────────────────────────────────────────────────────────────────╯

[0;0H╭──────────────────────────────────────────────────────────────────────────────╮
│  PufferLib 4.0    🐡              GPU: 0%      VRAM: 0.4/18G      RAM: 0.9G  │
│                                                                              │
│  Summary          Value    Evaluate   256ms  37%    Losses            Value  │
│  Env       osrs_inferno      GPU      212ms  31%    policy            0.020  │
│  Params          752.1K      Env       43ms   6%    value             0.052  │
│  Steps            19.2M    Train      423ms  62%    entropy           1.910  │
│  SPS             238.7K      Misc       0ms   0%    total             0.043  │
│  Epoch              585      Forwa…     0ms   0%    old_kl            0.021  │
│  Uptime    0d 0h 1m 20s                             kl                0.019  │
│  Remaini…   0d 0h 2m 9s                             clipfrac          0.305  │
│                                                     bc                0.000  │
│                                                                              │
│  User Stats                    Value    User Stats                    Value  │
│  episode_return                4.128    damage_dealt                436.694  │
│  damage_received             136.112    episode_length              102.592  │
│  wins                          0.000    wave                         68.000  │
│  idle_ticks                    1.579    brews_used                    6.074  │
│  blood_healed                  0.000    prayer_correct_rate           0.515  │
│  unavoidable_off_praye…        0.014    brews_remaining               5.926  │
│  restores_remaining            9.890    prayer_at_death              92.361  │
│  current_ranged               93.232    current_magic                85.683  │
│  behind_shield_pct             0.271    zuk_hp_remaining            767.222  │
│  min_zuk_hp_seen             767.439    hp_restored                   0.000  │
│  zuk_healer_damage             0.000    deaths_to_jad                 0.014  │
│  episode_return_normal         2.045    wins_normal                   0.000  │
│  min_zuk_hp_normal           991.075    score_normal                  0.174  │
│  zuk_objective_normal          0.174    phase_reached_normal          0.296  │
│  death_tick_normal            51.687    frac_min_hp_le_300_no…        0.000  │
╰──────────────────────────────────────────────────────────────────────────────╯

[0;0H╭──────────────────────────────────────────────────────────────────────────────╮
│  PufferLib 4.0   🐡               GPU: 0%      VRAM: 0.4/18G      RAM: 0.9G  │
│                                                                              │
│  Summary          Value    Evaluate   255ms  37%    Losses            Value  │
│  Env       osrs_inferno      GPU      211ms  31%    policy            0.008  │
│  Params          752.1K      Env       43ms   6%    value             0.048  │
│  Steps            19.3M    Train      425ms  62%    entropy           1.885  │
│  SPS             238.3K      Misc       0ms   0%    total             0.029  │
│  Epoch              590      Forwa…     0ms   0%    old_kl            0.020  │
│  Uptime    0d 0h 1m 21s                             kl                0.018  │
│  Remaini…   0d 0h 2m 8s                             clipfrac          0.304  │
│                                                     bc                0.000  │
│                                                                              │
│  User Stats                    Value    User Stats                    Value  │
│  episode_return                4.375    damage_dealt                463.027  │
│  damage_received             138.290    episode_length              107.710  │
│  wins                          0.000    wave                         68.000  │
│  idle_ticks                    1.598    brews_used                    6.138  │
│  blood_healed                  0.000    prayer_correct_rate           0.526  │
│  unavoidable_off_praye…        0.019    brews_remaining               5.862  │
│  restores_remaining            9.864    prayer_at_death              92.280  │
│  current_ranged               93.330    current_magic                85.763  │
│  behind_shield_pct             0.292    zuk_hp_remaining            741.164  │
│  min_zuk_hp_seen             741.556    hp_restored                   0.000  │
│  zuk_healer_damage             0.000    deaths_to_jad                 0.017  │
│  episode_return_normal         2.038    wins_normal                   0.000  │
│  min_zuk_hp_normal           992.730    score_normal                  0.173  │
│  zuk_objective_normal          0.173    phase_reached_normal          0.287  │
│  death_tick_normal            50.721    frac_min_hp_le_300_no…        0.000  │
╰──────────────────────────────────────────────────────────────────────────────╯

[0;0H╭──────────────────────────────────────────────────────────────────────────────╮
│  PufferLib 4.0  🐡                GPU: 0%      VRAM: 0.4/18G      RAM: 0.9G  │
│                                                                              │
│  Summary          Value    Evaluate   255ms  37%    Losses            Value  │
│  Env       osrs_inferno      GPU      212ms  31%    policy            0.035  │
│  Params          752.1K      Env       43ms   6%    value             0.048  │
│  Steps            19.5M    Train      424ms  62%    entropy           1.836  │
│  SPS             238.6K      Misc       0ms   0%    total             0.056  │
│  Epoch              595      Forwa…     0ms   0%    old_kl            0.021  │
│  Uptime    0d 0h 1m 21s                             kl                0.020  │
│  Remaini…   0d 0h 2m 7s                             clipfrac          0.299  │
│                                                     bc                0.000  │
│                                                                              │
│  User Stats                    Value    User Stats                    Value  │
│  episode_return                4.238    damage_dealt                447.956  │
│  damage_received             137.213    episode_length              104.434  │
│  wins                          0.000    wave                         68.000  │
│  idle_ticks                    1.568    brews_used                    6.134  │
│  blood_healed                  0.000    prayer_correct_rate           0.521  │
│  unavoidable_off_praye…        0.017    brews_remaining               5.866  │
│  restores_remaining            9.873    prayer_at_death              92.499  │
│  current_ranged               94.206    current_magic                86.547  │
│  behind_shield_pct             0.279    zuk_hp_remaining            756.388  │
│  min_zuk_hp_seen             756.441    hp_restored                   0.000  │
│  zuk_healer_damage             0.000    deaths_to_jad                 0.021  │
│  episode_return_normal         2.056    wins_normal                   0.000  │
│  min_zuk_hp_normal           990.899    score_normal                  0.174  │
│  zuk_objective_normal          0.174    phase_reached_normal          0.290  │
│  death_tick_normal            50.577    frac_min_hp_le_300_no…        0.000  │
╰──────────────────────────────────────────────────────────────────────────────╯

[0;0H╭──────────────────────────────────────────────────────────────────────────────╮
│  PufferLib 4.0 🐡                 GPU: 0%      VRAM: 0.4/18G      RAM: 0.9G  │
│                                                                              │
│  Summary          Value    Evaluate   256ms  37%    Losses            Value  │
│  Env       osrs_inferno      GPU      213ms  31%    policy            0.013  │
│  Params          752.1K      Env       43ms   6%    value             0.049  │
│  Steps            19.7M    Train      426ms  62%    entropy           1.820  │
│  SPS             237.5K      Misc       0ms   0%    total             0.035  │
│  Epoch              600      Forwa…     0ms   0%    old_kl            0.021  │
│  Uptime    0d 0h 1m 22s                             kl                0.019  │
│  Remaini…   0d 0h 2m 7s                             clipfrac          0.293  │
│                                                     bc                0.000  │
│                                                                              │
│  User Stats                    Value    User Stats                    Value  │
│  episode_return                4.159    damage_dealt                438.751  │
│  damage_received             133.137    episode_length              102.238  │
│  wins                          0.000    wave                         68.000  │
│  idle_ticks                    1.495    brews_used                    5.904  │
│  blood_healed                  0.000    prayer_correct_rate           0.521  │
│  unavoidable_off_praye…        0.015    brews_remaining               6.096  │
│  restores_remaining            9.950    prayer_at_death              92.516  │
│  current_ranged               94.960    current_magic                86.910  │
│  behind_shield_pct             0.280    zuk_hp_remaining            765.224  │
│  min_zuk_hp_seen             765.480    hp_restored                   0.000  │
│  zuk_healer_damage             0.000    deaths_to_jad                 0.016  │
│  episode_return_normal         1.979    wins_normal                   0.000  │
│  min_zuk_hp_normal           999.923    score_normal                  0.167  │
│  zuk_objective_normal          0.167    phase_reached_normal          0.265  │
│  death_tick_normal            48.985    frac_min_hp_le_300_no…        0.000  │
╰──────────────────────────────────────────────────────────────────────────────╯

[0;0H╭──────────────────────────────────────────────────────────────────────────────╮
│  PufferLib 4.0          🐡        GPU: 0%      VRAM: 0.4/18G      RAM: 0.9G  │
│                                                                              │
│  Summary          Value    Evaluate   256ms  37%    Losses            Value  │
│  Env       osrs_inferno      GPU      212ms  31%    policy           -0.000  │
│  Params          752.1K      Env       43ms   6%    value             0.042  │
│  Steps            19.8M    Train      423ms  62%    entropy           1.759  │
│  SPS             238.4K      Misc       0ms   0%    total             0.018  │
│  Epoch              605      Forwa…     0ms   0%    old_kl            0.021  │
│  Uptime    0d 0h 1m 23s                             kl                0.019  │
│  Remaini…   0d 0h 2m 6s                             clipfrac          0.284  │
│                                                     bc                0.000  │
│                                                                              │
│  User Stats                    Value    User Stats                    Value  │
│  episode_return                4.184    damage_dealt                441.346  │
│  damage_received             135.619    episode_length              102.699  │
│  wins                          0.000    wave                         68.000  │
│  idle_ticks                    1.479    brews_used                    6.044  │
│  blood_healed                  0.000    prayer_correct_rate           0.522  │
│  unavoidable_off_praye…        0.015    brews_remaining               5.956  │
│  restores_remaining            9.961    prayer_at_death              92.186  │
│  current_ranged               94.450    current_magic                86.236  │
│  behind_shield_pct             0.283    zuk_hp_remaining            762.491  │
│  min_zuk_hp_seen             762.797    hp_restored                   0.000  │
│  zuk_healer_damage             0.000    deaths_to_jad                 0.004  │
│  episode_return_normal         2.008    wins_normal                   0.000  │
│  min_zuk_hp_normal           996.559    score_normal                  0.170  │
│  zuk_objective_normal          0.170    phase_reached_normal          0.275  │
│  death_tick_normal            50.211    frac_min_hp_le_300_no…        0.000  │
╰──────────────────────────────────────────────────────────────────────────────╯

[0;0H╭──────────────────────────────────────────────────────────────────────────────╮
│  PufferLib 4.0         🐡         GPU: 0%      VRAM: 0.4/18G      RAM: 0.9G  │
│                                                                              │
│  Summary          Value    Evaluate   257ms  37%    Losses            Value  │
│  Env       osrs_inferno      GPU      214ms  31%    policy            0.021  │
│  Params          752.1K      Env       43ms   6%    value             0.054  │
│  Steps            20.0M    Train      425ms  62%    entropy           1.746  │
│  SPS             237.7K      Misc       0ms   0%    total             0.045  │
│  Epoch              610      Forwa…     0ms   0%    old_kl            0.019  │
│  Uptime    0d 0h 1m 24s                             kl                0.018  │
│  Remaini…   0d 0h 2m 6s                             clipfrac          0.288  │
│                                                     bc                0.000  │
│                                                                              │
│  User Stats                    Value    User Stats                    Value  │
│  episode_return                4.260    damage_dealt                449.345  │
│  damage_received             137.722    episode_length              104.099  │
│  wins                          0.000    wave                         68.000  │
│  idle_ticks                    1.418    brews_used                    6.127  │
│  blood_healed                  0.000    prayer_correct_rate           0.517  │
│  unavoidable_off_praye…        0.014    brews_remaining               5.873  │
│  restores_remaining            9.941    prayer_at_death              91.899  │
│  current_ranged               93.909    current_magic                86.006  │
│  behind_shield_pct             0.289    zuk_hp_remaining            754.671  │
│  min_zuk_hp_seen             754.877    hp_restored                   0.000  │
│  zuk_healer_damage             0.000    deaths_to_jad                 0.005  │
│  episode_return_normal         2.106    wins_normal                   0.000  │
│  min_zuk_hp_normal           986.953    score_normal                  0.178  │
│  zuk_objective_normal          0.178    phase_reached_normal          0.296  │
│  death_tick_normal            51.640    frac_min_hp_le_300_no…        0.000  │
╰──────────────────────────────────────────────────────────────────────────────╯

[0;0H╭──────────────────────────────────────────────────────────────────────────────╮
│  PufferLib 4.0        🐡          GPU: 0%      VRAM: 0.4/18G      RAM: 0.9G  │
│                                                                              │
│  Summary          Value    Evaluate   257ms  37%    Losses            Value  │
│  Env       osrs_inferno      GPU      214ms  31%    policy            0.026  │
│  Params          752.1K      Env       43ms   6%    value             0.053  │
│  Steps            20.2M    Train      426ms  62%    entropy           1.624  │
│  SPS             237.0K      Misc       0ms   0%    total             0.051  │
│  Epoch              615      Forwa…     0ms   0%    old_kl            0.017  │
│  Uptime    0d 0h 1m 24s                             kl                0.017  │
│  Remaini…   0d 0h 2m 5s                             clipfrac          0.266  │
│                                                     bc                0.000  │
│                                                                              │
│  User Stats                    Value    User Stats                    Value  │
│  episode_return                4.339    damage_dealt                458.120  │
│  damage_received             137.591    episode_length              105.745  │
│  wins                          0.000    wave                         68.000  │
│  idle_ticks                    1.475    brews_used                    6.124  │
│  blood_healed                  0.000    prayer_correct_rate           0.522  │
│  unavoidable_off_praye…        0.015    brews_remaining               5.876  │
│  restores_remaining            9.940    prayer_at_death              91.954  │
│  current_ranged               94.254    current_magic                86.308  │
│  behind_shield_pct             0.292    zuk_hp_remaining            745.747  │
│  min_zuk_hp_seen             746.198    hp_restored                   0.000  │
│  zuk_healer_damage             0.000    deaths_to_jad                 0.008  │
│  episode_return_normal         2.092    wins_normal                   0.000  │
│  min_zuk_hp_normal           988.187    score_normal                  0.177  │
│  zuk_objective_normal          0.177    phase_reached_normal          0.290  │
│  death_tick_normal            50.994    frac_min_hp_le_300_no…        0.000  │
╰──────────────────────────────────────────────────────────────────────────────╯

[0;0H╭──────────────────────────────────────────────────────────────────────────────╮
│  PufferLib 4.0       🐡           GPU: 0%      VRAM: 0.4/18G      RAM: 0.9G  │
│                                                                              │
│  Summary          Value    Evaluate   255ms  37%    Losses            Value  │
│  Env       osrs_inferno      GPU      211ms  31%    policy            0.009  │
│  Params          752.1K      Env       43ms   6%    value             0.052  │
│  Steps            20.3M    Train      424ms  62%    entropy           1.661  │
│  SPS             238.6K      Misc       0ms   0%    total             0.033  │
│  Epoch              620      Forwa…     0ms   0%    old_kl            0.022  │
│  Uptime    0d 0h 1m 25s                             kl                0.025  │
│  Remaini…   0d 0h 2m 4s                             clipfrac          0.282  │
│                                                     bc                0.000  │
│                                                                              │
│  User Stats                    Value    User Stats                    Value  │
│  episode_return                4.221    damage_dealt                445.659  │
│  damage_received             136.757    episode_length              103.395  │
│  wins                          0.000    wave                         68.000  │
│  idle_ticks                    1.513    brews_used                    6.104  │
│  blood_healed                  0.000    prayer_correct_rate           0.517  │
│  unavoidable_off_praye…        0.014    brews_remaining               5.896  │
│  restores_remaining            9.970    prayer_at_death              91.950  │
│  current_ranged               94.176    current_magic                85.931  │
│  behind_shield_pct             0.289    zuk_hp_remaining            758.051  │
│  min_zuk_hp_seen             758.450    hp_restored                   0.000  │
│  zuk_healer_damage             0.000    deaths_to_jad                 0.004  │
│  episode_return_normal         2.107    wins_normal                   0.000  │
│  min_zuk_hp_normal           986.317    score_normal                  0.178  │
│  zuk_objective_normal          0.178    phase_reached_normal          0.288  │
│  death_tick_normal            51.501    frac_min_hp_le_300_no…        0.000  │
╰──────────────────────────────────────────────────────────────────────────────╯

[0;0H╭──────────────────────────────────────────────────────────────────────────────╮
│  PufferLib 4.0      🐡            GPU: 0%      VRAM: 0.4/18G      RAM: 0.9G  │
│                                                                              │
│  Summary          Value    Evaluate   257ms  37%    Losses            Value  │
│  Env       osrs_inferno      GPU      213ms  31%    policy            0.004  │
│  Params          752.1K      Env       44ms   6%    value             0.049  │
│  Steps            20.5M    Train      425ms  62%    entropy           1.559  │
│  SPS             237.7K      Misc       0ms   0%    total             0.027  │
│  Epoch              625      Forwa…     0ms   0%    old_kl            0.020  │
│  Uptime    0d 0h 1m 26s                             kl                0.018  │
│  Remaini…   0d 0h 2m 4s                             clipfrac          0.277  │
│                                                     bc                0.000  │
│                                                                              │
│  User Stats                    Value    User Stats                    Value  │
│  episode_return                4.363    damage_dealt                460.682  │
│  damage_received             138.480    episode_length              106.264  │
│  wins                          0.000    wave                         68.000  │
│  idle_ticks                    1.612    brews_used                    6.163  │
│  blood_healed                  0.000    prayer_correct_rate           0.526  │
│  unavoidable_off_praye…        0.016    brews_remaining               5.837  │
│  restores_remaining            9.921    prayer_at_death              92.516  │
│  current_ranged               94.780    current_magic                86.539  │
│  behind_shield_pct             0.293    zuk_hp_remaining            743.259  │
│  min_zuk_hp_seen             743.573    hp_restored                   0.000  │
│  zuk_healer_damage             0.000    deaths_to_jad                 0.008  │
│  episode_return_normal         2.097    wins_normal                   0.000  │
│  min_zuk_hp_normal           987.341    score_normal                  0.177  │
│  zuk_objective_normal          0.177    phase_reached_normal          0.275  │
│  death_tick_normal            51.325    frac_min_hp_le_300_no…        0.000  │
╰──────────────────────────────────────────────────────────────────────────────╯

[0;0H╭──────────────────────────────────────────────────────────────────────────────╮
│  PufferLib 4.0     🐡             GPU: 0%      VRAM: 0.4/18G      RAM: 0.9G  │
│                                                                              │
│  Summary          Value    Evaluate   255ms  37%    Losses            Value  │
│  Env       osrs_inferno      GPU      211ms  31%    policy            0.012  │
│  Params          752.1K      Env       43ms   6%    value             0.045  │
│  Steps            20.6M    Train      424ms  62%    entropy           1.568  │
│  SPS             238.6K      Misc       0ms   0%    total             0.032  │
│  Epoch              630      Forwa…     0ms   0%    old_kl            0.019  │
│  Uptime    0d 0h 1m 26s                             kl                0.018  │
│  Remaini…   0d 0h 2m 3s                             clipfrac          0.274  │
│                                                     bc                0.000  │
│                                                                              │
│  User Stats                    Value    User Stats                    Value  │
│  episode_return                4.221    damage_dealt                445.212  │
│  damage_received             135.115    episode_length              102.588  │
│  wins                          0.000    wave                         68.000  │
│  idle_ticks                    1.525    brews_used                    6.032  │
│  blood_healed                  0.000    prayer_correct_rate           0.520  │
│  unavoidable_off_praye…        0.017    brews_remaining               5.968  │
│  restores_remaining            9.949    prayer_at_death              92.459  │
│  current_ranged               95.619    current_magic                87.163  │
│  behind_shield_pct             0.284    zuk_hp_remaining            758.519  │
│  min_zuk_hp_seen             758.781    hp_restored                   0.000  │
│  zuk_healer_damage             0.000    deaths_to_jad                 0.013  │
│  episode_return_normal         2.074    wins_normal                   0.000  │
│  min_zuk_hp_normal           989.621    score_normal                  0.175  │
│  zuk_objective_normal          0.175    phase_reached_normal          0.271  │
│  death_tick_normal            50.249    frac_min_hp_le_300_no…        0.000  │
╰──────────────────────────────────────────────────────────────────────────────╯

[0;0H╭──────────────────────────────────────────────────────────────────────────────╮
│  PufferLib 4.0    🐡              GPU: 0%      VRAM: 0.4/18G      RAM: 0.9G  │
│                                                                              │
│  Summary          Value    Evaluate   258ms  37%    Losses            Value  │
│  Env       osrs_inferno      GPU      214ms  31%    policy            0.008  │
│  Params          752.1K      Env       43ms   6%    value             0.050  │
│  Steps            20.8M    Train      425ms  62%    entropy           1.506  │
│  SPS             237.1K      Misc       0ms   0%    total             0.031  │
│  Epoch              635      Forwa…     0ms   0%    old_kl            0.019  │
│  Uptime    0d 0h 1m 27s                             kl                0.018  │
│  Remaini…   0d 0h 2m 3s                             clipfrac          0.273  │
│                                                     bc                0.000  │
│                                                                              │
│  User Stats                    Value    User Stats                    Value  │
│  episode_return                4.294    damage_dealt                452.982  │
│  damage_received             134.427    episode_length              103.777  │
│  wins                          0.000    wave                         68.000  │
│  idle_ticks                    1.609    brews_used                    6.053  │
│  blood_healed                  0.000    prayer_correct_rate           0.518  │
│  unavoidable_off_praye…        0.018    brews_remaining               5.947  │
│  restores_remaining            9.945    prayer_at_death              92.604  │
│  current_ranged               94.542    current_magic                86.466  │
│  behind_shield_pct             0.285    zuk_hp_remaining            750.798  │
│  min_zuk_hp_seen             751.027    hp_restored                   0.000  │
│  zuk_healer_damage             0.000    deaths_to_jad                 0.027  │
│  episode_return_normal         2.172    wins_normal                   0.000  │
│  min_zuk_hp_normal           980.045    score_normal                  0.183  │
│  zuk_objective_normal          0.183    phase_reached_normal          0.300  │
│  death_tick_normal            51.469    frac_min_hp_le_300_no…        0.000  │
╰──────────────────────────────────────────────────────────────────────────────╯

[0;0H╭──────────────────────────────────────────────────────────────────────────────╮
│  PufferLib 4.0   🐡               GPU: 0%      VRAM: 0.4/18G      RAM: 0.9G  │
│                                                                              │
│  Summary          Value    Evaluate   257ms  37%    Losses            Value  │
│  Env       osrs_inferno      GPU      213ms  31%    policy            0.019  │
│  Params          752.1K      Env       44ms   6%    value             0.052  │
│  Steps            21.0M    Train      424ms  62%    entropy           1.438  │
│  SPS             238.0K      Misc       0ms   0%    total             0.043  │
│  Epoch              640      Forwa…     0ms   0%    old_kl            0.022  │
│  Uptime    0d 0h 1m 28s                             kl                0.020  │
│  Remaini…   0d 0h 2m 1s                             clipfrac          0.275  │
│                                                     bc                0.000  │
│                                                                              │
│  User Stats                    Value    User Stats                    Value  │
│  episode_return                4.275    damage_dealt                451.012  │
│  damage_received             134.694    episode_length              103.752  │
│  wins                          0.000    wave                         68.000  │
│  idle_ticks                    1.545    brews_used                    5.967  │
│  blood_healed                  0.000    prayer_correct_rate           0.517  │
│  unavoidable_off_praye…        0.019    brews_remaining               6.033  │
│  restores_remaining            9.955    prayer_at_death              92.290  │
│  current_ranged               95.620    current_magic                87.230  │
│  behind_shield_pct             0.284    zuk_hp_remaining            752.762  │
│  min_zuk_hp_seen             753.071    hp_restored                   0.000  │
│  zuk_healer_damage             0.000    deaths_to_jad                 0.012  │
│  episode_return_normal         2.100    wins_normal                   0.000  │
│  min_zuk_hp_normal           987.466    score_normal                  0.177  │
│  zuk_objective_normal          0.177    phase_reached_normal          0.281  │
│  death_tick_normal            50.575    frac_min_hp_le_300_no…        0.000  │
╰──────────────────────────────────────────────────────────────────────────────╯

[0;0H╭──────────────────────────────────────────────────────────────────────────────╮
│  PufferLib 4.0  🐡                GPU: 0%      VRAM: 0.4/18G      RAM: 0.9G  │
│                                                                              │
│  Summary          Value    Evaluate   258ms  37%    Losses            Value  │
│  Env       osrs_inferno      GPU      214ms  31%    policy            0.007  │
│  Params          752.1K      Env       43ms   6%    value             0.049  │
│  Steps            21.1M    Train      423ms  62%    entropy           1.406  │
│  SPS             237.9K      Misc       0ms   0%    total             0.029  │
│  Epoch              645      Forwa…     0ms   0%    old_kl            0.020  │
│  Uptime    0d 0h 1m 28s                             kl                0.019  │
│  Remaini…   0d 0h 2m 1s                             clipfrac          0.268  │
│                                                     bc                0.000  │
│                                                                              │
│  User Stats                    Value    User Stats                    Value  │
│  episode_return                4.273    damage_dealt                450.756  │
│  damage_received             136.691    episode_length              103.982  │
│  wins                          0.000    wave                         68.000  │
│  idle_ticks                    1.557    brews_used                    6.022  │
│  blood_healed                  0.000    prayer_correct_rate           0.513  │
│  unavoidable_off_praye…        0.020    brews_remaining               5.978  │
│  restores_remaining            9.920    prayer_at_death              92.239  │
│  current_ranged               95.546    current_magic                87.397  │
│  behind_shield_pct             0.284    zuk_hp_remaining            753.047  │
│  min_zuk_hp_seen             753.276    hp_restored                   0.000  │
│  zuk_healer_damage             0.000    deaths_to_jad                 0.002  │
│  episode_return_normal         2.102    wins_normal                   0.000  │
│  min_zuk_hp_normal           987.115    score_normal                  0.177  │
│  zuk_objective_normal          0.177    phase_reached_normal          0.267  │
│  death_tick_normal            51.130    frac_min_hp_le_300_no…        0.000  │
╰──────────────────────────────────────────────────────────────────────────────╯

[0;0H╭──────────────────────────────────────────────────────────────────────────────╮
│  PufferLib 4.0 🐡                 GPU: 0%      VRAM: 0.4/18G      RAM: 0.9G  │
│                                                                              │
│  Summary          Value    Evaluate   251ms  37%    Losses            Value  │
│  Env       osrs_inferno      GPU      208ms  30%    policy           -0.001  │
│  Params          752.1K      Env       43ms   6%    value             0.054  │
│  Steps            21.3M    Train      427ms  62%    entropy           1.362  │
│  SPS             238.7K      Misc       0ms   0%    total             0.023  │
│  Epoch              650      Forwa…     0ms   0%    old_kl            0.029  │
│  Uptime    0d 0h 1m 29s                             kl                0.027  │
│  Remaini…   0d 0h 2m 0s                             clipfrac          0.256  │
│                                                     bc                0.000  │
│                                                                              │
│  User Stats                    Value    User Stats                    Value  │
│  episode_return                4.134    damage_dealt                436.691  │
│  damage_received             136.634    episode_length              101.320  │
│  wins                          0.000    wave                         68.000  │
│  idle_ticks                    1.464    brews_used                    5.985  │
│  blood_healed                  0.000    prayer_correct_rate           0.509  │
│  unavoidable_off_praye…        0.014    brews_remaining               6.015  │
│  restores_remaining            9.931    prayer_at_death              92.374  │
│  current_ranged               95.935    current_magic                87.686  │
│  behind_shield_pct             0.276    zuk_hp_remaining            767.485  │
│  min_zuk_hp_seen             767.604    hp_restored                   0.000  │
│  zuk_healer_damage             0.000    deaths_to_jad                 0.006  │
│  episode_return_normal         2.056    wins_normal                   0.000  │
│  min_zuk_hp_normal           991.351    score_normal                  0.174  │
│  zuk_objective_normal          0.174    phase_reached_normal          0.238  │
│  death_tick_normal            50.110    frac_min_hp_le_300_no…        0.000  │
╰──────────────────────────────────────────────────────────────────────────────╯

[0;0H╭──────────────────────────────────────────────────────────────────────────────╮
│  PufferLib 4.0          🐡        GPU: 0%      VRAM: 0.4/18G      RAM: 0.9G  │
│                                                                              │
│  Summary          Value    Evaluate   259ms  37%    Losses            Value  │
│  Env       osrs_inferno      GPU      215ms  31%    policy           -0.006  │
│  Params          752.1K      Env       44ms   6%    value             0.057  │
│  Steps            21.5M    Train      424ms  62%    entropy           1.312  │
│  SPS             237.2K      Misc       0ms   0%    total             0.020  │
│  Epoch              655      Forwa…     0ms   0%    old_kl            0.030  │
│  Uptime    0d 0h 1m 30s                             kl                0.028  │
│  Remaini…   0d 0h 2m 0s                             clipfrac          0.261  │
│                                                     bc                0.000  │
│                                                                              │
│  User Stats                    Value    User Stats                    Value  │
│  episode_return                4.309    damage_dealt                455.798  │
│  damage_received             142.330    episode_length              106.091  │
│  wins                          0.000    wave                         68.000  │
│  idle_ticks                    1.630    brews_used                    6.173  │
│  blood_healed                  0.000    prayer_correct_rate           0.524  │
│  unavoidable_off_praye…        0.016    brews_remaining               5.827  │
│  restores_remaining            9.760    prayer_at_death              92.602  │
│  current_ranged               96.450    current_magic                88.931  │
│  behind_shield_pct             0.281    zuk_hp_remaining            748.970  │
│  min_zuk_hp_seen             749.153    hp_restored                   0.000  │
│  zuk_healer_damage             0.000    deaths_to_jad                 0.007  │
│  episode_return_normal         2.042    wins_normal                   0.000  │
│  min_zuk_hp_normal           992.906    score_normal                  0.173  │
│  zuk_objective_normal          0.173    phase_reached_normal          0.232  │
│  death_tick_normal            49.788    frac_min_hp_le_300_no…        0.000  │
╰──────────────────────────────────────────────────────────────────────────────╯

[0;0H╭──────────────────────────────────────────────────────────────────────────────╮
│  PufferLib 4.0         🐡         GPU: 0%      VRAM: 0.4/18G      RAM: 0.9G  │
│                                                                              │
│  Summary          Value    Evaluate   258ms  37%    Losses            Value  │
│  Env       osrs_inferno      GPU      212ms  31%    policy            0.008  │
│  Params          752.1K      Env       45ms   6%    value             0.056  │
│  Steps            21.6M    Train      423ms  62%    entropy           1.277  │
│  SPS             237.9K      Misc       0ms   0%    total             0.034  │
│  Epoch              660      Forwa…     0ms   0%    old_kl            0.028  │
│  Uptime    0d 0h 1m 30s                             kl                0.026  │
│  Remaini…  0d 0h 1m 59s                             clipfrac          0.256  │
│                                                     bc                0.000  │
│                                                                              │
│  User Stats                    Value    User Stats                    Value  │
│  episode_return                4.297    damage_dealt                454.263  │
│  damage_received             142.795    episode_length              104.943  │
│  wins                          0.000    wave                         68.000  │
│  idle_ticks                    1.634    brews_used                    6.204  │
│  blood_healed                  0.000    prayer_correct_rate           0.525  │
│  unavoidable_off_praye…        0.017    brews_remaining               5.796  │
│  restores_remaining            9.797    prayer_at_death              92.459  │
│  current_ranged               96.358    current_magic                88.446  │
│  behind_shield_pct             0.274    zuk_hp_remaining            750.661  │
│  min_zuk_hp_seen             750.879    hp_restored                   0.000  │
│  zuk_healer_damage             0.000    deaths_to_jad                 0.004  │
│  episode_return_normal         2.085    wins_normal                   0.000  │
│  min_zuk_hp_normal           988.445    score_normal                  0.176  │
│  zuk_objective_normal          0.176    phase_reached_normal          0.239  │
│  death_tick_normal            50.220    frac_min_hp_le_300_no…        0.000  │
╰──────────────────────────────────────────────────────────────────────────────╯

[0;0H╭──────────────────────────────────────────────────────────────────────────────╮
│  PufferLib 4.0        🐡          GPU: 0%      VRAM: 0.4/18G      RAM: 0.9G  │
│                                                                              │
│  Summary          Value    Evaluate   260ms  38%    Losses            Value  │
│  Env       osrs_inferno      GPU      213ms  31%    policy            0.014  │
│  Params          752.1K      Env       47ms   6%    value             0.060  │
│  Steps            21.8M    Train      422ms  61%    entropy           1.205  │
│  SPS             237.5K      Misc       0ms   0%    total             0.043  │
│  Epoch              665      Forwa…     0ms   0%    old_kl            0.033  │
│  Uptime    0d 0h 1m 31s                             kl                0.031  │
│  Remaini…  0d 0h 1m 58s                             clipfrac          0.251  │
│                                                     bc                0.000  │
│                                                                              │
│  User Stats                    Value    User Stats                    Value  │
│  episode_return                4.237    damage_dealt                448.186  │
│  damage_received             140.906    episode_length              103.001  │
│  wins                          0.000    wave                         68.000  │
│  idle_ticks                    1.531    brews_used                    6.081  │
│  blood_healed                  0.000    prayer_correct_rate           0.522  │
│  unavoidable_off_praye…        0.018    brews_remaining               5.919  │
│  restores_remaining            9.809    prayer_at_death              92.658  │
│  current_ranged               96.864    current_magic                89.178  │
│  behind_shield_pct             0.274    zuk_hp_remaining            757.276  │
│  min_zuk_hp_seen             757.509    hp_restored                   0.013  │
│  zuk_healer_damage             0.000    deaths_to_jad                 0.007  │
│  episode_return_normal         2.068    wins_normal                   0.000  │
│  min_zuk_hp_normal           990.849    score_normal                  0.174  │
│  zuk_objective_normal          0.174    phase_reached_normal          0.235  │
│  death_tick_normal            49.210    frac_min_hp_le_300_no…        0.000  │
╰──────────────────────────────────────────────────────────────────────────────╯

[0;0H╭──────────────────────────────────────────────────────────────────────────────╮
│  PufferLib 4.0       🐡           GPU: 0%      VRAM: 0.4/18G      RAM: 0.9G  │
│                                                                              │
│  Summary          Value    Evaluate   259ms  38%    Losses            Value  │
│  Env       osrs_inferno      GPU      211ms  31%    policy            0.019  │
│  Params          752.1K      Env       47ms   6%    value             0.054  │
│  Steps            22.0M    Train      421ms  61%    entropy           1.166  │
│  SPS             238.4K      Misc       0ms   0%    total             0.044  │
│  Epoch              670      Forwa…     0ms   0%    old_kl            0.028  │
│  Uptime    0d 0h 1m 32s                             kl                0.025  │
│  Remaini…  0d 0h 1m 57s                             clipfrac          0.247  │
│                                                     bc                0.000  │
│                                                                              │
│  User Stats                    Value    User Stats                    Value  │
│  episode_return                4.298    damage_dealt                455.136  │
│  damage_received             141.592    episode_length              104.877  │
│  wins                          0.000    wave                         68.000  │
│  idle_ticks                    1.560    brews_used                    6.101  │
│  blood_healed                  0.000    prayer_correct_rate           0.529  │
│  unavoidable_off_praye…        0.020    brews_remaining               5.899  │
│  restores_remaining            9.792    prayer_at_death              92.256  │
│  current_ranged               97.277    current_magic                89.386  │
│  behind_shield_pct             0.277    zuk_hp_remaining            750.584  │
│  min_zuk_hp_seen             750.755    hp_restored                   0.000  │
│  zuk_healer_damage             0.000    deaths_to_jad                 0.008  │
│  episode_return_normal         1.972    wins_normal                   0.000  │
│  min_zuk_hp_normal          1000.634    score_normal                  0.166  │
│  zuk_objective_normal          0.166    phase_reached_normal          0.217  │
│  death_tick_normal            47.832    frac_min_hp_le_300_no…        0.000  │
╰──────────────────────────────────────────────────────────────────────────────╯

[0;0H╭──────────────────────────────────────────────────────────────────────────────╮
│  PufferLib 4.0      🐡            GPU: 0%      VRAM: 0.4/18G      RAM: 0.9G  │
│                                                                              │
│  Summary          Value    Evaluate   259ms  38%    Losses            Value  │
│  Env       osrs_inferno      GPU      212ms  31%    policy           -0.004  │
│  Params          752.1K      Env       47ms   6%    value             0.050  │
│  Steps            22.1M    Train      421ms  61%    entropy           1.149  │
│  SPS             238.2K      Misc       0ms   0%    total             0.020  │
│  Epoch              675      Forwa…     0ms   0%    old_kl            0.026  │
│  Uptime    0d 0h 1m 33s                             kl                0.025  │
│  Remaini…  0d 0h 1m 57s                             clipfrac          0.241  │
│                                                     bc                0.000  │
│                                                                              │
│  User Stats                    Value    User Stats                    Value  │
│  episode_return                4.211    damage_dealt                445.265  │
│  damage_received             138.688    episode_length              103.194  │
│  wins                          0.000    wave                         68.000  │
│  idle_ticks                    1.532    brews_used                    6.030  │
│  blood_healed                  0.000    prayer_correct_rate           0.524  │
│  unavoidable_off_praye…        0.021    brews_remaining               5.970  │
│  restores_remaining            9.799    prayer_at_death              92.408  │
│  current_ranged               97.339    current_magic                89.511  │
│  behind_shield_pct             0.277    zuk_hp_remaining            759.514  │
│  min_zuk_hp_seen             759.822    hp_restored                   0.000  │
│  zuk_healer_damage             0.000    deaths_to_jad                 0.009  │
│  episode_return_normal         2.012    wins_normal                   0.000  │
│  min_zuk_hp_normal           996.257    score_normal                  0.170  │
│  zuk_objective_normal          0.170    phase_reached_normal          0.233  │
│  death_tick_normal            48.801    frac_min_hp_le_300_no…        0.000  │
╰──────────────────────────────────────────────────────────────────────────────╯

[0;0H╭──────────────────────────────────────────────────────────────────────────────╮
│  PufferLib 4.0     🐡             GPU: 0%      VRAM: 0.4/18G      RAM: 0.9G  │
│                                                                              │
│  Summary          Value    Evaluate   262ms  38%    Losses            Value  │
│  Env       osrs_inferno      GPU      215ms  31%    policy            0.019  │
│  Params          752.1K      Env       47ms   6%    value             0.059  │
│  Steps            22.3M    Train      421ms  61%    entropy           1.110  │
│  SPS             237.0K      Misc       0ms   0%    total             0.047  │
│  Epoch              680      Forwa…     0ms   0%    old_kl            0.028  │
│  Uptime    0d 0h 1m 33s                             kl                0.025  │
│  Remaini…  0d 0h 1m 56s                             clipfrac          0.237  │
│                                                     bc                0.000  │
│                                                                              │
│  User Stats                    Value    User Stats                    Value  │
│  episode_return                4.182    damage_dealt                442.535  │
│  damage_received             136.468    episode_length              103.256  │
│  wins                          0.000    wave                         68.000  │
│  idle_ticks                    1.469    brews_used                    5.915  │
│  blood_healed                  0.000    prayer_correct_rate           0.525  │
│  unavoidable_off_praye…        0.021    brews_remaining               6.085  │
│  restores_remaining            9.821    prayer_at_death              92.424  │
│  current_ranged               96.744    current_magic                89.130  │
│  behind_shield_pct             0.280    zuk_hp_remaining            762.479  │
│  min_zuk_hp_seen             762.581    hp_restored                   0.000  │
│  zuk_healer_damage             0.000    deaths_to_jad                 0.005  │
│  episode_return_normal         1.979    wins_normal                   0.000  │
│  min_zuk_hp_normal           999.578    score_normal                  0.167  │
│  zuk_objective_normal          0.167    phase_reached_normal          0.226  │
│  death_tick_normal            48.858    frac_min_hp_le_300_no…        0.000  │
╰──────────────────────────────────────────────────────────────────────────────╯

[0;0H╭──────────────────────────────────────────────────────────────────────────────╮
│  PufferLib 4.0    🐡              GPU: 0%      VRAM: 0.4/18G      RAM: 0.9G  │
│                                                                              │
│  Summary          Value    Evaluate   259ms  38%    Losses            Value  │
│  Env       osrs_inferno      GPU      212ms  31%    policy            0.018  │
│  Params          752.1K      Env       46ms   6%    value             0.055  │
│  Steps            22.4M    Train      420ms  61%    entropy           1.142  │
│  SPS             238.5K      Misc       0ms   0%    total             0.043  │
│  Epoch              685      Forwa…     0ms   0%    old_kl            0.029  │
│  Uptime    0d 0h 1m 34s                             kl                0.027  │
│  Remaini…  0d 0h 1m 55s                             clipfrac          0.240  │
│                                                     bc                0.000  │
│                                                                              │
│  User Stats                    Value    User Stats                    Value  │
│  episode_return                4.098    damage_dealt                432.634  │
│  damage_received             134.453    episode_length              100.132  │
│  wins                          0.000    wave                         68.000  │
│  idle_ticks                    1.421    brews_used                    5.800  │
│  blood_healed                  0.000    prayer_correct_rate           0.522  │
│  unavoidable_off_praye…        0.022    brews_remaining               6.200  │
│  restores_remaining            9.891    prayer_at_death              92.538  │
│  current_ranged               96.827    current_magic                89.186  │
│  behind_shield_pct             0.275    zuk_hp_remaining            772.123  │
│  min_zuk_hp_seen             772.264    hp_restored                   0.000  │
│  zuk_healer_damage             0.000    deaths_to_jad                 0.004  │
│  episode_return_normal         1.991    wins_normal                   0.000  │
│  min_zuk_hp_normal           998.781    score_normal                  0.168  │
│  zuk_objective_normal          0.168    phase_reached_normal          0.226  │
│  death_tick_normal            48.359    frac_min_hp_le_300_no…        0.000  │
╰──────────────────────────────────────────────────────────────────────────────╯

[0;0H╭──────────────────────────────────────────────────────────────────────────────╮
│  PufferLib 4.0   🐡               GPU: 0%      VRAM: 0.4/18G      RAM: 0.9G  │
│                                                                              │
│  Summary          Value    Evaluate   261ms  38%    Losses            Value  │
│  Env       osrs_inferno      GPU      214ms  31%    policy            0.014  │
│  Params          752.1K      Env       47ms   6%    value             0.056  │
│  Steps            22.6M    Train      425ms  61%    entropy           1.141  │
│  SPS             236.1K      Misc       0ms   0%    total             0.041  │
│  Epoch              690      Forwa…     0ms   0%    old_kl            0.025  │
│  Uptime    0d 0h 1m 35s                             kl                0.024  │
│  Remaini…  0d 0h 1m 56s                             clipfrac          0.239  │
│                                                     bc                0.000  │
│                                                                              │
│  User Stats                    Value    User Stats                    Value  │
│  episode_return                4.256    damage_dealt                450.386  │
│  damage_received             137.447    episode_length              104.811  │
│  wins                          0.000    wave                         68.000  │
│  idle_ticks                    1.630    brews_used                    6.110  │
│  blood_healed                  0.000    prayer_correct_rate           0.528  │
│  unavoidable_off_praye…        0.022    brews_remaining               5.890  │
│  restores_remaining            9.795    prayer_at_death              92.597  │
│  current_ranged               95.303    current_magic                88.286  │
│  behind_shield_pct             0.286    zuk_hp_remaining            754.751  │
│  min_zuk_hp_seen             755.149    hp_restored                   0.000  │
│  zuk_healer_damage             0.000    deaths_to_jad                 0.008  │
│  episode_return_normal         2.069    wins_normal                   0.000  │
│  min_zuk_hp_normal           991.042    score_normal                  0.174  │
│  zuk_objective_normal          0.174    phase_reached_normal          0.232  │
│  death_tick_normal            50.069    frac_min_hp_le_300_no…        0.000  │
╰──────────────────────────────────────────────────────────────────────────────╯

[0;0H╭──────────────────────────────────────────────────────────────────────────────╮
│  PufferLib 4.0  🐡                GPU: 0%      VRAM: 0.4/18G      RAM: 0.9G  │
│                                                                              │
│  Summary          Value    Evaluate   264ms  38%    Losses            Value  │
│  Env       osrs_inferno      GPU      217ms  31%    policy            0.026  │
│  Params          752.1K      Env       47ms   6%    value             0.062  │
│  Steps            22.8M    Train      421ms  61%    entropy           1.186  │
│  SPS             236.5K      Misc       0ms   0%    total             0.055  │
│  Epoch              695      Forwa…     0ms   0%    old_kl            0.032  │
│  Uptime    0d 0h 1m 35s                             kl                0.029  │
│  Remaini…  0d 0h 1m 55s                             clipfrac          0.258  │
│                                                     bc                0.000  │
│                                                                              │
│  User Stats                    Value    User Stats                    Value  │
│  episode_return                4.380    damage_dealt                462.163  │
│  damage_received             143.321    episode_length              107.192  │
│  wins                          0.000    wave                         68.000  │
│  idle_ticks                    1.775    brews_used                    6.521  │
│  blood_healed                  0.000    prayer_correct_rate           0.517  │
│  unavoidable_off_praye…        0.020    brews_remaining               5.479  │
│  restores_remaining            9.720    prayer_at_death              92.513  │
│  current_ranged               92.605    current_magic                86.295  │
│  behind_shield_pct             0.282    zuk_hp_remaining            741.197  │
│  min_zuk_hp_seen             742.494    hp_restored                   0.000  │
│  zuk_healer_damage             0.000    deaths_to_jad                 0.002  │
│  episode_return_normal         2.331    wins_normal                   0.000  │
│  min_zuk_hp_normal           963.963    score_normal                  0.197  │
│  zuk_objective_normal          0.197    phase_reached_normal          0.322  │
│  death_tick_normal            56.057    frac_min_hp_le_300_no…        0.000  │
╰──────────────────────────────────────────────────────────────────────────────╯

[0;0H╭──────────────────────────────────────────────────────────────────────────────╮
│  PufferLib 4.0 🐡                 GPU: 0%      VRAM: 0.4/18G      RAM: 0.9G  │
│                                                                              │
│  Summary          Value    Evaluate   260ms  38%    Losses            Value  │
│  Env       osrs_inferno      GPU      214ms  31%    policy            0.016  │
│  Params          752.1K      Env       46ms   6%    value             0.060  │
│  Steps            22.9M    Train      422ms  61%    entropy           1.256  │
│  SPS             237.4K      Misc       0ms   0%    total             0.044  │
│  Epoch              700      Forwa…     0ms   0%    old_kl            0.025  │
│  Uptime    0d 0h 1m 36s                             kl                0.025  │
│  Remaini…  0d 0h 1m 53s                             clipfrac          0.250  │
│                                                     bc                0.000  │
│                                                                              │
│  User Stats                    Value    User Stats                    Value  │
│  episode_return                4.389    damage_dealt                461.731  │
│  damage_received             144.845    episode_length              105.982  │
│  wins                          0.000    wave                         68.000  │
│  idle_ticks                    1.611    brews_used                    6.543  │
│  blood_healed                  0.000    prayer_correct_rate           0.500  │
│  unavoidable_off_praye…        0.022    brews_remaining               5.457  │
│  restores_remaining            9.794    prayer_at_death              92.448  │
│  current_ranged               89.368    current_magic                83.318  │
│  behind_shield_pct             0.283    zuk_hp_remaining            741.042  │
│  min_zuk_hp_seen             742.564    hp_restored                   0.000  │
│  zuk_healer_damage             0.000    deaths_to_jad                 0.000  │
│  episode_return_normal         2.506    wins_normal                   0.000  │
│  min_zuk_hp_normal           946.643    score_normal                  0.211  │
│  zuk_objective_normal          0.211    phase_reached_normal          0.360  │
│  death_tick_normal            59.597    frac_min_hp_le_300_no…        0.000  │
╰──────────────────────────────────────────────────────────────────────────────╯

[0;0H╭──────────────────────────────────────────────────────────────────────────────╮
│  PufferLib 4.0          🐡        GPU: 0%      VRAM: 0.4/18G      RAM: 0.9G  │
│                                                                              │
│  Summary          Value    Evaluate   257ms  37%    Losses            Value  │
│  Env       osrs_inferno      GPU      213ms  31%    policy            0.018  │
│  Params          752.1K      Env       44ms   6%    value             0.053  │
│  Steps            23.1M    Train      423ms  62%    entropy           1.163  │
│  SPS             238.1K      Misc       0ms   0%    total             0.043  │
│  Epoch              705      Forwa…     0ms   0%    old_kl            0.023  │
│  Uptime    0d 0h 1m 37s                             kl                0.022  │
│  Remaini…  0d 0h 1m 52s                             clipfrac          0.243  │
│                                                     bc                0.000  │
│                                                                              │
│  User Stats                    Value    User Stats                    Value  │
│  episode_return                4.431    damage_dealt                466.320  │
│  damage_received             147.490    episode_length              104.763  │
│  wins                          0.000    wave                         68.000  │
│  idle_ticks                    1.745    brews_used                    6.445  │
│  blood_healed                  0.000    prayer_correct_rate           0.508  │
│  unavoidable_off_praye…        0.022    brews_remaining               5.555  │
│  restores_remaining            9.867    prayer_at_death              92.039  │
│  current_ranged               90.277    current_magic                83.536  │
│  behind_shield_pct             0.282    zuk_hp_remaining            736.219  │
│  min_zuk_hp_seen             738.021    hp_restored                   0.015  │
│  zuk_healer_damage             0.000    deaths_to_jad                 0.002  │
│  episode_return_normal         2.537    wins_normal                   0.000  │
│  min_zuk_hp_normal           943.009    score_normal                  0.214  │
│  zuk_objective_normal          0.214    phase_reached_normal          0.373  │
│  death_tick_normal            57.263    frac_min_hp_le_300_no…        0.000  │
╰──────────────────────────────────────────────────────────────────────────────╯

[0;0H╭──────────────────────────────────────────────────────────────────────────────╮
│  PufferLib 4.0         🐡         GPU: 0%      VRAM: 0.4/18G      RAM: 0.9G  │
│                                                                              │
│  Summary          Value    Evaluate   258ms  37%    Losses            Value  │
│  Env       osrs_inferno      GPU      214ms  31%    policy            0.002  │
│  Params          752.1K      Env       43ms   6%    value             0.047  │
│  Steps            23.3M    Train      425ms  62%    entropy           1.101  │
│  SPS             237.0K      Misc       0ms   0%    total             0.024  │
│  Epoch              710      Forwa…     0ms   0%    old_kl            0.030  │
│  Uptime    0d 0h 1m 37s                             kl                0.028  │
│  Remaini…  0d 0h 1m 52s                             clipfrac          0.240  │
│                                                     bc                0.000  │
│                                                                              │
│  User Stats                    Value    User Stats                    Value  │
│  episode_return                4.475    damage_dealt                471.026  │
│  damage_received             146.554    episode_length              105.027  │
│  wins                          0.000    wave                         68.000  │
│  idle_ticks                    1.801    brews_used                    6.532  │
│  blood_healed                  0.000    prayer_correct_rate           0.505  │
│  unavoidable_off_praye…        0.024    brews_remaining               5.468  │
│  restores_remaining            9.875    prayer_at_death              92.447  │
│  current_ranged               90.051    current_magic                83.851  │
│  behind_shield_pct             0.283    zuk_hp_remaining            732.123  │
│  min_zuk_hp_seen             733.411    hp_restored                   0.275  │
│  zuk_healer_damage             0.005    deaths_to_jad                 0.005  │
│  episode_return_normal         2.615    wins_normal                   0.000  │
│  min_zuk_hp_normal           935.313    score_normal                  0.221  │
│  zuk_objective_normal          0.221    phase_reached_normal          0.389  │
│  death_tick_normal            57.869    frac_min_hp_le_300_no…        0.000  │
╰──────────────────────────────────────────────────────────────────────────────╯

[0;0H╭──────────────────────────────────────────────────────────────────────────────╮
│  PufferLib 4.0        🐡          GPU: 0%      VRAM: 0.4/18G      RAM: 0.9G  │
│                                                                              │
│  Summary          Value    Evaluate   256ms  37%    Losses            Value  │
│  Env       osrs_inferno      GPU      212ms  31%    policy            0.001  │
│  Params          752.1K      Env       43ms   6%    value             0.075  │
│  Steps            23.4M    Train      422ms  62%    entropy           1.090  │
│  SPS             239.1K      Misc       0ms   0%    total             0.037  │
│  Epoch              715      Forwa…     0ms   0%    old_kl            0.027  │
│  Uptime    0d 0h 1m 38s                             kl                0.026  │
│  Remaini…  0d 0h 1m 51s                             clipfrac          0.241  │
│                                                     bc                0.000  │
│                                                                              │
│  User Stats                    Value    User Stats                    Value  │
│  episode_return                4.378    damage_dealt                461.146  │
│  damage_received             146.081    episode_length              103.788  │
│  wins                          0.000    wave                         68.000  │
│  idle_ticks                    1.786    brews_used                    6.352  │
│  blood_healed                  0.000    prayer_correct_rate           0.503  │
│  unavoidable_off_praye…        0.027    brews_remaining               5.648  │
│  restores_remaining            9.847    prayer_at_death              92.404  │
│  current_ranged               91.286    current_magic                85.030  │
│  behind_shield_pct             0.284    zuk_hp_remaining            741.521  │
│  min_zuk_hp_seen             742.896    hp_restored                   0.309  │
│  zuk_healer_damage             0.004    deaths_to_jad                 0.017  │
│  episode_return_normal         2.532    wins_normal                   0.000  │
│  min_zuk_hp_normal           942.865    score_normal                  0.214  │
│  zuk_objective_normal          0.214    phase_reached_normal          0.372  │
│  death_tick_normal            57.042    frac_min_hp_le_300_no…        0.000  │
╰──────────────────────────────────────────────────────────────────────────────╯

[0;0H╭──────────────────────────────────────────────────────────────────────────────╮
│  PufferLib 4.0       🐡           GPU: 0%      VRAM: 0.4/18G      RAM: 0.9G  │
│                                                                              │
│  Summary          Value    Evaluate   256ms  37%    Losses            Value  │
│  Env       osrs_inferno      GPU      212ms  31%    policy            0.009  │
│  Params          752.1K      Env       43ms   6%    value             0.051  │
│  Steps            23.6M    Train      425ms  62%    entropy           1.068  │
│  SPS             238.0K      Misc       0ms   0%    total             0.033  │
│  Epoch              720      Forwa…     0ms   0%    old_kl            0.026  │
│  Uptime    0d 0h 1m 39s                             kl                0.025  │
│  Remaini…  0d 0h 1m 50s                             clipfrac          0.241  │
│                                                     bc                0.000  │
│                                                                              │
│  User Stats                    Value    User Stats                    Value  │
│  episode_return                4.515    damage_dealt                475.985  │
│  damage_received             149.754    episode_length              107.024  │
│  wins                          0.000    wave                         68.000  │
│  idle_ticks                    1.840    brews_used                    6.513  │
│  blood_healed                  0.000    prayer_correct_rate           0.509  │
│  unavoidable_off_praye…        0.026    brews_remaining               5.487  │
│  restores_remaining            9.752    prayer_at_death              92.264  │
│  current_ranged               90.928    current_magic                84.761  │
│  behind_shield_pct             0.289    zuk_hp_remaining            727.290  │
│  min_zuk_hp_seen             728.117    hp_restored                   0.160  │
│  zuk_healer_damage             0.000    deaths_to_jad                 0.012  │
│  episode_return_normal         2.542    wins_normal                   0.000  │
│  min_zuk_hp_normal           941.181    score_normal                  0.216  │
│  zuk_objective_normal          0.216    phase_reached_normal          0.374  │
│  death_tick_normal            57.744    frac_min_hp_le_300_no…        0.000  │
╰──────────────────────────────────────────────────────────────────────────────╯

[0;0H╭──────────────────────────────────────────────────────────────────────────────╮
│  PufferLib 4.0      🐡            GPU: 0%      VRAM: 0.4/18G      RAM: 0.9G  │
│                                                                              │
│  Summary          Value    Evaluate   256ms  37%    Losses            Value  │
│  Env       osrs_inferno      GPU      211ms  30%    policy            0.008  │
│  Params          752.1K      Env       44ms   6%    value             0.051  │
│  Steps            23.8M    Train      425ms  62%    entropy           1.036  │
│  SPS             237.9K      Misc       0ms   0%    total             0.032  │
│  Epoch              725      Forwa…     0ms   0%    old_kl            0.025  │
│  Uptime    0d 0h 1m 39s                             kl                0.024  │
│  Remaini…  0d 0h 1m 50s                             clipfrac          0.248  │
│                                                     bc                0.000  │
│                                                                              │
│  User Stats                    Value    User Stats                    Value  │
│  episode_return                4.589    damage_dealt                484.273  │
│  damage_received             151.104    episode_length              107.694  │
│  wins                          0.000    wave                         68.000  │
│  idle_ticks                    1.850    brews_used                    6.635  │
│  blood_healed                  0.000    prayer_correct_rate           0.508  │
│  unavoidable_off_praye…        0.027    brews_remaining               5.365  │
│  restores_remaining            9.660    prayer_at_death              92.532  │
│  current_ranged               91.226    current_magic                85.343  │
│  behind_shield_pct             0.290    zuk_hp_remaining            720.248  │
│  min_zuk_hp_seen             720.175    hp_restored                   0.462  │
│  zuk_healer_damage             0.000    deaths_to_jad                 0.018  │
│  episode_return_normal         2.664    wins_normal                   0.000  │
│  min_zuk_hp_normal           928.420    score_normal                  0.226  │
│  zuk_objective_normal          0.226    phase_reached_normal          0.397  │
│  death_tick_normal            58.827    frac_min_hp_le_300_no…        0.000  │
╰──────────────────────────────────────────────────────────────────────────────╯

[0;0H╭──────────────────────────────────────────────────────────────────────────────╮
│  PufferLib 4.0     🐡             GPU: 0%      VRAM: 0.4/18G      RAM: 0.9G  │
│                                                                              │
│  Summary          Value    Evaluate   259ms  37%    Losses            Value  │
│  Env       osrs_inferno      GPU      215ms  31%    policy            0.004  │
│  Params          752.1K      Env       44ms   6%    value             0.057  │
│  Steps            23.9M    Train      426ms  62%    entropy           1.032  │
│  SPS             236.0K      Misc       0ms   0%    total             0.031  │
│  Epoch              730      Forwa…     0ms   0%    old_kl            0.026  │
│  Uptime    0d 0h 1m 40s                             kl                0.025  │
│  Remaini…  0d 0h 1m 50s                             clipfrac          0.237  │
│                                                     bc                0.000  │
│                                                                              │
│  User Stats                    Value    User Stats                    Value  │
│  episode_return                4.538    damage_dealt                478.842  │
│  damage_received             149.502    episode_length              106.529  │
│  wins                          0.000    wave                         68.000  │
│  idle_ticks                    1.822    brews_used                    6.515  │
│  blood_healed                  0.000    prayer_correct_rate           0.510  │
│  unavoidable_off_praye…        0.030    brews_remaining               5.485  │
│  restores_remaining            9.693    prayer_at_death              92.476  │
│  current_ranged               92.527    current_magic                86.484  │
│  behind_shield_pct             0.288    zuk_hp_remaining            724.905  │
│  min_zuk_hp_seen             725.992    hp_restored                   0.565  │
│  zuk_healer_damage             0.003    deaths_to_jad                 0.022  │
│  episode_return_normal         2.623    wins_normal                   0.000  │
│  min_zuk_hp_normal           933.158    score_normal                  0.222  │
│  zuk_objective_normal          0.222    phase_reached_normal          0.385  │
│  death_tick_normal            57.665    frac_min_hp_le_300_no…        0.000  │
╰──────────────────────────────────────────────────────────────────────────────╯

[0;0H╭──────────────────────────────────────────────────────────────────────────────╮
│  PufferLib 4.0    🐡              GPU: 0%      VRAM: 0.4/18G      RAM: 0.9G  │
│                                                                              │
│  Summary          Value    Evaluate   252ms  37%    Losses            Value  │
│  Env       osrs_inferno      GPU      210ms  30%    policy            0.010  │
│  Params          752.1K      Env       42ms   6%    value             0.053  │
│  Steps            24.1M    Train      426ms  62%    entropy           0.982  │
│  SPS             239.1K      Misc       0ms   0%    total             0.035  │
│  Epoch              735      Forwa…     0ms   0%    old_kl            0.025  │
│  Uptime    0d 0h 1m 41s                             kl                0.024  │
│  Remaini…  0d 0h 1m 48s                             clipfrac          0.231  │
│                                                     bc                0.000  │
│                                                                              │
│  User Stats                    Value    User Stats                    Value  │
│  episode_return                4.492    damage_dealt                474.879  │
│  damage_received             147.025    episode_length              105.868  │
│  wins                          0.000    wave                         68.000  │
│  idle_ticks                    1.807    brews_used                    6.473  │
│  blood_healed                  0.000    prayer_correct_rate           0.504  │
│  unavoidable_off_praye…        0.030    brews_remaining               5.527  │
│  restores_remaining            9.676    prayer_at_death              92.292  │
│  current_ranged               93.295    current_magic                87.198  │
│  behind_shield_pct             0.289    zuk_hp_remaining            730.902  │
│  min_zuk_hp_seen             730.681    hp_restored                   0.692  │
│  zuk_healer_damage             0.000    deaths_to_jad                 0.043  │
│  episode_return_normal         2.628    wins_normal                   0.000  │
│  min_zuk_hp_normal           932.698    score_normal                  0.223  │
│  zuk_objective_normal          0.223    phase_reached_normal          0.381  │
│  death_tick_normal            58.337    frac_min_hp_le_300_no…        0.000  │
╰──────────────────────────────────────────────────────────────────────────────╯

[0;0H╭──────────────────────────────────────────────────────────────────────────────╮
│  PufferLib 4.0   🐡               GPU: 0%      VRAM: 0.4/18G      RAM: 0.9G  │
│                                                                              │
│  Summary          Value    Evaluate   258ms  37%    Losses            Value  │
│  Env       osrs_inferno      GPU      214ms  31%    policy            0.024  │
│  Params          752.1K      Env       44ms   6%    value             0.069  │
│  Steps            24.2M    Train      424ms  62%    entropy           1.014  │
│  SPS             237.4K      Misc       0ms   0%    total             0.057  │
│  Epoch              740      Forwa…     0ms   0%    old_kl            0.032  │
│  Uptime    0d 0h 1m 41s                             kl                0.029  │
│  Remaini…  0d 0h 1m 48s                             clipfrac          0.231  │
│                                                     bc                0.000  │
│                                                                              │
│  User Stats                    Value    User Stats                    Value  │
│  episode_return                4.341    damage_dealt                460.113  │
│  damage_received             140.787    episode_length              105.845  │
│  wins                          0.000    wave                         68.000  │
│  idle_ticks                    1.822    brews_used                    6.318  │
│  blood_healed                  0.000    prayer_correct_rate           0.514  │
│  unavoidable_off_praye…        0.027    brews_remaining               5.682  │
│  restores_remaining            9.739    prayer_at_death              91.854  │
│  current_ranged               94.731    current_magic                88.077  │
│  behind_shield_pct             0.277    zuk_hp_remaining            748.049  │
│  min_zuk_hp_seen             745.900    hp_restored                   0.996  │
│  zuk_healer_damage             0.007    deaths_to_jad                 0.051  │
│  episode_return_normal         2.301    wins_normal                   0.000  │
│  min_zuk_hp_normal           966.523    score_normal                  0.195  │
│  zuk_objective_normal          0.195    phase_reached_normal          0.303  │
│  death_tick_normal            55.146    frac_min_hp_le_300_no…        0.000  │
╰──────────────────────────────────────────────────────────────────────────────╯

[0;0H╭──────────────────────────────────────────────────────────────────────────────╮
│  PufferLib 4.0  🐡                GPU: 0%      VRAM: 0.4/18G      RAM: 0.9G  │
│                                                                              │
│  Summary          Value    Evaluate   257ms  37%    Losses            Value  │
│  Env       osrs_inferno      GPU      212ms  31%    policy            0.010  │
│  Params          752.1K      Env       44ms   6%    value             0.059  │
│  Steps            24.4M    Train      424ms  62%    entropy           1.016  │
│  SPS             238.0K      Misc       0ms   0%    total             0.039  │
│  Epoch              745      Forwa…     0ms   0%    old_kl            0.028  │
│  Uptime    0d 0h 1m 42s                             kl                0.030  │
│  Remaini…  0d 0h 1m 47s                             clipfrac          0.225  │
│                                                     bc                0.000  │
│                                                                              │
│  User Stats                    Value    User Stats                    Value  │
│  episode_return                4.381    damage_dealt                465.296  │
│  damage_received             143.345    episode_length              106.525  │
│  wins                          0.000    wave                         68.000  │
│  idle_ticks                    1.816    brews_used                    6.431  │
│  blood_healed                  0.012    prayer_correct_rate           0.513  │
│  unavoidable_off_praye…        0.029    brews_remaining               5.569  │
│  restores_remaining            9.796    prayer_at_death              91.476  │
│  current_ranged               93.677    current_magic                86.753  │
│  behind_shield_pct             0.278    zuk_hp_remaining            744.960  │
│  min_zuk_hp_seen             741.500    hp_restored                   1.669  │
│  zuk_healer_damage             0.010    deaths_to_jad                 0.067  │
│  episode_return_normal         2.299    wins_normal                   0.000  │
│  min_zuk_hp_normal           967.216    score_normal                  0.194  │
│  zuk_objective_normal          0.194    phase_reached_normal          0.302  │
│  death_tick_normal            55.043    frac_min_hp_le_300_no…        0.000  │
╰──────────────────────────────────────────────────────────────────────────────╯

[0;0H╭──────────────────────────────────────────────────────────────────────────────╮
│  PufferLib 4.0 🐡                 GPU: 0%      VRAM: 0.4/18G      RAM: 0.9G  │
│                                                                              │
│  Summary          Value    Evaluate   258ms  37%    Losses            Value  │
│  Env       osrs_inferno      GPU      214ms  31%    policy            0.016  │
│  Params          752.1K      Env       44ms   6%    value             0.054  │
│  Steps            24.6M    Train      423ms  62%    entropy           0.984  │
│  SPS             237.9K      Misc       0ms   0%    total             0.042  │
│  Epoch              750      Forwa…     0ms   0%    old_kl            0.030  │
│  Uptime    0d 0h 1m 43s                             kl                0.029  │
│  Remaini…  0d 0h 1m 46s                             clipfrac          0.234  │
│                                                     bc                0.000  │
│                                                                              │
│  User Stats                    Value    User Stats                    Value  │
│  episode_return                4.280    damage_dealt                453.543  │
│  damage_received             144.149    episode_length              104.734  │
│  wins                          0.000    wave                         68.000  │
│  idle_ticks                    1.793    brews_used                    6.425  │
│  blood_healed                  0.006    prayer_correct_rate           0.509  │
│  unavoidable_off_praye…        0.028    brews_remaining               5.575  │
│  restores_remaining            9.841    prayer_at_death              91.521  │
│  current_ranged               93.332    current_magic                86.426  │
│  behind_shield_pct             0.271    zuk_hp_remaining            756.133  │
│  min_zuk_hp_seen             752.845    hp_restored                   1.350  │
│  zuk_healer_damage             0.002    deaths_to_jad                 0.060  │
│  episode_return_normal         2.260    wins_normal                   0.000  │
│  min_zuk_hp_normal           971.365    score_normal                  0.191  │
│  zuk_objective_normal          0.191    phase_reached_normal          0.279  │
│  death_tick_normal            54.998    frac_min_hp_le_300_no…        0.000  │
╰──────────────────────────────────────────────────────────────────────────────╯

[0;0H╭──────────────────────────────────────────────────────────────────────────────╮
│  PufferLib 4.0          🐡        GPU: 0%      VRAM: 0.4/18G      RAM: 0.9G  │
│                                                                              │
│  Summary          Value    Evaluate   253ms  37%    Losses            Value  │
│  Env       osrs_inferno      GPU      210ms  31%    policy            0.004  │
│  Params          752.1K      Env       42ms   6%    value             0.052  │
│  Steps            24.7M    Train      424ms  62%    entropy           0.956  │
│  SPS             239.1K      Misc       0ms   0%    total             0.028  │
│  Epoch              755      Forwa…     0ms   0%    old_kl            0.028  │
│  Uptime    0d 0h 1m 44s                             kl                0.025  │
│  Remaini…  0d 0h 1m 45s                             clipfrac          0.221  │
│                                                     bc                0.000  │
│                                                                              │
│  User Stats                    Value    User Stats                    Value  │
│  episode_return                4.446    damage_dealt                470.631  │
│  damage_received             144.724    episode_length              107.631  │
│  wins                          0.000    wave                         68.000  │
│  idle_ticks                    1.892    brews_used                    6.433  │
│  blood_healed                  0.003    prayer_correct_rate           0.509  │
│  unavoidable_off_praye…        0.028    brews_remaining               5.567  │
│  restores_remaining            9.842    prayer_at_death              91.567  │
│  current_ranged               93.010    current_magic                86.305  │
│  behind_shield_pct             0.284    zuk_hp_remaining            739.860  │
│  min_zuk_hp_seen             735.728    hp_restored                   1.316  │
│  zuk_healer_damage             0.000    deaths_to_jad                 0.075  │
│  episode_return_normal         2.373    wins_normal                   0.000  │
│  min_zuk_hp_normal           960.565    score_normal                  0.200  │
│  zuk_objective_normal          0.200    phase_reached_normal          0.298  │
│  death_tick_normal            56.631    frac_min_hp_le_300_no…        0.000  │
╰──────────────────────────────────────────────────────────────────────────────╯

[0;0H╭──────────────────────────────────────────────────────────────────────────────╮
│  PufferLib 4.0         🐡         GPU: 0%      VRAM: 0.4/18G      RAM: 0.9G  │
│                                                                              │
│  Summary          Value    Evaluate   255ms  37%    Losses            Value  │
│  Env       osrs_inferno      GPU      212ms  31%    policy            0.002  │
│  Params          752.1K      Env       43ms   6%    value             0.055  │
│  Steps            24.9M    Train      424ms  62%    entropy           0.987  │
│  SPS             238.8K      Misc       0ms   0%    total             0.028  │
│  Epoch              760      Forwa…     0ms   0%    old_kl            0.029  │
│  Uptime    0d 0h 1m 44s                             kl                0.026  │
│  Remaini…  0d 0h 1m 45s                             clipfrac          0.224  │
│                                                     bc                0.000  │
│                                                                              │
│  User Stats                    Value    User Stats                    Value  │
│  episode_return                4.467    damage_dealt                472.889  │
│  damage_received             148.045    episode_length              107.858  │
│  wins                          0.000    wave                         68.000  │
│  idle_ticks                    1.841    brews_used                    6.645  │
│  blood_healed                  0.000    prayer_correct_rate           0.509  │
│  unavoidable_off_praye…        0.032    brews_remaining               5.355  │
│  restores_remaining            9.754    prayer_at_death              91.643  │
│  current_ranged               92.940    current_magic                86.411  │
│  behind_shield_pct             0.279    zuk_hp_remaining            738.534  │
│  min_zuk_hp_seen             733.336    hp_restored                   2.033  │
│  zuk_healer_damage             0.000    deaths_to_jad                 0.068  │
│  episode_return_normal         2.442    wins_normal                   0.000  │
│  min_zuk_hp_normal           953.593    score_normal                  0.205  │
│  zuk_objective_normal          0.205    phase_reached_normal          0.305  │
│  death_tick_normal            57.638    frac_min_hp_le_300_no…        0.000  │
╰──────────────────────────────────────────────────────────────────────────────╯

[0;0H╭──────────────────────────────────────────────────────────────────────────────╮
│  PufferLib 4.0        🐡          GPU: 0%      VRAM: 0.4/18G      RAM: 0.9G  │
│                                                                              │
│  Summary          Value    Evaluate   256ms  37%    Losses            Value  │
│  Env       osrs_inferno      GPU      212ms  31%    policy            0.009  │
│  Params          752.1K      Env       42ms   6%    value             0.054  │
│  Steps            25.1M    Train      423ms  62%    entropy           0.973  │
│  SPS             238.7K      Misc       0ms   0%    total             0.034  │
│  Epoch              765      Forwa…     0ms   0%    old_kl            0.029  │
│  Uptime    0d 0h 1m 45s                             kl                0.032  │
│  Remaini…  0d 0h 1m 44s                             clipfrac          0.225  │
│                                                     bc                0.000  │
│                                                                              │
│  User Stats                    Value    User Stats                    Value  │
│  episode_return                4.414    damage_dealt                466.620  │
│  damage_received             146.665    episode_length              106.569  │
│  wins                          0.000    wave                         68.000  │
│  idle_ticks                    1.831    brews_used                    6.699  │
│  blood_healed                  0.003    prayer_correct_rate           0.503  │
│  unavoidable_off_praye…        0.027    brews_remaining               5.301  │
│  restores_remaining            9.803    prayer_at_death              91.380  │
│  current_ranged               92.254    current_magic                85.160  │
│  behind_shield_pct             0.272    zuk_hp_remaining            742.905  │
│  min_zuk_hp_seen             739.288    hp_restored                   1.381  │
│  zuk_healer_damage             0.025    deaths_to_jad                 0.063  │
│  episode_return_normal         2.524    wins_normal                   0.000  │
│  min_zuk_hp_normal           944.610    score_normal                  0.213  │
│  zuk_objective_normal          0.213    phase_reached_normal          0.346  │
│  death_tick_normal            59.232    frac_min_hp_le_300_no…        0.000  │
╰──────────────────────────────────────────────────────────────────────────────╯

[0;0H╭──────────────────────────────────────────────────────────────────────────────╮
│  PufferLib 4.0       🐡           GPU: 0%      VRAM: 0.4/18G      RAM: 0.9G  │
│                                                                              │
│  Summary          Value    Evaluate   256ms  37%    Losses            Value  │
│  Env       osrs_inferno      GPU      213ms  31%    policy            0.012  │
│  Params          752.1K      Env       43ms   6%    value             0.052  │
│  Steps            25.2M    Train      423ms  62%    entropy           0.952  │
│  SPS             238.5K      Misc       0ms   0%    total             0.036  │
│  Epoch              770      Forwa…     0ms   0%    old_kl            0.033  │
│  Uptime    0d 0h 1m 46s                             kl                0.031  │
│  Remaini…  0d 0h 1m 43s                             clipfrac          0.224  │
│                                                     bc                0.000  │
│                                                                              │
│  User Stats                    Value    User Stats                    Value  │
│  episode_return                4.378    damage_dealt                462.571  │
│  damage_received             145.808    episode_length              106.000  │
│  wins                          0.000    wave                         68.000  │
│  idle_ticks                    1.772    brews_used                    6.588  │
│  blood_healed                  0.000    prayer_correct_rate           0.505  │
│  unavoidable_off_praye…        0.022    brews_remaining               5.412  │
│  restores_remaining            9.858    prayer_at_death              91.437  │
│  current_ranged               92.245    current_magic                85.061  │
│  behind_shield_pct             0.274    zuk_hp_remaining            746.217  │
│  min_zuk_hp_seen             743.524    hp_restored                   0.885  │
│  zuk_healer_damage             0.000    deaths_to_jad                 0.054  │
│  episode_return_normal         2.463    wins_normal                   0.000  │
│  min_zuk_hp_normal           950.742    score_normal                  0.208  │
│  zuk_objective_normal          0.208    phase_reached_normal          0.328  │
│  death_tick_normal            58.375    frac_min_hp_le_300_no…        0.000  │
╰──────────────────────────────────────────────────────────────────────────────╯

[0;0H╭──────────────────────────────────────────────────────────────────────────────╮
│  PufferLib 4.0      🐡            GPU: 0%      VRAM: 0.4/18G      RAM: 0.9G  │
│                                                                              │
│  Summary          Value    Evaluate   254ms  37%    Losses            Value  │
│  Env       osrs_inferno      GPU      211ms  31%    policy            0.009  │
│  Params          752.1K      Env       43ms   6%    value             0.047  │
│  Steps            25.4M    Train      424ms  62%    entropy           0.902  │
│  SPS             238.8K      Misc       0ms   0%    total             0.031  │
│  Epoch              775      Forwa…     0ms   0%    old_kl            0.029  │
│  Uptime    0d 0h 1m 46s                             kl                0.026  │
│  Remaini…  0d 0h 1m 43s                             clipfrac          0.224  │
│                                                     bc                0.000  │
│                                                                              │
│  User Stats                    Value    User Stats                    Value  │
│  episode_return                4.400    damage_dealt                466.109  │
│  damage_received             148.050    episode_length              107.539  │
│  wins                          0.000    wave                         68.000  │
│  idle_ticks                    1.873    brews_used                    6.776  │
│  blood_healed                  0.003    prayer_correct_rate           0.506  │
│  unavoidable_off_praye…        0.024    brews_remaining               5.224  │
│  restores_remaining            9.727    prayer_at_death              91.946  │
│  current_ranged               92.299    current_magic                85.686  │
│  behind_shield_pct             0.279    zuk_hp_remaining            744.202  │
│  min_zuk_hp_seen             740.703    hp_restored                   1.058  │
│  zuk_healer_damage             0.003    deaths_to_jad                 0.067  │
│  episode_return_normal         2.443    wins_normal                   0.000  │
│  min_zuk_hp_normal           952.273    score_normal                  0.206  │
│  zuk_objective_normal          0.206    phase_reached_normal          0.306  │
│  death_tick_normal            59.396    frac_min_hp_le_300_no…        0.000  │
╰──────────────────────────────────────────────────────────────────────────────╯

[0;0H╭──────────────────────────────────────────────────────────────────────────────╮
│  PufferLib 4.0     🐡             GPU: 0%      VRAM: 0.4/18G      RAM: 0.9G  │
│                                                                              │
│  Summary          Value    Evaluate   257ms  37%    Losses            Value  │
│  Env       osrs_inferno      GPU      213ms  31%    policy            0.002  │
│  Params          752.1K      Env       44ms   6%    value             0.051  │
│  Steps            25.6M    Train      423ms  62%    entropy           0.913  │
│  SPS             237.9K      Misc       0ms   0%    total             0.026  │
│  Epoch              780      Forwa…     0ms   0%    old_kl            0.028  │
│  Uptime    0d 0h 1m 47s                             kl                0.026  │
│  Remaini…  0d 0h 1m 42s                             clipfrac          0.226  │
│                                                     bc                0.000  │
│                                                                              │
│  User Stats                    Value    User Stats                    Value  │
│  episode_return                4.311    damage_dealt                456.457  │
│  damage_received             146.509    episode_length              105.748  │
│  wins                          0.000    wave                         68.000  │
│  idle_ticks                    1.856    brews_used                    6.713  │
│  blood_healed                  0.017    prayer_correct_rate           0.506  │
│  unavoidable_off_praye…        0.025    brews_remaining               5.287  │
│  restores_remaining            9.739    prayer_at_death              92.164  │
│  current_ranged               91.469    current_magic                85.160  │
│  behind_shield_pct             0.281    zuk_hp_remaining            752.961  │
│  min_zuk_hp_seen             749.750    hp_restored                   1.122  │
│  zuk_healer_damage             0.081    deaths_to_jad                 0.073  │
│  episode_return_normal         2.367    wins_normal                   0.000  │
│  min_zuk_hp_normal           959.706    score_normal                  0.200  │
│  zuk_objective_normal          0.200    phase_reached_normal          0.304  │
│  death_tick_normal            58.761    frac_min_hp_le_300_no…        0.000  │
╰──────────────────────────────────────────────────────────────────────────────╯

[0;0H╭──────────────────────────────────────────────────────────────────────────────╮
│  PufferLib 4.0    🐡              GPU: 0%      VRAM: 0.4/18G      RAM: 0.9G  │
│                                                                              │
│  Summary          Value    Evaluate   254ms  37%    Losses            Value  │
│  Env       osrs_inferno      GPU      211ms  31%    policy            0.005  │
│  Params          752.1K      Env       43ms   6%    value             0.052  │
│  Steps            25.7M    Train      423ms  62%    entropy           0.902  │
│  SPS             239.1K      Misc       0ms   0%    total             0.029  │
│  Epoch              785      Forwa…     0ms   0%    old_kl            0.028  │
│  Uptime    0d 0h 1m 48s                             kl                0.026  │
│  Remaini…  0d 0h 1m 41s                             clipfrac          0.217  │
│                                                     bc                0.000  │
│                                                                              │
│  User Stats                    Value    User Stats                    Value  │
│  episode_return                4.233    damage_dealt                447.987  │
│  damage_received             142.930    episode_length              104.878  │
│  wins                          0.000    wave                         68.000  │
│  idle_ticks                    1.850    brews_used                    6.501  │
│  blood_healed                  0.011    prayer_correct_rate           0.512  │
│  unavoidable_off_praye…        0.021    brews_remaining               5.499  │
│  restores_remaining            9.848    prayer_at_death              91.678  │
│  current_ranged               91.970    current_magic                85.359  │
│  behind_shield_pct             0.282    zuk_hp_remaining            760.708  │
│  min_zuk_hp_seen             758.009    hp_restored                   0.817  │
│  zuk_healer_damage             0.057    deaths_to_jad                 0.071  │
│  episode_return_normal         2.235    wins_normal                   0.000  │
│  min_zuk_hp_normal           973.317    score_normal                  0.189  │
│  zuk_objective_normal          0.189    phase_reached_normal          0.254  │
│  death_tick_normal            56.650    frac_min_hp_le_300_no…        0.000  │
╰──────────────────────────────────────────────────────────────────────────────╯

[0;0H╭──────────────────────────────────────────────────────────────────────────────╮
│  PufferLib 4.0   🐡               GPU: 0%      VRAM: 0.4/18G      RAM: 0.9G  │
│                                                                              │
│  Summary          Value    Evaluate   256ms  37%    Losses            Value  │
│  Env       osrs_inferno      GPU      212ms  31%    policy            0.011  │
│  Params          752.1K      Env       43ms   6%    value             0.057  │
│  Steps            25.9M    Train      426ms  62%    entropy           0.894  │
│  SPS             237.9K      Misc       0ms   0%    total             0.038  │
│  Epoch              790      Forwa…     0ms   0%    old_kl            0.035  │
│  Uptime    0d 0h 1m 48s                             kl                0.032  │
│  Remaini…  0d 0h 1m 41s                             clipfrac          0.224  │
│                                                     bc                0.000  │
│                                                                              │
│  User Stats                    Value    User Stats                    Value  │
│  episode_return                4.209    damage_dealt                443.812  │
│  damage_received             141.734    episode_length              104.163  │
│  wins                          0.000    wave                         68.000  │
│  idle_ticks                    1.796    brews_used                    6.396  │
│  blood_healed                  0.006    prayer_correct_rate           0.511  │
│  unavoidable_off_praye…        0.022    brews_remaining               5.604  │
│  restores_remaining            9.913    prayer_at_death              91.580  │
│  current_ranged               91.438    current_magic                84.609  │
│  behind_shield_pct             0.287    zuk_hp_remaining            762.935  │
│  min_zuk_hp_seen             761.000    hp_restored                   0.667  │
│  zuk_healer_damage             0.024    deaths_to_jad                 0.045  │
│  episode_return_normal         2.278    wins_normal                   0.000  │
│  min_zuk_hp_normal           969.323    score_normal                  0.192  │
│  zuk_objective_normal          0.192    phase_reached_normal          0.265  │
│  death_tick_normal            56.639    frac_min_hp_le_300_no…        0.000  │
╰──────────────────────────────────────────────────────────────────────────────╯

[0;0H╭──────────────────────────────────────────────────────────────────────────────╮
│  PufferLib 4.0  🐡                GPU: 0%      VRAM: 0.4/18G      RAM: 0.9G  │
│                                                                              │
│  Summary          Value    Evaluate   256ms  37%    Losses            Value  │
│  Env       osrs_inferno      GPU      213ms  31%    policy            0.001  │
│  Params          752.1K      Env       43ms   6%    value             0.060  │
│  Steps            26.1M    Train      423ms  62%    entropy           0.925  │
│  SPS             238.3K      Misc       0ms   0%    total             0.029  │
│  Epoch              795      Forwa…     0ms   0%    old_kl            0.030  │
│  Uptime    0d 0h 1m 49s                             kl                0.027  │
│  Remaini…  0d 0h 1m 40s                             clipfrac          0.230  │
│                                                     bc                0.000  │
│                                                                              │
│  User Stats                    Value    User Stats                    Value  │
│  episode_return                4.012    damage_dealt                423.801  │
│  damage_received             137.909    episode_length              100.269  │
│  wins                          0.000    wave                         68.000  │
│  idle_ticks                    1.724    brews_used                    6.362  │
│  blood_healed                  0.003    prayer_correct_rate           0.500  │
│  unavoidable_off_praye…        0.022    brews_remaining               5.638  │
│  restores_remaining            9.960    prayer_at_death              91.763  │
│  current_ranged               91.063    current_magic                84.096  │
│  behind_shield_pct             0.282    zuk_hp_remaining            783.191  │
│  min_zuk_hp_seen             781.028    hp_restored                   1.019  │
│  zuk_healer_damage             0.012    deaths_to_jad                 0.043  │
│  episode_return_normal         2.246    wins_normal                   0.000  │
│  min_zuk_hp_normal           972.206    score_normal                  0.190  │
│  zuk_objective_normal          0.190    phase_reached_normal          0.273  │
│  death_tick_normal            56.853    frac_min_hp_le_300_no…        0.000  │
╰──────────────────────────────────────────────────────────────────────────────╯

[0;0H╭──────────────────────────────────────────────────────────────────────────────╮
│  PufferLib 4.0 🐡                 GPU: 0%      VRAM: 0.4/18G      RAM: 0.9G  │
│                                                                              │
│  Summary          Value    Evaluate   256ms  37%    Losses            Value  │
│  Env       osrs_inferno      GPU      212ms  31%    policy            0.018  │
│  Params          752.1K      Env       43ms   6%    value             0.060  │
│  Steps            26.2M    Train      424ms  62%    entropy           0.888  │
│  SPS             238.3K      Misc       0ms   0%    total             0.047  │
│  Epoch              800      Forwa…     0ms   0%    old_kl            0.034  │
│  Uptime    0d 0h 1m 50s                             kl                0.033  │
│  Remaini…  0d 0h 1m 39s                             clipfrac          0.218  │
│                                                     bc                0.000  │
│                                                                              │
│  User Stats                    Value    User Stats                    Value  │
│  episode_return                4.167    damage_dealt                439.756  │
│  damage_received             141.494    episode_length              103.007  │
│  wins                          0.000    wave                         68.000  │
│  idle_ticks                    1.826    brews_used                    6.456  │
│  blood_healed                  0.025    prayer_correct_rate           0.506  │
│  unavoidable_off_praye…        0.023    brews_remaining               5.544  │
│  restores_remaining            9.869    prayer_at_death              91.747  │
│  current_ranged               92.174    current_magic                85.185  │
│  behind_shield_pct             0.284    zuk_hp_remaining            767.174  │
│  min_zuk_hp_seen             765.111    hp_restored                   0.807  │
│  zuk_healer_damage             0.060    deaths_to_jad                 0.044  │
│  episode_return_normal         2.274    wins_normal                   0.000  │
│  min_zuk_hp_normal           969.575    score_normal                  0.192  │
│  zuk_objective_normal          0.192    phase_reached_normal          0.283  │
│  death_tick_normal            56.582    frac_min_hp_le_300_no…        0.000  │
╰──────────────────────────────────────────────────────────────────────────────╯

[0;0H╭──────────────────────────────────────────────────────────────────────────────╮
│  PufferLib 4.0          🐡        GPU: 0%      VRAM: 0.4/18G      RAM: 0.9G  │
│                                                                              │
│  Summary          Value    Evaluate   255ms  37%    Losses            Value  │
│  Env       osrs_inferno      GPU      212ms  31%    policy            0.000  │
│  Params          752.1K      Env       43ms   6%    value             0.052  │
│  Steps            26.4M    Train      425ms  62%    entropy           0.852  │
│  SPS             238.1K      Misc       0ms   0%    total             0.025  │
│  Epoch              805      Forwa…     0ms   0%    old_kl            0.026  │
│  Uptime    0d 0h 1m 50s                             kl                0.024  │
│  Remaini…  0d 0h 1m 39s                             clipfrac          0.216  │
│                                                     bc                0.000  │
│                                                                              │
│  User Stats                    Value    User Stats                    Value  │
│  episode_return                4.368    damage_dealt                460.839  │
│  damage_received             148.125    episode_length              106.978  │
│  wins                          0.000    wave                         68.000  │
│  idle_ticks                    2.079    brews_used                    6.675  │
│  blood_healed                  0.003    prayer_correct_rate           0.513  │
│  unavoidable_off_praye…        0.023    brews_remaining               5.325  │
│  restores_remaining            9.755    prayer_at_death              91.764  │
│  current_ranged               92.322    current_magic                85.656  │
│  behind_shield_pct             0.293    zuk_hp_remaining            746.493  │
│  min_zuk_hp_seen             743.855    hp_restored                   1.083  │
│  zuk_healer_damage             0.012    deaths_to_jad                 0.051  │
│  episode_return_normal         2.419    wins_normal                   0.000  │
│  min_zuk_hp_normal           954.817    score_normal                  0.204  │
│  zuk_objective_normal          0.204    phase_reached_normal          0.322  │
│  death_tick_normal            57.862    frac_min_hp_le_300_no…        0.000  │
╰──────────────────────────────────────────────────────────────────────────────╯

[0;0H╭──────────────────────────────────────────────────────────────────────────────╮
│  PufferLib 4.0         🐡         GPU: 0%      VRAM: 0.4/18G      RAM: 0.9G  │
│                                                                              │
│  Summary          Value    Evaluate   258ms  37%    Losses            Value  │
│  Env       osrs_inferno      GPU      215ms  31%    policy            0.015  │
│  Params          752.1K      Env       43ms   6%    value             0.059  │
│  Steps            26.5M    Train      424ms  62%    entropy           0.891  │
│  SPS             237.6K      Misc       0ms   0%    total             0.043  │
│  Epoch              810      Forwa…     0ms   0%    old_kl            0.030  │
│  Uptime    0d 0h 1m 51s                             kl                0.029  │
│  Remaini…  0d 0h 1m 38s                             clipfrac          0.223  │
│                                                     bc                0.000  │
│                                                                              │
│  User Stats                    Value    User Stats                    Value  │
│  episode_return                4.128    damage_dealt                434.672  │
│  damage_received             136.983    episode_length              100.070  │
│  wins                          0.000    wave                         68.000  │
│  idle_ticks                    1.890    brews_used                    6.279  │
│  blood_healed                  0.006    prayer_correct_rate           0.493  │
│  unavoidable_off_praye…        0.021    brews_remaining               5.721  │
│  restores_remaining            9.966    prayer_at_death              91.622  │
│  current_ranged               91.639    current_magic                84.426  │
│  behind_shield_pct             0.284    zuk_hp_remaining            772.230  │
│  min_zuk_hp_seen             769.566    hp_restored                   0.822  │
│  zuk_healer_damage             0.024    deaths_to_jad                 0.067  │
│  episode_return_normal         2.353    wins_normal                   0.000  │
│  min_zuk_hp_normal           961.375    score_normal                  0.199  │
│  zuk_objective_normal          0.199    phase_reached_normal          0.326  │
│  death_tick_normal            57.490    frac_min_hp_le_300_no…        0.000  │
╰──────────────────────────────────────────────────────────────────────────────╯

[0;0H╭──────────────────────────────────────────────────────────────────────────────╮
│  PufferLib 4.0        🐡          GPU: 0%      VRAM: 0.4/18G      RAM: 0.9G  │
│                                                                              │
│  Summary          Value    Evaluate   255ms  37%    Losses            Value  │
│  Env       osrs_inferno      GPU      212ms  31%    policy            0.020  │
│  Params          752.1K      Env       42ms   6%    value             0.059  │
│  Steps            26.7M    Train      424ms  62%    entropy           0.880  │
│  SPS             238.8K      Misc       0ms   0%    total             0.048  │
│  Epoch              815      Forwa…     0ms   0%    old_kl            0.034  │
│  Uptime    0d 0h 1m 52s                             kl                0.045  │
│  Remaini…  0d 0h 1m 37s                             clipfrac          0.223  │
│                                                     bc                0.000  │
│                                                                              │
│  User Stats                    Value    User Stats                    Value  │
│  episode_return                4.052    damage_dealt                426.684  │
│  damage_received             138.829    episode_length               99.298  │
│  wins                          0.000    wave                         68.000  │
│  idle_ticks                    1.835    brews_used                    6.386  │
│  blood_healed                  0.005    prayer_correct_rate           0.492  │
│  unavoidable_off_praye…        0.021    brews_remaining               5.614  │
│  restores_remaining            9.935    prayer_at_death              92.136  │
│  current_ranged               92.469    current_magic                85.410  │
│  behind_shield_pct             0.285    zuk_hp_remaining            780.334  │
│  min_zuk_hp_seen             778.004    hp_restored                   0.859  │
│  zuk_healer_damage             0.023    deaths_to_jad                 0.047  │
│  episode_return_normal         2.338    wins_normal                   0.000  │
│  min_zuk_hp_normal           963.373    score_normal                  0.197  │
│  zuk_objective_normal          0.197    phase_reached_normal          0.300  │
│  death_tick_normal            56.950    frac_min_hp_le_300_no…        0.000  │
╰──────────────────────────────────────────────────────────────────────────────╯

[0;0H╭──────────────────────────────────────────────────────────────────────────────╮
│  PufferLib 4.0       🐡           GPU: 0%      VRAM: 0.4/18G      RAM: 0.9G  │
│                                                                              │
│  Summary          Value    Evaluate   257ms  37%    Losses            Value  │
│  Env       osrs_inferno      GPU      213ms  31%    policy            0.019  │
│  Params          752.1K      Env       43ms   6%    value             0.050  │
│  Steps            26.9M    Train      423ms  62%    entropy           0.911  │
│  SPS             238.3K      Misc       0ms   0%    total             0.042  │
│  Epoch              820      Forwa…     0ms   0%    old_kl            0.030  │
│  Uptime    0d 0h 1m 52s                             kl                0.028  │
│  Remaini…  0d 0h 1m 37s                             clipfrac          0.226  │
│                                                     bc                0.000  │
│                                                                              │
│  User Stats                    Value    User Stats                    Value  │
│  episode_return                4.085    damage_dealt                429.729  │
│  damage_received             136.540    episode_length               99.127  │
│  wins                          0.000    wave                         68.000  │
│  idle_ticks                    1.698    brews_used                    6.168  │
│  blood_healed                  0.000    prayer_correct_rate           0.494  │
│  unavoidable_off_praye…        0.027    brews_remaining               5.832  │
│  restores_remaining            9.947    prayer_at_death              91.737  │
│  current_ranged               92.948    current_magic                85.585  │
│  behind_shield_pct             0.287    zuk_hp_remaining            778.402  │
│  min_zuk_hp_seen             775.094    hp_restored                   1.174  │
│  zuk_healer_damage             0.000    deaths_to_jad                 0.064  │
│  episode_return_normal         2.296    wins_normal                   0.000  │
│  min_zuk_hp_normal           967.714    score_normal                  0.194  │
│  zuk_objective_normal          0.194    phase_reached_normal          0.279  │
│  death_tick_normal            56.405    frac_min_hp_le_300_no…        0.000  │
╰──────────────────────────────────────────────────────────────────────────────╯

[0;0H╭──────────────────────────────────────────────────────────────────────────────╮
│  PufferLib 4.0      🐡            GPU: 0%      VRAM: 0.4/18G      RAM: 0.9G  │
│                                                                              │
│  Summary          Value    Evaluate   256ms  37%    Losses            Value  │
│  Env       osrs_inferno      GPU      212ms  31%    policy            0.005  │
│  Params          752.1K      Env       43ms   6%    value             0.047  │
│  Steps            27.0M    Train      424ms  62%    entropy           0.886  │
│  SPS             238.4K      Misc       0ms   0%    total             0.027  │
│  Epoch              825      Forwa…     0ms   0%    old_kl            0.028  │
│  Uptime    0d 0h 1m 53s                             kl                0.027  │
│  Remaini…  0d 0h 1m 36s                             clipfrac          0.217  │
│                                                     bc                0.000  │
│                                                                              │
│  User Stats                    Value    User Stats                    Value  │
│  episode_return                4.053    damage_dealt                425.771  │
│  damage_received             134.313    episode_length               98.003  │
│  wins                          0.000    wave                         68.000  │
│  idle_ticks                    1.637    brews_used                    6.026  │
│  blood_healed                  0.000    prayer_correct_rate           0.494  │
│  unavoidable_off_praye…        0.025    brews_remaining               5.974  │
│  restores_remaining            9.992    prayer_at_death              91.608  │
│  current_ranged               93.845    current_magic                86.325  │
│  behind_shield_pct             0.288    zuk_hp_remaining            782.647  │
│  min_zuk_hp_seen             778.993    hp_restored                   1.082  │
│  zuk_healer_damage             0.011    deaths_to_jad                 0.057  │
│  episode_return_normal         2.275    wins_normal                   0.000  │
│  min_zuk_hp_normal           970.217    score_normal                  0.191  │
│  zuk_objective_normal          0.191    phase_reached_normal          0.271  │
│  death_tick_normal            55.215    frac_min_hp_le_300_no…        0.000  │
╰──────────────────────────────────────────────────────────────────────────────╯

[0;0H╭──────────────────────────────────────────────────────────────────────────────╮
│  PufferLib 4.0     🐡             GPU: 0%      VRAM: 0.4/18G      RAM: 0.9G  │
│                                                                              │
│  Summary          Value    Evaluate   257ms  37%    Losses            Value  │
│  Env       osrs_inferno      GPU      213ms  31%    policy            0.005  │
│  Params          752.1K      Env       43ms   6%    value             0.053  │
│  Steps            27.2M    Train      426ms  62%    entropy           0.853  │
│  SPS             237.3K      Misc       0ms   0%    total             0.030  │
│  Epoch              830      Forwa…     0ms   0%    old_kl            0.028  │
│  Uptime    0d 0h 1m 54s                             kl                0.027  │
│  Remaini…  0d 0h 1m 36s                             clipfrac          0.213  │
│                                                     bc                0.000  │
│                                                                              │
│  User Stats                    Value    User Stats                    Value  │
│  episode_return                4.067    damage_dealt                426.582  │
│  damage_received             134.442    episode_length               97.363  │
│  wins                          0.000    wave                         68.000  │
│  idle_ticks                    1.688    brews_used                    5.999  │
│  blood_healed                  0.003    prayer_correct_rate           0.493  │
│  unavoidable_off_praye…        0.026    brews_remaining               6.001  │
│  restores_remaining           10.045    prayer_at_death              91.601  │
│  current_ranged               92.820    current_magic                85.020  │
│  behind_shield_pct             0.292    zuk_hp_remaining            781.401  │
│  min_zuk_hp_seen             777.711    hp_restored                   1.094  │
│  zuk_healer_damage             0.011    deaths_to_jad                 0.057  │
│  episode_return_normal         2.249    wins_normal                   0.000  │
│  min_zuk_hp_normal           972.837    score_normal                  0.189  │
│  zuk_objective_normal          0.189    phase_reached_normal          0.266  │
│  death_tick_normal            54.508    frac_min_hp_le_300_no…        0.000  │
╰──────────────────────────────────────────────────────────────────────────────╯

[0;0H╭──────────────────────────────────────────────────────────────────────────────╮
│  PufferLib 4.0    🐡              GPU: 0%      VRAM: 0.4/18G      RAM: 0.9G  │
│                                                                              │
│  Summary          Value    Evaluate   256ms  37%    Losses            Value  │
│  Env       osrs_inferno      GPU      212ms  31%    policy           -0.004  │
│  Params          752.1K      Env       43ms   6%    value             0.045  │
│  Steps            27.4M    Train      425ms  62%    entropy           0.839  │
│  SPS             238.2K      Misc       0ms   0%    total             0.017  │
│  Epoch              835      Forwa…     0ms   0%    old_kl            0.022  │
│  Uptime    0d 0h 1m 55s                             kl                0.023  │
│  Remaini…  0d 0h 1m 35s                             clipfrac          0.203  │
│                                                     bc                0.000  │
│                                                                              │
│  User Stats                    Value    User Stats                    Value  │
│  episode_return                4.122    damage_dealt                433.073  │
│  damage_received             135.136    episode_length               98.751  │
│  wins                          0.000    wave                         68.000  │
│  idle_ticks                    1.678    brews_used                    6.038  │
│  blood_healed                  0.000    prayer_correct_rate           0.496  │
│  unavoidable_off_praye…        0.028    brews_remaining               5.962  │
│  restores_remaining           10.026    prayer_at_death              91.444  │
│  current_ranged               93.020    current_magic                85.376  │
│  behind_shield_pct             0.295    zuk_hp_remaining            775.895  │
│  min_zuk_hp_seen             771.674    hp_restored                   1.206  │
│  zuk_healer_damage             0.000    deaths_to_jad                 0.067  │
│  episode_return_normal         2.269    wins_normal                   0.000  │
│  min_zuk_hp_normal           970.758    score_normal                  0.191  │
│  zuk_objective_normal          0.191    phase_reached_normal          0.281  │
│  death_tick_normal            54.692    frac_min_hp_le_300_no…        0.000  │
╰──────────────────────────────────────────────────────────────────────────────╯

[0;0H╭──────────────────────────────────────────────────────────────────────────────╮
│  PufferLib 4.0   🐡               GPU: 0%      VRAM: 0.4/18G      RAM: 0.9G  │
│                                                                              │
│  Summary          Value    Evaluate   258ms  37%    Losses            Value  │
│  Env       osrs_inferno      GPU      214ms  31%    policy            0.013  │
│  Params          752.1K      Env       43ms   6%    value             0.048  │
│  Steps            27.5M    Train      422ms  62%    entropy           0.837  │
│  SPS             238.2K      Misc       0ms   0%    total             0.035  │
│  Epoch              840      Forwa…     0ms   0%    old_kl            0.032  │
│  Uptime    0d 0h 1m 55s                             kl                0.029  │
│  Remaini…  0d 0h 1m 34s                             clipfrac          0.196  │
│                                                     bc                0.000  │
│                                                                              │
│  User Stats                    Value    User Stats                    Value  │
│  episode_return                3.991    damage_dealt                418.431  │
│  damage_received             133.429    episode_length               95.540  │
│  wins                          0.000    wave                         68.000  │
│  idle_ticks                    1.512    brews_used                    5.952  │
│  blood_healed                  0.000    prayer_correct_rate           0.483  │
│  unavoidable_off_praye…        0.028    brews_remaining               6.048  │
│  restores_remaining           10.082    prayer_at_death              91.699  │
│  current_ranged               92.589    current_magic                85.085  │
│  behind_shield_pct             0.290    zuk_hp_remaining            790.029  │
│  min_zuk_hp_seen             786.260    hp_restored                   1.060  │
│  zuk_healer_damage             0.011    deaths_to_jad                 0.059  │
│  episode_return_normal         2.293    wins_normal                   0.000  │
│  min_zuk_hp_normal           968.438    score_normal                  0.193  │
│  zuk_objective_normal          0.193    phase_reached_normal          0.285  │
│  death_tick_normal            55.421    frac_min_hp_le_300_no…        0.000  │
╰──────────────────────────────────────────────────────────────────────────────╯

[0;0H╭──────────────────────────────────────────────────────────────────────────────╮
│  PufferLib 4.0  🐡                GPU: 0%      VRAM: 0.4/18G      RAM: 0.9G  │
│                                                                              │
│  Summary          Value    Evaluate   255ms  37%    Losses            Value  │
│  Env       osrs_inferno      GPU      212ms  31%    policy            0.009  │
│  Params          752.1K      Env       43ms   6%    value             0.051  │
│  Steps            27.7M    Train      422ms  62%    entropy           0.840  │
│  SPS             239.2K      Misc       0ms   0%    total             0.034  │
│  Epoch              845      Forwa…     0ms   0%    old_kl            0.031  │
│  Uptime    0d 0h 1m 56s                             kl                0.028  │
│  Remaini…  0d 0h 1m 33s                             clipfrac          0.207  │
│                                                     bc                0.000  │
│                                                                              │
│  User Stats                    Value    User Stats                    Value  │
│  episode_return                3.967    damage_dealt                416.902  │
│  damage_received             132.242    episode_length               95.349  │
│  wins                          0.000    wave                         68.000  │
│  idle_ticks                    1.432    brews_used                    5.858  │
│  blood_healed                  0.000    prayer_correct_rate           0.483  │
│  unavoidable_off_praye…        0.028    brews_remaining               6.142  │
│  restores_remaining           10.103    prayer_at_death              91.357  │
│  current_ranged               92.888    current_magic                85.035  │
│  behind_shield_pct             0.290    zuk_hp_remaining            791.953  │
│  min_zuk_hp_seen             788.324    hp_restored                   1.023  │
│  zuk_healer_damage             0.000    deaths_to_jad                 0.056  │
│  episode_return_normal         2.273    wins_normal                   0.000  │
│  min_zuk_hp_normal           969.845    score_normal                  0.192  │
│  zuk_objective_normal          0.192    phase_reached_normal          0.293  │
│  death_tick_normal            55.390    frac_min_hp_le_300_no…        0.000  │
╰──────────────────────────────────────────────────────────────────────────────╯

[0;0H╭──────────────────────────────────────────────────────────────────────────────╮
│  PufferLib 4.0 🐡                 GPU: 0%      VRAM: 0.4/18G      RAM: 0.9G  │
│                                                                              │
│  Summary          Value    Evaluate   254ms  37%    Losses            Value  │
│  Env       osrs_inferno      GPU      211ms  31%    policy            0.011  │
│  Params          752.1K      Env       43ms   6%    value             0.046  │
│  Steps            27.9M    Train      426ms  62%    entropy           0.794  │
│  SPS             238.5K      Misc       0ms   0%    total             0.033  │
│  Epoch              850      Forwa…     0ms   0%    old_kl            0.026  │
│  Uptime    0d 0h 1m 57s                             kl                0.025  │
│  Remaini…  0d 0h 1m 32s                             clipfrac          0.194  │
│                                                     bc                0.000  │
│                                                                              │
│  User Stats                    Value    User Stats                    Value  │
│  episode_return                4.015    damage_dealt                422.469  │
│  damage_received             134.307    episode_length               96.367  │
│  wins                          0.000    wave                         68.000  │
│  idle_ticks                    1.543    brews_used                    5.995  │
│  blood_healed                  0.000    prayer_correct_rate           0.484  │
│  unavoidable_off_praye…        0.027    brews_remaining               6.005  │
│  restores_remaining           10.027    prayer_at_death              91.932  │
│  current_ranged               93.405    current_magic                85.854  │
│  behind_shield_pct             0.289    zuk_hp_remaining            787.086  │
│  min_zuk_hp_seen             782.918    hp_restored                   1.153  │
│  zuk_healer_damage             0.000    deaths_to_jad                 0.066  │
│  episode_return_normal         2.290    wins_normal                   0.000  │
│  min_zuk_hp_normal           968.379    score_normal                  0.193  │
│  zuk_objective_normal          0.193    phase_reached_normal          0.305  │
│  death_tick_normal            55.542    frac_min_hp_le_300_no…        0.000  │
╰──────────────────────────────────────────────────────────────────────────────╯

[0;0H╭──────────────────────────────────────────────────────────────────────────────╮
│  PufferLib 4.0          🐡        GPU: 0%      VRAM: 0.4/18G      RAM: 0.9G  │
│                                                                              │
│  Summary          Value    Evaluate   256ms  37%    Losses            Value  │
│  Env       osrs_inferno      GPU      212ms  31%    policy            0.013  │
│  Params          752.1K      Env       43ms   6%    value             0.057  │
│  Steps            28.0M    Train      423ms  62%    entropy           0.755  │
│  SPS             238.6K      Misc       0ms   0%    total             0.040  │
│  Epoch              855      Forwa…     0ms   0%    old_kl            0.028  │
│  Uptime    0d 0h 1m 57s                             kl                0.024  │
│  Remaini…  0d 0h 1m 32s                             clipfrac          0.201  │
│                                                     bc                0.000  │
│                                                                              │
│  User Stats                    Value    User Stats                    Value  │
│  episode_return                4.199    damage_dealt                442.799  │
│  damage_received             139.350    episode_length              101.636  │
│  wins                          0.000    wave                         68.000  │
│  idle_ticks                    1.648    brews_used                    6.258  │
│  blood_healed                  0.000    prayer_correct_rate           0.496  │
│  unavoidable_off_praye…        0.029    brews_remaining               5.742  │
│  restores_remaining            9.903    prayer_at_death              92.070  │
│  current_ranged               93.354    current_magic                85.663  │
│  behind_shield_pct             0.292    zuk_hp_remaining            766.300  │
│  min_zuk_hp_seen             762.211    hp_restored                   1.208  │
│  zuk_healer_damage             0.000    deaths_to_jad                 0.070  │
│  episode_return_normal         2.289    wins_normal                   0.000  │
│  min_zuk_hp_normal           968.071    score_normal                  0.193  │
│  zuk_objective_normal          0.193    phase_reached_normal          0.297  │
│  death_tick_normal            56.623    frac_min_hp_le_300_no…        0.000  │
╰──────────────────────────────────────────────────────────────────────────────╯

[0;0H╭──────────────────────────────────────────────────────────────────────────────╮
│  PufferLib 4.0         🐡         GPU: 0%      VRAM: 0.4/18G      RAM: 0.9G  │
│                                                                              │
│  Summary          Value    Evaluate   255ms  37%    Losses            Value  │
│  Env       osrs_inferno      GPU      212ms  31%    policy            0.029  │
│  Params          752.1K      Env       43ms   6%    value             0.080  │
│  Steps            28.2M    Train      424ms  62%    entropy           0.763  │
│  SPS             238.2K      Misc       0ms   0%    total             0.068  │
│  Epoch              860      Forwa…     0ms   0%    old_kl            0.031  │
│  Uptime    0d 0h 1m 58s                             kl                0.031  │
│  Remaini…  0d 0h 1m 31s                             clipfrac          0.207  │
│                                                     bc                0.000  │
│                                                                              │
│  User Stats                    Value    User Stats                    Value  │
│  episode_return                4.053    damage_dealt                428.991  │
│  damage_received             135.564    episode_length              101.318  │
│  wins                          0.000    wave                         68.000  │
│  idle_ticks                    1.676    brews_used                    6.103  │
│  blood_healed                  0.000    prayer_correct_rate           0.499  │
│  unavoidable_off_praye…        0.026    brews_remaining               5.897  │
│  restores_remaining            9.955    prayer_at_death              91.745  │
│  current_ranged               93.762    current_magic                85.539  │
│  behind_shield_pct             0.293    zuk_hp_remaining            779.323  │
│  min_zuk_hp_seen             775.922    hp_restored                   1.039  │
│  zuk_healer_damage             0.000    deaths_to_jad                 0.057  │
│  episode_return_normal         2.195    wins_normal                   0.000  │
│  min_zuk_hp_normal           977.485    score_normal                  0.185  │
│  zuk_objective_normal          0.185    phase_reached_normal          0.272  │
│  death_tick_normal            55.400    frac_min_hp_le_300_no…        0.000  │
╰──────────────────────────────────────────────────────────────────────────────╯

[0;0H╭──────────────────────────────────────────────────────────────────────────────╮
│  PufferLib 4.0        🐡          GPU: 0%      VRAM: 0.4/18G      RAM: 0.9G  │
│                                                                              │
│  Summary          Value    Evaluate   255ms  37%    Losses            Value  │
│  Env       osrs_inferno      GPU      212ms  31%    policy            0.000  │
│  Params          752.1K      Env       43ms   6%    value             0.063  │
│  Steps            28.3M    Train      423ms  62%    entropy           0.732  │
│  SPS             238.9K      Misc       0ms   0%    total             0.031  │
│  Epoch              865      Forwa…     0ms   0%    old_kl            0.029  │
│  Uptime    0d 0h 1m 59s                             kl                0.027  │
│  Remaini…  0d 0h 1m 30s                             clipfrac          0.195  │
│                                                     bc                0.000  │
│                                                                              │
│  User Stats                    Value    User Stats                    Value  │
│  episode_return                4.171    damage_dealt                440.469  │
│  damage_received             142.546    episode_length              102.850  │
│  wins                          0.000    wave                         68.000  │
│  idle_ticks                    1.839    brews_used                    6.566  │
│  blood_healed                  0.000    prayer_correct_rate           0.494  │
│  unavoidable_off_praye…        0.026    brews_remaining               5.434  │
│  restores_remaining            9.758    prayer_at_death              92.536  │
│  current_ranged               93.628    current_magic                85.788  │
│  behind_shield_pct             0.286    zuk_hp_remaining            766.664  │
│  min_zuk_hp_seen             763.832    hp_restored                   0.996  │
│  zuk_healer_damage             0.000    deaths_to_jad                 0.056  │
│  episode_return_normal         2.293    wins_normal                   0.000  │
│  min_zuk_hp_normal           967.511    score_normal                  0.194  │
│  zuk_objective_normal          0.194    phase_reached_normal          0.306  │
│  death_tick_normal            57.475    frac_min_hp_le_300_no…        0.000  │
╰──────────────────────────────────────────────────────────────────────────────╯

[0;0H╭──────────────────────────────────────────────────────────────────────────────╮
│  PufferLib 4.0       🐡           GPU: 0%      VRAM: 0.4/18G      RAM: 0.9G  │
│                                                                              │
│  Summary          Value    Evaluate   256ms  37%    Losses            Value  │
│  Env       osrs_inferno      GPU      212ms  31%    policy            0.018  │
│  Params          752.1K      Env       43ms   6%    value             0.061  │
│  Steps            28.5M    Train      424ms  62%    entropy           0.719  │
│  SPS             238.1K      Misc       0ms   0%    total             0.047  │
│  Epoch              870      Forwa…     0ms   0%    old_kl            0.032  │
│  Uptime    0d 0h 1m 59s                             kl                0.032  │
│  Remaini…  0d 0h 1m 30s                             clipfrac          0.207  │
│                                                     bc                0.000  │
│                                                                              │
│  User Stats                    Value    User Stats                    Value  │
│  episode_return                4.136    damage_dealt                437.275  │
│  damage_received             144.253    episode_length              103.051  │
│  wins                          0.000    wave                         68.000  │
│  idle_ticks                    1.785    brews_used                    6.636  │
│  blood_healed                  0.007    prayer_correct_rate           0.497  │
│  unavoidable_off_praye…        0.026    brews_remaining               5.364  │
│  restores_remaining            9.812    prayer_at_death              92.368  │
│  current_ranged               92.541    current_magic                84.601  │
│  behind_shield_pct             0.280    zuk_hp_remaining            769.341  │
│  min_zuk_hp_seen             767.106    hp_restored                   0.846  │
│  zuk_healer_damage             0.025    deaths_to_jad                 0.052  │
│  episode_return_normal         2.237    wins_normal                   0.000  │
│  min_zuk_hp_normal           972.752    score_normal                  0.189  │
│  zuk_objective_normal          0.189    phase_reached_normal          0.302  │
│  death_tick_normal            57.248    frac_min_hp_le_300_no…        0.000  │
╰──────────────────────────────────────────────────────────────────────────────╯

[0;0H╭──────────────────────────────────────────────────────────────────────────────╮
│  PufferLib 4.0      🐡            GPU: 0%      VRAM: 0.4/18G      RAM: 0.9G  │
│                                                                              │
│  Summary          Value    Evaluate   257ms  37%    Losses            Value  │
│  Env       osrs_inferno      GPU      213ms  31%    policy            0.007  │
│  Params          752.1K      Env       43ms   6%    value             0.061  │
│  Steps            28.7M    Train      425ms  62%    entropy           0.676  │
│  SPS             237.7K      Misc       0ms   0%    total             0.037  │
│  Epoch              875      Forwa…     0ms   0%    old_kl            0.029  │
│  Uptime     0d 0h 2m 0s                             kl                0.027  │
│  Remaini…  0d 0h 1m 29s                             clipfrac          0.191  │
│                                                     bc                0.000  │
│                                                                              │
│  User Stats                    Value    User Stats                    Value  │
│  episode_return                4.155    damage_dealt                440.748  │
│  damage_received             141.915    episode_length              103.615  │
│  wins                          0.000    wave                         68.000  │
│  idle_ticks                    1.867    brews_used                    6.601  │
│  blood_healed                  0.000    prayer_correct_rate           0.501  │
│  unavoidable_off_praye…        0.028    brews_remaining               5.399  │
│  restores_remaining            9.756    prayer_at_death              92.586  │
│  current_ranged               93.475    current_magic                85.636  │
│  behind_shield_pct             0.278    zuk_hp_remaining            767.825  │
│  min_zuk_hp_seen             764.568    hp_restored                   1.159  │
│  zuk_healer_damage             0.029    deaths_to_jad                 0.052  │
│  episode_return_normal         2.146    wins_normal                   0.000  │
│  min_zuk_hp_normal           982.080    score_normal                  0.182  │
│  zuk_objective_normal          0.182    phase_reached_normal          0.265  │
│  death_tick_normal            56.572    frac_min_hp_le_300_no…        0.000  │
╰──────────────────────────────────────────────────────────────────────────────╯

[0;0H╭──────────────────────────────────────────────────────────────────────────────╮
│  PufferLib 4.0     🐡             GPU: 0%      VRAM: 0.4/18G      RAM: 0.9G  │
│                                                                              │
│  Summary          Value    Evaluate   254ms  37%    Losses            Value  │
│  Env       osrs_inferno      GPU      211ms  31%    policy            0.003  │
│  Params          752.1K      Env       42ms   6%    value             0.063  │
│  Steps            28.8M    Train      423ms  62%    entropy           0.667  │
│  SPS             239.2K      Misc       0ms   0%    total             0.034  │
│  Epoch              880      Forwa…     0ms   0%    old_kl            0.035  │
│  Uptime     0d 0h 2m 1s                             kl                0.033  │
│  Remaini…  0d 0h 1m 28s                             clipfrac          0.192  │
│                                                     bc                0.000  │
│                                                                              │
│  User Stats                    Value    User Stats                    Value  │
│  episode_return                4.159    damage_dealt                442.146  │
│  damage_received             141.725    episode_length              103.578  │
│  wins                          0.000    wave                         68.000  │
│  idle_ticks                    1.845    brews_used                    6.598  │
│  blood_healed                  0.005    prayer_correct_rate           0.505  │
│  unavoidable_off_praye…        0.029    brews_remaining               5.402  │
│  restores_remaining            9.718    prayer_at_death              92.595  │
│  current_ranged               93.156    current_magic                85.630  │
│  behind_shield_pct             0.270    zuk_hp_remaining            767.295  │
│  min_zuk_hp_seen             763.934    hp_restored                   1.340  │
│  zuk_healer_damage             0.037    deaths_to_jad                 0.039  │
│  episode_return_normal         2.110    wins_normal                   0.000  │
│  min_zuk_hp_normal           985.506    score_normal                  0.179  │
│  zuk_objective_normal          0.179    phase_reached_normal          0.250  │
│  death_tick_normal            56.093    frac_min_hp_le_300_no…        0.000  │
╰──────────────────────────────────────────────────────────────────────────────╯

[0;0H╭──────────────────────────────────────────────────────────────────────────────╮
│  PufferLib 4.0    🐡              GPU: 0%      VRAM: 0.4/18G      RAM: 0.9G  │
│                                                                              │
│  Summary          Value    Evaluate   255ms  37%    Losses            Value  │
│  Env       osrs_inferno      GPU      211ms  30%    policy            0.007  │
│  Params          752.1K      Env       44ms   6%    value             0.064  │
│  Steps            29.0M    Train      425ms  62%    entropy           0.660  │
│  SPS             238.1K      Misc       0ms   0%    total             0.037  │
│  Epoch              885      Forwa…     0ms   0%    old_kl            0.034  │
│  Uptime     0d 0h 2m 1s                             kl                0.033  │
│  Remaini…  0d 0h 1m 28s                             clipfrac          0.198  │
│                                                     bc                0.000  │
│                                                                              │
│  User Stats                    Value    User Stats                    Value  │
│  episode_return                4.150    damage_dealt                440.762  │
│  damage_received             138.848    episode_length              102.439  │
│  wins                          0.000    wave                         68.000  │
│  idle_ticks                    1.838    brews_used                    6.439  │
│  blood_healed                  0.018    prayer_correct_rate           0.501  │
│  unavoidable_off_praye…        0.028    brews_remaining               5.561  │
│  restores_remaining            9.766    prayer_at_death              92.444  │
│  current_ranged               93.599    current_magic                86.392  │
│  behind_shield_pct             0.272    zuk_hp_remaining            767.996  │
│  min_zuk_hp_seen             764.750    hp_restored                   1.543  │
│  zuk_healer_damage             0.030    deaths_to_jad                 0.043  │
│  episode_return_normal         2.206    wins_normal                   0.000  │
│  min_zuk_hp_normal           975.892    score_normal                  0.187  │
│  zuk_objective_normal          0.187    phase_reached_normal          0.284  │
│  death_tick_normal            56.164    frac_min_hp_le_300_no…        0.000  │
╰──────────────────────────────────────────────────────────────────────────────╯

[0;0H╭──────────────────────────────────────────────────────────────────────────────╮
│  PufferLib 4.0   🐡               GPU: 0%      VRAM: 0.4/18G      RAM: 0.9G  │
│                                                                              │
│  Summary          Value    Evaluate   255ms  37%    Losses            Value  │
│  Env       osrs_inferno      GPU      211ms  31%    policy            0.018  │
│  Params          752.1K      Env       43ms   6%    value             0.067  │
│  Steps            29.2M    Train      425ms  62%    entropy           0.635  │
│  SPS             238.3K      Misc       0ms   0%    total             0.051  │
│  Epoch              890      Forwa…     0ms   0%    old_kl            0.032  │
│  Uptime     0d 0h 2m 2s                             kl                0.031  │
│  Remaini…  0d 0h 1m 27s                             clipfrac          0.186  │
│                                                     bc                0.000  │
│                                                                              │
│  User Stats                    Value    User Stats                    Value  │
│  episode_return                4.063    damage_dealt                431.534  │
│  damage_received             135.927    episode_length              101.121  │
│  wins                          0.000    wave                         68.000  │
│  idle_ticks                    1.694    brews_used                    6.363  │
│  blood_healed                  0.014    prayer_correct_rate           0.505  │
│  unavoidable_off_praye…        0.027    brews_remaining               5.637  │
│  restores_remaining            9.784    prayer_at_death              92.543  │
│  current_ranged               94.744    current_magic                87.484  │
│  behind_shield_pct             0.276    zuk_hp_remaining            776.966  │
│  min_zuk_hp_seen             774.076    hp_restored                   0.986  │
│  zuk_healer_damage             0.069    deaths_to_jad                 0.041  │
│  episode_return_normal         2.217    wins_normal                   0.000  │
│  min_zuk_hp_normal           974.490    score_normal                  0.188  │
│  zuk_objective_normal          0.188    phase_reached_normal          0.289  │
│  death_tick_normal            55.292    frac_min_hp_le_300_no…        0.000  │
╰──────────────────────────────────────────────────────────────────────────────╯

[0;0H╭──────────────────────────────────────────────────────────────────────────────╮
│  PufferLib 4.0  🐡                GPU: 0%      VRAM: 0.4/18G      RAM: 0.9G  │
│                                                                              │
│  Summary          Value    Evaluate   256ms  37%    Losses            Value  │
│  Env       osrs_inferno      GPU      212ms  31%    policy            0.031  │
│  Params          752.1K      Env       43ms   6%    value             0.068  │
│  Steps            29.3M    Train      424ms  62%    entropy           0.668  │
│  SPS             237.9K      Misc       0ms   0%    total             0.064  │
│  Epoch              895      Forwa…     0ms   0%    old_kl            0.037  │
│  Uptime     0d 0h 2m 3s                             kl                0.034  │
│  Remaini…  0d 0h 1m 26s                             clipfrac          0.193  │
│                                                     bc                0.000  │
│                                                                              │
│  User Stats                    Value    User Stats                    Value  │
│  episode_return                4.211    damage_dealt                447.699  │
│  damage_received             144.343    episode_length              105.110  │
│  wins                          0.000    wave                         68.000  │
│  idle_ticks                    1.907    brews_used                    6.738  │
│  blood_healed                  0.016    prayer_correct_rate           0.505  │
│  unavoidable_off_praye…        0.026    brews_remaining               5.262  │
│  restores_remaining            9.667    prayer_at_death              92.399  │
│  current_ranged               92.602    current_magic                85.649  │
│  behind_shield_pct             0.275    zuk_hp_remaining            760.872  │
│  min_zuk_hp_seen             756.768    hp_restored                   2.506  │
│  zuk_healer_damage             0.096    deaths_to_jad                 0.043  │
│  episode_return_normal         2.280    wins_normal                   0.000  │
│  min_zuk_hp_normal           968.435    score_normal                  0.193  │
│  zuk_objective_normal          0.193    phase_reached_normal          0.317  │
│  death_tick_normal            57.034    frac_min_hp_le_300_no…        0.000  │
╰──────────────────────────────────────────────────────────────────────────────╯

[0;0H╭──────────────────────────────────────────────────────────────────────────────╮
│  PufferLib 4.0 🐡                 GPU: 0%      VRAM: 0.4/18G      RAM: 0.9G  │
│                                                                              │
│  Summary          Value    Evaluate   257ms  37%    Losses            Value  │
│  Env       osrs_inferno      GPU      213ms  31%    policy           -0.016  │
│  Params          752.1K      Env       43ms   6%    value             0.088  │
│  Steps            29.5M    Train      423ms  62%    entropy           0.607  │
│  SPS             238.4K      Misc       0ms   0%    total             0.027  │
│  Epoch              900      Forwa…     0ms   0%    old_kl            0.027  │
│  Uptime     0d 0h 2m 3s                             kl                0.026  │
│  Remaini…  0d 0h 1m 26s                             clipfrac          0.180  │
│                                                     bc                0.000  │
│                                                                              │
│  User Stats                    Value    User Stats                    Value  │
│  episode_return                4.067    damage_dealt                431.627  │
│  damage_received             130.684    episode_length              100.979  │
│  wins                          0.000    wave                         68.000  │
│  idle_ticks                    1.623    brews_used                    6.173  │
│  blood_healed                  0.006    prayer_correct_rate           0.516  │
│  unavoidable_off_praye…        0.024    brews_remaining               5.827  │
│  restores_remaining            9.922    prayer_at_death              92.317  │
│  current_ranged               94.233    current_magic                86.400  │
│  behind_shield_pct             0.283    zuk_hp_remaining            775.802  │
│  min_zuk_hp_seen             772.924    hp_restored                   1.399  │
│  zuk_healer_damage             0.039    deaths_to_jad                 0.043  │
│  episode_return_normal         2.038    wins_normal                   0.000  │
│  min_zuk_hp_normal           993.098    score_normal                  0.172  │
│  zuk_objective_normal          0.172    phase_reached_normal          0.262  │
│  death_tick_normal            51.582    frac_min_hp_le_300_no…        0.000  │
╰──────────────────────────────────────────────────────────────────────────────╯

[0;0H╭──────────────────────────────────────────────────────────────────────────────╮
│  PufferLib 4.0          🐡        GPU: 0%      VRAM: 0.4/18G      RAM: 0.9G  │
│                                                                              │
│  Summary          Value    Evaluate   255ms  37%    Losses            Value  │
│  Env       osrs_inferno      GPU      211ms  31%    policy            0.003  │
│  Params          752.1K      Env       43ms   6%    value             0.065  │
│  Steps            29.7M    Train      426ms  62%    entropy           0.604  │
│  SPS             237.7K      Misc       0ms   0%    total             0.035  │
│  Epoch              905      Forwa…     0ms   0%    old_kl            0.030  │
│  Uptime     0d 0h 2m 4s                             kl                0.027  │
│  Remaini…  0d 0h 1m 25s                             clipfrac          0.182  │
│                                                     bc                0.000  │
│                                                                              │
│  User Stats                    Value    User Stats                    Value  │
│  episode_return                4.121    damage_dealt                436.942  │
│  damage_received             134.565    episode_length              102.296  │
│  wins                          0.000    wave                         68.000  │
│  idle_ticks                    1.717    brews_used                    6.366  │
│  blood_healed                  0.003    prayer_correct_rate           0.514  │
│  unavoidable_off_praye…        0.023    brews_remaining               5.634  │
│  restores_remaining            9.864    prayer_at_death              92.095  │
│  current_ranged               93.778    current_magic                86.119  │
│  behind_shield_pct             0.282    zuk_hp_remaining            770.382  │
│  min_zuk_hp_seen             767.467    hp_restored                   1.295  │
│  zuk_healer_damage             0.060    deaths_to_jad                 0.047  │
│  episode_return_normal         2.083    wins_normal                   0.000  │
│  min_zuk_hp_normal           988.643    score_normal                  0.176  │
│  zuk_objective_normal          0.176    phase_reached_normal          0.260  │
│  death_tick_normal            53.289    frac_min_hp_le_300_no…        0.000  │
╰──────────────────────────────────────────────────────────────────────────────╯

[0;0H╭──────────────────────────────────────────────────────────────────────────────╮
│  PufferLib 4.0         🐡         GPU: 0%      VRAM: 0.4/18G      RAM: 0.9G  │
│                                                                              │
│  Summary          Value    Evaluate   256ms  37%    Losses            Value  │
│  Env       osrs_inferno      GPU      211ms  31%    policy            0.008  │
│  Params          752.1K      Env       43ms   6%    value             0.069  │
│  Steps            29.8M    Train      425ms  62%    entropy           0.555  │
│  SPS             237.9K      Misc       0ms   0%    total             0.041  │
│  Epoch              910      Forwa…     0ms   0%    old_kl            0.032  │
│  Uptime     0d 0h 2m 5s                             kl                0.031  │
│  Remaini…  0d 0h 1m 24s                             clipfrac          0.175  │
│                                                     bc                0.000  │
│                                                                              │
│  User Stats                    Value    User Stats                    Value  │
│  episode_return                3.990    damage_dealt                421.942  │
│  damage_received             126.724    episode_length               98.822  │
│  wins                          0.000    wave                         68.000  │
│  idle_ticks                    1.443    brews_used                    5.994  │
│  blood_healed                  0.000    prayer_correct_rate           0.515  │
│  unavoidable_off_praye…        0.016    brews_remaining               6.006  │
│  restores_remaining           10.011    prayer_at_death              92.052  │
│  current_ranged               95.391    current_magic                87.577  │
│  behind_shield_pct             0.292    zuk_hp_remaining            782.382  │
│  min_zuk_hp_seen             781.920    hp_restored                   0.203  │
│  zuk_healer_damage             0.000    deaths_to_jad                 0.013  │
│  episode_return_normal         2.065    wins_normal                   0.000  │
│  min_zuk_hp_normal           990.227    score_normal                  0.175  │
│  zuk_objective_normal          0.175    phase_reached_normal          0.257  │
│  death_tick_normal            50.936    frac_min_hp_le_300_no…        0.000  │
╰──────────────────────────────────────────────────────────────────────────────╯

[0;0H╭──────────────────────────────────────────────────────────────────────────────╮
│  PufferLib 4.0        🐡          GPU: 0%      VRAM: 0.4/18G      RAM: 0.9G  │
│                                                                              │
│  Summary          Value    Evaluate   254ms  37%    Losses            Value  │
│  Env       osrs_inferno      GPU      211ms  31%    policy            0.025  │
│  Params          752.1K      Env       43ms   6%    value             0.060  │
│  Steps            30.0M    Train      424ms  62%    entropy           0.547  │
│  SPS             238.9K      Misc       0ms   0%    total             0.054  │
│  Epoch              915      Forwa…     0ms   0%    old_kl            0.034  │
│  Uptime     0d 0h 2m 6s                             kl                0.033  │
│  Remaini…  0d 0h 1m 23s                             clipfrac          0.178  │
│                                                     bc                0.000  │
│                                                                              │
│  User Stats                    Value    User Stats                    Value  │
│  episode_return                4.144    damage_dealt                439.017  │
│  damage_received             133.474    episode_length              103.078  │
│  wins                          0.000    wave                         68.000  │
│  idle_ticks                    1.582    brews_used                    6.253  │
│  blood_healed                  0.000    prayer_correct_rate           0.524  │
│  unavoidable_off_praye…        0.017    brews_remaining               5.747  │
│  restores_remaining            9.888    prayer_at_death              91.825  │
│  current_ranged               95.824    current_magic                88.014  │
│  behind_shield_pct             0.294    zuk_hp_remaining            765.369  │
│  min_zuk_hp_seen             765.123    hp_restored                   0.378  │
│  zuk_healer_damage             0.000    deaths_to_jad                 0.013  │
│  episode_return_normal         2.028    wins_normal                   0.000  │
│  min_zuk_hp_normal           993.359    score_normal                  0.172  │
│  zuk_objective_normal          0.172    phase_reached_normal          0.243  │
│  death_tick_normal            51.692    frac_min_hp_le_300_no…        0.000  │
╰──────────────────────────────────────────────────────────────────────────────╯

[0;0H╭──────────────────────────────────────────────────────────────────────────────╮
│  PufferLib 4.0       🐡           GPU: 0%      VRAM: 0.4/18G      RAM: 0.9G  │
│                                                                              │
│  Summary          Value    Evaluate   254ms  37%    Losses            Value  │
│  Env       osrs_inferno      GPU      210ms  30%    policy            0.007  │
│  Params          752.1K      Env       44ms   6%    value             0.054  │
│  Steps            30.1M    Train      424ms  62%    entropy           0.558  │
│  SPS             239.0K      Misc       0ms   0%    total             0.033  │
│  Epoch              920      Forwa…     0ms   0%    old_kl            0.032  │
│  Uptime     0d 0h 2m 6s                             kl                0.029  │
│  Remaini…  0d 0h 1m 23s                             clipfrac          0.175  │
│                                                     bc                0.000  │
│                                                                              │
│  User Stats                    Value    User Stats                    Value  │
│  episode_return                4.238    damage_dealt                449.746  │
│  damage_received             140.622    episode_length              103.888  │
│  wins                          0.000    wave                         68.000  │
│  idle_ticks                    1.855    brews_used                    6.512  │
│  blood_healed                  0.000    prayer_correct_rate           0.526  │
│  unavoidable_off_praye…        0.019    brews_remaining               5.488  │
│  restores_remaining            9.819    prayer_at_death              91.798  │
│  current_ranged               95.372    current_magic                87.440  │
│  behind_shield_pct             0.280    zuk_hp_remaining            758.416  │
│  min_zuk_hp_seen             756.375    hp_restored                   0.859  │
│  zuk_healer_damage             0.007    deaths_to_jad                 0.033  │
│  episode_return_normal         2.161    wins_normal                   0.000  │
│  min_zuk_hp_normal           980.533    score_normal                  0.183  │
│  zuk_objective_normal          0.183    phase_reached_normal          0.252  │
│  death_tick_normal            53.455    frac_min_hp_le_300_no…        0.000  │
╰──────────────────────────────────────────────────────────────────────────────╯

[0;0H╭──────────────────────────────────────────────────────────────────────────────╮
│  PufferLib 4.0      🐡            GPU: 0%      VRAM: 0.4/18G      RAM: 0.9G  │
│                                                                              │
│  Summary          Value    Evaluate   260ms  37%    Losses            Value  │
│  Env       osrs_inferno      GPU      213ms  31%    policy            0.021  │
│  Params          752.1K      Env       46ms   6%    value             0.058  │
│  Steps            30.3M    Train      424ms  62%    entropy           0.564  │
│  SPS             237.0K      Misc       0ms   0%    total             0.050  │
│  Epoch              925      Forwa…     0ms   0%    old_kl            0.030  │
│  Uptime     0d 0h 2m 7s                             kl                0.068  │
│  Remaini…  0d 0h 1m 23s                             clipfrac          0.182  │
│                                                     bc                0.000  │
│                                                                              │
│  User Stats                    Value    User Stats                    Value  │
│  episode_return                4.557    damage_dealt                487.017  │
│  damage_received             152.010    episode_length              110.815  │
│  wins                          0.000    wave                         68.000  │
│  idle_ticks                    2.085    brews_used                    6.968  │
│  blood_healed                  0.000    prayer_correct_rate           0.527  │
│  unavoidable_off_praye…        0.029    brews_remaining               5.032  │
│  restores_remaining            9.654    prayer_at_death              91.525  │
│  current_ranged               94.274    current_magic                86.808  │
│  behind_shield_pct             0.282    zuk_hp_remaining            727.761  │
│  min_zuk_hp_seen             722.858    hp_restored                   1.783  │
│  zuk_healer_damage             0.007    deaths_to_jad                 0.081  │
│  episode_return_normal         2.278    wins_normal                   0.000  │
│  min_zuk_hp_normal           968.966    score_normal                  0.193  │
│  zuk_objective_normal          0.193    phase_reached_normal          0.269  │
│  death_tick_normal            57.135    frac_min_hp_le_300_no…        0.000  │
╰──────────────────────────────────────────────────────────────────────────────╯

[0;0H╭──────────────────────────────────────────────────────────────────────────────╮
│  PufferLib 4.0     🐡             GPU: 0%      VRAM: 0.4/18G      RAM: 0.9G  │
│                                                                              │
│  Summary          Value    Evaluate   257ms  37%    Losses            Value  │
│  Env       osrs_inferno      GPU      214ms  31%    policy            0.009  │
│  Params          752.1K      Env       43ms   6%    value             0.059  │
│  Steps            30.5M    Train      426ms  62%    entropy           0.587  │
│  SPS             237.0K      Misc       0ms   0%    total             0.037  │
│  Epoch              930      Forwa…     0ms   0%    old_kl            0.034  │
│  Uptime     0d 0h 2m 8s                             kl                0.031  │
│  Remaini…  0d 0h 1m 22s                             clipfrac          0.179  │
│                                                     bc                0.000  │
│                                                                              │
│  User Stats                    Value    User Stats                    Value  │
│  episode_return                4.383    damage_dealt                470.567  │
│  damage_received             153.913    episode_length              108.740  │
│  wins                          0.000    wave                         68.000  │
│  idle_ticks                    1.910    brews_used                    6.934  │
│  blood_healed                  0.000    prayer_correct_rate           0.513  │
│  unavoidable_off_praye…        0.029    brews_remaining               5.066  │
│  restores_remaining            9.659    prayer_at_death              91.754  │
│  current_ranged               93.541    current_magic                86.617  │
│  behind_shield_pct             0.266    zuk_hp_remaining            746.746  │
│  min_zuk_hp_seen             740.597    hp_restored                   1.931  │
│  zuk_healer_damage             0.000    deaths_to_jad                 0.101  │
│  episode_return_normal         2.263    wins_normal                   0.000  │
│  min_zuk_hp_normal           969.261    score_normal                  0.192  │
│  zuk_objective_normal          0.192    phase_reached_normal          0.240  │
│  death_tick_normal            59.878    frac_min_hp_le_300_no…        0.000  │
╰──────────────────────────────────────────────────────────────────────────────╯

[0;0H╭──────────────────────────────────────────────────────────────────────────────╮
│  PufferLib 4.0    🐡              GPU: 0%      VRAM: 0.4/18G      RAM: 0.9G  │
│                                                                              │
│  Summary          Value    Evaluate   258ms  37%    Losses            Value  │
│  Env       osrs_inferno      GPU      214ms  31%    policy            0.010  │
│  Params          752.1K      Env       43ms   6%    value             0.055  │
│  Steps            30.6M    Train      432ms  62%    entropy           0.576  │
│  SPS             234.8K      Misc       0ms   0%    total             0.036  │
│  Epoch              935      Forwa…     0ms   0%    old_kl            0.032  │
│  Uptime     0d 0h 2m 8s                             kl                0.030  │
│  Remaini…  0d 0h 1m 22s                             clipfrac          0.172  │
│                                                     bc                0.000  │
│                                                                              │
│  User Stats                    Value    User Stats                    Value  │
│  episode_return                4.569    damage_dealt                490.915  │
│  damage_received             157.912    episode_length              112.774  │
│  wins                          0.000    wave                         68.000  │
│  idle_ticks                    1.998    brews_used                    7.142  │
│  blood_healed                  0.000    prayer_correct_rate           0.520  │
│  unavoidable_off_praye…        0.030    brews_remaining               4.858  │
│  restores_remaining            9.609    prayer_at_death              91.296  │
│  current_ranged               92.615    current_magic                85.936  │
│  behind_shield_pct             0.271    zuk_hp_remaining            728.228  │
│  min_zuk_hp_seen             721.129    hp_restored                   2.174  │
│  zuk_healer_damage             0.000    deaths_to_jad                 0.109  │
│  episode_return_normal         2.349    wins_normal                   0.000  │
│  min_zuk_hp_normal           961.063    score_normal                  0.199  │
│  zuk_objective_normal          0.199    phase_reached_normal          0.239  │
│  death_tick_normal            61.786    frac_min_hp_le_300_no…        0.000  │
╰──────────────────────────────────────────────────────────────────────────────╯

[0;0H╭──────────────────────────────────────────────────────────────────────────────╮
│  PufferLib 4.0   🐡               GPU: 0%      VRAM: 0.4/18G      RAM: 0.9G  │
│                                                                              │
│  Summary          Value    Evaluate   259ms  37%    Losses            Value  │
│  Env       osrs_inferno      GPU      216ms  31%    policy           -0.003  │
│  Params          752.1K      Env       43ms   6%    value             0.038  │
│  Steps            30.8M    Train      435ms  62%    entropy           0.531  │
│  SPS             233.4K      Misc       0ms   0%    total             0.016  │
│  Epoch              940      Forwa…     0ms   0%    old_kl            0.026  │
│  Uptime     0d 0h 2m 9s                             kl                0.023  │
│  Remaini…  0d 0h 1m 22s                             clipfrac          0.154  │
│                                                     bc                0.000  │
│                                                                              │
│  User Stats                    Value    User Stats                    Value  │
│  episode_return                4.702    damage_dealt                510.364  │
│  damage_received             156.664    episode_length              114.346  │
│  wins                          0.000    wave                         68.000  │
│  idle_ticks                    2.128    brews_used                    7.104  │
│  blood_healed                  0.000    prayer_correct_rate           0.520  │
│  unavoidable_off_praye…        0.042    brews_remaining               4.896  │
│  restores_remaining            9.481    prayer_at_death              92.535  │
│  current_ranged               93.138    current_magic                87.150  │
│  behind_shield_pct             0.273    zuk_hp_remaining            718.521  │
│  min_zuk_hp_seen             706.609    hp_restored                   3.541  │
│  zuk_healer_damage             0.000    deaths_to_jad                 0.183  │
│  episode_return_normal         2.228    wins_normal                   0.000  │
│  min_zuk_hp_normal           974.186    score_normal                  0.188  │
│  zuk_objective_normal          0.188    phase_reached_normal          0.184  │
│  death_tick_normal            60.438    frac_min_hp_le_300_no…        0.000  │
╰──────────────────────────────────────────────────────────────────────────────╯

[0;0H╭──────────────────────────────────────────────────────────────────────────────╮
│  PufferLib 4.0  🐡                GPU: 0%      VRAM: 0.4/18G      RAM: 0.9G  │
│                                                                              │
│  Summary          Value    Evaluate   262ms  37%    Losses            Value  │
│  Env       osrs_inferno      GPU      218ms  31%    policy            0.002  │
│  Params          752.1K      Env       43ms   6%    value             0.040  │
│  Steps            31.0M    Train      433ms  62%    entropy           0.561  │
│  SPS             233.2K      Misc       0ms   0%    total             0.022  │
│  Epoch              945      Forwa…     0ms   0%    old_kl            0.025  │
│  Uptime    0d 0h 2m 10s                             kl                0.027  │
│  Remaini…  0d 0h 1m 21s                             clipfrac          0.170  │
│                                                     bc                0.000  │
│                                                                              │
│  User Stats                    Value    User Stats                    Value  │
│  episode_return                4.598    damage_dealt                500.256  │
│  damage_received             154.034    episode_length              112.122  │
│  wins                          0.000    wave                         68.000  │
│  idle_ticks                    2.023    brews_used                    6.930  │
│  blood_healed                  0.000    prayer_correct_rate           0.513  │
│  unavoidable_off_praye…        0.045    brews_remaining               5.070  │
│  restores_remaining            9.515    prayer_at_death              92.930  │
│  current_ranged               93.201    current_magic                87.362  │
│  behind_shield_pct             0.269    zuk_hp_remaining            730.131  │
│  min_zuk_hp_seen             717.451    hp_restored                   3.630  │
│  zuk_healer_damage             0.000    deaths_to_jad                 0.202  │
│  episode_return_normal         2.168    wins_normal                   0.000  │
│  min_zuk_hp_normal           980.169    score_normal                  0.183  │
│  zuk_objective_normal          0.183    phase_reached_normal          0.164  │
│  death_tick_normal            59.865    frac_min_hp_le_300_no…        0.000  │
╰──────────────────────────────────────────────────────────────────────────────╯

[0;0H╭──────────────────────────────────────────────────────────────────────────────╮
│  PufferLib 4.0 🐡                 GPU: 0%      VRAM: 0.4/18G      RAM: 0.9G  │
│                                                                              │
│  Summary          Value    Evaluate   259ms  37%    Losses            Value  │
│  Env       osrs_inferno      GPU      216ms  30%    policy            0.026  │
│  Params          752.1K      Env       43ms   6%    value             0.043  │
│  Steps            31.1M    Train      437ms  62%    entropy           0.563  │
│  SPS             232.7K      Misc       0ms   0%    total             0.046  │
│  Epoch              950      Forwa…     0ms   0%    old_kl            0.025  │
│  Uptime    0d 0h 2m 10s                             kl                0.024  │
│  Remaini…  0d 0h 1m 21s                             clipfrac          0.171  │
│                                                     bc                0.000  │
│                                                                              │
│  User Stats                    Value    User Stats                    Value  │
│  episode_return                4.714    damage_dealt                511.737  │
│  damage_received             156.693    episode_length              113.597  │
│  wins                          0.000    wave                         68.000  │
│  idle_ticks                    2.163    brews_used                    7.128  │
│  blood_healed                  0.000    prayer_correct_rate           0.514  │
│  unavoidable_off_praye…        0.043    brews_remaining               4.872  │
│  restores_remaining            9.502    prayer_at_death              92.870  │
│  current_ranged               92.610    current_magic                87.033  │
│  behind_shield_pct             0.273    zuk_hp_remaining            717.634  │
│  min_zuk_hp_seen             705.733    hp_restored                   3.552  │
│  zuk_healer_damage             0.005    deaths_to_jad                 0.191  │
│  episode_return_normal         2.307    wins_normal                   0.000  │
│  min_zuk_hp_normal           966.274    score_normal                  0.195  │
│  zuk_objective_normal          0.195    phase_reached_normal          0.213  │
│  death_tick_normal            60.937    frac_min_hp_le_300_no…        0.000  │
╰──────────────────────────────────────────────────────────────────────────────╯

[0;0H╭──────────────────────────────────────────────────────────────────────────────╮
│  PufferLib 4.0          🐡        GPU: 0%      VRAM: 0.4/18G      RAM: 0.9G  │
│                                                                              │
│  Summary          Value    Evaluate   261ms  37%    Losses            Value  │
│  Env       osrs_inferno      GPU      217ms  31%    policy            0.003  │
│  Params          752.1K      Env       44ms   6%    value             0.040  │
│  Steps            31.3M    Train      438ms  62%    entropy           0.552  │
│  SPS             231.6K      Misc       0ms   0%    total             0.022  │
│  Epoch              955      Forwa…     0ms   0%    old_kl            0.035  │
│  Uptime    0d 0h 2m 11s                             kl                0.031  │
│  Remaini…  0d 0h 1m 20s                             clipfrac          0.164  │
│                                                     bc                0.000  │
│                                                                              │
│  User Stats                    Value    User Stats                    Value  │
│  episode_return                4.663    damage_dealt                505.092  │
│  damage_received             155.337    episode_length              112.573  │
│  wins                          0.000    wave                         68.000  │
│  idle_ticks                    2.079    brews_used                    6.998  │
│  blood_healed                  0.000    prayer_correct_rate           0.512  │
│  unavoidable_off_praye…        0.040    brews_remaining               5.002  │
│  restores_remaining            9.584    prayer_at_death              92.032  │
│  current_ranged               92.414    current_magic                86.031  │
│  behind_shield_pct             0.270    zuk_hp_remaining            722.375  │
│  min_zuk_hp_seen             711.452    hp_restored                   3.416  │
│  zuk_healer_damage             0.005    deaths_to_jad                 0.168  │
│  episode_return_normal         2.317    wins_normal                   0.000  │
│  min_zuk_hp_normal           965.630    score_normal                  0.195  │
│  zuk_objective_normal          0.195    phase_reached_normal          0.213  │
│  death_tick_normal            60.612    frac_min_hp_le_300_no…        0.000  │
╰──────────────────────────────────────────────────────────────────────────────╯

[0;0H╭──────────────────────────────────────────────────────────────────────────────╮
│  PufferLib 4.0         🐡         GPU: 0%      VRAM: 0.4/18G      RAM: 0.9G  │
│                                                                              │
│  Summary          Value    Evaluate   261ms  37%    Losses            Value  │
│  Env       osrs_inferno      GPU      216ms  30%    policy            0.032  │
│  Params          752.1K      Env       44ms   6%    value             0.043  │
│  Steps            31.5M    Train      438ms  62%    entropy           0.575  │
│  SPS             231.8K      Misc       0ms   0%    total             0.053  │
│  Epoch              960      Forwa…     0ms   0%    old_kl            0.031  │
│  Uptime    0d 0h 2m 12s                             kl                0.028  │
│  Remaini…  0d 0h 1m 20s                             clipfrac          0.170  │
│                                                     bc                0.000  │
│                                                                              │
│  User Stats                    Value    User Stats                    Value  │
│  episode_return                4.705    damage_dealt                511.262  │
│  damage_received             156.632    episode_length              113.749  │
│  wins                          0.000    wave                         68.000  │
│  idle_ticks                    2.108    brews_used                    7.073  │
│  blood_healed                  0.000    prayer_correct_rate           0.512  │
│  unavoidable_off_praye…        0.042    brews_remaining               4.927  │
│  restores_remaining            9.502    prayer_at_death              92.278  │
│  current_ranged               93.114    current_magic                86.735  │
│  behind_shield_pct             0.270    zuk_hp_remaining            719.354  │
│  min_zuk_hp_seen             706.609    hp_restored                   3.954  │
│  zuk_healer_damage             0.007    deaths_to_jad                 0.193  │
│  episode_return_normal         2.258    wins_normal                   0.000  │
│  min_zuk_hp_normal           971.809    score_normal                  0.190  │
│  zuk_objective_normal          0.190    phase_reached_normal          0.189  │
│  death_tick_normal            61.000    frac_min_hp_le_300_no…        0.000  │
╰──────────────────────────────────────────────────────────────────────────────╯

[0;0H╭──────────────────────────────────────────────────────────────────────────────╮
│  PufferLib 4.0        🐡          GPU: 0%      VRAM: 0.4/18G      RAM: 0.9G  │
│                                                                              │
│  Summary          Value    Evaluate   259ms  37%    Losses            Value  │
│  Env       osrs_inferno      GPU      215ms  30%    policy            0.008  │
│  Params          752.1K      Env       44ms   6%    value             0.033  │
│  Steps            31.6M    Train      435ms  62%    entropy           0.557  │
│  SPS             233.6K      Misc       0ms   0%    total             0.024  │
│  Epoch              965      Forwa…     0ms   0%    old_kl            0.027  │
│  Uptime    0d 0h 2m 13s                             kl                0.025  │
│  Remaini…  0d 0h 1m 18s                             clipfrac          0.172  │
│                                                     bc                0.000  │
│                                                                              │
│  User Stats                    Value    User Stats                    Value  │
│  episode_return                4.808    damage_dealt                521.756  │
│  damage_received             160.287    episode_length              115.398  │
│  wins                          0.000    wave                         68.000  │
│  idle_ticks                    2.170    brews_used                    7.353  │
│  blood_healed                  0.000    prayer_correct_rate           0.512  │
│  unavoidable_off_praye…        0.043    brews_remaining               4.647  │
│  restores_remaining            9.435    prayer_at_death              92.206  │
│  current_ranged               92.630    current_magic                86.070  │
│  behind_shield_pct             0.270    zuk_hp_remaining            709.337  │
│  min_zuk_hp_seen             696.222    hp_restored                   3.847  │
│  zuk_healer_damage             0.025    deaths_to_jad                 0.197  │
│  episode_return_normal         2.345    wins_normal                   0.000  │
│  min_zuk_hp_normal           963.079    score_normal                  0.197  │
│  zuk_objective_normal          0.197    phase_reached_normal          0.225  │
│  death_tick_normal            61.990    frac_min_hp_le_300_no…        0.000  │
╰──────────────────────────────────────────────────────────────────────────────╯

[0;0H╭──────────────────────────────────────────────────────────────────────────────╮
│  PufferLib 4.0       🐡           GPU: 0%      VRAM: 0.4/18G      RAM: 0.9G  │
│                                                                              │
│  Summary          Value    Evaluate   259ms  37%    Losses            Value  │
│  Env       osrs_inferno      GPU      215ms  30%    policy            0.013  │
│  Params          752.1K      Env       43ms   6%    value             0.038  │
│  Steps            31.8M    Train      438ms  62%    entropy           0.573  │
│  SPS             232.5K      Misc       0ms   0%    total             0.031  │
│  Epoch              970      Forwa…     0ms   0%    old_kl            0.023  │
│  Uptime    0d 0h 2m 13s                             kl                0.024  │
│  Remaini…  0d 0h 1m 18s                             clipfrac          0.172  │
│                                                     bc                0.000  │
│                                                                              │
│  User Stats                    Value    User Stats                    Value  │
│  episode_return                4.754    damage_dealt                516.390  │
│  damage_received             156.753    episode_length              114.511  │
│  wins                          0.000    wave                         68.000  │
│  idle_ticks                    2.039    brews_used                    7.218  │
│  blood_healed                  0.000    prayer_correct_rate           0.509  │
│  unavoidable_off_praye…        0.044    brews_remaining               4.782  │
│  restores_remaining            9.504    prayer_at_death              91.958  │
│  current_ranged               92.896    current_magic                86.526  │
│  behind_shield_pct             0.271    zuk_hp_remaining            714.179  │
│  min_zuk_hp_seen             701.473    hp_restored                   3.586  │
│  zuk_healer_damage             0.082    deaths_to_jad                 0.195  │
│  episode_return_normal         2.324    wins_normal                   0.000  │
│  min_zuk_hp_normal           964.376    score_normal                  0.196  │
│  zuk_objective_normal          0.196    phase_reached_normal          0.236  │
│  death_tick_normal            62.031    frac_min_hp_le_300_no…        0.000  │
╰──────────────────────────────────────────────────────────────────────────────╯

[0;0H╭──────────────────────────────────────────────────────────────────────────────╮
│  PufferLib 4.0      🐡            GPU: 0%      VRAM: 0.4/18G      RAM: 0.9G  │
│                                                                              │
│  Summary          Value    Evaluate   258ms  37%    Losses            Value  │
│  Env       osrs_inferno      GPU      213ms  30%    policy            0.016  │
│  Params          752.1K      Env       44ms   6%    value             0.030  │
│  Steps            31.9M    Train      434ms  62%    entropy           0.534  │
│  SPS             234.3K      Misc       0ms   0%    total             0.030  │
│  Epoch              975      Forwa…     0ms   0%    old_kl            0.023  │
│  Uptime    0d 0h 2m 14s                             kl                0.022  │
│  Remaini…  0d 0h 1m 17s                             clipfrac          0.161  │
│                                                     bc                0.000  │
│                                                                              │
│  User Stats                    Value    User Stats                    Value  │
│  episode_return                4.577    damage_dealt                497.932  │
│  damage_received             151.166    episode_length              112.053  │
│  wins                          0.000    wave                         68.000  │
│  idle_ticks                    1.950    brews_used                    6.998  │
│  blood_healed                  0.000    prayer_correct_rate           0.511  │
│  unavoidable_off_praye…        0.046    brews_remaining               5.002  │
│  restores_remaining            9.605    prayer_at_death              91.133  │
│  current_ranged               93.454    current_magic                86.912  │
│  behind_shield_pct             0.259    zuk_hp_remaining            732.410  │
│  min_zuk_hp_seen             719.656    hp_restored                   3.625  │
│  zuk_healer_damage             0.025    deaths_to_jad                 0.191  │
│  episode_return_normal         2.097    wins_normal                   0.000  │
│  min_zuk_hp_normal           987.506    score_normal                  0.177  │
│  zuk_objective_normal          0.177    phase_reached_normal          0.171  │
│  death_tick_normal            59.265    frac_min_hp_le_300_no…        0.000  │
╰──────────────────────────────────────────────────────────────────────────────╯

[0;0H╭──────────────────────────────────────────────────────────────────────────────╮
│  PufferLib 4.0     🐡             GPU: 0%      VRAM: 0.4/18G      RAM: 0.9G  │
│                                                                              │
│  Summary          Value    Evaluate   261ms  37%    Losses            Value  │
│  Env       osrs_inferno      GPU      216ms  31%    policy            0.007  │
│  Params          752.1K      Env       44ms   6%    value             0.031  │
│  Steps            32.1M    Train      435ms  62%    entropy           0.537  │
│  SPS             232.8K      Misc       0ms   0%    total             0.022  │
│  Epoch              980      Forwa…     0ms   0%    old_kl            0.026  │
│  Uptime    0d 0h 2m 15s                             kl                0.026  │
│  Remaini…  0d 0h 1m 16s                             clipfrac          0.160  │
│                                                     bc                0.000  │
│                                                                              │
│  User Stats                    Value    User Stats                    Value  │
│  episode_return                4.655    damage_dealt                506.034  │
│  damage_received             156.770    episode_length              113.261  │
│  wins                          0.000    wave                         68.000  │
│  idle_ticks                    2.057    brews_used                    7.133  │
│  blood_healed                  0.000    prayer_correct_rate           0.508  │
│  unavoidable_off_praye…        0.043    brews_remaining               4.867  │
│  restores_remaining            9.580    prayer_at_death              91.145  │
│  current_ranged               93.584    current_magic                87.156  │
│  behind_shield_pct             0.257    zuk_hp_remaining            724.408  │
│  min_zuk_hp_seen             711.774    hp_restored                   3.582  │
│  zuk_healer_damage             0.005    deaths_to_jad                 0.172  │
│  episode_return_normal         2.213    wins_normal                   0.000  │
│  min_zuk_hp_normal           975.617    score_normal                  0.187  │
│  zuk_objective_normal          0.187    phase_reached_normal          0.195  │
│  death_tick_normal            61.047    frac_min_hp_le_300_no…        0.000  │
╰──────────────────────────────────────────────────────────────────────────────╯

[0;0H╭──────────────────────────────────────────────────────────────────────────────╮
│  PufferLib 4.0    🐡              GPU: 0%      VRAM: 0.4/18G      RAM: 0.9G  │
│                                                                              │
│  Summary          Value    Evaluate   258ms  37%    Losses            Value  │
│  Env       osrs_inferno      GPU      215ms  30%    policy            0.029  │
│  Params          752.1K      Env       43ms   6%    value             0.030  │
│  Steps            32.3M    Train      437ms  62%    entropy           0.502  │
│  SPS             233.0K      Misc       0ms   0%    total             0.043  │
│  Epoch              985      Forwa…     0ms   0%    old_kl            0.034  │
│  Uptime    0d 0h 2m 15s                             kl                0.029  │
│  Remaini…  0d 0h 1m 16s                             clipfrac          0.149  │
│                                                     bc                0.000  │
│                                                                              │
│  User Stats                    Value    User Stats                    Value  │
│  episode_return                4.767    damage_dealt                518.057  │
│  damage_received             157.579    episode_length              114.815  │
│  wins                          0.000    wave                         68.000  │
│  idle_ticks                    2.086    brews_used                    7.307  │
│  blood_healed                  0.000    prayer_correct_rate           0.509  │
│  unavoidable_off_praye…        0.047    brews_remaining               4.693  │
│  restores_remaining            9.479    prayer_at_death              91.651  │
│  current_ranged               94.017    current_magic                87.627  │
│  behind_shield_pct             0.262    zuk_hp_remaining            712.873  │
│  min_zuk_hp_seen             700.001    hp_restored                   3.662  │
│  zuk_healer_damage             0.000    deaths_to_jad                 0.199  │
│  episode_return_normal         2.327    wins_normal                   0.000  │
│  min_zuk_hp_normal           963.811    score_normal                  0.197  │
│  zuk_objective_normal          0.197    phase_reached_normal          0.236  │
│  death_tick_normal            62.254    frac_min_hp_le_300_no…        0.000  │
╰──────────────────────────────────────────────────────────────────────────────╯

[0;0H╭──────────────────────────────────────────────────────────────────────────────╮
│  PufferLib 4.0   🐡               GPU: 0%      VRAM: 0.4/18G      RAM: 0.9G  │
│                                                                              │
│  Summary          Value    Evaluate   263ms  37%    Losses            Value  │
│  Env       osrs_inferno      GPU      219ms  31%    policy            0.015  │
│  Params          752.1K      Env       44ms   6%    value             0.031  │
│  Steps            32.4M    Train      437ms  62%    entropy           0.483  │
│  SPS             231.2K      Misc       0ms   0%    total             0.030  │
│  Epoch              990      Forwa…     0ms   0%    old_kl            0.026  │
│  Uptime    0d 0h 2m 16s                             kl                0.023  │
│  Remaini…  0d 0h 1m 15s                             clipfrac          0.147  │
│                                                     bc                0.000  │
│                                                                              │
│  User Stats                    Value    User Stats                    Value  │
│  episode_return                4.664    damage_dealt                507.177  │
│  damage_received             154.620    episode_length              112.751  │
│  wins                          0.000    wave                         68.000  │
│  idle_ticks                    2.000    brews_used                    7.203  │
│  blood_healed                  0.000    prayer_correct_rate           0.507  │
│  unavoidable_off_praye…        0.047    brews_remaining               4.797  │
│  restores_remaining            9.531    prayer_at_death              91.639  │
│  current_ranged               94.671    current_magic                87.261  │
│  behind_shield_pct             0.260    zuk_hp_remaining            724.160  │
│  min_zuk_hp_seen             711.122    hp_restored                   3.700  │
│  zuk_healer_damage             0.000    deaths_to_jad                 0.200  │
│  episode_return_normal         2.261    wins_normal                   0.000  │
│  min_zuk_hp_normal           971.059    score_normal                  0.191  │
│  zuk_objective_normal          0.191    phase_reached_normal          0.226  │
│  death_tick_normal            61.392    frac_min_hp_le_300_no…        0.000  │
╰──────────────────────────────────────────────────────────────────────────────╯

[0;0H╭──────────────────────────────────────────────────────────────────────────────╮
│  PufferLib 4.0  🐡                GPU: 0%      VRAM: 0.4/18G      RAM: 0.9G  │
│                                                                              │
│  Summary          Value    Evaluate   259ms  37%    Losses            Value  │
│  Env       osrs_inferno      GPU      216ms  31%    policy            0.006  │
│  Params          752.1K      Env       43ms   6%    value             0.038  │
│  Steps            32.6M    Train      435ms  62%    entropy           0.481  │
│  SPS             233.4K      Misc       0ms   0%    total             0.025  │
│  Epoch              995      Forwa…     0ms   0%    old_kl            0.042  │
│  Uptime    0d 0h 2m 17s                             kl                0.038  │
│  Remaini…  0d 0h 1m 14s                             clipfrac          0.149  │
│                                                     bc                0.000  │
│                                                                              │
│  User Stats                    Value    User Stats                    Value  │
│  episode_return                4.696    damage_dealt                509.896  │
│  damage_received             155.338    episode_length              113.210  │
│  wins                          0.000    wave                         68.000  │
│  idle_ticks                    2.029    brews_used                    7.179  │
│  blood_healed                  0.000    prayer_correct_rate           0.509  │
│  unavoidable_off_praye…        0.047    brews_remaining               4.821  │
│  restores_remaining            9.550    prayer_at_death              91.599  │
│  current_ranged               94.692    current_magic                87.059  │
│  behind_shield_pct             0.262    zuk_hp_remaining            719.734  │
│  min_zuk_hp_seen             707.566    hp_restored                   3.537  │
│  zuk_healer_damage             0.000    deaths_to_jad                 0.188  │
│  episode_return_normal         2.312    wins_normal                   0.000  │
│  min_zuk_hp_normal           965.246    score_normal                  0.196  │
│  zuk_objective_normal          0.196    phase_reached_normal          0.274  │
│  death_tick_normal            62.036    frac_min_hp_le_300_no…        0.000  │
╰──────────────────────────────────────────────────────────────────────────────╯

[0;0H╭──────────────────────────────────────────────────────────────────────────────╮
│  PufferLib 4.0 🐡                 GPU: 0%      VRAM: 0.4/18G      RAM: 0.9G  │
│                                                                              │
│  Summary          Value    Evaluate   261ms  37%    Losses            Value  │
│  Env       osrs_inferno      GPU      217ms  31%    policy            0.033  │
│  Params          752.1K      Env       44ms   6%    value             0.068  │
│  Steps            32.8M    Train      436ms  62%    entropy           0.527  │
│  SPS             232.3K      Misc       0ms   0%    total             0.066  │
│  Epoch             1000      Forwa…     0ms   0%    old_kl            0.040  │
│  Uptime    0d 0h 2m 17s                             kl                0.038  │
│  Remaini…  0d 0h 1m 14s                             clipfrac          0.175  │
│                                                     bc                0.000  │
│                                                                              │
│  User Stats                    Value    User Stats                    Value  │
│  episode_return                4.394    damage_dealt                476.154  │
│  damage_received             144.820    episode_length              106.741  │
│  wins                          0.000    wave                         68.000  │
│  idle_ticks                    1.807    brews_used                    6.701  │
│  blood_healed                  0.000    prayer_correct_rate           0.501  │
│  unavoidable_off_praye…        0.025    brews_remaining               5.299  │
│  restores_remaining           10.146    prayer_at_death              91.590  │
│  current_ranged               89.550    current_magic                80.356  │
│  behind_shield_pct             0.282    zuk_hp_remaining            742.806  │
│  min_zuk_hp_seen             739.904    hp_restored                   1.068  │
│  zuk_healer_damage             0.000    deaths_to_jad                 0.082  │
│  episode_return_normal         2.206    wins_normal                   0.000  │
│  min_zuk_hp_normal           976.574    score_normal                  0.186  │
│  zuk_objective_normal          0.186    phase_reached_normal          0.256  │
│  death_tick_normal            57.295    frac_min_hp_le_300_no…        0.000  │
╰──────────────────────────────────────────────────────────────────────────────╯

[0;0H╭──────────────────────────────────────────────────────────────────────────────╮
│  PufferLib 4.0          🐡        GPU: 0%      VRAM: 0.4/18G      RAM: 0.9G  │
│                                                                              │
│  Summary          Value    Evaluate   262ms  37%    Losses            Value  │
│  Env       osrs_inferno      GPU      217ms  31%    policy           -0.014  │
│  Params          752.1K      Env       44ms   6%    value             0.064  │
│  Steps            32.9M    Train      437ms  62%    entropy           0.543  │
│  SPS             231.6K      Misc       0ms   0%    total             0.017  │
│  Epoch             1005      Forwa…     0ms   0%    old_kl            0.036  │
│  Uptime    0d 0h 2m 18s                             kl                0.045  │
│  Remaini…  0d 0h 1m 13s                             clipfrac          0.177  │
│                                                     bc                0.000  │
│                                                                              │
│  User Stats                    Value    User Stats                    Value  │
│  episode_return                4.160    damage_dealt                449.578  │
│  damage_received             139.105    episode_length              102.606  │
│  wins                          0.000    wave                         68.000  │
│  idle_ticks                    1.461    brews_used                    6.490  │
│  blood_healed                  0.000    prayer_correct_rate           0.493  │
│  unavoidable_off_praye…        0.015    brews_remaining               5.510  │
│  restores_remaining           10.434    prayer_at_death              91.205  │
│  current_ranged               87.557    current_magic                77.239  │
│  behind_shield_pct             0.280    zuk_hp_remaining            765.199  │
│  min_zuk_hp_seen             765.208    hp_restored                   0.063  │
│  zuk_healer_damage             0.000    deaths_to_jad                 0.048  │
│  episode_return_normal         2.125    wins_normal                   0.000  │
│  min_zuk_hp_normal           985.047    score_normal                  0.179  │
│  zuk_objective_normal          0.179    phase_reached_normal          0.262  │
│  death_tick_normal            55.942    frac_min_hp_le_300_no…        0.000  │
╰──────────────────────────────────────────────────────────────────────────────╯

[0;0H╭──────────────────────────────────────────────────────────────────────────────╮
│  PufferLib 4.0         🐡         GPU: 0%      VRAM: 0.4/18G      RAM: 0.9G  │
│                                                                              │
│  Summary          Value    Evaluate   261ms  37%    Losses            Value  │
│  Env       osrs_inferno      GPU      216ms  31%    policy            0.019  │
│  Params          752.1K      Env       44ms   6%    value             0.050  │
│  Steps            33.1M    Train      434ms  62%    entropy           0.502  │
│  SPS             233.1K      Misc       0ms   0%    total             0.043  │
│  Epoch             1010      Forwa…     0ms   0%    old_kl            0.040  │
│  Uptime    0d 0h 2m 19s                             kl                0.039  │
│  Remaini…  0d 0h 1m 12s                             clipfrac          0.162  │
│                                                     bc                0.000  │
│                                                                              │
│  User Stats                    Value    User Stats                    Value  │
│  episode_return                4.327    damage_dealt                467.674  │
│  damage_received             144.792    episode_length              105.145  │
│  wins                          0.000    wave                         68.000  │
│  idle_ticks                    1.777    brews_used                    6.751  │
│  blood_healed                  0.000    prayer_correct_rate           0.496  │
│  unavoidable_off_praye…        0.025    brews_remaining               5.249  │
│  restores_remaining           10.217    prayer_at_death              90.524  │
│  current_ranged               87.405    current_magic                78.490  │
│  behind_shield_pct             0.278    zuk_hp_remaining            750.178  │
│  min_zuk_hp_seen             747.587    hp_restored                   0.877  │
│  zuk_healer_damage             0.000    deaths_to_jad                 0.057  │
│  episode_return_normal         2.247    wins_normal                   0.000  │
│  min_zuk_hp_normal           972.353    score_normal                  0.190  │
│  zuk_objective_normal          0.190    phase_reached_normal          0.274  │
│  death_tick_normal            58.280    frac_min_hp_le_300_no…        0.000  │
╰──────────────────────────────────────────────────────────────────────────────╯

[0;0H╭──────────────────────────────────────────────────────────────────────────────╮
│  PufferLib 4.0        🐡          GPU: 0%      VRAM: 0.4/18G      RAM: 0.9G  │
│                                                                              │
│  Summary          Value    Evaluate   260ms  37%    Losses            Value  │
│  Env       osrs_inferno      GPU      215ms  30%    policy            0.014  │
│  Params          752.1K      Env       44ms   6%    value             0.061  │
│  Steps            33.3M    Train      438ms  62%    entropy           0.504  │
│  SPS             232.5K      Misc       0ms   0%    total             0.043  │
│  Epoch             1015      Forwa…     0ms   0%    old_kl            0.041  │
│  Uptime    0d 0h 2m 20s                             kl                0.039  │
│  Remaini…  0d 0h 1m 12s                             clipfrac          0.167  │
│                                                     bc                0.000  │
│                                                                              │
│  User Stats                    Value    User Stats                    Value  │
│  episode_return                4.118    damage_dealt                444.492  │
│  damage_received             137.685    episode_length              100.294  │
│  wins                          0.000    wave                         68.000  │
│  idle_ticks                    1.845    brews_used                    6.295  │
│  blood_healed                  0.000    prayer_correct_rate           0.493  │
│  unavoidable_off_praye…        0.020    brews_remaining               5.705  │
│  restores_remaining           10.493    prayer_at_death              90.019  │
│  current_ranged               85.776    current_magic                76.576  │
│  behind_shield_pct             0.282    zuk_hp_remaining            768.336  │
│  min_zuk_hp_seen             769.107    hp_restored                   0.015  │
│  zuk_healer_damage             0.000    deaths_to_jad                 0.017  │
│  episode_return_normal         2.103    wins_normal                   0.000  │
│  min_zuk_hp_normal           986.258    score_normal                  0.178  │
│  zuk_objective_normal          0.178    phase_reached_normal          0.268  │
│  death_tick_normal            54.655    frac_min_hp_le_300_no…        0.000  │
╰──────────────────────────────────────────────────────────────────────────────╯

[0;0H╭──────────────────────────────────────────────────────────────────────────────╮
│  PufferLib 4.0       🐡           GPU: 0%      VRAM: 0.4/18G      RAM: 0.9G  │
│                                                                              │
│  Summary          Value    Evaluate   262ms  37%    Losses            Value  │
│  Env       osrs_inferno      GPU      218ms  31%    policy            0.020  │
│  Params          752.1K      Env       44ms   6%    value             0.061  │
│  Steps            33.4M    Train      433ms  62%    entropy           0.492  │
│  SPS             232.9K      Misc       0ms   0%    total             0.050  │
│  Epoch             1020      Forwa…     0ms   0%    old_kl            0.036  │
│  Uptime    0d 0h 2m 20s                             kl                0.032  │
│  Remaini…  0d 0h 1m 11s                             clipfrac          0.169  │
│                                                     bc                0.000  │
│                                                                              │
│  User Stats                    Value    User Stats                    Value  │
│  episode_return                4.176    damage_dealt                451.136  │
│  damage_received             135.833    episode_length              100.833  │
│  wins                          0.000    wave                         68.000  │
│  idle_ticks                    1.643    brews_used                    6.032  │
│  blood_healed                  0.000    prayer_correct_rate           0.503  │
│  unavoidable_off_praye…        0.032    brews_remaining               5.968  │
│  restores_remaining           10.668    prayer_at_death              87.494  │
│  current_ranged               83.768    current_magic                73.526  │
│  behind_shield_pct             0.285    zuk_hp_remaining            762.793  │
│  min_zuk_hp_seen             763.043    hp_restored                   0.030  │
│  zuk_healer_damage             0.000    deaths_to_jad                 0.113  │
│  episode_return_normal         1.950    wins_normal                   0.000  │
│  min_zuk_hp_normal          1002.372    score_normal                  0.165  │
│  zuk_objective_normal          0.165    phase_reached_normal          0.187  │
│  death_tick_normal            51.313    frac_min_hp_le_300_no…        0.000  │
╰──────────────────────────────────────────────────────────────────────────────╯

[0;0H╭──────────────────────────────────────────────────────────────────────────────╮
│  PufferLib 4.0      🐡            GPU: 0%      VRAM: 0.4/18G      RAM: 0.9G  │
│                                                                              │
│  Summary          Value    Evaluate   260ms  37%    Losses            Value  │
│  Env       osrs_inferno      GPU      216ms  31%    policy            0.019  │
│  Params          752.1K      Env       44ms   6%    value             0.042  │
│  Steps            33.6M    Train      434ms  62%    entropy           0.489  │
│  SPS             233.5K      Misc       0ms   0%    total             0.040  │
│  Epoch             1025      Forwa…     0ms   0%    old_kl            0.052  │
│  Uptime    0d 0h 2m 21s                             kl                0.050  │
│  Remaini…  0d 0h 1m 10s                             clipfrac          0.163  │
│                                                     bc                0.000  │
│                                                                              │
│  User Stats                    Value    User Stats                    Value  │
│  episode_return                4.207    damage_dealt                452.549  │
│  damage_received             141.950    episode_length              100.661  │
│  wins                          0.000    wave                         68.000  │
│  idle_ticks                    1.787    brews_used                    6.340  │
│  blood_healed                  0.000    prayer_correct_rate           0.496  │
│  unavoidable_off_praye…        0.030    brews_remaining               5.660  │
│  restores_remaining           10.615    prayer_at_death              87.658  │
│  current_ranged               82.753    current_magic                73.168  │
│  behind_shield_pct             0.275    zuk_hp_remaining            759.928  │
│  min_zuk_hp_seen             760.551    hp_restored                   0.008  │
│  zuk_healer_damage             0.013    deaths_to_jad                 0.063  │
│  episode_return_normal         2.087    wins_normal                   0.000  │
│  min_zuk_hp_normal           988.745    score_normal                  0.176  │
│  zuk_objective_normal          0.176    phase_reached_normal          0.224  │
│  death_tick_normal            53.660    frac_min_hp_le_300_no…        0.000  │
╰──────────────────────────────────────────────────────────────────────────────╯

[0;0H╭──────────────────────────────────────────────────────────────────────────────╮
│  PufferLib 4.0     🐡             GPU: 0%      VRAM: 0.4/18G      RAM: 0.9G  │
│                                                                              │
│  Summary          Value    Evaluate   261ms  37%    Losses            Value  │
│  Env       osrs_inferno      GPU      216ms  31%    policy            0.010  │
│  Params          752.1K      Env       44ms   6%    value             0.042  │
│  Steps            33.8M    Train      435ms  62%    entropy           0.475  │
│  SPS             233.0K      Misc       0ms   0%    total             0.031  │
│  Epoch             1030      Forwa…     0ms   0%    old_kl            0.037  │
│  Uptime    0d 0h 2m 22s                             kl                0.045  │
│  Remaini…   0d 0h 1m 9s                             clipfrac          0.153  │
│                                                     bc                0.000  │
│                                                                              │
│  User Stats                    Value    User Stats                    Value  │
│  episode_return                4.389    damage_dealt                474.384  │
│  damage_received             145.461    episode_length              106.465  │
│  wins                          0.000    wave                         68.000  │
│  idle_ticks                    1.893    brews_used                    6.744  │
│  blood_healed                  0.000    prayer_correct_rate           0.502  │
│  unavoidable_off_praye…        0.040    brews_remaining               5.256  │
│  restores_remaining            9.994    prayer_at_death              90.155  │
│  current_ranged               89.488    current_magic                81.832  │
│  behind_shield_pct             0.269    zuk_hp_remaining            746.214  │
│  min_zuk_hp_seen             740.530    hp_restored                   1.750  │
│  zuk_healer_damage             0.028    deaths_to_jad                 0.103  │
│  episode_return_normal         2.154    wins_normal                   0.000  │
│  min_zuk_hp_normal           981.615    score_normal                  0.182  │
│  zuk_objective_normal          0.182    phase_reached_normal          0.227  │
│  death_tick_normal            57.365    frac_min_hp_le_300_no…        0.000  │
╰──────────────────────────────────────────────────────────────────────────────╯

[0;0H╭──────────────────────────────────────────────────────────────────────────────╮
│  PufferLib 4.0    🐡              GPU: 0%      VRAM: 0.4/18G      RAM: 0.9G  │
│                                                                              │
│  Summary          Value    Evaluate   261ms  37%    Losses            Value  │
│  Env       osrs_inferno      GPU      216ms  30%    policy            0.018  │
│  Params          752.1K      Env       44ms   6%    value             0.034  │
│  Steps            33.9M    Train      437ms  62%    entropy           0.470  │
│  SPS             232.3K      Misc       0ms   0%    total             0.034  │
│  Epoch             1035      Forwa…     0ms   0%    old_kl            0.022  │
│  Uptime    0d 0h 2m 22s                             kl                0.019  │
│  Remaini…   0d 0h 1m 9s                             clipfrac          0.143  │
│                                                     bc                0.000  │
│                                                                              │
│  User Stats                    Value    User Stats                    Value  │
│  episode_return                4.572    damage_dealt                496.803  │
│  damage_received             153.220    episode_length              111.916  │
│  wins                          0.000    wave                         68.000  │
│  idle_ticks                    2.079    brews_used                    7.184  │
│  blood_healed                  0.000    prayer_correct_rate           0.505  │
│  unavoidable_off_praye…        0.043    brews_remaining               4.816  │
│  restores_remaining            9.530    prayer_at_death              91.838  │
│  current_ranged               93.797    current_magic                87.208  │
│  behind_shield_pct             0.260    zuk_hp_remaining            731.905  │
│  min_zuk_hp_seen             720.140    hp_restored                   3.477  │
│  zuk_healer_damage             0.010    deaths_to_jad                 0.187  │
│  episode_return_normal         2.118    wins_normal                   0.000  │
│  min_zuk_hp_normal           985.285    score_normal                  0.179  │
│  zuk_objective_normal          0.179    phase_reached_normal          0.162  │
│  death_tick_normal            60.096    frac_min_hp_le_300_no…        0.000  │
╰──────────────────────────────────────────────────────────────────────────────╯

[0;0H╭──────────────────────────────────────────────────────────────────────────────╮
│  PufferLib 4.0   🐡               GPU: 0%      VRAM: 0.4/18G      RAM: 0.9G  │
│                                                                              │
│  Summary          Value    Evaluate   261ms  37%    Losses            Value  │
│  Env       osrs_inferno      GPU      217ms  31%    policy            0.013  │
│  Params          752.1K      Env       44ms   6%    value             0.038  │
│  Steps            34.1M    Train      437ms  62%    entropy           0.482  │
│  SPS             232.2K      Misc       0ms   0%    total             0.031  │
│  Epoch             1040      Forwa…     0ms   0%    old_kl            0.028  │
│  Uptime    0d 0h 2m 23s                             kl                0.025  │
│  Remaini…   0d 0h 1m 8s                             clipfrac          0.145  │
│                                                     bc                0.000  │
│                                                                              │
│  User Stats                    Value    User Stats                    Value  │
│  episode_return                4.625    damage_dealt                501.660  │
│  damage_received             158.100    episode_length              113.077  │
│  wins                          0.000    wave                         68.000  │
│  idle_ticks                    2.137    brews_used                    7.393  │
│  blood_healed                  0.000    prayer_correct_rate           0.502  │
│  unavoidable_off_praye…        0.042    brews_remaining               4.607  │
│  restores_remaining            9.511    prayer_at_death              91.711  │
│  current_ranged               94.003    current_magic                87.246  │
│  behind_shield_pct             0.260    zuk_hp_remaining            726.481  │
│  min_zuk_hp_seen             714.719    hp_restored                   3.329  │
│  zuk_healer_damage             0.107    deaths_to_jad                 0.182  │
│  episode_return_normal         2.202    wins_normal                   0.000  │
│  min_zuk_hp_normal           976.681    score_normal                  0.186  │
│  zuk_objective_normal          0.186    phase_reached_normal          0.193  │
│  death_tick_normal            61.783    frac_min_hp_le_300_no…        0.000  │
╰──────────────────────────────────────────────────────────────────────────────╯

[0;0H╭──────────────────────────────────────────────────────────────────────────────╮
│  PufferLib 4.0  🐡                GPU: 0%      VRAM: 0.4/18G      RAM: 0.9G  │
│                                                                              │
│  Summary          Value    Evaluate   261ms  37%    Losses            Value  │
│  Env       osrs_inferno      GPU      217ms  30%    policy            0.008  │
│  Params          752.1K      Env       44ms   6%    value             0.052  │
│  Steps            34.2M    Train      438ms  62%    entropy           0.467  │
│  SPS             231.7K      Misc       0ms   0%    total             0.034  │
│  Epoch             1045      Forwa…     0ms   0%    old_kl            0.028  │
│  Uptime    0d 0h 2m 24s                             kl                0.025  │
│  Remaini…   0d 0h 1m 8s                             clipfrac          0.150  │
│                                                     bc                0.000  │
│                                                                              │
│  User Stats                    Value    User Stats                    Value  │
│  episode_return                4.564    damage_dealt                494.569  │
│  damage_received             156.626    episode_length              111.648  │
│  wins                          0.000    wave                         68.000  │
│  idle_ticks                    2.209    brews_used                    7.359  │
│  blood_healed                  0.000    prayer_correct_rate           0.500  │
│  unavoidable_off_praye…        0.039    brews_remaining               4.641  │
│  restores_remaining            9.633    prayer_at_death              91.163  │
│  current_ranged               93.579    current_magic                86.231  │
│  behind_shield_pct             0.264    zuk_hp_remaining            730.833  │
│  min_zuk_hp_seen             721.139    hp_restored                   2.841  │
│  zuk_healer_damage             0.092    deaths_to_jad                 0.156  │
│  episode_return_normal         2.320    wins_normal                   0.000  │
│  min_zuk_hp_normal           963.548    score_normal                  0.197  │
│  zuk_objective_normal          0.197    phase_reached_normal          0.297  │
│  death_tick_normal            63.289    frac_min_hp_le_300_no…        0.000  │
╰──────────────────────────────────────────────────────────────────────────────╯

[0;0H╭──────────────────────────────────────────────────────────────────────────────╮
│  PufferLib 4.0 🐡                 GPU: 0%      VRAM: 0.4/18G      RAM: 0.9G  │
│                                                                              │
│  Summary          Value    Evaluate   261ms  37%    Losses            Value  │
│  Env       osrs_inferno      GPU      217ms  31%    policy            0.008  │
│  Params          752.1K      Env       44ms   6%    value             0.050  │
│  Steps            34.4M    Train      438ms  62%    entropy           0.460  │
│  SPS             231.8K      Misc       0ms   0%    total             0.033  │
│  Epoch             1050      Forwa…     0ms   0%    old_kl            0.033  │
│  Uptime    0d 0h 2m 25s                             kl                0.032  │
│  Remaini…   0d 0h 1m 7s                             clipfrac          0.149  │
│                                                     bc                0.000  │
│                                                                              │
│  User Stats                    Value    User Stats                    Value  │
│  episode_return                4.537    damage_dealt                494.817  │
│  damage_received             154.487    episode_length              114.355  │
│  wins                          0.000    wave                         68.000  │
│  idle_ticks                    2.239    brews_used                    7.195  │
│  blood_healed                  0.000    prayer_correct_rate           0.510  │
│  unavoidable_off_praye…        0.041    brews_remaining               4.805  │
│  restores_remaining            9.669    prayer_at_death              90.146  │
│  current_ranged               95.485    current_magic                87.141  │
│  behind_shield_pct             0.263    zuk_hp_remaining            732.560  │
│  min_zuk_hp_seen             721.580    hp_restored                   3.150  │
│  zuk_healer_damage             0.082    deaths_to_jad                 0.182  │
│  episode_return_normal         2.087    wins_normal                   0.000  │
│  min_zuk_hp_normal           984.765    score_normal                  0.179  │
│  zuk_objective_normal          0.179    phase_reached_normal          0.255  │
│  death_tick_normal            63.467    frac_min_hp_le_300_no…        0.000  │
╰──────────────────────────────────────────────────────────────────────────────╯

[0;0H╭──────────────────────────────────────────────────────────────────────────────╮
│  PufferLib 4.0          🐡        GPU: 0%      VRAM: 0.4/18G      RAM: 0.9G  │
│                                                                              │
│  Summary          Value    Evaluate   260ms  37%    Losses            Value  │
│  Env       osrs_inferno      GPU      216ms  31%    policy           -0.006  │
│  Params          752.1K      Env       43ms   6%    value             0.046  │
│  Steps            34.6M    Train      436ms  62%    entropy           0.455  │
│  SPS             232.6K      Misc       0ms   0%    total             0.016  │
│  Epoch             1055      Forwa…     0ms   0%    old_kl            0.029  │
│  Uptime    0d 0h 2m 25s                             kl                0.028  │
│  Remaini…   0d 0h 1m 6s                             clipfrac          0.141  │
│                                                     bc                0.000  │
│                                                                              │
│  User Stats                    Value    User Stats                    Value  │
│  episode_return                4.600    damage_dealt                501.898  │
│  damage_received             155.962    episode_length              115.165  │
│  wins                          0.000    wave                         68.000  │
│  idle_ticks                    2.294    brews_used                    7.234  │
│  blood_healed                  0.000    prayer_correct_rate           0.510  │
│  unavoidable_off_praye…        0.040    brews_remaining               4.766  │
│  restores_remaining            9.710    prayer_at_death              89.528  │
│  current_ranged               94.819    current_magic                86.519  │
│  behind_shield_pct             0.261    zuk_hp_remaining            727.065  │
│  min_zuk_hp_seen             714.846    hp_restored                   3.493  │
│  zuk_healer_damage             0.047    deaths_to_jad                 0.190  │
│  episode_return_normal         2.137    wins_normal                   0.000  │
│  min_zuk_hp_normal           979.625    score_normal                  0.184  │
│  zuk_objective_normal          0.184    phase_reached_normal          0.261  │
│  death_tick_normal            64.592    frac_min_hp_le_300_no…        0.000  │
╰──────────────────────────────────────────────────────────────────────────────╯

[0;0H╭──────────────────────────────────────────────────────────────────────────────╮
│  PufferLib 4.0         🐡         GPU: 0%      VRAM: 0.4/18G      RAM: 0.9G  │
│                                                                              │
│  Summary          Value    Evaluate   260ms  37%    Losses            Value  │
│  Env       osrs_inferno      GPU      216ms  30%    policy            0.008  │
│  Params          752.1K      Env       43ms   6%    value             0.044  │
│  Steps            34.7M    Train      438ms  62%    entropy           0.442  │
│  SPS             232.1K      Misc       0ms   0%    total             0.030  │
│  Epoch             1060      Forwa…     0ms   0%    old_kl            0.032  │
│  Uptime    0d 0h 2m 26s                             kl                0.028  │
│  Remaini…   0d 0h 1m 5s                             clipfrac          0.139  │
│                                                     bc                0.000  │
│                                                                              │
│  User Stats                    Value    User Stats                    Value  │
│  episode_return                4.707    damage_dealt                513.343  │
│  damage_received             156.400    episode_length              117.610  │
│  wins                          0.000    wave                         68.000  │
│  idle_ticks                    2.297    brews_used                    7.252  │
│  blood_healed                  0.000    prayer_correct_rate           0.515  │
│  unavoidable_off_praye…        0.044    brews_remaining               4.748  │
│  restores_remaining            9.686    prayer_at_death              89.467  │
│  current_ranged               94.763    current_magic                86.325  │
│  behind_shield_pct             0.270    zuk_hp_remaining            715.290  │
│  min_zuk_hp_seen             703.349    hp_restored                   3.390  │
│  zuk_healer_damage             0.047    deaths_to_jad                 0.197  │
│  episode_return_normal         2.147    wins_normal                   0.000  │
│  min_zuk_hp_normal           978.307    score_normal                  0.185  │
│  zuk_objective_normal          0.185    phase_reached_normal          0.263  │
│  death_tick_normal            64.660    frac_min_hp_le_300_no…        0.000  │
╰──────────────────────────────────────────────────────────────────────────────╯

[0;0H╭──────────────────────────────────────────────────────────────────────────────╮
│  PufferLib 4.0        🐡          GPU: 0%      VRAM: 0.4/18G      RAM: 0.9G  │
│                                                                              │
│  Summary          Value    Evaluate   260ms  37%    Losses            Value  │
│  Env       osrs_inferno      GPU      217ms  31%    policy            0.014  │
│  Params          752.1K      Env       43ms   6%    value             0.042  │
│  Steps            34.9M    Train      436ms  62%    entropy           0.441  │
│  SPS             232.7K      Misc       0ms   0%    total             0.034  │
│  Epoch             1065      Forwa…     0ms   0%    old_kl            0.023  │
│  Uptime    0d 0h 2m 27s                             kl                0.020  │
│  Remaini…   0d 0h 1m 4s                             clipfrac          0.137  │
│                                                     bc                0.000  │
│                                                                              │
│  User Stats                    Value    User Stats                    Value  │
│  episode_return                4.715    damage_dealt                515.143  │
│  damage_received             155.792    episode_length              117.392  │
│  wins                          0.000    wave                         68.000  │
│  idle_ticks                    2.282    brews_used                    7.299  │
│  blood_healed                  0.000    prayer_correct_rate           0.513  │
│  unavoidable_off_praye…        0.043    brews_remaining               4.701  │
│  restores_remaining            9.682    prayer_at_death              89.351  │
│  current_ranged               94.865    current_magic                86.304  │
│  behind_shield_pct             0.268    zuk_hp_remaining            713.922  │
│  min_zuk_hp_seen             701.981    hp_restored                   3.484  │
│  zuk_healer_damage             0.079    deaths_to_jad                 0.197  │
│  episode_return_normal         2.207    wins_normal                   0.000  │
│  min_zuk_hp_normal           971.479    score_normal                  0.190  │
│  zuk_objective_normal          0.190    phase_reached_normal          0.270  │
│  death_tick_normal            65.311    frac_min_hp_le_300_no…        0.000  │
╰──────────────────────────────────────────────────────────────────────────────╯

[0;0H╭──────────────────────────────────────────────────────────────────────────────╮
│  PufferLib 4.0       🐡           GPU: 0%      VRAM: 0.4/18G      RAM: 0.9G  │
│                                                                              │
│  Summary          Value    Evaluate   259ms  37%    Losses            Value  │
│  Env       osrs_inferno      GPU      216ms  30%    policy            0.014  │
│  Params          752.1K      Env       43ms   6%    value             0.045  │
│  Steps            35.1M    Train      436ms  62%    entropy           0.454  │
│  SPS             232.9K      Misc       0ms   0%    total             0.036  │
│  Epoch             1070      Forwa…     0ms   0%    old_kl            0.024  │
│  Uptime    0d 0h 2m 27s                             kl                0.023  │
│  Remaini…   0d 0h 1m 4s                             clipfrac          0.147  │
│                                                     bc                0.000  │
│                                                                              │
│  User Stats                    Value    User Stats                    Value  │
│  episode_return                4.548    damage_dealt                495.796  │
│  damage_received             150.520    episode_length              114.689  │
│  wins                          0.000    wave                         68.000  │
│  idle_ticks                    2.199    brews_used                    7.063  │
│  blood_healed                  0.000    prayer_correct_rate           0.513  │
│  unavoidable_off_praye…        0.042    brews_remaining               4.937  │
│  restores_remaining            9.744    prayer_at_death              89.264  │
│  current_ranged               95.064    current_magic                86.378  │
│  behind_shield_pct             0.269    zuk_hp_remaining            729.939  │
│  min_zuk_hp_seen             719.617    hp_restored                   3.048  │
│  zuk_healer_damage             0.076    deaths_to_jad                 0.168  │
│  episode_return_normal         2.132    wins_normal                   0.000  │
│  min_zuk_hp_normal           979.045    score_normal                  0.184  │
│  zuk_objective_normal          0.184    phase_reached_normal          0.281  │
│  death_tick_normal            63.995    frac_min_hp_le_300_no…        0.000  │
╰──────────────────────────────────────────────────────────────────────────────╯

[0;0H╭──────────────────────────────────────────────────────────────────────────────╮
│  PufferLib 4.0      🐡            GPU: 0%      VRAM: 0.4/18G      RAM: 0.9G  │
│                                                                              │
│  Summary          Value    Evaluate   262ms  37%    Losses            Value  │
│  Env       osrs_inferno      GPU      217ms  31%    policy            0.018  │
│  Params          752.1K      Env       45ms   6%    value             0.039  │
│  Steps            35.2M    Train      434ms  62%    entropy           0.436  │
│  SPS             232.8K      Misc       0ms   0%    total             0.037  │
│  Epoch             1075      Forwa…     0ms   0%    old_kl            0.033  │
│  Uptime    0d 0h 2m 28s                             kl                0.031  │
│  Remaini…   0d 0h 1m 3s                             clipfrac          0.138  │
│                                                     bc                0.000  │
│                                                                              │
│  User Stats                    Value    User Stats                    Value  │
│  episode_return                4.450    damage_dealt                484.816  │
│  damage_received             151.862    episode_length              112.046  │
│  wins                          0.000    wave                         68.000  │
│  idle_ticks                    2.101    brews_used                    7.175  │
│  blood_healed                  0.000    prayer_correct_rate           0.507  │
│  unavoidable_off_praye…        0.040    brews_remaining               4.825  │
│  restores_remaining            9.778    prayer_at_death              89.494  │
│  current_ranged               93.844    current_magic                85.198  │
│  behind_shield_pct             0.261    zuk_hp_remaining            740.625  │
│  min_zuk_hp_seen             730.363    hp_restored                   3.043  │
│  zuk_healer_damage             0.217    deaths_to_jad                 0.172  │
│  episode_return_normal         2.146    wins_normal                   0.000  │
│  min_zuk_hp_normal           978.096    score_normal                  0.185  │
│  zuk_objective_normal          0.185    phase_reached_normal          0.269  │
│  death_tick_normal            63.596    frac_min_hp_le_300_no…        0.000  │
╰──────────────────────────────────────────────────────────────────────────────╯

[0;0H╭──────────────────────────────────────────────────────────────────────────────╮
│  PufferLib 4.0     🐡             GPU: 0%      VRAM: 0.4/18G      RAM: 0.9G  │
│                                                                              │
│  Summary          Value    Evaluate   260ms  37%    Losses            Value  │
│  Env       osrs_inferno      GPU      216ms  30%    policy            0.010  │
│  Params          752.1K      Env       44ms   6%    value             0.044  │
│  Steps            35.4M    Train      438ms  62%    entropy           0.422  │
│  SPS             232.0K      Misc       0ms   0%    total             0.031  │
│  Epoch             1080      Forwa…     0ms   0%    old_kl            0.024  │
│  Uptime    0d 0h 2m 29s                             kl                0.023  │
│  Remaini…   0d 0h 1m 2s                             clipfrac          0.139  │
│                                                     bc                0.000  │
│                                                                              │
│  User Stats                    Value    User Stats                    Value  │
│  episode_return                4.710    damage_dealt                513.592  │
│  damage_received             158.584    episode_length              117.229  │
│  wins                          0.000    wave                         68.000  │
│  idle_ticks                    2.292    brews_used                    7.473  │
│  blood_healed                  0.000    prayer_correct_rate           0.511  │
│  unavoidable_off_praye…        0.040    brews_remaining               4.527  │
│  restores_remaining            9.559    prayer_at_death              90.363  │
│  current_ranged               93.468    current_magic                86.376  │
│  behind_shield_pct             0.267    zuk_hp_remaining            714.006  │
│  min_zuk_hp_seen             702.862    hp_restored                   3.283  │
│  zuk_healer_damage             0.112    deaths_to_jad                 0.187  │
│  episode_return_normal         2.258    wins_normal                   0.000  │
│  min_zuk_hp_normal           967.087    score_normal                  0.194  │
│  zuk_objective_normal          0.194    phase_reached_normal          0.305  │
│  death_tick_normal            65.532    frac_min_hp_le_300_no…        0.000  │
╰──────────────────────────────────────────────────────────────────────────────╯

[0;0H╭──────────────────────────────────────────────────────────────────────────────╮
│  PufferLib 4.0    🐡              GPU: 0%      VRAM: 0.4/18G      RAM: 0.9G  │
│                                                                              │
│  Summary          Value    Evaluate   259ms  37%    Losses            Value  │
│  Env       osrs_inferno      GPU      215ms  30%    policy           -0.006  │
│  Params          752.1K      Env       43ms   6%    value             0.036  │
│  Steps            35.6M    Train      440ms  62%    entropy           0.418  │
│  SPS             232.1K      Misc       0ms   0%    total             0.012  │
│  Epoch             1085      Forwa…     0ms   0%    old_kl            0.024  │
│  Uptime    0d 0h 2m 29s                             kl                0.024  │
│  Remaini…   0d 0h 1m 2s                             clipfrac          0.135  │
│                                                     bc                0.000  │
│                                                                              │
│  User Stats                    Value    User Stats                    Value  │
│  episode_return                4.592    damage_dealt                500.007  │
│  damage_received             158.836    episode_length              115.127  │
│  wins                          0.000    wave                         68.000  │
│  idle_ticks                    2.193    brews_used                    7.408  │
│  blood_healed                  0.000    prayer_correct_rate           0.508  │
│  unavoidable_off_praye…        0.041    brews_remaining               4.592  │
│  restores_remaining            9.536    prayer_at_death              90.696  │
│  current_ranged               94.357    current_magic                87.632  │
│  behind_shield_pct             0.259    zuk_hp_remaining            726.614  │
│  min_zuk_hp_seen             715.569    hp_restored                   3.198  │
│  zuk_healer_damage             0.016    deaths_to_jad                 0.180  │
│  episode_return_normal         2.188    wins_normal                   0.000  │
│  min_zuk_hp_normal           974.109    score_normal                  0.188  │
│  zuk_objective_normal          0.188    phase_reached_normal          0.280  │
│  death_tick_normal            65.096    frac_min_hp_le_300_no…        0.000  │
╰──────────────────────────────────────────────────────────────────────────────╯

[0;0H╭──────────────────────────────────────────────────────────────────────────────╮
│  PufferLib 4.0   🐡               GPU: 0%      VRAM: 0.4/18G      RAM: 0.9G  │
│                                                                              │
│  Summary          Value    Evaluate   227ms  37%    Losses            Value  │
│  Env       osrs_inferno      GPU      190ms  31%    policy            0.005  │
│  Params          752.1K      Env       36ms   6%    value             0.037  │
│  Steps            35.7M    Train      375ms  62%    entropy           0.411  │
│  SPS             215.0K      Misc       0ms   0%    total             0.023  │
│  Epoch             1089      Forwa…     0ms   0%    old_kl            0.028  │
│  Uptime    0d 0h 2m 30s                             kl                0.026  │
│  Remaini…   0d 0h 1m 6s                             clipfrac          0.139  │
│                                                     bc                0.000  │
│                                                                              │
│  User Stats                    Value    User Stats                    Value  │
│  episode_return                4.644    damage_dealt                504.997  │
│  damage_received             156.770    episode_length              115.704  │
│  wins                          0.000    wave                         68.000  │
│  idle_ticks                    2.193    brews_used                    7.366  │
│  blood_healed                  0.000    prayer_correct_rate           0.509  │
│  unavoidable_off_praye…        0.042    brews_remaining               4.634  │
│  restores_remaining            9.571    prayer_at_death              90.321  │
│  current_ranged               94.826    current_magic                87.756  │
│  behind_shield_pct             0.266    zuk_hp_remaining            721.671  │
│  min_zuk_hp_seen             710.530    hp_restored                   3.119  │
│  zuk_healer_damage             0.039    deaths_to_jad                 0.173  │
│  episode_return_normal         2.268    wins_normal                   0.000  │
│  min_zuk_hp_normal           965.903    score_normal                  0.195  │
│  zuk_objective_normal          0.195    phase_reached_normal          0.307  │
│  death_tick_normal            66.019    frac_min_hp_le_300_no…        0.000  │
╰──────────────────────────────────────────────────────────────────────────────╯

[0;0H╭──────────────────────────────────────────────────────────────────────────────╮
│  PufferLib 4.0  🐡                GPU: 0%      VRAM: 0.4/18G      RAM: 0.7G  │
│                                                                              │
│  Summary          Value    Evaluate   356ms  50%    Losses            Value  │
│  Env       osrs_inferno      GPU      261ms  36%    policy            0.013  │
│  Params          752.1K      Env       88ms  12%    value             0.041  │
│  Steps            35.8M    Train      349ms  49%    entropy           0.423  │
│  SPS             183.6K      Misc       0ms   0%    total             0.033  │
│  Epoch             1093      Forwa…     0ms   0%    old_kl            0.025  │
│  Uptime    0d 0h 2m 31s                             kl                0.026  │
│  Remaini…  0d 0h 1m 17s                             clipfrac          0.138  │
│                                                     bc                0.000  │
│                                                                              │
│  User Stats                    Value    User Stats                    Value  │
│  episode_return                4.592    damage_dealt                498.803  │
│  damage_received             156.822    episode_length              113.963  │
│  wins                          0.000    wave                         68.000  │
│  idle_ticks                    2.134    brews_used                    7.412  │
│  blood_healed                  0.000    prayer_correct_rate           0.507  │
│  unavoidable_off_praye…        0.042    brews_remaining               4.588  │
│  restores_remaining            9.594    prayer_at_death              90.890  │
│  current_ranged               94.344    current_magic                86.791  │
│  behind_shield_pct             0.261    zuk_hp_remaining            727.704  │
│  min_zuk_hp_seen             716.807    hp_restored                   3.140  │
│  zuk_healer_damage             0.000    deaths_to_jad                 0.172  │
│  episode_return_normal         2.248    wins_normal                   0.000  │
│  min_zuk_hp_normal           969.086    score_normal                  0.192  │
│  zuk_objective_normal          0.192    phase_reached_normal          0.284  │
│  death_tick_normal            64.763    frac_min_hp_le_300_no…        0.000  │
╰──────────────────────────────────────────────────────────────────────────────╯

[0;0H╭──────────────────────────────────────────────────────────────────────────────╮
│  PufferLib 4.0 🐡                 GPU: 0%      VRAM: 0.4/18G      RAM: 0.7G  │
│                                                                              │
│  Summary          Value    Evaluate   224ms  37%    Losses            Value  │
│  Env       osrs_inferno      GPU      177ms  30%    policy            0.012  │
│  Params          752.1K      Env       44ms   7%    value             0.035  │
│  Steps            35.9M    Train      367ms  62%    entropy           0.393  │
│  SPS             216.5K      Misc       0ms   0%    total             0.029  │
│  Epoch             1097      Forwa…     0ms   0%    old_kl            0.022  │
│  Uptime    0d 0h 2m 31s                             kl                0.021  │
│  Remaini…   0d 0h 1m 4s                             clipfrac          0.127  │
│                                                     bc                0.000  │
│                                                                              │
│  User Stats                    Value    User Stats                    Value  │
│  episode_return                4.735    damage_dealt                512.195  │
│  damage_received             158.504    episode_length              114.953  │
│  wins                          0.000    wave                         68.000  │
│  idle_ticks                    2.295    brews_used                    7.691  │
│  blood_healed                  0.000    prayer_correct_rate           0.507  │
│  unavoidable_off_praye…        0.041    brews_remaining               4.309  │
│  restores_remaining            9.485    prayer_at_death              91.447  │
│  current_ranged               94.407    current_magic                87.645  │
│  behind_shield_pct             0.259    zuk_hp_remaining            713.945  │
│  min_zuk_hp_seen             703.006    hp_restored                   3.076  │
│  zuk_healer_damage             0.000    deaths_to_jad                 0.172  │
│  episode_return_normal         2.363    wins_normal                   0.000  │
│  min_zuk_hp_normal           959.080    score_normal                  0.201  │
│  zuk_objective_normal          0.201    phase_reached_normal          0.309  │
│  death_tick_normal            64.394    frac_min_hp_le_300_no…        0.000  │
╰──────────────────────────────────────────────────────────────────────────────╯

[0;0H╭──────────────────────────────────────────────────────────────────────────────╮
│  PufferLib 4.0          🐡        GPU: 0%      VRAM: 0.4/18G      RAM: 0.7G  │
│                                                                              │
│  Summary          Value    Evaluate   243ms  37%    Losses            Value  │
│  Env       osrs_inferno      GPU      205ms  31%    policy           -0.003  │
│  Params          752.1K      Env       38ms   5%    value             0.042  │
│  Steps            36.1M    Train      407ms  62%    entropy           0.374  │
│  SPS             198.8K      Misc       0ms   0%    total             0.017  │
│  Epoch             1101      Forwa…     0ms   0%    old_kl            0.025  │
│  Uptime    0d 0h 2m 32s                             kl                0.023  │
│  Remaini…  0d 0h 1m 10s                             clipfrac          0.125  │
│                                                     bc                0.000  │
│                                                                              │
│  User Stats                    Value    User Stats                    Value  │
│  episode_return                4.826    damage_dealt                523.538  │
│  damage_received             160.070    episode_length              116.202  │
│  wins                          0.000    wave                         68.000  │
│  idle_ticks                    2.446    brews_used                    7.777  │
│  blood_healed                  0.000    prayer_correct_rate           0.508  │
│  unavoidable_off_praye…        0.040    brews_remaining               4.223  │
│  restores_remaining            9.419    prayer_at_death              91.626  │
│  current_ranged               94.140    current_magic                87.806  │
│  behind_shield_pct             0.267    zuk_hp_remaining            703.898  │
│  min_zuk_hp_seen             693.426    hp_restored                   3.114  │
│  zuk_healer_damage             0.020    deaths_to_jad                 0.170  │
│  episode_return_normal         2.509    wins_normal                   0.000  │
│  min_zuk_hp_normal           943.861    score_normal                  0.213  │
│  zuk_objective_normal          0.213    phase_reached_normal          0.372  │
│  death_tick_normal            66.527    frac_min_hp_le_300_no…        0.000  │
╰──────────────────────────────────────────────────────────────────────────────╯

[0;0H╭──────────────────────────────────────────────────────────────────────────────╮
│  PufferLib 4.0         🐡         GPU: 0%      VRAM: 0.4/18G      RAM: 0.7G  │
│                                                                              │
│  Summary          Value    Evaluate   255ms  35%    Losses            Value  │
│  Env       osrs_inferno      GPU      220ms  30%    policy            0.003  │
│  Params          752.1K      Env       34ms   4%    value             0.050  │
│  Steps            36.2M    Train      470ms  64%    entropy           0.369  │
│  SPS             178.8K      Misc       0ms   0%    total             0.027  │
│  Epoch             1105      Forwa…     0ms   0%    old_kl            0.024  │
│  Uptime    0d 0h 2m 33s                             kl                0.024  │
│  Remaini…  0d 0h 1m 17s                             clipfrac          0.127  │
│                                                     bc                0.000  │
│                                                                              │
│  User Stats                    Value    User Stats                    Value  │
│  episode_return                4.751    damage_dealt                519.525  │
│  damage_received             157.381    episode_length              117.979  │
│  wins                          0.000    wave                         68.000  │
│  idle_ticks                    2.455    brews_used                    7.371  │
│  blood_healed                  0.000    prayer_correct_rate           0.526  │
│  unavoidable_off_praye…        0.040    brews_remaining               4.629  │
│  restores_remaining            9.533    prayer_at_death              91.140  │
│  current_ranged               94.267    current_magic                87.660  │
│  behind_shield_pct             0.278    zuk_hp_remaining            709.366  │
│  min_zuk_hp_seen             699.169    hp_restored                   2.889  │
│  zuk_healer_damage             0.020    deaths_to_jad                 0.161  │
│  episode_return_normal         2.302    wins_normal                   0.000  │
│  min_zuk_hp_normal           962.183    score_normal                  0.198  │
│  zuk_objective_normal          0.198    phase_reached_normal          0.351  │
│  death_tick_normal            66.561    frac_min_hp_le_300_no…        0.000  │
╰──────────────────────────────────────────────────────────────────────────────╯

[0;0H╭──────────────────────────────────────────────────────────────────────────────╮
│  PufferLib 4.0        🐡          GPU: 0%      VRAM: 0.4/18G      RAM: 0.7G  │
│                                                                              │
│  Summary          Value    Evaluate   262ms  35%    Losses            Value  │
│  Env       osrs_inferno      GPU      226ms  30%    policy            0.013  │
│  Params          752.1K      Env       35ms   4%    value             0.054  │
│  Steps            36.3M    Train      482ms  64%    entropy           0.388  │
│  SPS             174.5K      Misc       0ms   0%    total             0.040  │
│  Epoch             1109      Forwa…     0ms   0%    old_kl            0.024  │
│  Uptime    0d 0h 2m 34s                             kl                0.021  │
│  Remaini…  0d 0h 1m 18s                             clipfrac          0.135  │
│                                                     bc                0.000  │
│                                                                              │
│  User Stats                    Value    User Stats                    Value  │
│  episode_return                4.825    damage_dealt                533.570  │
│  damage_received             163.830    episode_length              122.780  │
│  wins                          0.000    wave                         68.000  │
│  idle_ticks                    2.760    brews_used                    7.562  │
│  blood_healed                  0.000    prayer_correct_rate           0.536  │
│  unavoidable_off_praye…        0.036    brews_remaining               4.438  │
│  restores_remaining            9.449    prayer_at_death              91.095  │
│  current_ranged               93.773    current_magic                87.832  │
│  behind_shield_pct             0.272    zuk_hp_remaining            699.436  │
│  min_zuk_hp_seen             688.856    hp_restored                   3.019  │
│  zuk_healer_damage             0.000    deaths_to_jad                 0.168  │
│  episode_return_normal         2.443    wins_normal                   0.000  │
│  min_zuk_hp_normal           943.671    score_normal                  0.214  │
│  zuk_objective_normal          0.214    phase_reached_normal          0.420  │
│  death_tick_normal            75.044    frac_min_hp_le_300_no…        0.000  │
╰──────────────────────────────────────────────────────────────────────────────╯

[0;0H╭──────────────────────────────────────────────────────────────────────────────╮
│  PufferLib 4.0       🐡           GPU: 0%      VRAM: 0.4/18G      RAM: 0.7G  │
│                                                                              │
│  Summary          Value    Evaluate   257ms  36%    Losses            Value  │
│  Env       osrs_inferno      GPU      220ms  30%    policy            0.004  │
│  Params          752.1K      Env       35ms   4%    value             0.047  │
│  Steps            36.5M    Train      455ms  63%    entropy           0.385  │
│  SPS             182.3K      Misc       0ms   0%    total             0.026  │
│  Epoch             1113      Forwa…     0ms   0%    old_kl            0.026  │
│  Uptime    0d 0h 2m 34s                             kl                0.029  │
│  Remaini…  0d 0h 1m 14s                             clipfrac          0.132  │
│                                                     bc                0.000  │
│                                                                              │
│  User Stats                    Value    User Stats                    Value  │
│  episode_return                4.607    damage_dealt                508.921  │
│  damage_received             156.154    episode_length              116.701  │
│  wins                          0.000    wave                         68.000  │
│  idle_ticks                    2.471    brews_used                    7.145  │
│  blood_healed                  0.000    prayer_correct_rate           0.535  │
│  unavoidable_off_praye…        0.035    brews_remaining               4.855  │
│  restores_remaining            9.593    prayer_at_death              90.697  │
│  current_ranged               95.118    current_magic                88.760  │
│  behind_shield_pct             0.264    zuk_hp_remaining            722.011  │
│  min_zuk_hp_seen             712.391    hp_restored                   2.727  │
│  zuk_healer_damage             0.021    deaths_to_jad                 0.157  │
│  episode_return_normal         2.370    wins_normal                   0.000  │
│  min_zuk_hp_normal           951.507    score_normal                  0.207  │
│  zuk_objective_normal          0.207    phase_reached_normal          0.399  │
│  death_tick_normal            70.708    frac_min_hp_le_300_no…        0.000  │
╰──────────────────────────────────────────────────────────────────────────────╯

[0;0H╭──────────────────────────────────────────────────────────────────────────────╮
│  PufferLib 4.0      🐡            GPU: 0%      VRAM: 0.4/18G      RAM: 0.7G  │
│                                                                              │
│  Summary          Value    Evaluate   242ms  36%    Losses            Value  │
│  Env       osrs_inferno      GPU      205ms  31%    policy            0.033  │
│  Params          752.1K      Env       36ms   5%    value             0.044  │
│  Steps            36.6M    Train      418ms  63%    entropy           0.369  │
│  SPS             196.5K      Misc       0ms   0%    total             0.054  │
│  Epoch             1117      Forwa…     0ms   0%    old_kl            0.028  │
│  Uptime    0d 0h 2m 35s                             kl                0.027  │
│  Remaini…   0d 0h 1m 8s                             clipfrac          0.134  │
│                                                     bc                0.000  │
│                                                                              │
│  User Stats                    Value    User Stats                    Value  │
│  episode_return                5.037    damage_dealt                556.941  │
│  damage_received             167.799    episode_length              126.082  │
│  wins                          0.000    wave                         68.000  │
│  idle_ticks                    2.480    brews_used                    7.602  │
│  blood_healed                  0.000    prayer_correct_rate           0.543  │
│  unavoidable_off_praye…        0.031    brews_remaining               4.398  │
│  restores_remaining            9.394    prayer_at_death              90.908  │
│  current_ranged               95.055    current_magic                89.441  │
│  behind_shield_pct             0.278    zuk_hp_remaining            676.923  │
│  min_zuk_hp_seen             665.985    hp_restored                   3.085  │
│  zuk_healer_damage             0.022    deaths_to_jad                 0.102  │
│  episode_return_normal         2.451    wins_normal                   0.000  │
│  min_zuk_hp_normal           941.874    score_normal                  0.215  │
│  zuk_objective_normal          0.215    phase_reached_normal          0.480  │
│  death_tick_normal            73.166    frac_min_hp_le_300_no…        0.000  │
╰──────────────────────────────────────────────────────────────────────────────╯

[0;0H╭──────────────────────────────────────────────────────────────────────────────╮
│  PufferLib 4.0     🐡             GPU: 0%      VRAM: 0.4/18G      RAM: 0.7G  │
│                                                                              │
│  Summary          Value    Evaluate   231ms  36%    Losses            Value  │
│  Env       osrs_inferno      GPU      195ms  31%    policy           -0.006  │
│  Params          752.1K      Env       35ms   5%    value             0.052  │
│  Steps            36.7M    Train      395ms  63%    entropy           0.392  │
│  SPS             207.1K      Misc       0ms   0%    total             0.019  │
│  Epoch             1121      Forwa…     0ms   0%    old_kl            0.026  │
│  Uptime    0d 0h 2m 36s                             kl                0.024  │
│  Remaini…   0d 0h 1m 4s                             clipfrac          0.132  │
│                                                     bc                0.000  │
│                                                                              │
│  User Stats                    Value    User Stats                    Value  │
│  episode_return                4.773    damage_dealt                526.993  │
│  damage_received             162.396    episode_length              119.885  │
│  wins                          0.000    wave                         68.000  │
│  idle_ticks                    2.277    brews_used                    7.372  │
│  blood_healed                  0.000    prayer_correct_rate           0.535  │
│  unavoidable_off_praye…        0.033    brews_remaining               4.628  │
│  restores_remaining            9.603    prayer_at_death              89.751  │
│  current_ranged               93.404    current_magic                87.177  │
│  behind_shield_pct             0.272    zuk_hp_remaining            703.426  │
│  min_zuk_hp_seen             693.918    hp_restored                   2.878  │
│  zuk_healer_damage             0.021    deaths_to_jad                 0.118  │
│  episode_return_normal         2.476    wins_normal                   0.000  │
│  min_zuk_hp_normal           938.989    score_normal                  0.218  │
│  zuk_objective_normal          0.218    phase_reached_normal          0.487  │
│  death_tick_normal            72.868    frac_min_hp_le_300_no…        0.000  │
╰──────────────────────────────────────────────────────────────────────────────╯

[0;0H╭──────────────────────────────────────────────────────────────────────────────╮
│  PufferLib 4.0    🐡              GPU: 0%      VRAM: 0.4/18G      RAM: 0.7G  │
│                                                                              │
│  Summary          Value    Evaluate   224ms  36%    Losses            Value  │
│  Env       osrs_inferno      GPU      188ms  31%    policy            0.005  │
│  Params          752.1K      Env       35ms   5%    value             0.053  │
│  Steps            36.9M    Train      381ms  63%    entropy           0.404  │
│  SPS             214.2K      Misc       0ms   0%    total             0.030  │
│  Epoch             1125      Forwa…     0ms   0%    old_kl            0.031  │
│  Uptime    0d 0h 2m 36s                             kl                0.027  │
│  Remaini…   0d 0h 1m 1s                             clipfrac          0.135  │
│                                                     bc                0.000  │
│                                                                              │
│  User Stats                    Value    User Stats                    Value  │
│  episode_return                4.869    damage_dealt                535.885  │
│  damage_received             162.463    episode_length              121.494  │
│  wins                          0.000    wave                         68.000  │
│  idle_ticks                    2.350    brews_used                    7.391  │
│  blood_healed                  0.000    prayer_correct_rate           0.533  │
│  unavoidable_off_praye…        0.033    brews_remaining               4.609  │
│  restores_remaining            9.669    prayer_at_death              88.047  │
│  current_ranged               92.342    current_magic                85.482  │
│  behind_shield_pct             0.282    zuk_hp_remaining            690.680  │
│  min_zuk_hp_seen             684.394    hp_restored                   2.542  │
│  zuk_healer_damage             0.005    deaths_to_jad                 0.121  │
│  episode_return_normal         2.598    wins_normal                   0.000  │
│  min_zuk_hp_normal           926.452    score_normal                  0.228  │
│  zuk_objective_normal          0.228    phase_reached_normal          0.469  │
│  death_tick_normal            74.267    frac_min_hp_le_300_no…        0.000  │
╰──────────────────────────────────────────────────────────────────────────────╯

[0;0H╭──────────────────────────────────────────────────────────────────────────────╮
│  PufferLib 4.0   🐡               GPU: 0%      VRAM: 0.4/18G      RAM: 0.7G  │
│                                                                              │
│  Summary          Value    Evaluate   225ms  37%    Losses            Value  │
│  Env       osrs_inferno      GPU      189ms  31%    policy            0.031  │
│  Params          752.1K      Env       35ms   5%    value             0.065  │
│  Steps            37.0M    Train      373ms  62%    entropy           0.407  │
│  SPS             216.7K      Misc       0ms   0%    total             0.063  │
│  Epoch             1129      Forwa…     0ms   0%    old_kl            0.031  │
│  Uptime    0d 0h 2m 37s                             kl                0.028  │
│  Remaini…   0d 0h 1m 0s                             clipfrac          0.137  │
│                                                     bc                0.000  │
│                                                                              │
│  User Stats                    Value    User Stats                    Value  │
│  episode_return                4.765    damage_dealt                522.558  │
│  damage_received             160.616    episode_length              117.662  │
│  wins                          0.000    wave                         68.000  │
│  idle_ticks                    2.436    brews_used                    7.303  │
│  blood_healed                  0.000    prayer_correct_rate           0.523  │
│  unavoidable_off_praye…        0.030    brews_remaining               4.697  │
│  restores_remaining            9.727    prayer_at_death              87.914  │
│  current_ranged               92.411    current_magic                85.187  │
│  behind_shield_pct             0.276    zuk_hp_remaining            701.746  │
│  min_zuk_hp_seen             696.368    hp_restored                   2.564  │
│  zuk_healer_damage             0.000    deaths_to_jad                 0.127  │
│  episode_return_normal         2.569    wins_normal                   0.000  │
│  min_zuk_hp_normal           931.338    score_normal                  0.224  │
│  zuk_objective_normal          0.224    phase_reached_normal          0.414  │
│  death_tick_normal            71.475    frac_min_hp_le_300_no…        0.000  │
╰──────────────────────────────────────────────────────────────────────────────╯

[0;0H╭──────────────────────────────────────────────────────────────────────────────╮
│  PufferLib 4.0  🐡                GPU: 0%      VRAM: 0.4/18G      RAM: 0.7G  │
│                                                                              │
│  Summary          Value    Evaluate   275ms  37%    Losses            Value  │
│  Env       osrs_inferno      GPU      231ms  31%    policy            0.012  │
│  Params          752.1K      Env       43ms   5%    value             0.054  │
│  Steps            37.2M    Train      460ms  62%    entropy           0.386  │
│  SPS             220.5K      Misc       0ms   0%    total             0.039  │
│  Epoch             1134      Forwa…     0ms   0%    old_kl            0.023  │
│  Uptime    0d 0h 2m 37s                             kl                0.021  │
│  Remaini…  0d 0h 0m 58s                             clipfrac          0.127  │
│                                                     bc                0.000  │
│                                                                              │
│  User Stats                    Value    User Stats                    Value  │
│  episode_return                4.776    damage_dealt                524.307  │
│  damage_received             159.600    episode_length              118.504  │
│  wins                          0.000    wave                         68.000  │
│  idle_ticks                    2.439    brews_used                    7.327  │
│  blood_healed                  0.000    prayer_correct_rate           0.523  │
│  unavoidable_off_praye…        0.031    brews_remaining               4.673  │
│  restores_remaining            9.744    prayer_at_death              88.230  │
│  current_ranged               92.163    current_magic                84.867  │
│  behind_shield_pct             0.284    zuk_hp_remaining            700.152  │
│  min_zuk_hp_seen             695.016    hp_restored                   2.514  │
│  zuk_healer_damage             0.017    deaths_to_jad                 0.131  │
│  episode_return_normal         2.578    wins_normal                   0.000  │
│  min_zuk_hp_normal           929.742    score_normal                  0.225  │
│  zuk_objective_normal          0.225    phase_reached_normal          0.426  │
│  death_tick_normal            72.938    frac_min_hp_le_300_no…        0.000  │
╰──────────────────────────────────────────────────────────────────────────────╯

[0;0H╭──────────────────────────────────────────────────────────────────────────────╮
│  PufferLib 4.0 🐡                 GPU: 0%      VRAM: 0.4/18G      RAM: 0.7G  │
│                                                                              │
│  Summary          Value    Evaluate   274ms  37%    Losses            Value  │
│  Env       osrs_inferno      GPU      230ms  31%    policy            0.001  │
│  Params          752.1K      Env       43ms   5%    value             0.061  │
│  Steps            37.3M    Train      466ms  62%    entropy           0.381  │
│  SPS             219.3K      Misc       0ms   0%    total             0.031  │
│  Epoch             1139      Forwa…     0ms   0%    old_kl            0.032  │
│  Uptime    0d 0h 2m 38s                             kl                0.030  │
│  Remaini…  0d 0h 0m 57s                             clipfrac          0.130  │
│                                                     bc                0.000  │
│                                                                              │
│  User Stats                    Value    User Stats                    Value  │
│  episode_return                4.825    damage_dealt                530.033  │
│  damage_received             162.289    episode_length              121.236  │
│  wins                          0.000    wave                         68.000  │
│  idle_ticks                    2.569    brews_used                    7.413  │
│  blood_healed                  0.004    prayer_correct_rate           0.527  │
│  unavoidable_off_praye…        0.034    brews_remaining               4.587  │
│  restores_remaining            9.654    prayer_at_death              88.731  │
│  current_ranged               93.105    current_magic                86.081  │
│  behind_shield_pct             0.286    zuk_hp_remaining            695.971  │
│  min_zuk_hp_seen             689.669    hp_restored                   2.528  │
│  zuk_healer_damage             0.050    deaths_to_jad                 0.130  │
│  episode_return_normal         2.531    wins_normal                   0.000  │
│  min_zuk_hp_normal           934.351    score_normal                  0.221  │
│  zuk_objective_normal          0.221    phase_reached_normal          0.447  │
│  death_tick_normal            74.677    frac_min_hp_le_300_no…        0.000  │
╰──────────────────────────────────────────────────────────────────────────────╯

[0;0H╭──────────────────────────────────────────────────────────────────────────────╮
│  PufferLib 4.0          🐡        GPU: 0%      VRAM: 0.4/18G      RAM: 0.7G  │
│                                                                              │
│  Summary          Value    Evaluate   279ms  37%    Losses            Value  │
│  Env       osrs_inferno      GPU      235ms  31%    policy            0.022  │
│  Params          752.1K      Env       44ms   5%    value             0.058  │
│  Steps            37.5M    Train      460ms  62%    entropy           0.384  │
│  SPS             219.4K      Misc       0ms   0%    total             0.050  │
│  Epoch             1144      Forwa…     0ms   0%    old_kl            0.033  │
│  Uptime    0d 0h 2m 39s                             kl                0.030  │
│  Remaini…  0d 0h 0m 57s                             clipfrac          0.130  │
│                                                     bc                0.000  │
│                                                                              │
│  User Stats                    Value    User Stats                    Value  │
│  episode_return                4.904    damage_dealt                538.866  │
│  damage_received             162.677    episode_length              123.188  │
│  wins                          0.000    wave                         68.000  │
│  idle_ticks                    2.741    brews_used                    7.396  │
│  blood_healed                  0.000    prayer_correct_rate           0.532  │
│  unavoidable_off_praye…        0.030    brews_remaining               4.604  │
│  restores_remaining            9.654    prayer_at_death              88.513  │
│  current_ranged               94.155    current_magic                86.722  │
│  behind_shield_pct             0.285    zuk_hp_remaining            688.515  │
│  min_zuk_hp_seen             681.305    hp_restored                   2.516  │
│  zuk_healer_damage             0.000    deaths_to_jad                 0.125  │
│  episode_return_normal         2.585    wins_normal                   0.000  │
│  min_zuk_hp_normal           929.120    score_normal                  0.226  │
│  zuk_objective_normal          0.226    phase_reached_normal          0.479  │
│  death_tick_normal            75.665    frac_min_hp_le_300_no…        0.000  │
╰──────────────────────────────────────────────────────────────────────────────╯

[0;0H╭──────────────────────────────────────────────────────────────────────────────╮
│  PufferLib 4.0         🐡         GPU: 0%      VRAM: 0.4/18G      RAM: 0.7G  │
│                                                                              │
│  Summary          Value    Evaluate   280ms  38%    Losses            Value  │
│  Env       osrs_inferno      GPU      232ms  31%    policy            0.001  │
│  Params          752.1K      Env       47ms   6%    value             0.058  │
│  Steps            37.7M    Train      456ms  61%    entropy           0.388  │
│  SPS             220.3K      Misc       0ms   0%    total             0.029  │
│  Epoch             1149      Forwa…     0ms   0%    old_kl            0.031  │
│  Uptime    0d 0h 2m 40s                             kl                0.031  │
│  Remaini…  0d 0h 0m 56s                             clipfrac          0.136  │
│                                                     bc                0.000  │
│                                                                              │
│  User Stats                    Value    User Stats                    Value  │
│  episode_return                4.713    damage_dealt                515.188  │
│  damage_received             156.310    episode_length              119.243  │
│  wins                          0.000    wave                         68.000  │
│  idle_ticks                    2.667    brews_used                    7.008  │
│  blood_healed                  0.000    prayer_correct_rate           0.531  │
│  unavoidable_off_praye…        0.031    brews_remaining               4.992  │
│  restores_remaining            9.761    prayer_at_death              88.220  │
│  current_ranged               95.339    current_magic                87.288  │
│  behind_shield_pct             0.285    zuk_hp_remaining            708.933  │
│  min_zuk_hp_seen             701.547    hp_restored                   2.535  │
│  zuk_healer_damage             0.000    deaths_to_jad                 0.111  │
│  episode_return_normal         2.412    wins_normal                   0.000  │
│  min_zuk_hp_normal           947.780    score_normal                  0.210  │
│  zuk_objective_normal          0.210    phase_reached_normal          0.433  │
│  death_tick_normal            71.497    frac_min_hp_le_300_no…        0.000  │
╰──────────────────────────────────────────────────────────────────────────────╯

[0;0H╭──────────────────────────────────────────────────────────────────────────────╮
│  PufferLib 4.0        🐡          GPU: 0%      VRAM: 0.4/18G      RAM: 0.7G  │
│                                                                              │
│  Summary          Value    Evaluate   275ms  37%    Losses            Value  │
│  Env       osrs_inferno      GPU      229ms  31%    policy            0.003  │
│  Params          752.1K      Env       45ms   6%    value             0.055  │
│  Steps            37.8M    Train      452ms  62%    entropy           0.382  │
│  SPS             223.0K      Misc       0ms   0%    total             0.030  │
│  Epoch             1154      Forwa…     0ms   0%    old_kl            0.037  │
│  Uptime    0d 0h 2m 40s                             kl                0.035  │
│  Remaini…  0d 0h 0m 54s                             clipfrac          0.133  │
│                                                     bc                0.000  │
│                                                                              │
│  User Stats                    Value    User Stats                    Value  │
│  episode_return                4.856    damage_dealt                530.394  │
│  damage_received             160.218    episode_length              121.639  │
│  wins                          0.000    wave                         68.000  │
│  idle_ticks                    2.753    brews_used                    7.233  │
│  blood_healed                  0.000    prayer_correct_rate           0.529  │
│  unavoidable_off_praye…        0.032    brews_remaining               4.767  │
│  restores_remaining            9.670    prayer_at_death              88.841  │
│  current_ranged               95.720    current_magic                88.045  │
│  behind_shield_pct             0.290    zuk_hp_remaining            695.199  │
│  min_zuk_hp_seen             686.548    hp_restored                   2.648  │
│  zuk_healer_damage             0.000    deaths_to_jad                 0.127  │
│  episode_return_normal         2.600    wins_normal                   0.000  │
│  min_zuk_hp_normal           928.324    score_normal                  0.226  │
│  zuk_objective_normal          0.226    phase_reached_normal          0.512  │
│  death_tick_normal            74.688    frac_min_hp_le_300_no…        0.000  │
╰──────────────────────────────────────────────────────────────────────────────╯

[0;0H╭──────────────────────────────────────────────────────────────────────────────╮
│  PufferLib 4.0       🐡           GPU: 0%      VRAM: 0.4/18G      RAM: 0.7G  │
│                                                                              │
│  Summary          Value    Evaluate   228ms  37%    Losses            Value  │
│  Env       osrs_inferno      GPU      191ms  31%    policy            0.003  │
│  Params          752.1K      Env       37ms   6%    value             0.053  │
│  Steps            37.9M    Train      373ms  62%    entropy           0.355  │
│  SPS             215.1K      Misc       0ms   0%    total             0.030  │
│  Epoch             1158      Forwa…     0ms   0%    old_kl            0.039  │
│  Uptime    0d 0h 2m 41s                             kl                0.036  │
│  Remaini…  0d 0h 0m 56s                             clipfrac          0.129  │
│                                                     bc                0.000  │
│                                                                              │
│  User Stats                    Value    User Stats                    Value  │
│  episode_return                4.946    damage_dealt                539.669  │
│  damage_received             159.175    episode_length              122.894  │
│  wins                          0.000    wave                         68.000  │
│  idle_ticks                    2.849    brews_used                    7.145  │
│  blood_healed                  0.000    prayer_correct_rate           0.530  │
│  unavoidable_off_praye…        0.034    brews_remaining               4.855  │
│  restores_remaining            9.609    prayer_at_death              88.940  │
│  current_ranged               96.914    current_magic                89.386  │
│  behind_shield_pct             0.296    zuk_hp_remaining            686.512  │
│  min_zuk_hp_seen             677.470    hp_restored                   2.560  │
│  zuk_healer_damage             0.022    deaths_to_jad                 0.141  │
│  episode_return_normal         2.705    wins_normal                   0.000  │
│  min_zuk_hp_normal           917.585    score_normal                  0.235  │
│  zuk_objective_normal          0.235    phase_reached_normal          0.547  │
│  death_tick_normal            75.916    frac_min_hp_le_300_no…        0.000  │
╰──────────────────────────────────────────────────────────────────────────────╯

[0;0H╭──────────────────────────────────────────────────────────────────────────────╮
│  PufferLib 4.0      🐡            GPU: 0%      VRAM: 0.4/18G      RAM: 0.7G  │
│                                                                              │
│  Summary          Value    Evaluate   229ms  37%    Losses            Value  │
│  Env       osrs_inferno      GPU      193ms  31%    policy            0.003  │
│  Params          752.1K      Env       35ms   5%    value             0.059  │
│  Steps            38.1M    Train      389ms  62%    entropy           0.365  │
│  SPS             209.5K      Misc       0ms   0%    total             0.032  │
│  Epoch             1162      Forwa…     0ms   0%    old_kl            0.038  │
│  Uptime    0d 0h 2m 42s                             kl                0.035  │
│  Remaini…  0d 0h 0m 56s                             clipfrac          0.127  │
│                                                     bc                0.000  │
│                                                                              │
│  User Stats                    Value    User Stats                    Value  │
│  episode_return                4.881    damage_dealt                533.591  │
│  damage_received             157.720    episode_length              122.062  │
│  wins                          0.000    wave                         68.000  │
│  idle_ticks                    2.821    brews_used                    7.140  │
│  blood_healed                  0.000    prayer_correct_rate           0.531  │
│  unavoidable_off_praye…        0.034    brews_remaining               4.860  │
│  restores_remaining            9.585    prayer_at_death              89.177  │
│  current_ranged               96.777    current_magic                89.352  │
│  behind_shield_pct             0.290    zuk_hp_remaining            692.749  │
│  min_zuk_hp_seen             683.932    hp_restored                   2.564  │
│  zuk_healer_damage             0.000    deaths_to_jad                 0.145  │
│  episode_return_normal         2.692    wins_normal                   0.000  │
│  min_zuk_hp_normal           918.356    score_normal                  0.235  │
│  zuk_objective_normal          0.235    phase_reached_normal          0.536  │
│  death_tick_normal            76.058    frac_min_hp_le_300_no…        0.000  │
╰──────────────────────────────────────────────────────────────────────────────╯

[0;0H╭──────────────────────────────────────────────────────────────────────────────╮
│  PufferLib 4.0     🐡             GPU: 0%      VRAM: 0.4/18G      RAM: 0.7G  │
│                                                                              │
│  Summary          Value    Evaluate   226ms  36%    Losses            Value  │
│  Env       osrs_inferno      GPU      191ms  30%    policy           -0.005  │
│  Params          752.1K      Env       35ms   5%    value             0.052  │
│  Steps            38.2M    Train      394ms  63%    entropy           0.382  │
│  SPS             208.8K      Misc       0ms   0%    total             0.020  │
│  Epoch             1166      Forwa…     0ms   0%    old_kl            0.036  │
│  Uptime    0d 0h 2m 42s                             kl                0.032  │
│  Remaini…  0d 0h 0m 56s                             clipfrac          0.129  │
│                                                     bc                0.000  │
│                                                                              │
│  User Stats                    Value    User Stats                    Value  │
│  episode_return                4.818    damage_dealt                526.914  │
│  damage_received             157.103    episode_length              120.366  │
│  wins                          0.000    wave                         68.000  │
│  idle_ticks                    2.808    brews_used                    7.102  │
│  blood_healed                  0.000    prayer_correct_rate           0.529  │
│  unavoidable_off_praye…        0.036    brews_remaining               4.898  │
│  restores_remaining            9.621    prayer_at_death              89.133  │
│  current_ranged               96.709    current_magic                89.354  │
│  behind_shield_pct             0.299    zuk_hp_remaining            699.272  │
│  min_zuk_hp_seen             690.461    hp_restored                   2.525  │
│  zuk_healer_damage             0.000    deaths_to_jad                 0.146  │
│  episode_return_normal         2.660    wins_normal                   0.000  │
│  min_zuk_hp_normal           921.107    score_normal                  0.232  │
│  zuk_objective_normal          0.232    phase_reached_normal          0.516  │
│  death_tick_normal            75.226    frac_min_hp_le_300_no…        0.000  │
╰──────────────────────────────────────────────────────────────────────────────╯

[0;0H╭──────────────────────────────────────────────────────────────────────────────╮
│  PufferLib 4.0    🐡              GPU: 0%      VRAM: 0.4/18G      RAM: 0.7G  │
│                                                                              │
│  Summary          Value    Evaluate   228ms  36%    Losses            Value  │
│  Env       osrs_inferno      GPU      193ms  31%    policy            0.006  │
│  Params          752.1K      Env       35ms   5%    value             0.071  │
│  Steps            38.3M    Train      390ms  63%    entropy           0.399  │
│  SPS             209.4K      Misc       0ms   0%    total             0.041  │
│  Epoch             1170      Forwa…     0ms   0%    old_kl            0.035  │
│  Uptime    0d 0h 2m 43s                             kl                0.033  │
│  Remaini…  0d 0h 0m 55s                             clipfrac          0.136  │
│                                                     bc                0.000  │
│                                                                              │
│  User Stats                    Value    User Stats                    Value  │
│  episode_return                4.558    damage_dealt                499.494  │
│  damage_received             147.836    episode_length              113.615  │
│  wins                          0.000    wave                         68.000  │
│  idle_ticks                    2.689    brews_used                    6.700  │
│  blood_healed                  0.000    prayer_correct_rate           0.520  │
│  unavoidable_off_praye…        0.033    brews_remaining               5.300  │
│  restores_remaining            9.836    prayer_at_death              88.974  │
│  current_ranged               96.369    current_magic                88.343  │
│  behind_shield_pct             0.290    zuk_hp_remaining            726.427  │
│  min_zuk_hp_seen             717.945    hp_restored                   2.479  │
│  zuk_healer_damage             0.000    deaths_to_jad                 0.135  │
│  episode_return_normal         2.600    wins_normal                   0.000  │
│  min_zuk_hp_normal           927.407    score_normal                  0.227  │
│  zuk_objective_normal          0.227    phase_reached_normal          0.488  │
│  death_tick_normal            72.801    frac_min_hp_le_300_no…        0.000  │
╰──────────────────────────────────────────────────────────────────────────────╯

[0;0H╭──────────────────────────────────────────────────────────────────────────────╮
│  PufferLib 4.0   🐡               GPU: 0%      VRAM: 0.4/18G      RAM: 0.7G  │
│                                                                              │
│  Summary          Value    Evaluate   224ms  36%    Losses            Value  │
│  Env       osrs_inferno      GPU      189ms  31%    policy           -0.005  │
│  Params          752.1K      Env       34ms   5%    value             0.062  │
│  Steps            38.5M    Train      385ms  63%    entropy           0.358  │
│  SPS             212.8K      Misc       0ms   0%    total             0.025  │
│  Epoch             1174      Forwa…     0ms   0%    old_kl            0.036  │
│  Uptime    0d 0h 2m 44s                             kl                0.035  │
│  Remaini…  0d 0h 0m 54s                             clipfrac          0.127  │
│                                                     bc                0.000  │
│                                                                              │
│  User Stats                    Value    User Stats                    Value  │
│  episode_return                5.026    damage_dealt                551.999  │
│  damage_received             160.989    episode_length              124.474  │
│  wins                          0.000    wave                         68.000  │
│  idle_ticks                    3.110    brews_used                    7.274  │
│  blood_healed                  0.000    prayer_correct_rate           0.534  │
│  unavoidable_off_praye…        0.036    brews_remaining               4.726  │
│  restores_remaining            9.597    prayer_at_death              87.594  │
│  current_ranged               96.592    current_magic                89.095  │
│  behind_shield_pct             0.300    zuk_hp_remaining            678.164  │
│  min_zuk_hp_seen             667.690    hp_restored                   3.067  │
│  zuk_healer_damage             0.000    deaths_to_jad                 0.173  │
│  episode_return_normal         2.834    wins_normal                   0.000  │
│  min_zuk_hp_normal           902.182    score_normal                  0.248  │
│  zuk_objective_normal          0.248    phase_reached_normal          0.579  │
│  death_tick_normal            79.321    frac_min_hp_le_300_no…        0.000  │
╰──────────────────────────────────────────────────────────────────────────────╯

[0;0H╭──────────────────────────────────────────────────────────────────────────────╮
│  PufferLib 4.0  🐡                GPU: 0%      VRAM: 0.4/18G      RAM: 0.7G  │
│                                                                              │
│  Summary          Value    Evaluate   226ms  36%    Losses            Value  │
│  Env       osrs_inferno      GPU      191ms  31%    policy            0.005  │
│  Params          752.1K      Env       35ms   5%    value             0.063  │
│  Steps            38.6M    Train      386ms  63%    entropy           0.352  │
│  SPS             211.5K      Misc       0ms   0%    total             0.036  │
│  Epoch             1178      Forwa…     0ms   0%    old_kl            0.039  │
│  Uptime    0d 0h 2m 44s                             kl                0.036  │
│  Remaini…  0d 0h 0m 53s                             clipfrac          0.130  │
│                                                     bc                0.000  │
│                                                                              │
│  User Stats                    Value    User Stats                    Value  │
│  episode_return                5.088    damage_dealt                557.737  │
│  damage_received             162.585    episode_length              125.534  │
│  wins                          0.000    wave                         68.000  │
│  idle_ticks                    3.259    brews_used                    7.280  │
│  blood_healed                  0.000    prayer_correct_rate           0.532  │
│  unavoidable_off_praye…        0.039    brews_remaining               4.720  │
│  restores_remaining            9.538    prayer_at_death              87.745  │
│  current_ranged               97.108    current_magic                89.822  │
│  behind_shield_pct             0.299    zuk_hp_remaining            672.801  │
│  min_zuk_hp_seen             661.217    hp_restored                   3.356  │
│  zuk_healer_damage             0.000    deaths_to_jad                 0.194  │
│  episode_return_normal         3.038    wins_normal                   0.000  │
│  min_zuk_hp_normal           880.995    score_normal                  0.266  │
│  zuk_objective_normal          0.266    phase_reached_normal          0.652  │
│  death_tick_normal            83.631    frac_min_hp_le_300_no…        0.000  │
╰──────────────────────────────────────────────────────────────────────────────╯

[0;0H╭──────────────────────────────────────────────────────────────────────────────╮
│  PufferLib 4.0 🐡                 GPU: 0%      VRAM: 0.4/18G      RAM: 0.7G  │
│                                                                              │
│  Summary          Value    Evaluate   226ms  37%    Losses            Value  │
│  Env       osrs_inferno      GPU      191ms  31%    policy            0.003  │
│  Params          752.1K      Env       35ms   5%    value             0.068  │
│  Steps            38.7M    Train      378ms  62%    entropy           0.360  │
│  SPS             214.1K      Misc       0ms   0%    total             0.037  │
│  Epoch             1182      Forwa…     0ms   0%    old_kl            0.030  │
│  Uptime    0d 0h 2m 45s                             kl                0.027  │
│  Remaini…  0d 0h 0m 52s                             clipfrac          0.130  │
│                                                     bc                0.000  │
│                                                                              │
│  User Stats                    Value    User Stats                    Value  │
│  episode_return                4.999    damage_dealt                548.361  │
│  damage_received             158.736    episode_length              124.288  │
│  wins                          0.000    wave                         68.000  │
│  idle_ticks                    3.154    brews_used                    7.147  │
│  blood_healed                  0.000    prayer_correct_rate           0.533  │
│  unavoidable_off_praye…        0.036    brews_remaining               4.853  │
│  restores_remaining            9.664    prayer_at_death              87.062  │
│  current_ranged               96.171    current_magic                88.611  │
│  behind_shield_pct             0.306    zuk_hp_remaining            680.981  │
│  min_zuk_hp_seen             670.792    hp_restored                   3.052  │
│  zuk_healer_damage             0.000    deaths_to_jad                 0.172  │
│  episode_return_normal         3.009    wins_normal                   0.000  │
│  min_zuk_hp_normal           884.039    score_normal                  0.263  │
│  zuk_objective_normal          0.263    phase_reached_normal          0.646  │
│  death_tick_normal            83.533    frac_min_hp_le_300_no…        0.000  │
╰──────────────────────────────────────────────────────────────────────────────╯

[0;0H╭──────────────────────────────────────────────────────────────────────────────╮
│  PufferLib 4.0          🐡        GPU: 0%      VRAM: 0.4/18G      RAM: 0.7G  │
│                                                                              │
│  Summary          Value    Evaluate   223ms  37%    Losses            Value  │
│  Env       osrs_inferno      GPU      187ms  31%    policy            0.020  │
│  Params          752.1K      Env       35ms   5%    value             0.054  │
│  Steps            38.9M    Train      378ms  62%    entropy           0.339  │
│  SPS             215.5K      Misc       0ms   0%    total             0.046  │
│  Epoch             1186      Forwa…     0ms   0%    old_kl            0.031  │
│  Uptime    0d 0h 2m 45s                             kl                0.031  │
│  Remaini…  0d 0h 0m 51s                             clipfrac          0.118  │
│                                                     bc                0.000  │
│                                                                              │
│  User Stats                    Value    User Stats                    Value  │
│  episode_return                5.123    damage_dealt                560.133  │
│  damage_received             161.313    episode_length              125.986  │
│  wins                          0.000    wave                         68.000  │
│  idle_ticks                    3.145    brews_used                    7.197  │
│  blood_healed                  0.000    prayer_correct_rate           0.537  │
│  unavoidable_off_praye…        0.041    brews_remaining               4.803  │
│  restores_remaining            9.556    prayer_at_death              87.565  │
│  current_ranged               96.889    current_magic                89.638  │
│  behind_shield_pct             0.306    zuk_hp_remaining            670.085  │
│  min_zuk_hp_seen             658.031    hp_restored                   3.413  │
│  zuk_healer_damage             0.000    deaths_to_jad                 0.192  │
│  episode_return_normal         2.928    wins_normal                   0.000  │
│  min_zuk_hp_normal           893.342    score_normal                  0.256  │
│  zuk_objective_normal          0.256    phase_reached_normal          0.601  │
│  death_tick_normal            80.930    frac_min_hp_le_300_no…        0.000  │
╰──────────────────────────────────────────────────────────────────────────────╯

[0;0H╭──────────────────────────────────────────────────────────────────────────────╮
│  PufferLib 4.0         🐡         GPU: 0%      VRAM: 0.4/18G      RAM: 0.7G  │
│                                                                              │
│  Summary          Value    Evaluate   223ms  37%    Losses            Value  │
│  Env       osrs_inferno      GPU      187ms  31%    policy            0.005  │
│  Params          752.1K      Env       35ms   5%    value             0.059  │
│  Steps            39.0M    Train      376ms  62%    entropy           0.343  │
│  SPS             216.1K      Misc       0ms   0%    total             0.034  │
│  Epoch             1190      Forwa…     0ms   0%    old_kl            0.034  │
│  Uptime    0d 0h 2m 46s                             kl                0.032  │
│  Remaini…  0d 0h 0m 50s                             clipfrac          0.119  │
│                                                     bc                0.000  │
│                                                                              │
│  User Stats                    Value    User Stats                    Value  │
│  episode_return                5.212    damage_dealt                571.909  │
│  damage_received             163.307    episode_length              128.464  │
│  wins                          0.000    wave                         68.000  │
│  idle_ticks                    3.300    brews_used                    7.301  │
│  blood_healed                  0.000    prayer_correct_rate           0.537  │
│  unavoidable_off_praye…        0.038    brews_remaining               4.699  │
│  restores_remaining            9.524    prayer_at_death              87.292  │
│  current_ranged               97.085    current_magic                89.783  │
│  behind_shield_pct             0.299    zuk_hp_remaining            659.742  │
│  min_zuk_hp_seen             648.053    hp_restored                   3.476  │
│  zuk_healer_damage             0.008    deaths_to_jad                 0.182  │
│  episode_return_normal         3.171    wins_normal                   0.000  │
│  min_zuk_hp_normal           866.993    score_normal                  0.278  │
│  zuk_objective_normal          0.278    phase_reached_normal          0.688  │
│  death_tick_normal            86.727    frac_min_hp_le_300_no…        0.000  │
╰──────────────────────────────────────────────────────────────────────────────╯

[0;0H╭──────────────────────────────────────────────────────────────────────────────╮
│  PufferLib 4.0        🐡          GPU: 0%      VRAM: 0.4/18G      RAM: 0.7G  │
│                                                                              │
│  Summary          Value    Evaluate   223ms  37%    Losses            Value  │
│  Env       osrs_inferno      GPU      188ms  31%    policy            0.002  │
│  Params          752.1K      Env       35ms   5%    value             0.056  │
│  Steps            39.1M    Train      372ms  62%    entropy           0.321  │
│  SPS             217.6K      Misc       0ms   0%    total             0.029  │
│  Epoch             1194      Forwa…     0ms   0%    old_kl            0.027  │
│  Uptime    0d 0h 2m 47s                             kl                0.024  │
│  Remaini…  0d 0h 0m 49s                             clipfrac          0.116  │
│                                                     bc                0.000  │
│                                                                              │
│  User Stats                    Value    User Stats                    Value  │
│  episode_return                5.198    damage_dealt                570.658  │
│  damage_received             163.243    episode_length              129.063  │
│  wins                          0.000    wave                         68.000  │
│  idle_ticks                    3.222    brews_used                    7.301  │
│  blood_healed                  0.000    prayer_correct_rate           0.540  │
│  unavoidable_off_praye…        0.040    brews_remaining               4.699  │
│  restores_remaining            9.532    prayer_at_death              86.916  │
│  current_ranged               97.053    current_magic                89.626  │
│  behind_shield_pct             0.304    zuk_hp_remaining            662.101  │
│  min_zuk_hp_seen             649.424    hp_restored                   3.632  │
│  zuk_healer_damage             0.023    deaths_to_jad                 0.190  │
│  episode_return_normal         3.030    wins_normal                   0.000  │
│  min_zuk_hp_normal           881.873    score_normal                  0.265  │
│  zuk_objective_normal          0.265    phase_reached_normal          0.644  │
│  death_tick_normal            85.231    frac_min_hp_le_300_no…        0.000  │
╰──────────────────────────────────────────────────────────────────────────────╯

[0;0H╭──────────────────────────────────────────────────────────────────────────────╮
│  PufferLib 4.0       🐡           GPU: 0%      VRAM: 0.4/18G      RAM: 0.7G  │
│                                                                              │
│  Summary          Value    Evaluate   224ms  37%    Losses            Value  │
│  Env       osrs_inferno      GPU      188ms  31%    policy            0.015  │
│  Params          752.1K      Env       35ms   5%    value             0.056  │
│  Steps            39.3M    Train      373ms  62%    entropy           0.320  │
│  SPS             216.9K      Misc       0ms   0%    total             0.043  │
│  Epoch             1198      Forwa…     0ms   0%    old_kl            0.031  │
│  Uptime    0d 0h 2m 47s                             kl                0.032  │
│  Remaini…  0d 0h 0m 49s                             clipfrac          0.116  │
│                                                     bc                0.000  │
│                                                                              │
│  User Stats                    Value    User Stats                    Value  │
│  episode_return                5.122    damage_dealt                560.458  │
│  damage_received             157.476    episode_length              126.118  │
│  wins                          0.000    wave                         68.000  │
│  idle_ticks                    3.285    brews_used                    6.996  │
│  blood_healed                  0.000    prayer_correct_rate           0.540  │
│  unavoidable_off_praye…        0.036    brews_remaining               5.004  │
│  restores_remaining            9.598    prayer_at_death              87.700  │
│  current_ranged               98.385    current_magic                90.922  │
│  behind_shield_pct             0.304    zuk_hp_remaining            669.295  │
│  min_zuk_hp_seen             658.119    hp_restored                   3.179  │
│  zuk_healer_damage             0.000    deaths_to_jad                 0.171  │
│  episode_return_normal         2.939    wins_normal                   0.000  │
│  min_zuk_hp_normal           892.158    score_normal                  0.257  │
│  zuk_objective_normal          0.257    phase_reached_normal          0.640  │
│  death_tick_normal            80.989    frac_min_hp_le_300_no…        0.000  │
╰──────────────────────────────────────────────────────────────────────────────╯

[0;0H╭──────────────────────────────────────────────────────────────────────────────╮
│  PufferLib 4.0      🐡            GPU: 0%      VRAM: 0.4/18G      RAM: 0.7G  │
│                                                                              │
│  Summary          Value    Evaluate   224ms  37%    Losses            Value  │
│  Env       osrs_inferno      GPU      189ms  31%    policy            0.006  │
│  Params          752.1K      Env       35ms   5%    value             0.057  │
│  Steps            39.4M    Train      373ms  62%    entropy           0.318  │
│  SPS             216.8K      Misc       0ms   0%    total             0.034  │
│  Epoch             1202      Forwa…     0ms   0%    old_kl            0.036  │
│  Uptime    0d 0h 2m 48s                             kl                0.034  │
│  Remaini…  0d 0h 0m 48s                             clipfrac          0.109  │
│                                                     bc                0.000  │
│                                                                              │
│  User Stats                    Value    User Stats                    Value  │
│  episode_return                5.131    damage_dealt                562.026  │
│  damage_received             156.014    episode_length              125.896  │
│  wins                          0.000    wave                         68.000  │
│  idle_ticks                    3.347    brews_used                    6.925  │
│  blood_healed                  0.000    prayer_correct_rate           0.536  │
│  unavoidable_off_praye…        0.037    brews_remaining               5.075  │
│  restores_remaining            9.653    prayer_at_death              87.005  │
│  current_ranged               98.641    current_magic                90.821  │
│  behind_shield_pct             0.311    zuk_hp_remaining            668.693  │
│  min_zuk_hp_seen             657.021    hp_restored                   3.496  │
│  zuk_healer_damage             0.008    deaths_to_jad                 0.178  │
│  episode_return_normal         3.109    wins_normal                   0.000  │
│  min_zuk_hp_normal           873.896    score_normal                  0.272  │
│  zuk_objective_normal          0.272    phase_reached_normal          0.698  │
│  death_tick_normal            84.501    frac_min_hp_le_300_no…        0.000  │
╰──────────────────────────────────────────────────────────────────────────────╯

[0;0H╭──────────────────────────────────────────────────────────────────────────────╮
│  PufferLib 4.0     🐡             GPU: 0%      VRAM: 0.4/18G      RAM: 0.7G  │
│                                                                              │
│  Summary          Value    Evaluate   221ms  36%    Losses            Value  │
│  Env       osrs_inferno      GPU      185ms  30%    policy            0.011  │
│  Params          752.1K      Env       35ms   5%    value             0.066  │
│  Steps            39.5M    Train      377ms  63%    entropy           0.320  │
│  SPS             216.5K      Misc       0ms   0%    total             0.043  │
│  Epoch             1206      Forwa…     0ms   0%    old_kl            0.024  │
│  Uptime    0d 0h 2m 48s                             kl                0.022  │
│  Remaini…  0d 0h 0m 48s                             clipfrac          0.111  │
│                                                     bc                0.000  │
│                                                                              │
│  User Stats                    Value    User Stats                    Value  │
│  episode_return                5.373    damage_dealt                590.329  │
│  damage_received             164.560    episode_length              131.926  │
│  wins                          0.000    wave                         68.000  │
│  idle_ticks                    3.577    brews_used                    7.298  │
│  blood_healed                  0.000    prayer_correct_rate           0.537  │
│  unavoidable_off_praye…        0.037    brews_remaining               4.702  │
│  restores_remaining            9.502    prayer_at_death              87.029  │
│  current_ranged               97.772    current_magic                90.441  │
│  behind_shield_pct             0.313    zuk_hp_remaining            642.410  │
│  min_zuk_hp_seen             630.220    hp_restored                   3.636  │
│  zuk_healer_damage             0.000    deaths_to_jad                 0.198  │
│  episode_return_normal         3.333    wins_normal                   0.000  │
│  min_zuk_hp_normal           848.945    score_normal                  0.293  │
│  zuk_objective_normal          0.293    phase_reached_normal          0.782  │
│  death_tick_normal            90.614    frac_min_hp_le_300_no…        0.000  │
╰──────────────────────────────────────────────────────────────────────────────╯

[0;0H╭──────────────────────────────────────────────────────────────────────────────╮
│  PufferLib 4.0    🐡              GPU: 0%      VRAM: 0.4/18G      RAM: 0.7G  │
│                                                                              │
│  Summary          Value    Evaluate   275ms  37%    Losses            Value  │
│  Env       osrs_inferno      GPU      231ms  31%    policy            0.003  │
│  Params          752.1K      Env       42ms   5%    value             0.055  │
│  Steps            39.7M    Train      459ms  62%    entropy           0.328  │
│  SPS             221.0K      Misc       0ms   0%    total             0.030  │
│  Epoch             1211      Forwa…     0ms   0%    old_kl            0.036  │
│  Uptime    0d 0h 2m 49s                             kl                0.031  │
│  Remaini…  0d 0h 0m 46s                             clipfrac          0.116  │
│                                                     bc                0.000  │
│                                                                              │
│  User Stats                    Value    User Stats                    Value  │
│  episode_return                5.257    damage_dealt                578.783  │
│  damage_received             159.531    episode_length              129.027  │
│  wins                          0.000    wave                         68.000  │
│  idle_ticks                    3.453    brews_used                    7.175  │
│  blood_healed                  0.000    prayer_correct_rate           0.534  │
│  unavoidable_off_praye…        0.036    brews_remaining               4.825  │
│  restores_remaining            9.556    prayer_at_death              87.346  │
│  current_ranged               98.137    current_magic                90.704  │
│  behind_shield_pct             0.314    zuk_hp_remaining            654.376  │
│  min_zuk_hp_seen             642.408    hp_restored                   3.576  │
│  zuk_healer_damage             0.000    deaths_to_jad                 0.191  │
│  episode_return_normal         3.215    wins_normal                   0.000  │
│  min_zuk_hp_normal           861.389    score_normal                  0.282  │
│  zuk_objective_normal          0.282    phase_reached_normal          0.757  │
│  death_tick_normal            87.605    frac_min_hp_le_300_no…        0.000  │
╰──────────────────────────────────────────────────────────────────────────────╯

[0;0H╭──────────────────────────────────────────────────────────────────────────────╮
│  PufferLib 4.0   🐡               GPU: 0%      VRAM: 0.4/18G      RAM: 0.7G  │
│                                                                              │
│  Summary          Value    Evaluate   274ms  37%    Losses            Value  │
│  Env       osrs_inferno      GPU      231ms  31%    policy            0.031  │
│  Params          752.1K      Env       42ms   5%    value             0.066  │
│  Steps            39.8M    Train      462ms  62%    entropy           0.319  │
│  SPS             220.1K      Misc       0ms   0%    total             0.063  │
│  Epoch             1216      Forwa…     0ms   0%    old_kl            0.029  │
│  Uptime    0d 0h 2m 50s                             kl                0.049  │
│  Remaini…  0d 0h 0m 46s                             clipfrac          0.109  │
│                                                     bc                0.000  │
│                                                                              │
│  User Stats                    Value    User Stats                    Value  │
│  episode_return                5.227    damage_dealt                575.924  │
│  damage_received             157.415    episode_length              128.661  │
│  wins                          0.000    wave                         68.000  │
│  idle_ticks                    3.325    brews_used                    7.060  │
│  blood_healed                  0.000    prayer_correct_rate           0.539  │
│  unavoidable_off_praye…        0.038    brews_remaining               4.940  │
│  restores_remaining            9.547    prayer_at_death              87.362  │
│  current_ranged               98.754    current_magic                91.253  │
│  behind_shield_pct             0.311    zuk_hp_remaining            657.074  │
│  min_zuk_hp_seen             645.536    hp_restored                   3.466  │
│  zuk_healer_damage             0.000    deaths_to_jad                 0.191  │
│  episode_return_normal         3.102    wins_normal                   0.000  │
│  min_zuk_hp_normal           872.870    score_normal                  0.273  │
│  zuk_objective_normal          0.273    phase_reached_normal          0.721  │
│  death_tick_normal            85.594    frac_min_hp_le_300_no…        0.000  │
╰──────────────────────────────────────────────────────────────────────────────╯

[0;0H╭──────────────────────────────────────────────────────────────────────────────╮
│  PufferLib 4.0  🐡                GPU: 0%      VRAM: 0.4/18G      RAM: 0.7G  │
│                                                                              │
│  Summary          Value    Evaluate   224ms  37%    Losses            Value  │
│  Env       osrs_inferno      GPU      189ms  31%    policy           -0.008  │
│  Params          752.1K      Env       34ms   5%    value             0.057  │
│  Steps            40.0M    Train      376ms  62%    entropy           0.325  │
│  SPS             215.8K      Misc       0ms   0%    total             0.020  │
│  Epoch             1220      Forwa…     0ms   0%    old_kl            0.029  │
│  Uptime    0d 0h 2m 51s                             kl                0.025  │
│  Remaini…  0d 0h 0m 46s                             clipfrac          0.112  │
│                                                     bc                0.000  │
│                                                                              │
│  User Stats                    Value    User Stats                    Value  │
│  episode_return                5.306    damage_dealt                583.443  │
│  damage_received             160.215    episode_length              130.612  │
│  wins                          0.000    wave                         68.000  │
│  idle_ticks                    3.340    brews_used                    7.211  │
│  blood_healed                  0.000    prayer_correct_rate           0.533  │
│  unavoidable_off_praye…        0.037    brews_remaining               4.789  │
│  restores_remaining            9.463    prayer_at_death              87.436  │
│  current_ranged               98.703    current_magic                91.430  │
│  behind_shield_pct             0.321    zuk_hp_remaining            647.775  │
│  min_zuk_hp_seen             636.904    hp_restored                   3.273  │
│  zuk_healer_damage             0.013    deaths_to_jad                 0.187  │
│  episode_return_normal         3.257    wins_normal                   0.000  │
│  min_zuk_hp_normal           855.910    score_normal                  0.287  │
│  zuk_objective_normal          0.287    phase_reached_normal          0.768  │
│  death_tick_normal            89.385    frac_min_hp_le_300_no…        0.000  │
╰──────────────────────────────────────────────────────────────────────────────╯

[0;0H╭──────────────────────────────────────────────────────────────────────────────╮
│  PufferLib 4.0 🐡                 GPU: 0%      VRAM: 0.4/18G      RAM: 0.7G  │
│                                                                              │
│  Summary          Value    Evaluate   222ms  36%    Losses            Value  │
│  Env       osrs_inferno      GPU      188ms  31%    policy            0.005  │
│  Params          752.1K      Env       34ms   5%    value             0.060  │
│  Steps            40.1M    Train      379ms  63%    entropy           0.328  │
│  SPS             215.4K      Misc       0ms   0%    total             0.034  │
│  Epoch             1224      Forwa…     0ms   0%    old_kl            0.035  │
│  Uptime    0d 0h 2m 51s                             kl                0.032  │
│  Remaini…  0d 0h 0m 45s                             clipfrac          0.103  │
│                                                     bc                0.000  │
│                                                                              │
│  User Stats                    Value    User Stats                    Value  │
│  episode_return                5.106    damage_dealt                560.892  │
│  damage_received             154.664    episode_length              125.456  │
│  wins                          0.000    wave                         68.000  │
│  idle_ticks                    3.247    brews_used                    6.895  │
│  blood_healed                  0.000    prayer_correct_rate           0.532  │
│  unavoidable_off_praye…        0.037    brews_remaining               5.105  │
│  restores_remaining            9.585    prayer_at_death              87.612  │
│  current_ranged               99.201    current_magic                91.748  │
│  behind_shield_pct             0.308    zuk_hp_remaining            669.941  │
│  min_zuk_hp_seen             658.809    hp_restored                   3.543  │
│  zuk_healer_damage             0.010    deaths_to_jad                 0.178  │
│  episode_return_normal         3.103    wins_normal                   0.000  │
│  min_zuk_hp_normal           873.635    score_normal                  0.272  │
│  zuk_objective_normal          0.272    phase_reached_normal          0.684  │
│  death_tick_normal            84.501    frac_min_hp_le_300_no…        0.000  │
╰──────────────────────────────────────────────────────────────────────────────╯

[0;0H╭──────────────────────────────────────────────────────────────────────────────╮
│  PufferLib 4.0          🐡        GPU: 0%      VRAM: 0.4/18G      RAM: 0.7G  │
│                                                                              │
│  Summary          Value    Evaluate   226ms  37%    Losses            Value  │
│  Env       osrs_inferno      GPU      191ms  31%    policy            0.003  │
│  Params          752.1K      Env       34ms   5%    value             0.055  │
│  Steps            40.2M    Train      377ms  62%    entropy           0.334  │
│  SPS             214.9K      Misc       0ms   0%    total             0.029  │
│  Epoch             1228      Forwa…     0ms   0%    old_kl            0.030  │
│  Uptime    0d 0h 2m 52s                             kl                0.027  │
│  Remaini…  0d 0h 0m 45s                             clipfrac          0.112  │
│                                                     bc                0.000  │
│                                                                              │
│  User Stats                    Value    User Stats                    Value  │
│  episode_return                5.161    damage_dealt                567.154  │
│  damage_received             156.946    episode_length              126.801  │
│  wins                          0.000    wave                         68.000  │
│  idle_ticks                    3.295    brews_used                    7.019  │
│  blood_healed                  0.000    prayer_correct_rate           0.530  │
│  unavoidable_off_praye…        0.034    brews_remaining               4.981  │
│  restores_remaining            9.573    prayer_at_death              87.541  │
│  current_ranged               98.054    current_magic                90.971  │
│  behind_shield_pct             0.314    zuk_hp_remaining            662.953  │
│  min_zuk_hp_seen             652.480    hp_restored                   3.259  │
│  zuk_healer_damage             0.011    deaths_to_jad                 0.164  │
│  episode_return_normal         3.117    wins_normal                   0.000  │
│  min_zuk_hp_normal           871.111    score_normal                  0.274  │
│  zuk_objective_normal          0.274    phase_reached_normal          0.715  │
│  death_tick_normal            85.251    frac_min_hp_le_300_no…        0.000  │
╰──────────────────────────────────────────────────────────────────────────────╯

[0;0H╭──────────────────────────────────────────────────────────────────────────────╮
│  PufferLib 4.0         🐡         GPU: 0%      VRAM: 0.4/18G      RAM: 0.7G  │
│                                                                              │
│  Summary          Value    Evaluate   223ms  37%    Losses            Value  │
│  Env       osrs_inferno      GPU      189ms  31%    policy            0.011  │
│  Params          752.1K      Env       34ms   5%    value             0.067  │
│  Steps            40.4M    Train      378ms  62%    entropy           0.341  │
│  SPS             215.3K      Misc       0ms   0%    total             0.045  │
│  Epoch             1232      Forwa…     0ms   0%    old_kl            0.034  │
│  Uptime    0d 0h 2m 52s                             kl                0.035  │
│  Remaini…  0d 0h 0m 44s                             clipfrac          0.115  │
│                                                     bc                0.000  │
│                                                                              │
│  User Stats                    Value    User Stats                    Value  │
│  episode_return                4.957    damage_dealt                543.714  │
│  damage_received             154.506    episode_length              123.001  │
│  wins                          0.000    wave                         68.000  │
│  idle_ticks                    3.153    brews_used                    6.910  │
│  blood_healed                  0.000    prayer_correct_rate           0.531  │
│  unavoidable_off_praye…        0.038    brews_remaining               5.090  │
│  restores_remaining            9.605    prayer_at_death              87.916  │
│  current_ranged               97.939    current_magic                90.718  │
│  behind_shield_pct             0.301    zuk_hp_remaining            684.281  │
│  min_zuk_hp_seen             674.178    hp_restored                   2.920  │
│  zuk_healer_damage             0.005    deaths_to_jad                 0.152  │
│  episode_return_normal         2.890    wins_normal                   0.000  │
│  min_zuk_hp_normal           894.858    score_normal                  0.254  │
│  zuk_objective_normal          0.254    phase_reached_normal          0.631  │
│  death_tick_normal            80.588    frac_min_hp_le_300_no…        0.000  │
╰──────────────────────────────────────────────────────────────────────────────╯

[0;0H╭──────────────────────────────────────────────────────────────────────────────╮
│  PufferLib 4.0        🐡          GPU: 0%      VRAM: 0.4/18G      RAM: 0.7G  │
│                                                                              │
│  Summary          Value    Evaluate   224ms  36%    Losses            Value  │
│  Env       osrs_inferno      GPU      188ms  30%    policy            0.012  │
│  Params          752.1K      Env       35ms   5%    value             0.054  │
│  Steps            40.5M    Train      384ms  63%    entropy           0.325  │
│  SPS             213.1K      Misc       0ms   0%    total             0.038  │
│  Epoch             1236      Forwa…     0ms   0%    old_kl            0.035  │
│  Uptime    0d 0h 2m 53s                             kl                0.037  │
│  Remaini…  0d 0h 0m 44s                             clipfrac          0.110  │
│                                                     bc                0.000  │
│                                                                              │
│  User Stats                    Value    User Stats                    Value  │
│  episode_return                5.404    damage_dealt                594.115  │
│  damage_received             167.510    episode_length              133.193  │
│  wins                          0.000    wave                         68.000  │
│  idle_ticks                    3.492    brews_used                    7.403  │
│  blood_healed                  0.000    prayer_correct_rate           0.534  │
│  unavoidable_off_praye…        0.036    brews_remaining               4.597  │
│  restores_remaining            9.424    prayer_at_death              87.156  │
│  current_ranged               97.659    current_magic                90.686  │
│  behind_shield_pct             0.316    zuk_hp_remaining            638.293  │
│  min_zuk_hp_seen             625.705    hp_restored                   3.843  │
│  zuk_healer_damage             0.033    deaths_to_jad                 0.172  │
│  episode_return_normal         3.229    wins_normal                   0.000  │
│  min_zuk_hp_normal           858.613    score_normal                  0.284  │
│  zuk_objective_normal          0.284    phase_reached_normal          0.748  │
│  death_tick_normal            89.379    frac_min_hp_le_300_no…        0.000  │
╰──────────────────────────────────────────────────────────────────────────────╯

[0;0H╭──────────────────────────────────────────────────────────────────────────────╮
│  PufferLib 4.0       🐡           GPU: 0%      VRAM: 0.4/18G      RAM: 0.7G  │
│                                                                              │
│  Summary          Value    Evaluate   227ms  37%    Losses            Value  │
│  Env       osrs_inferno      GPU      191ms  31%    policy           -0.004  │
│  Params          752.1K      Env       36ms   5%    value             0.065  │
│  Steps            40.6M    Train      382ms  62%    entropy           0.333  │
│  SPS             212.5K      Misc       0ms   0%    total             0.028  │
│  Epoch             1240      Forwa…     0ms   0%    old_kl            0.032  │
│  Uptime    0d 0h 2m 54s                             kl                0.032  │
│  Remaini…  0d 0h 0m 44s                             clipfrac          0.114  │
│                                                     bc                0.000  │
│                                                                              │
│  User Stats                    Value    User Stats                    Value  │
│  episode_return                5.055    damage_dealt                554.975  │
│  damage_received             158.737    episode_length              125.814  │
│  wins                          0.000    wave                         68.000  │
│  idle_ticks                    3.332    brews_used                    7.061  │
│  blood_healed                  0.000    prayer_correct_rate           0.529  │
│  unavoidable_off_praye…        0.033    brews_remaining               4.939  │
│  restores_remaining            9.585    prayer_at_death              87.750  │
│  current_ranged               97.889    current_magic                90.643  │
│  behind_shield_pct             0.313    zuk_hp_remaining            673.841  │
│  min_zuk_hp_seen             662.754    hp_restored                   3.648  │
│  zuk_healer_damage             0.097    deaths_to_jad                 0.144  │
│  episode_return_normal         3.050    wins_normal                   0.000  │
│  min_zuk_hp_normal           878.188    score_normal                  0.268  │
│  zuk_objective_normal          0.268    phase_reached_normal          0.688  │
│  death_tick_normal            84.540    frac_min_hp_le_300_no…        0.000  │
╰──────────────────────────────────────────────────────────────────────────────╯

[0;0H╭──────────────────────────────────────────────────────────────────────────────╮
│  PufferLib 4.0      🐡            GPU: 0%      VRAM: 0.4/18G      RAM: 0.7G  │
│                                                                              │
│  Summary          Value    Evaluate   229ms  37%    Losses            Value  │
│  Env       osrs_inferno      GPU      193ms  31%    policy            0.000  │
│  Params          752.1K      Env       36ms   5%    value             0.064  │
│  Steps            40.8M    Train      380ms  62%    entropy           0.350  │
│  SPS             212.7K      Misc       0ms   0%    total             0.032  │
│  Epoch             1244      Forwa…     0ms   0%    old_kl            0.048  │
│  Uptime    0d 0h 2m 54s                             kl                0.045  │
│  Remaini…  0d 0h 0m 43s                             clipfrac          0.115  │
│                                                     bc                0.000  │
│                                                                              │
│  User Stats                    Value    User Stats                    Value  │
│  episode_return                5.110    damage_dealt                561.134  │
│  damage_received             158.931    episode_length              128.476  │
│  wins                          0.000    wave                         68.000  │
│  idle_ticks                    3.335    brews_used                    6.989  │
│  blood_healed                  0.000    prayer_correct_rate           0.530  │
│  unavoidable_off_praye…        0.036    brews_remaining               5.011  │
│  restores_remaining            9.584    prayer_at_death              87.790  │
│  current_ranged               97.554    current_magic                90.302  │
│  behind_shield_pct             0.324    zuk_hp_remaining            665.813  │
│  min_zuk_hp_seen             656.381    hp_restored                   4.108  │
│  zuk_healer_damage             0.235    deaths_to_jad                 0.120  │
│  episode_return_normal         2.998    wins_normal                   0.000  │
│  min_zuk_hp_normal           883.332    score_normal                  0.264  │
│  zuk_objective_normal          0.264    phase_reached_normal          0.680  │
│  death_tick_normal            84.465    frac_min_hp_le_300_no…        0.000  │
╰──────────────────────────────────────────────────────────────────────────────╯

[0;0H╭──────────────────────────────────────────────────────────────────────────────╮
│  PufferLib 4.0     🐡             GPU: 0%      VRAM: 0.4/18G      RAM: 0.7G  │
│                                                                              │
│  Summary          Value    Evaluate   226ms  37%    Losses            Value  │
│  Env       osrs_inferno      GPU      190ms  31%    policy            0.006  │
│  Params          752.1K      Env       36ms   5%    value             0.065  │
│  Steps            40.9M    Train      377ms  62%    entropy           0.334  │
│  SPS             214.5K      Misc       0ms   0%    total             0.038  │
│  Epoch             1248      Forwa…     0ms   0%    old_kl            0.030  │
│  Uptime    0d 0h 2m 55s                             kl                0.028  │
│  Remaini…  0d 0h 0m 42s                             clipfrac          0.114  │
│                                                     bc                0.000  │
│                                                                              │
│  User Stats                    Value    User Stats                    Value  │
│  episode_return                5.138    damage_dealt                565.159  │
│  damage_received             161.973    episode_length              128.705  │
│  wins                          0.000    wave                         68.000  │
│  idle_ticks                    3.323    brews_used                    7.171  │
│  blood_healed                  0.000    prayer_correct_rate           0.530  │
│  unavoidable_off_praye…        0.037    brews_remaining               4.829  │
│  restores_remaining            9.510    prayer_at_death              87.797  │
│  current_ranged               97.266    current_magic                90.277  │
│  behind_shield_pct             0.316    zuk_hp_remaining            663.433  │
│  min_zuk_hp_seen             653.601    hp_restored                   3.866  │
│  zuk_healer_damage             0.236    deaths_to_jad                 0.126  │
│  episode_return_normal         3.039    wins_normal                   0.000  │
│  min_zuk_hp_normal           878.646    score_normal                  0.268  │
│  zuk_objective_normal          0.268    phase_reached_normal          0.678  │
│  death_tick_normal            85.366    frac_min_hp_le_300_no…        0.000  │
╰──────────────────────────────────────────────────────────────────────────────╯

[0;0H╭──────────────────────────────────────────────────────────────────────────────╮
│  PufferLib 4.0    🐡              GPU: 0%      VRAM: 0.4/18G      RAM: 0.7G  │
│                                                                              │
│  Summary          Value    Evaluate   226ms  37%    Losses            Value  │
│  Env       osrs_inferno      GPU      190ms  31%    policy           -0.009  │
│  Params          752.1K      Env       35ms   5%    value             0.059  │
│  Steps            41.0M    Train      379ms  62%    entropy           0.339  │
│  SPS             214.2K      Misc       0ms   0%    total             0.020  │
│  Epoch             1252      Forwa…     0ms   0%    old_kl            0.035  │
│  Uptime    0d 0h 2m 55s                             kl                0.033  │
│  Remaini…  0d 0h 0m 41s                             clipfrac          0.113  │
│                                                     bc                0.000  │
│                                                                              │
│  User Stats                    Value    User Stats                    Value  │
│  episode_return                5.120    damage_dealt                563.280  │
│  damage_received             158.111    episode_length              127.171  │
│  wins                          0.000    wave                         68.000  │
│  idle_ticks                    3.317    brews_used                    6.981  │
│  blood_healed                  0.000    prayer_correct_rate           0.526  │
│  unavoidable_off_praye…        0.034    brews_remaining               5.019  │
│  restores_remaining            9.568    prayer_at_death              87.411  │
│  current_ranged               97.849    current_magic                90.529  │
│  behind_shield_pct             0.315    zuk_hp_remaining            667.087  │
│  min_zuk_hp_seen             656.250    hp_restored                   3.574  │
│  zuk_healer_damage             0.135    deaths_to_jad                 0.140  │
│  episode_return_normal         3.062    wins_normal                   0.000  │
│  min_zuk_hp_normal           876.911    score_normal                  0.269  │
│  zuk_objective_normal          0.269    phase_reached_normal          0.686  │
│  death_tick_normal            85.057    frac_min_hp_le_300_no…        0.000  │
╰──────────────────────────────────────────────────────────────────────────────╯

[0;0H╭──────────────────────────────────────────────────────────────────────────────╮
│  PufferLib 4.0   🐡               GPU: 0%      VRAM: 0.4/18G      RAM: 0.7G  │
│                                                                              │
│  Summary          Value    Evaluate   224ms  37%    Losses            Value  │
│  Env       osrs_inferno      GPU      188ms  31%    policy           -0.001  │
│  Params          752.1K      Env       36ms   6%    value             0.055  │
│  Steps            41.2M    Train      378ms  62%    entropy           0.335  │
│  SPS             214.9K      Misc       0ms   0%    total             0.026  │
│  Epoch             1256      Forwa…     0ms   0%    old_kl            0.033  │
│  Uptime    0d 0h 2m 56s                             kl                0.031  │
│  Remaini…  0d 0h 0m 41s                             clipfrac          0.110  │
│                                                     bc                0.000  │
│                                                                              │
│  User Stats                    Value    User Stats                    Value  │
│  episode_return                5.237    damage_dealt                574.066  │
│  damage_received             157.356    episode_length              128.147  │
│  wins                          0.000    wave                         68.000  │
│  idle_ticks                    3.332    brews_used                    6.918  │
│  blood_healed                  0.000    prayer_correct_rate           0.529  │
│  unavoidable_off_praye…        0.034    brews_remaining               5.082  │
│  restores_remaining            9.612    prayer_at_death              87.142  │
│  current_ranged               98.413    current_magic                90.954  │
│  behind_shield_pct             0.319    zuk_hp_remaining            657.280  │
│  min_zuk_hp_seen             645.214    hp_restored                   3.132  │
│  zuk_healer_damage             0.000    deaths_to_jad                 0.160  │
│  episode_return_normal         3.039    wins_normal                   0.000  │
│  min_zuk_hp_normal           880.384    score_normal                  0.266  │
│  zuk_objective_normal          0.266    phase_reached_normal          0.677  │
│  death_tick_normal            83.077    frac_min_hp_le_300_no…        0.000  │
╰──────────────────────────────────────────────────────────────────────────────╯

[0;0H╭──────────────────────────────────────────────────────────────────────────────╮
│  PufferLib 4.0  🐡                GPU: 0%      VRAM: 0.4/18G      RAM: 0.7G  │
│                                                                              │
│  Summary          Value    Evaluate   222ms  37%    Losses            Value  │
│  Env       osrs_inferno      GPU      186ms  31%    policy            0.010  │
│  Params          752.1K      Env       36ms   5%    value             0.068  │
│  Steps            41.3M    Train      377ms  62%    entropy           0.326  │
│  SPS             216.0K      Misc       0ms   0%    total             0.043  │
│  Epoch             1260      Forwa…     0ms   0%    old_kl            0.039  │
│  Uptime    0d 0h 2m 57s                             kl                0.035  │
│  Remaini…  0d 0h 0m 40s                             clipfrac          0.114  │
│                                                     bc                0.000  │
│                                                                              │
│  User Stats                    Value    User Stats                    Value  │
│  episode_return                4.973    damage_dealt                547.032  │
│  damage_received             153.627    episode_length              123.571  │
│  wins                          0.000    wave                         68.000  │
│  idle_ticks                    3.351    brews_used                    6.836  │
│  blood_healed                  0.000    prayer_correct_rate           0.524  │
│  unavoidable_off_praye…        0.034    brews_remaining               5.164  │
│  restores_remaining            9.653    prayer_at_death              87.371  │
│  current_ranged               98.595    current_magic                91.021  │
│  behind_shield_pct             0.310    zuk_hp_remaining            684.061  │
│  min_zuk_hp_seen             672.673    hp_restored                   2.936  │
│  zuk_healer_damage             0.000    deaths_to_jad                 0.155  │
│  episode_return_normal         2.923    wins_normal                   0.000  │
│  min_zuk_hp_normal           891.575    score_normal                  0.257  │
│  zuk_objective_normal          0.257    phase_reached_normal          0.644  │
│  death_tick_normal            82.080    frac_min_hp_le_300_no…        0.000  │
╰──────────────────────────────────────────────────────────────────────────────╯

[0;0H╭──────────────────────────────────────────────────────────────────────────────╮
│  PufferLib 4.0 🐡                 GPU: 0%      VRAM: 0.4/18G      RAM: 0.7G  │
│                                                                              │
│  Summary          Value    Evaluate   223ms  37%    Losses            Value  │
│  Env       osrs_inferno      GPU      186ms  30%    policy            0.022  │
│  Params          752.1K      Env       36ms   5%    value             0.052  │
│  Steps            41.4M    Train      379ms  62%    entropy           0.333  │
│  SPS             215.0K      Misc       0ms   0%    total             0.048  │
│  Epoch             1264      Forwa…     0ms   0%    old_kl            0.036  │
│  Uptime    0d 0h 2m 57s                             kl                0.036  │
│  Remaini…  0d 0h 0m 39s                             clipfrac          0.109  │
│                                                     bc                0.000  │
│                                                                              │
│  User Stats                    Value    User Stats                    Value  │
│  episode_return                5.330    damage_dealt                587.435  │
│  damage_received             165.677    episode_length              132.040  │
│  wins                          0.000    wave                         68.000  │
│  idle_ticks                    3.555    brews_used                    7.406  │
│  blood_healed                  0.000    prayer_correct_rate           0.528  │
│  unavoidable_off_praye…        0.033    brews_remaining               4.594  │
│  restores_remaining            9.462    prayer_at_death              87.265  │
│  current_ranged               97.391    current_magic                90.183  │
│  behind_shield_pct             0.322    zuk_hp_remaining            645.722  │
│  min_zuk_hp_seen             633.465    hp_restored                   3.919  │
│  zuk_healer_damage             0.008    deaths_to_jad                 0.153  │
│  episode_return_normal         3.162    wins_normal                   0.000  │
│  min_zuk_hp_normal           865.848    score_normal                  0.278  │
│  zuk_objective_normal          0.278    phase_reached_normal          0.719  │
│  death_tick_normal            88.127    frac_min_hp_le_300_no…        0.000  │
╰──────────────────────────────────────────────────────────────────────────────╯

[0;0H╭──────────────────────────────────────────────────────────────────────────────╮
│  PufferLib 4.0          🐡        GPU: 0%      VRAM: 0.4/18G      RAM: 0.7G  │
│                                                                              │
│  Summary          Value    Evaluate   223ms  37%    Losses            Value  │
│  Env       osrs_inferno      GPU      187ms  31%    policy           -0.005  │
│  Params          752.1K      Env       36ms   6%    value             0.056  │
│  Steps            41.5M    Train      376ms  62%    entropy           0.330  │
│  SPS             216.0K      Misc       0ms   0%    total             0.023  │
│  Epoch             1268      Forwa…     0ms   0%    old_kl            0.035  │
│  Uptime    0d 0h 2m 58s                             kl                0.032  │
│  Remaini…  0d 0h 0m 39s                             clipfrac          0.108  │
│                                                     bc                0.000  │
│                                                                              │
│  User Stats                    Value    User Stats                    Value  │
│  episode_return                5.143    damage_dealt                564.974  │
│  damage_received             155.874    episode_length              127.175  │
│  wins                          0.000    wave                         68.000  │
│  idle_ticks                    3.265    brews_used                    6.936  │
│  blood_healed                  0.000    prayer_correct_rate           0.527  │
│  unavoidable_off_praye…        0.032    brews_remaining               5.064  │
│  restores_remaining            9.567    prayer_at_death              87.699  │
│  current_ranged               98.555    current_magic                91.325  │
│  behind_shield_pct             0.322    zuk_hp_remaining            664.403  │
│  min_zuk_hp_seen             654.280    hp_restored                   3.030  │
│  zuk_healer_damage             0.008    deaths_to_jad                 0.137  │
│  episode_return_normal         2.963    wins_normal                   0.000  │
│  min_zuk_hp_normal           887.127    score_normal                  0.261  │
│  zuk_objective_normal          0.261    phase_reached_normal          0.662  │
│  death_tick_normal            82.309    frac_min_hp_le_300_no…        0.000  │
╰──────────────────────────────────────────────────────────────────────────────╯

[0;0H╭──────────────────────────────────────────────────────────────────────────────╮
│  PufferLib 4.0         🐡         GPU: 0%      VRAM: 0.4/18G      RAM: 0.7G  │
│                                                                              │
│  Summary          Value    Evaluate   222ms  37%    Losses            Value  │
│  Env       osrs_inferno      GPU      186ms  31%    policy            0.013  │
│  Params          752.1K      Env       36ms   5%    value             0.052  │
│  Steps            41.7M    Train      373ms  62%    entropy           0.324  │
│  SPS             217.4K      Misc       0ms   0%    total             0.039  │
│  Epoch             1272      Forwa…     0ms   0%    old_kl            0.033  │
│  Uptime    0d 0h 2m 58s                             kl                0.031  │
│  Remaini…  0d 0h 0m 38s                             clipfrac          0.109  │
│                                                     bc                0.000  │
│                                                                              │
│  User Stats                    Value    User Stats                    Value  │
│  episode_return                5.305    damage_dealt                583.945  │
│  damage_received             162.927    episode_length              131.660  │
│  wins                          0.000    wave                         68.000  │
│  idle_ticks                    3.367    brews_used                    7.307  │
│  blood_healed                  0.000    prayer_correct_rate           0.531  │
│  unavoidable_off_praye…        0.035    brews_remaining               4.693  │
│  restores_remaining            9.445    prayer_at_death              87.697  │
│  current_ranged               97.705    current_magic                90.767  │
│  behind_shield_pct             0.323    zuk_hp_remaining            647.767  │
│  min_zuk_hp_seen             636.232    hp_restored                   3.535  │
│  zuk_healer_damage             0.006    deaths_to_jad                 0.164  │
│  episode_return_normal         3.065    wins_normal                   0.000  │
│  min_zuk_hp_normal           875.436    score_normal                  0.270  │
│  zuk_objective_normal          0.270    phase_reached_normal          0.680  │
│  death_tick_normal            86.916    frac_min_hp_le_300_no…        0.000  │
╰──────────────────────────────────────────────────────────────────────────────╯

[0;0H╭──────────────────────────────────────────────────────────────────────────────╮
│  PufferLib 4.0        🐡          GPU: 0%      VRAM: 0.4/18G      RAM: 0.7G  │
│                                                                              │
│  Summary          Value    Evaluate   223ms  37%    Losses            Value  │
│  Env       osrs_inferno      GPU      187ms  31%    policy            0.025  │
│  Params          752.1K      Env       36ms   5%    value             0.062  │
│  Steps            41.8M    Train      373ms  62%    entropy           0.332  │
│  SPS             217.0K      Misc       0ms   0%    total             0.055  │
│  Epoch             1276      Forwa…     0ms   0%    old_kl            0.031  │
│  Uptime    0d 0h 2m 59s                             kl                0.029  │
│  Remaini…  0d 0h 0m 37s                             clipfrac          0.108  │
│                                                     bc                0.000  │
│                                                                              │
│  User Stats                    Value    User Stats                    Value  │
│  episode_return                5.110    damage_dealt                562.273  │
│  damage_received             158.926    episode_length              127.727  │
│  wins                          0.000    wave                         68.000  │
│  idle_ticks                    3.234    brews_used                    7.162  │
│  blood_healed                  0.000    prayer_correct_rate           0.529  │
│  unavoidable_off_praye…        0.036    brews_remaining               4.838  │
│  restores_remaining            9.542    prayer_at_death              87.362  │
│  current_ranged               96.581    current_magic                89.527  │
│  behind_shield_pct             0.311    zuk_hp_remaining            667.749  │
│  min_zuk_hp_seen             656.482    hp_restored                   3.654  │
│  zuk_healer_damage             0.000    deaths_to_jad                 0.152  │
│  episode_return_normal         2.947    wins_normal                   0.000  │
│  min_zuk_hp_normal           888.276    score_normal                  0.260  │
│  zuk_objective_normal          0.260    phase_reached_normal          0.638  │
│  death_tick_normal            83.490    frac_min_hp_le_300_no…        0.000  │
╰──────────────────────────────────────────────────────────────────────────────╯

[0;0H╭──────────────────────────────────────────────────────────────────────────────╮
│  PufferLib 4.0       🐡           GPU: 0%      VRAM: 0.4/18G      RAM: 0.7G  │
│                                                                              │
│  Summary          Value    Evaluate   225ms  37%    Losses            Value  │
│  Env       osrs_inferno      GPU      189ms  31%    policy            0.017  │
│  Params          752.1K      Env       36ms   5%    value             0.071  │
│  Steps            41.9M    Train      377ms  62%    entropy           0.325  │
│  SPS             215.2K      Misc       0ms   0%    total             0.052  │
│  Epoch             1280      Forwa…     0ms   0%    old_kl            0.053  │
│  Uptime     0d 0h 3m 0s                             kl                0.049  │
│  Remaini…  0d 0h 0m 37s                             clipfrac          0.113  │
│                                                     bc                0.000  │
│                                                                              │
│  User Stats                    Value    User Stats                    Value  │
│  episode_return                4.994    damage_dealt                550.679  │
│  damage_received             155.461    episode_length              124.646  │
│  wins                          0.000    wave                         68.000  │
│  idle_ticks                    3.167    brews_used                    7.034  │
│  blood_healed                  0.000    prayer_correct_rate           0.523  │
│  unavoidable_off_praye…        0.033    brews_remaining               4.966  │
│  restores_remaining            9.612    prayer_at_death              86.971  │
│  current_ranged               96.806    current_magic                89.414  │
│  behind_shield_pct             0.315    zuk_hp_remaining            679.828  │
│  min_zuk_hp_seen             669.073    hp_restored                   3.113  │
│  zuk_healer_damage             0.000    deaths_to_jad                 0.132  │
│  episode_return_normal         3.018    wins_normal                   0.000  │
│  min_zuk_hp_normal           880.303    score_normal                  0.266  │
│  zuk_objective_normal          0.266    phase_reached_normal          0.682  │
│  death_tick_normal            84.674    frac_min_hp_le_300_no…        0.000  │
╰──────────────────────────────────────────────────────────────────────────────╯

[0;0H╭──────────────────────────────────────────────────────────────────────────────╮
│  PufferLib 4.0      🐡            GPU: 0%      VRAM: 0.4/18G      RAM: 0.7G  │
│                                                                              │
│  Summary          Value    Evaluate   224ms  37%    Losses            Value  │
│  Env       osrs_inferno      GPU      188ms  31%    policy           -0.003  │
│  Params          752.1K      Env       35ms   5%    value             0.061  │
│  Steps            42.1M    Train      371ms  62%    entropy           0.335  │
│  SPS             217.3K      Misc       0ms   0%    total             0.027  │
│  Epoch             1284      Forwa…     0ms   0%    old_kl            0.030  │
│  Uptime     0d 0h 3m 0s                             kl                0.029  │
│  Remaini…  0d 0h 0m 36s                             clipfrac          0.103  │
│                                                     bc                0.000  │
│                                                                              │
│  User Stats                    Value    User Stats                    Value  │
│  episode_return                5.141    damage_dealt                568.586  │
│  damage_received             161.680    episode_length              128.469  │
│  wins                          0.000    wave                         68.000  │
│  idle_ticks                    3.175    brews_used                    7.299  │
│  blood_healed                  0.000    prayer_correct_rate           0.527  │
│  unavoidable_off_praye…        0.033    brews_remaining               4.701  │
│  restores_remaining            9.541    prayer_at_death              87.257  │
│  current_ranged               96.742    current_magic                89.443  │
│  behind_shield_pct             0.314    zuk_hp_remaining            663.512  │
│  min_zuk_hp_seen             653.217    hp_restored                   2.893  │
│  zuk_healer_damage             0.008    deaths_to_jad                 0.130  │
│  episode_return_normal         3.031    wins_normal                   0.000  │
│  min_zuk_hp_normal           877.844    score_normal                  0.268  │
│  zuk_objective_normal          0.268    phase_reached_normal          0.687  │
│  death_tick_normal            86.372    frac_min_hp_le_300_no…        0.000  │
╰──────────────────────────────────────────────────────────────────────────────╯

[0;0H╭──────────────────────────────────────────────────────────────────────────────╮
│  PufferLib 4.0     🐡             GPU: 0%      VRAM: 0.4/18G      RAM: 0.7G  │
│                                                                              │
│  Summary          Value    Evaluate   222ms  37%    Losses            Value  │
│  Env       osrs_inferno      GPU      187ms  31%    policy            0.010  │
│  Params          752.1K      Env       35ms   5%    value             0.101  │
│  Steps            42.2M    Train      369ms  62%    entropy           0.365  │
│  SPS             218.1K      Misc       0ms   0%    total             0.060  │
│  Epoch             1288      Forwa…     0ms   0%    old_kl            0.029  │
│  Uptime     0d 0h 3m 1s                             kl                0.027  │
│  Remaini…  0d 0h 0m 35s                             clipfrac          0.112  │
│                                                     bc                0.000  │
│                                                                              │
│  User Stats                    Value    User Stats                    Value  │
│  episode_return                4.470    damage_dealt                501.119  │
│  damage_received             145.091    episode_length              117.179  │
│  wins                          0.000    wave                         68.000  │
│  idle_ticks                    2.522    brews_used                    6.804  │
│  blood_healed                  0.000    prayer_correct_rate           0.507  │
│  unavoidable_off_praye…        0.032    brews_remaining               5.196  │
│  restores_remaining            9.634    prayer_at_death              88.052  │
│  current_ranged               96.537    current_magic                89.474  │
│  behind_shield_pct             0.311    zuk_hp_remaining            731.508  │
│  min_zuk_hp_seen             722.204    hp_restored                   2.491  │
│  zuk_healer_damage             0.000    deaths_to_jad                 0.125  │
│  episode_return_normal         2.408    wins_normal                   0.000  │
│  min_zuk_hp_normal           940.537    score_normal                  0.216  │
│  zuk_objective_normal          0.216    phase_reached_normal          0.501  │
│  death_tick_normal            77.301    frac_min_hp_le_300_no…        0.000  │
╰──────────────────────────────────────────────────────────────────────────────╯

[0;0H╭──────────────────────────────────────────────────────────────────────────────╮
│  PufferLib 4.0    🐡              GPU: 0%      VRAM: 0.4/18G      RAM: 0.7G  │
│                                                                              │
│  Summary          Value    Evaluate   224ms  37%    Losses            Value  │
│  Env       osrs_inferno      GPU      189ms  31%    policy            0.011  │
│  Params          752.1K      Env       35ms   5%    value             0.081  │
│  Steps            42.3M    Train      375ms  62%    entropy           0.364  │
│  SPS             215.9K      Misc       0ms   0%    total             0.051  │
│  Epoch             1292      Forwa…     0ms   0%    old_kl            0.031  │
│  Uptime     0d 0h 3m 1s                             kl                0.028  │
│  Remaini…  0d 0h 0m 35s                             clipfrac          0.111  │
│                                                     bc                0.000  │
│                                                                              │
│  User Stats                    Value    User Stats                    Value  │
│  episode_return                4.671    damage_dealt                525.710  │
│  damage_received             153.893    episode_length              122.453  │
│  wins                          0.000    wave                         68.000  │
│  idle_ticks                    2.609    brews_used                    7.186  │
│  blood_healed                  0.000    prayer_correct_rate           0.519  │
│  unavoidable_off_praye…        0.035    brews_remaining               4.814  │
│  restores_remaining            9.468    prayer_at_death              87.439  │
│  current_ranged               95.741    current_magic                89.260  │
│  behind_shield_pct             0.316    zuk_hp_remaining            709.806  │
│  min_zuk_hp_seen             699.973    hp_restored                   2.919  │
│  zuk_healer_damage             0.000    deaths_to_jad                 0.135  │
│  episode_return_normal         2.406    wins_normal                   0.000  │
│  min_zuk_hp_normal           939.499    score_normal                  0.217  │
│  zuk_objective_normal          0.217    phase_reached_normal          0.480  │
│  death_tick_normal            79.047    frac_min_hp_le_300_no…        0.000  │
╰──────────────────────────────────────────────────────────────────────────────╯

[0;0H╭──────────────────────────────────────────────────────────────────────────────╮
│  PufferLib 4.0   🐡               GPU: 0%      VRAM: 0.4/18G      RAM: 0.7G  │
│                                                                              │
│  Summary          Value    Evaluate   223ms  37%    Losses            Value  │
│  Env       osrs_inferno      GPU      188ms  31%    policy            0.009  │
│  Params          752.1K      Env       35ms   5%    value             0.072  │
│  Steps            42.5M    Train      370ms  62%    entropy           0.365  │
│  SPS             218.2K      Misc       0ms   0%    total             0.044  │
│  Epoch             1296      Forwa…     0ms   0%    old_kl            0.026  │
│  Uptime     0d 0h 3m 2s                             kl                0.026  │
│  Remaini…  0d 0h 0m 34s                             clipfrac          0.113  │
│                                                     bc                0.000  │
│                                                                              │
│  User Stats                    Value    User Stats                    Value  │
│  episode_return                4.950    damage_dealt                558.229  │
│  damage_received             163.882    episode_length              128.992  │
│  wins                          0.000    wave                         68.000  │
│  idle_ticks                    2.710    brews_used                    7.749  │
│  blood_healed                  0.000    prayer_correct_rate           0.520  │
│  unavoidable_off_praye…        0.033    brews_remaining               4.251  │
│  restores_remaining            9.349    prayer_at_death              86.635  │
│  current_ranged               92.694    current_magic                86.726  │
│  behind_shield_pct             0.326    zuk_hp_remaining            677.742  │
│  min_zuk_hp_seen             669.581    hp_restored                   2.770  │
│  zuk_healer_damage             0.000    deaths_to_jad                 0.120  │
│  episode_return_normal         2.802    wins_normal                   0.000  │
│  min_zuk_hp_normal           895.828    score_normal                  0.253  │
│  zuk_objective_normal          0.253    phase_reached_normal          0.588  │
│  death_tick_normal            88.648    frac_min_hp_le_300_no…        0.000  │
╰──────────────────────────────────────────────────────────────────────────────╯

[0;0H╭──────────────────────────────────────────────────────────────────────────────╮
│  PufferLib 4.0  🐡                GPU: 0%      VRAM: 0.4/18G      RAM: 0.7G  │
│                                                                              │
│  Summary          Value    Evaluate   221ms  37%    Losses            Value  │
│  Env       osrs_inferno      GPU      185ms  31%    policy            0.008  │
│  Params          752.1K      Env       35ms   5%    value             0.065  │
│  Steps            42.6M    Train      372ms  62%    entropy           0.363  │
│  SPS             218.3K      Misc       0ms   0%    total             0.040  │
│  Epoch             1300      Forwa…     0ms   0%    old_kl            0.023  │
│  Uptime     0d 0h 3m 3s                             kl                0.024  │
│  Remaini…  0d 0h 0m 33s                             clipfrac          0.116  │
│                                                     bc                0.000  │
│                                                                              │
│  User Stats                    Value    User Stats                    Value  │
│  episode_return                4.969    damage_dealt                556.640  │
│  damage_received             160.336    episode_length              127.551  │
│  wins                          0.000    wave                         68.000  │
│  idle_ticks                    2.793    brews_used                    7.427  │
│  blood_healed                  0.000    prayer_correct_rate           0.522  │
│  unavoidable_off_praye…        0.032    brews_remaining               4.573  │
│  restores_remaining            9.406    prayer_at_death              86.521  │
│  current_ranged               93.629    current_magic                87.527  │
│  behind_shield_pct             0.319    zuk_hp_remaining            676.472  │
│  min_zuk_hp_seen             667.728    hp_restored                   3.283  │
│  zuk_healer_damage             0.000    deaths_to_jad                 0.125  │
│  episode_return_normal         2.660    wins_normal                   0.000  │
│  min_zuk_hp_normal           911.952    score_normal                  0.240  │
│  zuk_objective_normal          0.240    phase_reached_normal          0.552  │
│  death_tick_normal            83.040    frac_min_hp_le_300_no…        0.000  │
╰──────────────────────────────────────────────────────────────────────────────╯

[0;0H╭──────────────────────────────────────────────────────────────────────────────╮
│  PufferLib 4.0 🐡                 GPU: 0%      VRAM: 0.4/18G      RAM: 0.7G  │
│                                                                              │
│  Summary          Value    Evaluate   223ms  37%    Losses            Value  │
│  Env       osrs_inferno      GPU      187ms  31%    policy           -0.004  │
│  Params          752.1K      Env       35ms   5%    value             0.047  │
│  Steps            42.7M    Train      373ms  62%    entropy           0.350  │
│  SPS             217.3K      Misc       0ms   0%    total             0.019  │
│  Epoch             1304      Forwa…     0ms   0%    old_kl            0.021  │
│  Uptime     0d 0h 3m 3s                             kl                0.019  │
│  Remaini…  0d 0h 0m 33s                             clipfrac          0.110  │
│                                                     bc                0.000  │
│                                                                              │
│  User Stats                    Value    User Stats                    Value  │
│  episode_return                5.301    damage_dealt                599.558  │
│  damage_received             171.508    episode_length              136.371  │
│  wins                          0.000    wave                         68.000  │
│  idle_ticks                    2.982    brews_used                    8.049  │
│  blood_healed                  0.000    prayer_correct_rate           0.529  │
│  unavoidable_off_praye…        0.034    brews_remaining               3.951  │
│  restores_remaining            9.227    prayer_at_death              85.608  │
│  current_ranged               92.300    current_magic                86.673  │
│  behind_shield_pct             0.326    zuk_hp_remaining            641.292  │
│  min_zuk_hp_seen             630.909    hp_restored                   3.799  │
│  zuk_healer_damage             0.053    deaths_to_jad                 0.154  │
│  episode_return_normal         2.924    wins_normal                   0.000  │
│  min_zuk_hp_normal           881.142    score_normal                  0.266  │
│  zuk_objective_normal          0.266    phase_reached_normal          0.623  │
│  death_tick_normal            92.808    frac_min_hp_le_300_no…        0.000  │
╰──────────────────────────────────────────────────────────────────────────────╯

[0;0H╭──────────────────────────────────────────────────────────────────────────────╮
│  PufferLib 4.0          🐡        GPU: 0%      VRAM: 0.4/18G      RAM: 0.7G  │
│                                                                              │
│  Summary          Value    Evaluate   225ms  37%    Losses            Value  │
│  Env       osrs_inferno      GPU      189ms  31%    policy            0.028  │
│  Params          752.1K      Env       35ms   5%    value             0.050  │
│  Steps            42.9M    Train      370ms  62%    entropy           0.366  │
│  SPS             217.5K      Misc       0ms   0%    total             0.053  │
│  Epoch             1308      Forwa…     0ms   0%    old_kl            0.024  │
│  Uptime     0d 0h 3m 4s                             kl                0.030  │
│  Remaini…  0d 0h 0m 32s                             clipfrac          0.119  │
│                                                     bc                0.000  │
│                                                                              │
│  User Stats                    Value    User Stats                    Value  │
│  episode_return                4.952    damage_dealt                561.861  │
│  damage_received             161.185    episode_length              129.086  │
│  wins                          0.000    wave                         68.000  │
│  idle_ticks                    2.845    brews_used                    7.646  │
│  blood_healed                  0.000    prayer_correct_rate           0.519  │
│  unavoidable_off_praye…        0.034    brews_remaining               4.354  │
│  restores_remaining            9.368    prayer_at_death              86.221  │
│  current_ranged               92.884    current_magic                86.872  │
│  behind_shield_pct             0.321    zuk_hp_remaining            677.601  │
│  min_zuk_hp_seen             668.530    hp_restored                   3.167  │
│  zuk_healer_damage             0.020    deaths_to_jad                 0.141  │
│  episode_return_normal         2.813    wins_normal                   0.000  │
│  min_zuk_hp_normal           894.221    score_normal                  0.255  │
│  zuk_objective_normal          0.255    phase_reached_normal          0.618  │
│  death_tick_normal            89.204    frac_min_hp_le_300_no…        0.000  │
╰──────────────────────────────────────────────────────────────────────────────╯

[0;0H╭──────────────────────────────────────────────────────────────────────────────╮
│  PufferLib 4.0         🐡         GPU: 0%      VRAM: 0.4/18G      RAM: 0.7G  │
│                                                                              │
│  Summary          Value    Evaluate   221ms  37%    Losses            Value  │
│  Env       osrs_inferno      GPU      186ms  31%    policy           -0.005  │
│  Params          752.1K      Env       35ms   5%    value             0.049  │
│  Steps            43.0M    Train      375ms  62%    entropy           0.371  │
│  SPS             217.4K      Misc       0ms   0%    total             0.019  │
│  Epoch             1312      Forwa…     0ms   0%    old_kl            0.024  │
│  Uptime     0d 0h 3m 4s                             kl                0.020  │
│  Remaini…  0d 0h 0m 32s                             clipfrac          0.110  │
│                                                     bc                0.000  │
│                                                                              │
│  User Stats                    Value    User Stats                    Value  │
│  episode_return                4.949    damage_dealt                560.158  │
│  damage_received             162.495    episode_length              128.077  │
│  wins                          0.000    wave                         68.000  │
│  idle_ticks                    2.945    brews_used                    7.665  │
│  blood_healed                  0.000    prayer_correct_rate           0.513  │
│  unavoidable_off_praye…        0.033    brews_remaining               4.335  │
│  restores_remaining            9.374    prayer_at_death              86.283  │
│  current_ranged               92.338    current_magic                86.335  │
│  behind_shield_pct             0.323    zuk_hp_remaining            679.320  │
│  min_zuk_hp_seen             669.133    hp_restored                   3.479  │
│  zuk_healer_damage             0.003    deaths_to_jad                 0.139  │
│  episode_return_normal         2.807    wins_normal                   0.000  │
│  min_zuk_hp_normal           895.488    score_normal                  0.254  │
│  zuk_objective_normal          0.254    phase_reached_normal          0.595  │
│  death_tick_normal            88.509    frac_min_hp_le_300_no…        0.000  │
╰──────────────────────────────────────────────────────────────────────────────╯

[0;0H╭──────────────────────────────────────────────────────────────────────────────╮
│  PufferLib 4.0        🐡          GPU: 0%      VRAM: 0.4/18G      RAM: 0.7G  │
│                                                                              │
│  Summary          Value    Evaluate   225ms  37%    Losses            Value  │
│  Env       osrs_inferno      GPU      190ms  31%    policy            0.002  │
│  Params          752.1K      Env       35ms   5%    value             0.049  │
│  Steps            43.1M    Train      375ms  62%    entropy           0.359  │
│  SPS             215.7K      Misc       0ms   0%    total             0.026  │
│  Epoch             1316      Forwa…     0ms   0%    old_kl            0.022  │
│  Uptime     0d 0h 3m 5s                             kl                0.023  │
│  Remaini…  0d 0h 0m 31s                             clipfrac          0.112  │
│                                                     bc                0.000  │
│                                                                              │
│  User Stats                    Value    User Stats                    Value  │
│  episode_return                5.246    damage_dealt                592.125  │
│  damage_received             170.850    episode_length              134.289  │
│  wins                          0.000    wave                         68.000  │
│  idle_ticks                    3.099    brews_used                    7.983  │
│  blood_healed                  0.000    prayer_correct_rate           0.520  │
│  unavoidable_off_praye…        0.037    brews_remaining               4.017  │
│  restores_remaining            9.245    prayer_at_death              86.111  │
│  current_ranged               91.880    current_magic                86.369  │
│  behind_shield_pct             0.330    zuk_hp_remaining            649.221  │
│  min_zuk_hp_seen             637.018    hp_restored                   3.948  │
│  zuk_healer_damage             0.000    deaths_to_jad                 0.175  │
│  episode_return_normal         2.917    wins_normal                   0.000  │
│  min_zuk_hp_normal           882.698    score_normal                  0.264  │
│  zuk_objective_normal          0.264    phase_reached_normal          0.607  │
│  death_tick_normal            91.374    frac_min_hp_le_300_no…        0.000  │
╰──────────────────────────────────────────────────────────────────────────────╯

[0;0H╭──────────────────────────────────────────────────────────────────────────────╮
│  PufferLib 4.0       🐡           GPU: 0%      VRAM: 0.4/18G      RAM: 0.7G  │
│                                                                              │
│  Summary          Value    Evaluate   225ms  37%    Losses            Value  │
│  Env       osrs_inferno      GPU      189ms  31%    policy            0.002  │
│  Params          752.1K      Env       36ms   5%    value             0.047  │
│  Steps            43.3M    Train      375ms  62%    entropy           0.354  │
│  SPS             215.6K      Misc       0ms   0%    total             0.025  │
│  Epoch             1320      Forwa…     0ms   0%    old_kl            0.019  │
│  Uptime     0d 0h 3m 6s                             kl                0.018  │
│  Remaini…  0d 0h 0m 31s                             clipfrac          0.109  │
│                                                     bc                0.000  │
│                                                                              │
│  User Stats                    Value    User Stats                    Value  │
│  episode_return                5.112    damage_dealt                574.176  │
│  damage_received             169.805    episode_length              132.171  │
│  wins                          0.000    wave                         68.000  │
│  idle_ticks                    3.005    brews_used                    7.792  │
│  blood_healed                  0.000    prayer_correct_rate           0.523  │
│  unavoidable_off_praye…        0.036    brews_remaining               4.208  │
│  restores_remaining            9.320    prayer_at_death              86.277  │
│  current_ranged               93.924    current_magic                87.303  │
│  behind_shield_pct             0.320    zuk_hp_remaining            663.844  │
│  min_zuk_hp_seen             651.831    hp_restored                   3.704  │
│  zuk_healer_damage             0.025    deaths_to_jad                 0.167  │
│  episode_return_normal         2.807    wins_normal                   0.000  │
│  min_zuk_hp_normal           895.521    score_normal                  0.254  │
│  zuk_objective_normal          0.254    phase_reached_normal          0.552  │
│  death_tick_normal            88.565    frac_min_hp_le_300_no…        0.000  │
╰──────────────────────────────────────────────────────────────────────────────╯

[0;0H╭──────────────────────────────────────────────────────────────────────────────╮
│  PufferLib 4.0      🐡            GPU: 0%      VRAM: 0.4/18G      RAM: 0.7G  │
│                                                                              │
│  Summary          Value    Evaluate   223ms  37%    Losses            Value  │
│  Env       osrs_inferno      GPU      187ms  31%    policy           -0.007  │
│  Params          752.1K      Env       35ms   5%    value             0.044  │
│  Steps            43.4M    Train      370ms  62%    entropy           0.341  │
│  SPS             218.4K      Misc       0ms   0%    total             0.014  │
│  Epoch             1324      Forwa…     0ms   0%    old_kl            0.048  │
│  Uptime     0d 0h 3m 6s                             kl                0.043  │
│  Remaini…  0d 0h 0m 30s                             clipfrac          0.107  │
│                                                     bc                0.000  │
│                                                                              │
│  User Stats                    Value    User Stats                    Value  │
│  episode_return                5.014    damage_dealt                560.404  │
│  damage_received             165.406    episode_length              130.214  │
│  wins                          0.000    wave                         68.000  │
│  idle_ticks                    3.089    brews_used                    7.466  │
│  blood_healed                  0.000    prayer_correct_rate           0.531  │
│  unavoidable_off_praye…        0.036    brews_remaining               4.534  │
│  restores_remaining            9.374    prayer_at_death              87.838  │
│  current_ranged               96.059    current_magic                89.549  │
│  behind_shield_pct             0.307    zuk_hp_remaining            675.244  │
│  min_zuk_hp_seen             663.072    hp_restored                   3.976  │
│  zuk_healer_damage             0.000    deaths_to_jad                 0.178  │
│  episode_return_normal         2.658    wins_normal                   0.000  │
│  min_zuk_hp_normal           912.877    score_normal                  0.239  │
│  zuk_objective_normal          0.239    phase_reached_normal          0.579  │
│  death_tick_normal            86.031    frac_min_hp_le_300_no…        0.000  │
╰──────────────────────────────────────────────────────────────────────────────╯

[0;0H╭──────────────────────────────────────────────────────────────────────────────╮
│  PufferLib 4.0     🐡             GPU: 0%      VRAM: 0.4/18G      RAM: 0.7G  │
│                                                                              │
│  Summary          Value    Evaluate   223ms  37%    Losses            Value  │
│  Env       osrs_inferno      GPU      187ms  31%    policy            0.015  │
│  Params          752.1K      Env       35ms   5%    value             0.052  │
│  Steps            43.5M    Train      373ms  62%    entropy           0.341  │
│  SPS             217.1K      Misc       0ms   0%    total             0.041  │
│  Epoch             1328      Forwa…     0ms   0%    old_kl            0.064  │
│  Uptime     0d 0h 3m 7s                             kl                0.095  │
│  Remaini…  0d 0h 0m 29s                             clipfrac          0.110  │
│                                                     bc                0.000  │
│                                                                              │
│  User Stats                    Value    User Stats                    Value  │
│  episode_return                4.904    damage_dealt                549.167  │
│  damage_received             162.275    episode_length              128.184  │
│  wins                          0.000    wave                         68.000  │
│  idle_ticks                    3.168    brews_used                    7.177  │
│  blood_healed                  0.000    prayer_correct_rate           0.534  │
│  unavoidable_off_praye…        0.036    brews_remaining               4.823  │
│  restores_remaining            9.500    prayer_at_death              87.435  │
│  current_ranged               97.438    current_magic                90.524  │
│  behind_shield_pct             0.298    zuk_hp_remaining            687.763  │
│  min_zuk_hp_seen             675.284    hp_restored                   3.913  │
│  zuk_healer_damage             0.000    deaths_to_jad                 0.188  │
│  episode_return_normal         2.655    wins_normal                   0.000  │
│  min_zuk_hp_normal           914.104    score_normal                  0.238  │
│  zuk_objective_normal          0.238    phase_reached_normal          0.629  │
│  death_tick_normal            86.477    frac_min_hp_le_300_no…        0.000  │
╰──────────────────────────────────────────────────────────────────────────────╯

[0;0H╭──────────────────────────────────────────────────────────────────────────────╮
│  PufferLib 4.0    🐡              GPU: 0%      VRAM: 0.4/18G      RAM: 0.7G  │
│                                                                              │
│  Summary          Value    Evaluate   223ms  37%    Losses            Value  │
│  Env       osrs_inferno      GPU      188ms  31%    policy            0.035  │
│  Params          752.1K      Env       35ms   5%    value             0.055  │
│  Steps            43.6M    Train      375ms  62%    entropy           0.343  │
│  SPS             216.2K      Misc       0ms   0%    total             0.061  │
│  Epoch             1332      Forwa…     0ms   0%    old_kl            0.054  │
│  Uptime     0d 0h 3m 8s                             kl                0.049  │
│  Remaini…  0d 0h 0m 29s                             clipfrac          0.108  │
│                                                     bc                0.000  │
│                                                                              │
│  User Stats                    Value    User Stats                    Value  │
│  episode_return                4.869    damage_dealt                545.483  │
│  damage_received             164.343    episode_length              127.852  │
│  wins                          0.000    wave                         68.000  │
│  idle_ticks                    3.152    brews_used                    7.280  │
│  blood_healed                  0.000    prayer_correct_rate           0.537  │
│  unavoidable_off_praye…        0.037    brews_remaining               4.720  │
│  restores_remaining            9.413    prayer_at_death              87.674  │
│  current_ranged               98.251    current_magic                91.134  │
│  behind_shield_pct             0.294    zuk_hp_remaining            691.462  │
│  min_zuk_hp_seen             678.499    hp_restored                   4.030  │
│  zuk_healer_damage             0.000    deaths_to_jad                 0.188  │
│  episode_return_normal         2.696    wins_normal                   0.000  │
│  min_zuk_hp_normal           909.138    score_normal                  0.242  │
│  zuk_objective_normal          0.242    phase_reached_normal          0.652  │
│  death_tick_normal            87.713    frac_min_hp_le_300_no…        0.000  │
╰──────────────────────────────────────────────────────────────────────────────╯

[0;0H╭──────────────────────────────────────────────────────────────────────────────╮
│  PufferLib 4.0   🐡               GPU: 0%      VRAM: 0.4/18G      RAM: 0.7G  │
│                                                                              │
│  Summary          Value    Evaluate   226ms  37%    Losses            Value  │
│  Env       osrs_inferno      GPU      190ms  31%    policy           -0.002  │
│  Params          752.1K      Env       35ms   5%    value             0.049  │
│  Steps            43.8M    Train      375ms  62%    entropy           0.346  │
│  SPS             215.6K      Misc       0ms   0%    total             0.023  │
│  Epoch             1336      Forwa…     0ms   0%    old_kl            0.067  │
│  Uptime     0d 0h 3m 8s                             kl                0.061  │
│  Remaini…  0d 0h 0m 28s                             clipfrac          0.110  │
│                                                     bc                0.000  │
│                                                                              │
│  User Stats                    Value    User Stats                    Value  │
│  episode_return                4.830    damage_dealt                541.345  │
│  damage_received             160.674    episode_length              127.250  │
│  wins                          0.000    wave                         68.000  │
│  idle_ticks                    3.133    brews_used                    7.079  │
│  blood_healed                  0.000    prayer_correct_rate           0.538  │
│  unavoidable_off_praye…        0.039    brews_remaining               4.921  │
│  restores_remaining            9.495    prayer_at_death              87.567  │
│  current_ranged               97.987    current_magic                90.867  │
│  behind_shield_pct             0.300    zuk_hp_remaining            694.984  │
│  min_zuk_hp_seen             682.596    hp_restored                   3.880  │
│  zuk_healer_damage             0.005    deaths_to_jad                 0.172  │
│  episode_return_normal         2.670    wins_normal                   0.000  │
│  min_zuk_hp_normal           911.698    score_normal                  0.240  │
│  zuk_objective_normal          0.240    phase_reached_normal          0.646  │
│  death_tick_normal            86.854    frac_min_hp_le_300_no…        0.000  │
╰──────────────────────────────────────────────────────────────────────────────╯

[0;0H╭──────────────────────────────────────────────────────────────────────────────╮
│  PufferLib 4.0  🐡                GPU: 0%      VRAM: 0.4/18G      RAM: 0.7G  │
│                                                                              │
│  Summary          Value    Evaluate   226ms  37%    Losses            Value  │
│  Env       osrs_inferno      GPU      191ms  31%    policy           -0.004  │
│  Params          752.1K      Env       35ms   5%    value             0.045  │
│  Steps            43.9M    Train      374ms  62%    entropy           0.336  │
│  SPS             215.7K      Misc       0ms   0%    total             0.018  │
│  Epoch             1340      Forwa…     0ms   0%    old_kl            0.073  │
│  Uptime     0d 0h 3m 9s                             kl                0.071  │
│  Remaini…  0d 0h 0m 28s                             clipfrac          0.104  │
│                                                     bc                0.000  │
│                                                                              │
│  User Stats                    Value    User Stats                    Value  │
│  episode_return                4.962    damage_dealt                555.578  │
│  damage_received             166.110    episode_length              129.341  │
│  wins                          0.000    wave                         68.000  │
│  idle_ticks                    3.210    brews_used                    7.409  │
│  blood_healed                  0.000    prayer_correct_rate           0.535  │
│  unavoidable_off_praye…        0.039    brews_remaining               4.591  │
│  restores_remaining            9.379    prayer_at_death              87.309  │
│  current_ranged               97.367    current_magic                90.412  │
│  behind_shield_pct             0.299    zuk_hp_remaining            682.230  │
│  min_zuk_hp_seen             668.830    hp_restored                   4.002  │
│  zuk_healer_damage             0.000    deaths_to_jad                 0.180  │
│  episode_return_normal         2.777    wins_normal                   0.000  │
│  min_zuk_hp_normal           900.869    score_normal                  0.249  │
│  zuk_objective_normal          0.249    phase_reached_normal          0.663  │
│  death_tick_normal            88.633    frac_min_hp_le_300_no…        0.001  │
╰──────────────────────────────────────────────────────────────────────────────╯

[0;0H╭──────────────────────────────────────────────────────────────────────────────╮
│  PufferLib 4.0 🐡                 GPU: 0%      VRAM: 0.4/18G      RAM: 0.7G  │
│                                                                              │
│  Summary          Value    Evaluate   226ms  37%    Losses            Value  │
│  Env       osrs_inferno      GPU      191ms  31%    policy            0.009  │
│  Params          752.1K      Env       35ms   5%    value             0.057  │
│  Steps            44.0M    Train      374ms  62%    entropy           0.338  │
│  SPS             215.7K      Misc       0ms   0%    total             0.037  │
│  Epoch             1344      Forwa…     0ms   0%    old_kl            0.056  │
│  Uptime     0d 0h 3m 9s                             kl                0.056  │
│  Remaini…  0d 0h 0m 27s                             clipfrac          0.106  │
│                                                     bc                0.000  │
│                                                                              │
│  User Stats                    Value    User Stats                    Value  │
│  episode_return                4.984    damage_dealt                558.763  │
│  damage_received             164.378    episode_length              130.012  │
│  wins                          0.000    wave                         68.000  │
│  idle_ticks                    3.212    brews_used                    7.327  │
│  blood_healed                  0.000    prayer_correct_rate           0.536  │
│  unavoidable_off_praye…        0.037    brews_remaining               4.673  │
│  restores_remaining            9.447    prayer_at_death              87.263  │
│  current_ranged               98.736    current_magic                91.247  │
│  behind_shield_pct             0.308    zuk_hp_remaining            679.880  │
│  min_zuk_hp_seen             666.664    hp_restored                   3.968  │
│  zuk_healer_damage             0.000    deaths_to_jad                 0.173  │
│  episode_return_normal         2.869    wins_normal                   0.000  │
│  min_zuk_hp_normal           891.168    score_normal                  0.257  │
│  zuk_objective_normal          0.257    phase_reached_normal          0.716  │
│  death_tick_normal            91.127    frac_min_hp_le_300_no…        0.001  │
╰──────────────────────────────────────────────────────────────────────────────╯

[0;0H╭──────────────────────────────────────────────────────────────────────────────╮
│  PufferLib 4.0          🐡        GPU: 0%      VRAM: 0.4/18G      RAM: 0.7G  │
│                                                                              │
│  Summary          Value    Evaluate   226ms  37%    Losses            Value  │
│  Env       osrs_inferno      GPU      190ms  31%    policy            0.011  │
│  Params          752.1K      Env       36ms   5%    value             0.063  │
│  Steps            44.2M    Train      372ms  62%    entropy           0.330  │
│  SPS             216.4K      Misc       0ms   0%    total             0.042  │
│  Epoch             1348      Forwa…     0ms   0%    old_kl            0.049  │
│  Uptime    0d 0h 3m 10s                             kl                0.045  │
│  Remaini…  0d 0h 0m 26s                             clipfrac          0.106  │
│                                                     bc                0.000  │
│                                                                              │
│  User Stats                    Value    User Stats                    Value  │
│  episode_return                5.053    damage_dealt                566.160  │
│  damage_received             165.777    episode_length              131.674  │
│  wins                          0.000    wave                         68.000  │
│  idle_ticks                    3.081    brews_used                    7.461  │
│  blood_healed                  0.000    prayer_correct_rate           0.536  │
│  unavoidable_off_praye…        0.040    brews_remaining               4.539  │
│  restores_remaining            9.417    prayer_at_death              86.883  │
│  current_ranged               97.958    current_magic                90.489  │
│  behind_shield_pct             0.317    zuk_hp_remaining            672.196  │
│  min_zuk_hp_seen             659.018    hp_restored                   4.022  │
│  zuk_healer_damage             0.000    deaths_to_jad                 0.185  │
│  episode_return_normal         2.919    wins_normal                   0.000  │
│  min_zuk_hp_normal           885.729    score_normal                  0.262  │
│  zuk_objective_normal          0.262    phase_reached_normal          0.707  │
│  death_tick_normal            91.541    frac_min_hp_le_300_no…        0.000  │
╰──────────────────────────────────────────────────────────────────────────────╯

[0;0H╭──────────────────────────────────────────────────────────────────────────────╮
│  PufferLib 4.0         🐡         GPU: 0%      VRAM: 0.4/18G      RAM: 0.7G  │
│                                                                              │
│  Summary          Value    Evaluate   222ms  37%    Losses            Value  │
│  Env       osrs_inferno      GPU      186ms  30%    policy            0.013  │
│  Params          752.1K      Env       36ms   5%    value             0.054  │
│  Steps            44.3M    Train      378ms  62%    entropy           0.325  │
│  SPS             215.6K      Misc       0ms   0%    total             0.039  │
│  Epoch             1352      Forwa…     0ms   0%    old_kl            0.056  │
│  Uptime    0d 0h 3m 11s                             kl                0.052  │
│  Remaini…  0d 0h 0m 26s                             clipfrac          0.105  │
│                                                     bc                0.000  │
│                                                                              │
│  User Stats                    Value    User Stats                    Value  │
│  episode_return                4.917    damage_dealt                549.717  │
│  damage_received             163.516    episode_length              128.091  │
│  wins                          0.000    wave                         68.000  │
│  idle_ticks                    3.019    brews_used                    7.289  │
│  blood_healed                  0.000    prayer_correct_rate           0.531  │
│  unavoidable_off_praye…        0.040    brews_remaining               4.711  │
│  restores_remaining            9.501    prayer_at_death              87.392  │
│  current_ranged               98.164    current_magic                90.536  │
│  behind_shield_pct             0.309    zuk_hp_remaining            686.929  │
│  min_zuk_hp_seen             674.127    hp_restored                   3.731  │
│  zuk_healer_damage             0.000    deaths_to_jad                 0.171  │
│  episode_return_normal         2.837    wins_normal                   0.000  │
│  min_zuk_hp_normal           895.189    score_normal                  0.254  │
│  zuk_objective_normal          0.254    phase_reached_normal          0.698  │
│  death_tick_normal            88.647    frac_min_hp_le_300_no…        0.000  │
╰──────────────────────────────────────────────────────────────────────────────╯

[0;0H╭──────────────────────────────────────────────────────────────────────────────╮
│  PufferLib 4.0        🐡          GPU: 0%      VRAM: 0.4/18G      RAM: 0.7G  │
│                                                                              │
│  Summary          Value    Evaluate   226ms  37%    Losses            Value  │
│  Env       osrs_inferno      GPU      190ms  31%    policy            0.014  │
│  Params          752.1K      Env       35ms   5%    value             0.070  │
│  Steps            44.4M    Train      375ms  62%    entropy           0.323  │
│  SPS             215.7K      Misc       0ms   0%    total             0.048  │
│  Epoch             1356      Forwa…     0ms   0%    old_kl            0.038  │
│  Uptime    0d 0h 3m 11s                             kl                0.071  │
│  Remaini…  0d 0h 0m 25s                             clipfrac          0.109  │
│                                                     bc                0.000  │
│                                                                              │
│  User Stats                    Value    User Stats                    Value  │
│  episode_return                5.200    damage_dealt                583.888  │
│  damage_received             170.883    episode_length              135.660  │
│  wins                          0.000    wave                         68.000  │
│  idle_ticks                    3.350    brews_used                    7.542  │
│  blood_healed                  0.000    prayer_correct_rate           0.537  │
│  unavoidable_off_praye…        0.038    brews_remaining               4.458  │
│  restores_remaining            9.420    prayer_at_death              85.945  │
│  current_ranged               98.219    current_magic                90.519  │
│  behind_shield_pct             0.333    zuk_hp_remaining            657.876  │
│  min_zuk_hp_seen             643.735    hp_restored                   4.047  │
│  zuk_healer_damage             0.000    deaths_to_jad                 0.181  │
│  episode_return_normal         3.097    wins_normal                   0.000  │
│  min_zuk_hp_normal           867.105    score_normal                  0.277  │
│  zuk_objective_normal          0.277    phase_reached_normal          0.779  │
│  death_tick_normal            97.076    frac_min_hp_le_300_no…        0.000  │
╰──────────────────────────────────────────────────────────────────────────────╯

[0;0H╭──────────────────────────────────────────────────────────────────────────────╮
│  PufferLib 4.0       🐡           GPU: 0%      VRAM: 0.4/18G      RAM: 0.7G  │
│                                                                              │
│  Summary          Value    Evaluate   224ms  37%    Losses            Value  │
│  Env       osrs_inferno      GPU      189ms  31%    policy            0.003  │
│  Params          752.1K      Env       35ms   5%    value             0.078  │
│  Steps            44.6M    Train      372ms  62%    entropy           0.321  │
│  SPS             217.0K      Misc       0ms   0%    total             0.042  │
│  Epoch             1360      Forwa…     0ms   0%    old_kl            0.038  │
│  Uptime    0d 0h 3m 12s                             kl                0.037  │
│  Remaini…  0d 0h 0m 25s                             clipfrac          0.107  │
│                                                     bc                0.000  │
│                                                                              │
│  User Stats                    Value    User Stats                    Value  │
│  episode_return                5.124    damage_dealt                573.151  │
│  damage_received             164.947    episode_length              133.937  │
│  wins                          0.000    wave                         68.000  │
│  idle_ticks                    3.383    brews_used                    7.371  │
│  blood_healed                  0.000    prayer_correct_rate           0.538  │
│  unavoidable_off_praye…        0.035    brews_remaining               4.629  │
│  restores_remaining            9.497    prayer_at_death              86.377  │
│  current_ranged               97.587    current_magic                90.077  │
│  behind_shield_pct             0.351    zuk_hp_remaining            664.935  │
│  min_zuk_hp_seen             653.039    hp_restored                   3.395  │
│  zuk_healer_damage             0.000    deaths_to_jad                 0.159  │
│  episode_return_normal         2.934    wins_normal                   0.000  │
│  min_zuk_hp_normal           885.951    score_normal                  0.262  │
│  zuk_objective_normal          0.262    phase_reached_normal          0.699  │
│  death_tick_normal            93.150    frac_min_hp_le_300_no…        0.000  │
╰──────────────────────────────────────────────────────────────────────────────╯

[0;0H╭──────────────────────────────────────────────────────────────────────────────╮
│  PufferLib 4.0      🐡            GPU: 0%      VRAM: 0.4/18G      RAM: 0.7G  │
│                                                                              │
│  Summary          Value    Evaluate   226ms  37%    Losses            Value  │
│  Env       osrs_inferno      GPU      189ms  31%    policy            0.001  │
│  Params          752.1K      Env       36ms   5%    value             0.107  │
│  Steps            44.7M    Train      373ms  62%    entropy           0.332  │
│  SPS             216.2K      Misc       0ms   0%    total             0.054  │
│  Epoch             1364      Forwa…     0ms   0%    old_kl            0.032  │
│  Uptime    0d 0h 3m 12s                             kl                0.030  │
│  Remaini…  0d 0h 0m 24s                             clipfrac          0.110  │
│                                                     bc                0.000  │
│                                                                              │
│  User Stats                    Value    User Stats                    Value  │
│  episode_return                5.296    damage_dealt                592.264  │
│  damage_received             164.154    episode_length              138.324  │
│  wins                          0.000    wave                         68.000  │
│  idle_ticks                    3.560    brews_used                    7.416  │
│  blood_healed                  0.000    prayer_correct_rate           0.530  │
│  unavoidable_off_praye…        0.038    brews_remaining               4.584  │
│  restores_remaining            9.441    prayer_at_death              86.412  │
│  current_ranged               97.706    current_magic                90.261  │
│  behind_shield_pct             0.408    zuk_hp_remaining            647.292  │
│  min_zuk_hp_seen             633.319    hp_restored                   4.027  │
│  zuk_healer_damage             0.000    deaths_to_jad                 0.177  │
│  episode_return_normal         3.176    wins_normal                   0.000  │
│  min_zuk_hp_normal           858.508    score_normal                  0.285  │
│  zuk_objective_normal          0.285    phase_reached_normal          0.726  │
│  death_tick_normal           100.318    frac_min_hp_le_300_no…        0.000  │
╰──────────────────────────────────────────────────────────────────────────────╯

[0;0H╭──────────────────────────────────────────────────────────────────────────────╮
│  PufferLib 4.0     🐡             GPU: 0%      VRAM: 0.4/18G      RAM: 0.7G  │
│                                                                              │
│  Summary          Value    Evaluate   222ms  37%    Losses            Value  │
│  Env       osrs_inferno      GPU      186ms  31%    policy            0.011  │
│  Params          752.1K      Env       35ms   5%    value             0.105  │
│  Steps            44.8M    Train      377ms  62%    entropy           0.334  │
│  SPS             216.2K      Misc       0ms   0%    total             0.063  │
│  Epoch             1368      Forwa…     0ms   0%    old_kl            0.028  │
│  Uptime    0d 0h 3m 13s                             kl                0.026  │
│  Remaini…  0d 0h 0m 23s                             clipfrac          0.109  │
│                                                     bc                0.000  │
│                                                                              │
│  User Stats                    Value    User Stats                    Value  │
│  episode_return                5.427    damage_dealt                602.644  │
│  damage_received             162.860    episode_length              139.622  │
│  wins                          0.000    wave                         68.000  │
│  idle_ticks                    3.455    brews_used                    7.412  │
│  blood_healed                  0.000    prayer_correct_rate           0.525  │
│  unavoidable_off_praye…        0.036    brews_remaining               4.588  │
│  restores_remaining            9.457    prayer_at_death              87.145  │
│  current_ranged               96.981    current_magic                89.648  │
│  behind_shield_pct             0.421    zuk_hp_remaining            632.366  │
│  min_zuk_hp_seen             619.088    hp_restored                   3.792  │
│  zuk_healer_damage             0.000    deaths_to_jad                 0.151  │
│  episode_return_normal         3.369    wins_normal                   0.000  │
│  min_zuk_hp_normal           837.230    score_normal                  0.302  │
│  zuk_objective_normal          0.302    phase_reached_normal          0.787  │
│  death_tick_normal           102.344    frac_min_hp_le_300_no…        0.001  │
╰──────────────────────────────────────────────────────────────────────────────╯

[0;0H╭──────────────────────────────────────────────────────────────────────────────╮
│  PufferLib 4.0    🐡              GPU: 0%      VRAM: 0.4/18G      RAM: 0.7G  │
│                                                                              │
│  Summary          Value    Evaluate   225ms  37%    Losses            Value  │
│  Env       osrs_inferno      GPU      189ms  31%    policy            0.013  │
│  Params          752.1K      Env       36ms   5%    value             0.091  │
│  Steps            45.0M    Train      375ms  62%    entropy           0.300  │
│  SPS             215.4K      Misc       0ms   0%    total             0.058  │
│  Epoch             1372      Forwa…     0ms   0%    old_kl            0.030  │
│  Uptime    0d 0h 3m 14s                             kl                0.028  │
│  Remaini…  0d 0h 0m 23s                             clipfrac          0.101  │
│                                                     bc                0.000  │
│                                                                              │
│  User Stats                    Value    User Stats                    Value  │
│  episode_return                5.848    damage_dealt                647.828  │
│  damage_received             170.417    episode_length              145.613  │
│  wins                          0.000    wave                         68.000  │
│  idle_ticks                    3.802    brews_used                    7.635  │
│  blood_healed                  0.000    prayer_correct_rate           0.536  │
│  unavoidable_off_praye…        0.039    brews_remaining               4.365  │
│  restores_remaining            9.360    prayer_at_death              86.655  │
│  current_ranged               97.573    current_magic                90.614  │
│  behind_shield_pct             0.417    zuk_hp_remaining            590.468  │
│  min_zuk_hp_seen             575.918    hp_restored                   4.320  │
│  zuk_healer_damage             0.005    deaths_to_jad                 0.156  │
│  episode_return_normal         3.774    wins_normal                   0.000  │
│  min_zuk_hp_normal           796.728    score_normal                  0.336  │
│  zuk_objective_normal          0.336    phase_reached_normal          0.915  │
│  death_tick_normal           107.463    frac_min_hp_le_300_no…        0.001  │
╰──────────────────────────────────────────────────────────────────────────────╯

[0;0H╭──────────────────────────────────────────────────────────────────────────────╮
│  PufferLib 4.0   🐡               GPU: 0%      VRAM: 0.4/18G      RAM: 0.7G  │
│                                                                              │
│  Summary          Value    Evaluate   225ms  37%    Losses            Value  │
│  Env       osrs_inferno      GPU      189ms  31%    policy            0.009  │
│  Params          752.1K      Env       36ms   6%    value             0.113  │
│  Steps            45.1M    Train      372ms  62%    entropy           0.358  │
│  SPS             217.1K      Misc       0ms   0%    total             0.065  │
│  Epoch             1376      Forwa…     0ms   0%    old_kl            0.030  │
│  Uptime    0d 0h 3m 14s                             kl                0.026  │
│  Remaini…  0d 0h 0m 22s                             clipfrac          0.114  │
│                                                     bc                0.000  │
│                                                                              │
│  User Stats                    Value    User Stats                    Value  │
│  episode_return                5.457    damage_dealt                602.706  │
│  damage_received             160.129    episode_length              139.692  │
│  wins                          0.000    wave                         68.000  │
│  idle_ticks                    3.469    brews_used                    7.333  │
│  blood_healed                  0.000    prayer_correct_rate           0.516  │
│  unavoidable_off_praye…        0.037    brews_remaining               4.667  │
│  restores_remaining            9.496    prayer_at_death              88.331  │
│  current_ranged               94.347    current_magic                87.713  │
│  behind_shield_pct             0.450    zuk_hp_remaining            626.053  │
│  min_zuk_hp_seen             615.477    hp_restored                   3.186  │
│  zuk_healer_damage             0.000    deaths_to_jad                 0.158  │
│  episode_return_normal         3.462    wins_normal                   0.000  │
│  min_zuk_hp_normal           825.988    score_normal                  0.312  │
│  zuk_objective_normal          0.312    phase_reached_normal          0.753  │
│  death_tick_normal           103.322    frac_min_hp_le_300_no…        0.001  │
╰──────────────────────────────────────────────────────────────────────────────╯

[0;0H╭──────────────────────────────────────────────────────────────────────────────╮
│  PufferLib 4.0  🐡                GPU: 0%      VRAM: 0.4/18G      RAM: 0.7G  │
│                                                                              │
│  Summary          Value    Evaluate   223ms  37%    Losses            Value  │
│  Env       osrs_inferno      GPU      187ms  31%    policy            0.016  │
│  Params          752.1K      Env       36ms   5%    value             0.092  │
│  Steps            45.2M    Train      373ms  62%    entropy           0.316  │
│  SPS             217.1K      Misc       0ms   0%    total             0.061  │
│  Epoch             1380      Forwa…     0ms   0%    old_kl            0.036  │
│  Uptime    0d 0h 3m 15s                             kl                0.042  │
│  Remaini…  0d 0h 0m 22s                             clipfrac          0.104  │
│                                                     bc                0.000  │
│                                                                              │
│  User Stats                    Value    User Stats                    Value  │
│  episode_return                5.853    damage_dealt                647.811  │
│  damage_received             166.939    episode_length              144.892  │
│  wins                          0.000    wave                         68.000  │
│  idle_ticks                    3.888    brews_used                    7.620  │
│  blood_healed                  0.000    prayer_correct_rate           0.530  │
│  unavoidable_off_praye…        0.038    brews_remaining               4.380  │
│  restores_remaining            9.401    prayer_at_death              85.642  │
│  current_ranged               96.180    current_magic                89.033  │
│  behind_shield_pct             0.422    zuk_hp_remaining            589.070  │
│  min_zuk_hp_seen             575.256    hp_restored                   3.904  │
│  zuk_healer_damage             0.000    deaths_to_jad                 0.182  │
│  episode_return_normal         3.953    wins_normal                   0.000  │
│  min_zuk_hp_normal           777.431    score_normal                  0.352  │
│  zuk_objective_normal          0.352    phase_reached_normal          0.932  │
│  death_tick_normal           109.610    frac_min_hp_le_300_no…        0.000  │
╰──────────────────────────────────────────────────────────────────────────────╯

[0;0H╭──────────────────────────────────────────────────────────────────────────────╮
│  PufferLib 4.0 🐡                 GPU: 0%      VRAM: 0.4/18G      RAM: 0.7G  │
│                                                                              │
│  Summary          Value    Evaluate   225ms  37%    Losses            Value  │
│  Env       osrs_inferno      GPU      189ms  31%    policy            0.001  │
│  Params          752.1K      Env       36ms   5%    value             0.080  │
│  Steps            45.4M    Train      372ms  62%    entropy           0.318  │
│  SPS             216.7K      Misc       0ms   0%    total             0.040  │
│  Epoch             1384      Forwa…     0ms   0%    old_kl            0.040  │
│  Uptime    0d 0h 3m 15s                             kl                0.039  │
│  Remaini…  0d 0h 0m 21s                             clipfrac          0.105  │
│                                                     bc                0.000  │
│                                                                              │
│  User Stats                    Value    User Stats                    Value  │
│  episode_return                5.716    damage_dealt                631.847  │
│  damage_received             162.943    episode_length              141.813  │
│  wins                          0.000    wave                         68.000  │
│  idle_ticks                    3.764    brews_used                    7.378  │
│  blood_healed                  0.000    prayer_correct_rate           0.524  │
│  unavoidable_off_praye…        0.033    brews_remaining               4.622  │
│  restores_remaining            9.525    prayer_at_death              84.421  │
│  current_ranged               96.668    current_magic                88.692  │
│  behind_shield_pct             0.428    zuk_hp_remaining            602.611  │
│  min_zuk_hp_seen             591.302    hp_restored                   3.312  │
│  zuk_healer_damage             0.000    deaths_to_jad                 0.155  │
│  episode_return_normal         3.965    wins_normal                   0.000  │
│  min_zuk_hp_normal           777.932    score_normal                  0.352  │
│  zuk_objective_normal          0.352    phase_reached_normal          0.945  │
│  death_tick_normal           108.827    frac_min_hp_le_300_no…        0.001  │
╰──────────────────────────────────────────────────────────────────────────────╯

[0;0H╭──────────────────────────────────────────────────────────────────────────────╮
│  PufferLib 4.0          🐡        GPU: 0%      VRAM: 0.4/18G      RAM: 0.7G  │
│                                                                              │
│  Summary          Value    Evaluate   226ms  37%    Losses            Value  │
│  Env       osrs_inferno      GPU      190ms  31%    policy            0.028  │
│  Params          752.1K      Env       36ms   5%    value             0.099  │
│  Steps            45.5M    Train      375ms  62%    entropy           0.327  │
│  SPS             215.6K      Misc       0ms   0%    total             0.077  │
│  Epoch             1388      Forwa…     0ms   0%    old_kl            0.034  │
│  Uptime    0d 0h 3m 16s                             kl                0.031  │
│  Remaini…  0d 0h 0m 20s                             clipfrac          0.105  │
│                                                     bc                0.000  │
│                                                                              │
│  User Stats                    Value    User Stats                    Value  │
│  episode_return                5.726    damage_dealt                633.183  │
│  damage_received             161.892    episode_length              141.357  │
│  wins                          0.000    wave                         68.000  │
│  idle_ticks                    3.630    brews_used                    7.390  │
│  blood_healed                  0.000    prayer_correct_rate           0.522  │
│  unavoidable_off_praye…        0.036    brews_remaining               4.610  │
│  restores_remaining            9.524    prayer_at_death              85.921  │
│  current_ranged               95.886    current_magic                88.206  │
│  behind_shield_pct             0.428    zuk_hp_remaining            601.611  │
│  min_zuk_hp_seen             589.583    hp_restored                   3.649  │
│  zuk_healer_damage             0.000    deaths_to_jad                 0.162  │
│  episode_return_normal         3.914    wins_normal                   0.000  │
│  min_zuk_hp_normal           782.923    score_normal                  0.348  │
│  zuk_objective_normal          0.348    phase_reached_normal          0.919  │
│  death_tick_normal           106.670    frac_min_hp_le_300_no…        0.000  │
╰──────────────────────────────────────────────────────────────────────────────╯

[0;0H╭──────────────────────────────────────────────────────────────────────────────╮
│  PufferLib 4.0         🐡         GPU: 0%      VRAM: 0.4/18G      RAM: 0.7G  │
│                                                                              │
│  Summary          Value    Evaluate   224ms  37%    Losses            Value  │
│  Env       osrs_inferno      GPU      189ms  31%    policy            0.008  │
│  Params          752.1K      Env       35ms   5%    value             0.088  │
│  Steps            45.6M    Train      373ms  62%    entropy           0.324  │
│  SPS             216.6K      Misc       0ms   0%    total             0.051  │
│  Epoch             1392      Forwa…     0ms   0%    old_kl            0.033  │
│  Uptime    0d 0h 3m 17s                             kl                0.029  │
│  Remaini…  0d 0h 0m 20s                             clipfrac          0.102  │
│                                                     bc                0.000  │
│                                                                              │
│  User Stats                    Value    User Stats                    Value  │
│  episode_return                5.666    damage_dealt                626.972  │
│  damage_received             162.803    episode_length              140.914  │
│  wins                          0.000    wave                         68.000  │
│  idle_ticks                    3.733    brews_used                    7.391  │
│  blood_healed                  0.000    prayer_correct_rate           0.518  │
│  unavoidable_off_praye…        0.034    brews_remaining               4.609  │
│  restores_remaining            9.486    prayer_at_death              86.512  │
│  current_ranged               95.986    current_magic                88.301  │
│  behind_shield_pct             0.428    zuk_hp_remaining            605.248  │
│  min_zuk_hp_seen             594.934    hp_restored                   3.505  │
│  zuk_healer_damage             0.000    deaths_to_jad                 0.139  │
│  episode_return_normal         3.924    wins_normal                   0.000  │
│  min_zuk_hp_normal           780.256    score_normal                  0.350  │
│  zuk_objective_normal          0.350    phase_reached_normal          0.939  │
│  death_tick_normal           107.743    frac_min_hp_le_300_no…        0.000  │
╰──────────────────────────────────────────────────────────────────────────────╯

[0;0H╭──────────────────────────────────────────────────────────────────────────────╮
│  PufferLib 4.0        🐡          GPU: 0%      VRAM: 0.4/18G      RAM: 0.7G  │
│                                                                              │
│  Summary          Value    Evaluate   223ms  37%    Losses            Value  │
│  Env       osrs_inferno      GPU      187ms  31%    policy            0.009  │
│  Params          752.1K      Env       36ms   5%    value             0.075  │
│  Steps            45.7M    Train      380ms  62%    entropy           0.322  │
│  SPS             214.8K      Misc       0ms   0%    total             0.046  │
│  Epoch             1396      Forwa…     0ms   0%    old_kl            0.030  │
│  Uptime    0d 0h 3m 17s                             kl                0.027  │
│  Remaini…  0d 0h 0m 19s                             clipfrac          0.101  │
│                                                     bc                0.000  │
│                                                                              │
│  User Stats                    Value    User Stats                    Value  │
│  episode_return                5.725    damage_dealt                635.131  │
│  damage_received             162.112    episode_length              141.813  │
│  wins                          0.000    wave                         68.000  │
│  idle_ticks                    4.056    brews_used                    7.375  │
│  blood_healed                  0.000    prayer_correct_rate           0.519  │
│  unavoidable_off_praye…        0.033    brews_remaining               4.625  │
│  restores_remaining            9.479    prayer_at_death              86.395  │
│  current_ranged               96.858    current_magic                89.281  │
│  behind_shield_pct             0.423    zuk_hp_remaining            599.789  │
│  min_zuk_hp_seen             588.994    hp_restored                   3.602  │
│  zuk_healer_damage             0.000    deaths_to_jad                 0.133  │
│  episode_return_normal         4.025    wins_normal                   0.000  │
│  min_zuk_hp_normal           770.062    score_normal                  0.358  │
│  zuk_objective_normal          0.358    phase_reached_normal          0.967  │
│  death_tick_normal           109.878    frac_min_hp_le_300_no…        0.001  │
╰──────────────────────────────────────────────────────────────────────────────╯

[0;0H╭──────────────────────────────────────────────────────────────────────────────╮
│  PufferLib 4.0       🐡           GPU: 0%      VRAM: 0.4/18G      RAM: 0.7G  │
│                                                                              │
│  Summary          Value    Evaluate   226ms  37%    Losses            Value  │
│  Env       osrs_inferno      GPU      190ms  31%    policy           -0.007  │
│  Params          752.1K      Env       36ms   5%    value             0.070  │
│  Steps            45.9M    Train      375ms  62%    entropy           0.327  │
│  SPS             215.3K      Misc       0ms   0%    total             0.027  │
│  Epoch             1400      Forwa…     0ms   0%    old_kl            0.026  │
│  Uptime    0d 0h 3m 18s                             kl                0.023  │
│  Remaini…  0d 0h 0m 19s                             clipfrac          0.102  │
│                                                     bc                0.000  │
│                                                                              │
│  User Stats                    Value    User Stats                    Value  │
│  episode_return                5.920    damage_dealt                655.786  │
│  damage_received             167.963    episode_length              146.520  │
│  wins                          0.000    wave                         68.000  │
│  idle_ticks                    3.916    brews_used                    7.556  │
│  blood_healed                  0.000    prayer_correct_rate           0.525  │
│  unavoidable_off_praye…        0.039    brews_remaining               4.444  │
│  restores_remaining            9.387    prayer_at_death              86.277  │
│  current_ranged               95.677    current_magic                88.445  │
│  behind_shield_pct             0.428    zuk_hp_remaining            578.284  │
│  min_zuk_hp_seen             567.914    hp_restored                   3.522  │
│  zuk_healer_damage             0.000    deaths_to_jad                 0.158  │
│  episode_return_normal         4.116    wins_normal                   0.000  │
│  min_zuk_hp_normal           759.352    score_normal                  0.367  │
│  zuk_objective_normal          0.367    phase_reached_normal          0.991  │
│  death_tick_normal           112.414    frac_min_hp_le_300_no…        0.001  │
╰──────────────────────────────────────────────────────────────────────────────╯

[0;0H╭──────────────────────────────────────────────────────────────────────────────╮
│  PufferLib 4.0      🐡            GPU: 0%      VRAM: 0.4/18G      RAM: 0.7G  │
│                                                                              │
│  Summary          Value    Evaluate   224ms  37%    Losses            Value  │
│  Env       osrs_inferno      GPU      188ms  31%    policy           -0.002  │
│  Params          752.1K      Env       36ms   5%    value             0.085  │
│  Steps            46.0M    Train      376ms  62%    entropy           0.329  │
│  SPS             215.8K      Misc       0ms   0%    total             0.041  │
│  Epoch             1404      Forwa…     0ms   0%    old_kl            0.038  │
│  Uptime    0d 0h 3m 18s                             kl                0.037  │
│  Remaini…  0d 0h 0m 18s                             clipfrac          0.107  │
│                                                     bc                0.000  │
│                                                                              │
│  User Stats                    Value    User Stats                    Value  │
│  episode_return                5.758    damage_dealt                636.760  │
│  damage_received             162.169    episode_length              142.049  │
│  wins                          0.000    wave                         68.000  │
│  idle_ticks                    3.957    brews_used                    7.397  │
│  blood_healed                  0.000    prayer_correct_rate           0.516  │
│  unavoidable_off_praye…        0.038    brews_remaining               4.603  │
│  restores_remaining            9.456    prayer_at_death              85.841  │
│  current_ranged               96.138    current_magic                88.567  │
│  behind_shield_pct             0.429    zuk_hp_remaining            596.081  │
│  min_zuk_hp_seen             585.462    hp_restored                   3.359  │
│  zuk_healer_damage             0.006    deaths_to_jad                 0.175  │
│  episode_return_normal         4.072    wins_normal                   0.000  │
│  min_zuk_hp_normal           764.486    score_normal                  0.363  │
│  zuk_objective_normal          0.363    phase_reached_normal          0.995  │
│  death_tick_normal           110.488    frac_min_hp_le_300_no…        0.001  │
╰──────────────────────────────────────────────────────────────────────────────╯

[0;0H╭──────────────────────────────────────────────────────────────────────────────╮
│  PufferLib 4.0     🐡             GPU: 0%      VRAM: 0.4/18G      RAM: 0.7G  │
│                                                                              │
│  Summary          Value    Evaluate   226ms  37%    Losses            Value  │
│  Env       osrs_inferno      GPU      190ms  31%    policy            0.006  │
│  Params          752.1K      Env       36ms   6%    value             0.074  │
│  Steps            46.1M    Train      375ms  62%    entropy           0.313  │
│  SPS             215.3K      Misc       0ms   0%    total             0.043  │
│  Epoch             1408      Forwa…     0ms   0%    old_kl            0.027  │
│  Uptime    0d 0h 3m 19s                             kl                0.025  │
│  Remaini…  0d 0h 0m 17s                             clipfrac          0.100  │
│                                                     bc                0.000  │
│                                                                              │
│  User Stats                    Value    User Stats                    Value  │
│  episode_return                6.115    damage_dealt                676.696  │
│  damage_received             175.256    episode_length              149.137  │
│  wins                          0.000    wave                         68.000  │
│  idle_ticks                    4.078    brews_used                    7.898  │
│  blood_healed                  0.000    prayer_correct_rate           0.525  │
│  unavoidable_off_praye…        0.037    brews_remaining               4.102  │
│  restores_remaining            9.194    prayer_at_death              85.986  │
│  current_ranged               96.989    current_magic                89.870  │
│  behind_shield_pct             0.423    zuk_hp_remaining            561.060  │
│  min_zuk_hp_seen             547.390    hp_restored                   4.036  │
│  zuk_healer_damage             0.000    deaths_to_jad                 0.203  │
│  episode_return_normal         4.282    wins_normal                   0.000  │
│  min_zuk_hp_normal           742.009    score_normal                  0.382  │
│  zuk_objective_normal          0.382    phase_reached_normal          1.062  │
│  death_tick_normal           115.354    frac_min_hp_le_300_no…        0.000  │
╰──────────────────────────────────────────────────────────────────────────────╯

[0;0H╭──────────────────────────────────────────────────────────────────────────────╮
│  PufferLib 4.0    🐡              GPU: 0%      VRAM: 0.4/18G      RAM: 0.7G  │
│                                                                              │
│  Summary          Value    Evaluate   227ms  37%    Losses            Value  │
│  Env       osrs_inferno      GPU      190ms  31%    policy            0.017  │
│  Params          752.1K      Env       36ms   5%    value             0.079  │
│  Steps            46.3M    Train      377ms  62%    entropy           0.310  │
│  SPS             214.6K      Misc       0ms   0%    total             0.056  │
│  Epoch             1412      Forwa…     0ms   0%    old_kl            0.032  │
│  Uptime    0d 0h 3m 20s                             kl                0.029  │
│  Remaini…  0d 0h 0m 17s                             clipfrac          0.100  │
│                                                     bc                0.000  │
│                                                                              │
│  User Stats                    Value    User Stats                    Value  │
│  episode_return                5.918    damage_dealt                655.784  │
│  damage_received             168.679    episode_length              144.359  │
│  wins                          0.000    wave                         68.000  │
│  idle_ticks                    4.120    brews_used                    7.655  │
│  blood_healed                  0.000    prayer_correct_rate           0.518  │
│  unavoidable_off_praye…        0.035    brews_remaining               4.345  │
│  restores_remaining            9.363    prayer_at_death              85.355  │
│  current_ranged               96.205    current_magic                88.822  │
│  behind_shield_pct             0.419    zuk_hp_remaining            581.430  │
│  min_zuk_hp_seen             568.353    hp_restored                   3.973  │
│  zuk_healer_damage             0.000    deaths_to_jad                 0.191  │
│  episode_return_normal         4.346    wins_normal                   0.000  │
│  min_zuk_hp_normal           735.927    score_normal                  0.387  │
│  zuk_objective_normal          0.387    phase_reached_normal          1.090  │
│  death_tick_normal           115.267    frac_min_hp_le_300_no…        0.004  │
╰──────────────────────────────────────────────────────────────────────────────╯

[0;0H╭──────────────────────────────────────────────────────────────────────────────╮
│  PufferLib 4.0   🐡               GPU: 0%      VRAM: 0.4/18G      RAM: 0.7G  │
│                                                                              │
│  Summary          Value    Evaluate   226ms  37%    Losses            Value  │
│  Env       osrs_inferno      GPU      190ms  31%    policy           -0.003  │
│  Params          752.1K      Env       36ms   5%    value             0.082  │
│  Steps            46.4M    Train      374ms  62%    entropy           0.308  │
│  SPS             215.7K      Misc       0ms   0%    total             0.038  │
│  Epoch             1416      Forwa…     0ms   0%    old_kl            0.032  │
│  Uptime    0d 0h 3m 20s                             kl                0.031  │
│  Remaini…  0d 0h 0m 16s                             clipfrac          0.104  │
│                                                     bc                0.000  │
│                                                                              │
│  User Stats                    Value    User Stats                    Value  │
│  episode_return                6.075    damage_dealt                672.312  │
│  damage_received             171.667    episode_length              147.862  │
│  wins                          0.000    wave                         68.000  │
│  idle_ticks                    4.081    brews_used                    7.856  │
│  blood_healed                  0.000    prayer_correct_rate           0.521  │
│  unavoidable_off_praye…        0.036    brews_remaining               4.144  │
│  restores_remaining            9.250    prayer_at_death              85.898  │
│  current_ranged               96.184    current_magic                88.896  │
│  behind_shield_pct             0.428    zuk_hp_remaining            564.896  │
│  min_zuk_hp_seen             551.561    hp_restored                   3.991  │
│  zuk_healer_damage             0.000    deaths_to_jad                 0.205  │
│  episode_return_normal         4.336    wins_normal                   0.000  │
│  min_zuk_hp_normal           736.538    score_normal                  0.386  │
│  zuk_objective_normal          0.386    phase_reached_normal          1.102  │
│  death_tick_normal           116.250    frac_min_hp_le_300_no…        0.001  │
╰──────────────────────────────────────────────────────────────────────────────╯

[0;0H╭──────────────────────────────────────────────────────────────────────────────╮
│  PufferLib 4.0  🐡                GPU: 0%      VRAM: 0.4/18G      RAM: 0.7G  │
│                                                                              │
│  Summary          Value    Evaluate   224ms  37%    Losses            Value  │
│  Env       osrs_inferno      GPU      189ms  31%    policy           -0.004  │
│  Params          752.1K      Env       35ms   5%    value             0.078  │
│  Steps            46.5M    Train      372ms  62%    entropy           0.326  │
│  SPS             216.9K      Misc       0ms   0%    total             0.035  │
│  Epoch             1420      Forwa…     0ms   0%    old_kl            0.039  │
│  Uptime    0d 0h 3m 21s                             kl                0.038  │
│  Remaini…  0d 0h 0m 15s                             clipfrac          0.105  │
│                                                     bc                0.000  │
│                                                                              │
│  User Stats                    Value    User Stats                    Value  │
│  episode_return                5.908    damage_dealt                652.908  │
│  damage_received             164.493    episode_length              144.056  │
│  wins                          0.000    wave                         68.000  │
│  idle_ticks                    4.053    brews_used                    7.534  │
│  blood_healed                  0.000    prayer_correct_rate           0.519  │
│  unavoidable_off_praye…        0.034    brews_remaining               4.466  │
│  restores_remaining            9.388    prayer_at_death              85.197  │
│  current_ranged               96.433    current_magic                88.924  │
│  behind_shield_pct             0.434    zuk_hp_remaining            582.389  │
│  min_zuk_hp_seen             569.691    hp_restored                   4.086  │
│  zuk_healer_damage             0.026    deaths_to_jad                 0.198  │
│  episode_return_normal         4.217    wins_normal                   0.000  │
│  min_zuk_hp_normal           750.276    score_normal                  0.375  │
│  zuk_objective_normal          0.375    phase_reached_normal          1.026  │
│  death_tick_normal           112.966    frac_min_hp_le_300_no…        0.000  │
╰──────────────────────────────────────────────────────────────────────────────╯

[0;0H╭──────────────────────────────────────────────────────────────────────────────╮
│  PufferLib 4.0 🐡                 GPU: 0%      VRAM: 0.4/18G      RAM: 0.7G  │
│                                                                              │
│  Summary          Value    Evaluate   224ms  37%    Losses            Value  │
│  Env       osrs_inferno      GPU      187ms  31%    policy            0.045  │
│  Params          752.1K      Env       36ms   5%    value             0.082  │
│  Steps            46.7M    Train      377ms  62%    entropy           0.312  │
│  SPS             215.3K      Misc       0ms   0%    total             0.085  │
│  Epoch             1424      Forwa…     0ms   0%    old_kl            0.047  │
│  Uptime    0d 0h 3m 21s                             kl                0.063  │
│  Remaini…  0d 0h 0m 15s                             clipfrac          0.105  │
│                                                     bc                0.000  │
│                                                                              │
│  User Stats                    Value    User Stats                    Value  │
│  episode_return                6.026    damage_dealt                671.223  │
│  damage_received             176.032    episode_length              148.571  │
│  wins                          0.000    wave                         68.000  │
│  idle_ticks                    4.121    brews_used                    7.935  │
│  blood_healed                  0.000    prayer_correct_rate           0.523  │
│  unavoidable_off_praye…        0.038    brews_remaining               4.065  │
│  restores_remaining            9.272    prayer_at_death              85.081  │
│  current_ranged               95.820    current_magic                88.583  │
│  behind_shield_pct             0.427    zuk_hp_remaining            570.424  │
│  min_zuk_hp_seen             555.219    hp_restored                   5.291  │
│  zuk_healer_damage             0.008    deaths_to_jad                 0.207  │
│  episode_return_normal         4.323    wins_normal                   0.000  │
│  min_zuk_hp_normal           737.279    score_normal                  0.386  │
│  zuk_objective_normal          0.386    phase_reached_normal          1.103  │
│  death_tick_normal           117.878    frac_min_hp_le_300_no…        0.000  │
╰──────────────────────────────────────────────────────────────────────────────╯

[0;0H╭──────────────────────────────────────────────────────────────────────────────╮
│  PufferLib 4.0          🐡        GPU: 0%      VRAM: 0.4/18G      RAM: 0.7G  │
│                                                                              │
│  Summary          Value    Evaluate   222ms  37%    Losses            Value  │
│  Env       osrs_inferno      GPU      186ms  30%    policy            0.005  │
│  Params          752.1K      Env       36ms   5%    value             0.061  │
│  Steps            46.8M    Train      378ms  62%    entropy           0.290  │
│  SPS             215.6K      Misc       0ms   0%    total             0.035  │
│  Epoch             1428      Forwa…     0ms   0%    old_kl            0.033  │
│  Uptime    0d 0h 3m 22s                             kl                0.030  │
│  Remaini…  0d 0h 0m 14s                             clipfrac          0.091  │
│                                                     bc                0.000  │
│                                                                              │
│  User Stats                    Value    User Stats                    Value  │
│  episode_return                6.257    damage_dealt                694.907  │
│  damage_received             182.523    episode_length              153.290  │
│  wins                          0.000    wave                         68.000  │
│  idle_ticks                    4.123    brews_used                    8.186  │
│  blood_healed                  0.000    prayer_correct_rate           0.529  │
│  unavoidable_off_praye…        0.039    brews_remaining               3.814  │
│  restores_remaining            9.158    prayer_at_death              85.346  │
│  current_ranged               95.442    current_magic                88.648  │
│  behind_shield_pct             0.423    zuk_hp_remaining            545.896  │
│  min_zuk_hp_seen             531.212    hp_restored                   4.632  │
│  zuk_healer_damage             0.000    deaths_to_jad                 0.200  │
│  episode_return_normal         4.470    wins_normal                   0.000  │
│  min_zuk_hp_normal           721.235    score_normal                  0.399  │
│  zuk_objective_normal          0.399    phase_reached_normal          1.152  │
│  death_tick_normal           120.541    frac_min_hp_le_300_no…        0.001  │
╰──────────────────────────────────────────────────────────────────────────────╯

[0;0H╭──────────────────────────────────────────────────────────────────────────────╮
│  PufferLib 4.0         🐡         GPU: 0%      VRAM: 0.4/18G      RAM: 0.7G  │
│                                                                              │
│  Summary          Value    Evaluate   223ms  37%    Losses            Value  │
│  Env       osrs_inferno      GPU      187ms  31%    policy           -0.015  │
│  Params          752.1K      Env       36ms   6%    value             0.075  │
│  Steps            46.9M    Train      370ms  62%    entropy           0.298  │
│  SPS             218.3K      Misc       0ms   0%    total             0.022  │
│  Epoch             1432      Forwa…     0ms   0%    old_kl            0.032  │
│  Uptime    0d 0h 3m 23s                             kl                0.030  │
│  Remaini…  0d 0h 0m 14s                             clipfrac          0.100  │
│                                                     bc                0.000  │
│                                                                              │
│  User Stats                    Value    User Stats                    Value  │
│  episode_return                6.028    damage_dealt                669.993  │
│  damage_received             173.085    episode_length              147.444  │
│  wins                          0.000    wave                         68.000  │
│  idle_ticks                    3.869    brews_used                    7.835  │
│  blood_healed                  0.000    prayer_correct_rate           0.518  │
│  unavoidable_off_praye…        0.035    brews_remaining               4.165  │
│  restores_remaining            9.396    prayer_at_death              85.158  │
│  current_ranged               93.693    current_magic                86.244  │
│  behind_shield_pct             0.427    zuk_hp_remaining            567.795  │
│  min_zuk_hp_seen             555.577    hp_restored                   3.712  │
│  zuk_healer_damage             0.000    deaths_to_jad                 0.186  │
│  episode_return_normal         4.517    wins_normal                   0.000  │
│  min_zuk_hp_normal           716.204    score_normal                  0.403  │
│  zuk_objective_normal          0.403    phase_reached_normal          1.182  │
│  death_tick_normal           119.094    frac_min_hp_le_300_no…        0.003  │
╰──────────────────────────────────────────────────────────────────────────────╯

[0;0H╭──────────────────────────────────────────────────────────────────────────────╮
│  PufferLib 4.0        🐡          GPU: 0%      VRAM: 0.4/18G      RAM: 0.7G  │
│                                                                              │
│  Summary          Value    Evaluate   222ms  37%    Losses            Value  │
│  Env       osrs_inferno      GPU      186ms  31%    policy            0.006  │
│  Params          752.1K      Env       35ms   5%    value             0.069  │
│  Steps            47.1M    Train      376ms  62%    entropy           0.291  │
│  SPS             216.4K      Misc       0ms   0%    total             0.040  │
│  Epoch             1436      Forwa…     0ms   0%    old_kl            0.030  │
│  Uptime    0d 0h 3m 23s                             kl                0.029  │
│  Remaini…  0d 0h 0m 13s                             clipfrac          0.099  │
│                                                     bc                0.000  │
│                                                                              │
│  User Stats                    Value    User Stats                    Value  │
│  episode_return                6.130    damage_dealt                679.605  │
│  damage_received             174.605    episode_length              148.491  │
│  wins                          0.000    wave                         68.000  │
│  idle_ticks                    3.752    brews_used                    7.901  │
│  blood_healed                  0.000    prayer_correct_rate           0.520  │
│  unavoidable_off_praye…        0.038    brews_remaining               4.099  │
│  restores_remaining            9.359    prayer_at_death              85.149  │
│  current_ranged               93.371    current_magic                86.002  │
│  behind_shield_pct             0.427    zuk_hp_remaining            557.133  │
│  min_zuk_hp_seen             544.706    hp_restored                   3.785  │
│  zuk_healer_damage             0.000    deaths_to_jad                 0.186  │
│  episode_return_normal         4.608    wins_normal                   0.000  │
│  min_zuk_hp_normal           706.453    score_normal                  0.411  │
│  zuk_objective_normal          0.411    phase_reached_normal          1.217  │
│  death_tick_normal           119.684    frac_min_hp_le_300_no…        0.002  │
╰──────────────────────────────────────────────────────────────────────────────╯

[0;0H╭──────────────────────────────────────────────────────────────────────────────╮
│  PufferLib 4.0       🐡           GPU: 0%      VRAM: 0.4/18G      RAM: 0.7G  │
│                                                                              │
│  Summary          Value    Evaluate   224ms  37%    Losses            Value  │
│  Env       osrs_inferno      GPU      189ms  31%    policy            0.000  │
│  Params          752.1K      Env       35ms   5%    value             0.069  │
│  Steps            47.2M    Train      371ms  62%    entropy           0.283  │
│  SPS             217.6K      Misc       0ms   0%    total             0.034  │
│  Epoch             1440      Forwa…     0ms   0%    old_kl            0.064  │
│  Uptime    0d 0h 3m 24s                             kl                0.060  │
│  Remaini…  0d 0h 0m 12s                             clipfrac          0.095  │
│                                                     bc                0.000  │
│                                                                              │
│  User Stats                    Value    User Stats                    Value  │
│  episode_return                6.294    damage_dealt                699.952  │
│  damage_received             185.719    episode_length              152.904  │
│  wins                          0.000    wave                         68.000  │
│  idle_ticks                    3.972    brews_used                    8.353  │
│  blood_healed                  0.000    prayer_correct_rate           0.524  │
│  unavoidable_off_praye…        0.043    brews_remaining               3.647  │
│  restores_remaining            9.130    prayer_at_death              85.656  │
│  current_ranged               94.270    current_magic                87.651  │
│  behind_shield_pct             0.426    zuk_hp_remaining            542.574  │
│  min_zuk_hp_seen             527.462    hp_restored                   4.597  │
│  zuk_healer_damage             0.000    deaths_to_jad                 0.200  │
│  episode_return_normal         4.569    wins_normal                   0.000  │
│  min_zuk_hp_normal           710.820    score_normal                  0.408  │
│  zuk_objective_normal          0.408    phase_reached_normal          1.194  │
│  death_tick_normal           121.298    frac_min_hp_le_300_no…        0.002  │
╰──────────────────────────────────────────────────────────────────────────────╯

[0;0H╭──────────────────────────────────────────────────────────────────────────────╮
│  PufferLib 4.0      🐡            GPU: 0%      VRAM: 0.4/18G      RAM: 0.7G  │
│                                                                              │
│  Summary          Value    Evaluate   223ms  37%    Losses            Value  │
│  Env       osrs_inferno      GPU      187ms  31%    policy            0.023  │
│  Params          752.1K      Env       35ms   5%    value             0.068  │
│  Steps            47.3M    Train      373ms  62%    entropy           0.280  │
│  SPS             217.3K      Misc       0ms   0%    total             0.057  │
│  Epoch             1444      Forwa…     0ms   0%    old_kl            0.044  │
│  Uptime    0d 0h 3m 25s                             kl                0.043  │
│  Remaini…  0d 0h 0m 12s                             clipfrac          0.092  │
│                                                     bc                0.000  │
│                                                                              │
│  User Stats                    Value    User Stats                    Value  │
│  episode_return                6.349    damage_dealt                707.485  │
│  damage_received             190.600    episode_length              154.493  │
│  wins                          0.000    wave                         68.000  │
│  idle_ticks                    4.187    brews_used                    8.582  │
│  blood_healed                  0.000    prayer_correct_rate           0.520  │
│  unavoidable_off_praye…        0.043    brews_remaining               3.418  │
│  restores_remaining            9.154    prayer_at_death              85.265  │
│  current_ranged               93.072    current_magic                86.331  │
│  behind_shield_pct             0.420    zuk_hp_remaining            536.285  │
│  min_zuk_hp_seen             520.757    hp_restored                   4.859  │
│  zuk_healer_damage             0.000    deaths_to_jad                 0.182  │
│  episode_return_normal         4.768    wins_normal                   0.000  │
│  min_zuk_hp_normal           689.137    score_normal                  0.426  │
│  zuk_objective_normal          0.426    phase_reached_normal          1.285  │
│  death_tick_normal           125.931    frac_min_hp_le_300_no…        0.005  │
╰──────────────────────────────────────────────────────────────────────────────╯

[0;0H╭──────────────────────────────────────────────────────────────────────────────╮
│  PufferLib 4.0     🐡             GPU: 0%      VRAM: 0.4/18G      RAM: 0.7G  │
│                                                                              │
│  Summary          Value    Evaluate   277ms  37%    Losses            Value  │
│  Env       osrs_inferno      GPU      233ms  31%    policy            0.021  │
│  Params          752.1K      Env       44ms   5%    value             0.078  │
│  Steps            47.5M    Train      462ms  62%    entropy           0.279  │
│  SPS             219.5K      Misc       0ms   0%    total             0.060  │
│  Epoch             1449      Forwa…     0ms   0%    old_kl            0.040  │
│  Uptime    0d 0h 3m 25s                             kl                0.036  │
│  Remaini…  0d 0h 0m 11s                             clipfrac          0.092  │
│                                                     bc                0.000  │
│                                                                              │
│  User Stats                    Value    User Stats                    Value  │
│  episode_return                6.129    damage_dealt                679.386  │
│  damage_received             177.721    episode_length              148.613  │
│  wins                          0.000    wave                         68.000  │
│  idle_ticks                    4.048    brews_used                    8.129  │
│  blood_healed                  0.000    prayer_correct_rate           0.517  │
│  unavoidable_off_praye…        0.039    brews_remaining               3.871  │
│  restores_remaining            9.188    prayer_at_death              86.420  │
│  current_ranged               95.099    current_magic                88.226  │
│  behind_shield_pct             0.430    zuk_hp_remaining            559.944  │
│  min_zuk_hp_seen             545.555    hp_restored                   4.117  │
│  zuk_healer_damage             0.000    deaths_to_jad                 0.138  │
│  episode_return_normal         4.518    wins_normal                   0.000  │
│  min_zuk_hp_normal           716.920    score_normal                  0.403  │
│  zuk_objective_normal          0.403    phase_reached_normal          1.160  │
│  death_tick_normal           118.934    frac_min_hp_le_300_no…        0.006  │
╰──────────────────────────────────────────────────────────────────────────────╯

[0;0H╭──────────────────────────────────────────────────────────────────────────────╮
│  PufferLib 4.0    🐡              GPU: 0%      VRAM: 0.4/18G      RAM: 0.7G  │
│                                                                              │
│  Summary          Value    Evaluate   222ms  37%    Losses            Value  │
│  Env       osrs_inferno      GPU      186ms  31%    policy            0.034  │
│  Params          752.1K      Env       35ms   5%    value             0.070  │
│  Steps            47.6M    Train      374ms  62%    entropy           0.280  │
│  SPS             217.1K      Misc       0ms   0%    total             0.069  │
│  Epoch             1453      Forwa…     0ms   0%    old_kl            0.037  │
│  Uptime    0d 0h 3m 26s                             kl                0.045  │
│  Remaini…  0d 0h 0m 11s                             clipfrac          0.096  │
│                                                     bc                0.000  │
│                                                                              │
│  User Stats                    Value    User Stats                    Value  │
│  episode_return                6.332    damage_dealt                703.181  │
│  damage_received             183.226    episode_length              153.349  │
│  wins                          0.000    wave                         68.000  │
│  idle_ticks                    4.052    brews_used                    8.300  │
│  blood_healed                  0.000    prayer_correct_rate           0.519  │
│  unavoidable_off_praye…        0.041    brews_remaining               3.700  │
│  restores_remaining            9.086    prayer_at_death              85.797  │
│  current_ranged               95.344    current_magic                88.444  │
│  behind_shield_pct             0.430    zuk_hp_remaining            538.608  │
│  min_zuk_hp_seen             523.459    hp_restored                   4.344  │
│  zuk_healer_damage             0.000    deaths_to_jad                 0.161  │
│  episode_return_normal         4.760    wins_normal                   0.000  │
│  min_zuk_hp_normal           690.370    score_normal                  0.425  │
│  zuk_objective_normal          0.425    phase_reached_normal          1.242  │
│  death_tick_normal           124.610    frac_min_hp_le_300_no…        0.001  │
╰──────────────────────────────────────────────────────────────────────────────╯

[0;0H╭──────────────────────────────────────────────────────────────────────────────╮
│  PufferLib 4.0   🐡               GPU: 0%      VRAM: 0.4/18G      RAM: 0.7G  │
│                                                                              │
│  Summary          Value    Evaluate   222ms  37%    Losses            Value  │
│  Env       osrs_inferno      GPU      187ms  31%    policy           -0.001  │
│  Params          752.1K      Env       35ms   5%    value             0.067  │
│  Steps            47.7M    Train      375ms  62%    entropy           0.262  │
│  SPS             216.8K      Misc       0ms   0%    total             0.032  │
│  Epoch             1457      Forwa…     0ms   0%    old_kl            0.032  │
│  Uptime    0d 0h 3m 26s                             kl                0.029  │
│  Remaini…  0d 0h 0m 10s                             clipfrac          0.092  │
│                                                     bc                0.000  │
│                                                                              │
│  User Stats                    Value    User Stats                    Value  │
│  episode_return                6.226    damage_dealt                690.665  │
│  damage_received             177.879    episode_length              150.393  │
│  wins                          0.000    wave                         68.000  │
│  idle_ticks                    4.000    brews_used                    8.052  │
│  blood_healed                  0.000    prayer_correct_rate           0.518  │
│  unavoidable_off_praye…        0.037    brews_remaining               3.948  │
│  restores_remaining            9.147    prayer_at_death              85.626  │
│  current_ranged               96.643    current_magic                89.457  │
│  behind_shield_pct             0.430    zuk_hp_remaining            550.193  │
│  min_zuk_hp_seen             535.264    hp_restored                   4.291  │
│  zuk_healer_damage             0.000    deaths_to_jad                 0.142  │
│  episode_return_normal         4.640    wins_normal                   0.000  │
│  min_zuk_hp_normal           704.116    score_normal                  0.413  │
│  zuk_objective_normal          0.413    phase_reached_normal          1.214  │
│  death_tick_normal           120.824    frac_min_hp_le_300_no…        0.001  │
╰──────────────────────────────────────────────────────────────────────────────╯

[0;0H╭──────────────────────────────────────────────────────────────────────────────╮
│  PufferLib 4.0  🐡                GPU: 0%      VRAM: 0.4/18G      RAM: 0.7G  │
│                                                                              │
│  Summary          Value    Evaluate   224ms  37%    Losses            Value  │
│  Env       osrs_inferno      GPU      189ms  31%    policy           -0.004  │
│  Params          752.1K      Env       35ms   5%    value             0.065  │
│  Steps            47.9M    Train      372ms  62%    entropy           0.255  │
│  SPS             217.3K      Misc       0ms   0%    total             0.028  │
│  Epoch             1461      Forwa…     0ms   0%    old_kl            0.036  │
│  Uptime    0d 0h 3m 27s                             kl                0.035  │
│  Remaini…   0d 0h 0m 9s                             clipfrac          0.084  │
│                                                     bc                0.000  │
│                                                                              │
│  User Stats                    Value    User Stats                    Value  │
│  episode_return                6.214    damage_dealt                690.794  │
│  damage_received             175.680    episode_length              150.622  │
│  wins                          0.000    wave                         68.000  │
│  idle_ticks                    3.880    brews_used                    7.931  │
│  blood_healed                  0.000    prayer_correct_rate           0.519  │
│  unavoidable_off_praye…        0.039    brews_remaining               4.069  │
│  restores_remaining            9.148    prayer_at_death              85.858  │
│  current_ranged               97.031    current_magic                90.173  │
│  behind_shield_pct             0.435    zuk_hp_remaining            550.552  │
│  min_zuk_hp_seen             536.385    hp_restored                   4.342  │
│  zuk_healer_damage             0.000    deaths_to_jad                 0.132  │
│  episode_return_normal         4.600    wins_normal                   0.000  │
│  min_zuk_hp_normal           708.318    score_normal                  0.410  │
│  zuk_objective_normal          0.410    phase_reached_normal          1.192  │
│  death_tick_normal           120.780    frac_min_hp_le_300_no…        0.003  │
╰──────────────────────────────────────────────────────────────────────────────╯

[0;0H╭──────────────────────────────────────────────────────────────────────────────╮
│  PufferLib 4.0 🐡                 GPU: 0%      VRAM: 0.4/18G      RAM: 0.7G  │
│                                                                              │
│  Summary          Value    Evaluate   222ms  37%    Losses            Value  │
│  Env       osrs_inferno      GPU      187ms  31%    policy            0.006  │
│  Params          752.1K      Env       35ms   5%    value             0.057  │
│  Steps            48.0M    Train      373ms  62%    entropy           0.250  │
│  SPS             217.3K      Misc       0ms   0%    total             0.034  │
│  Epoch             1465      Forwa…     0ms   0%    old_kl            0.036  │
│  Uptime    0d 0h 3m 28s                             kl                0.033  │
│  Remaini…   0d 0h 0m 9s                             clipfrac          0.084  │
│                                                     bc                0.000  │
│                                                                              │
│  User Stats                    Value    User Stats                    Value  │
│  episode_return                6.585    damage_dealt                733.991  │
│  damage_received             191.573    episode_length              159.347  │
│  wins                          0.000    wave                         68.000  │
│  idle_ticks                    4.244    brews_used                    8.524  │
│  blood_healed                  0.000    prayer_correct_rate           0.529  │
│  unavoidable_off_praye…        0.041    brews_remaining               3.476  │
│  restores_remaining            8.991    prayer_at_death              84.406  │
│  current_ranged               95.973    current_magic                89.208  │
│  behind_shield_pct             0.422    zuk_hp_remaining            513.058  │
│  min_zuk_hp_seen             495.766    hp_restored                   5.182  │
│  zuk_healer_damage             0.000    deaths_to_jad                 0.139  │
│  episode_return_normal         4.819    wins_normal                   0.000  │
│  min_zuk_hp_normal           683.341    score_normal                  0.431  │
│  zuk_objective_normal          0.431    phase_reached_normal          1.281  │
│  death_tick_normal           128.027    frac_min_hp_le_300_no…        0.000  │
╰──────────────────────────────────────────────────────────────────────────────╯

[0;0H╭──────────────────────────────────────────────────────────────────────────────╮
│  PufferLib 4.0          🐡        GPU: 0%      VRAM: 0.4/18G      RAM: 0.7G  │
│                                                                              │
│  Summary          Value    Evaluate   224ms  37%    Losses            Value  │
│  Env       osrs_inferno      GPU      189ms  31%    policy           -0.017  │
│  Params          752.1K      Env       35ms   5%    value             0.072  │
│  Steps            48.1M    Train      372ms  62%    entropy           0.263  │
│  SPS             217.3K      Misc       0ms   0%    total             0.018  │
│  Epoch             1469      Forwa…     0ms   0%    old_kl            0.028  │
│  Uptime    0d 0h 3m 28s                             kl                0.026  │
│  Remaini…   0d 0h 0m 8s                             clipfrac          0.089  │
│                                                     bc                0.000  │
│                                                                              │
│  User Stats                    Value    User Stats                    Value  │
│  episode_return                6.299    damage_dealt                702.743  │
│  damage_received             174.439    episode_length              151.320  │
│  wins                          0.000    wave                         68.000  │
│  idle_ticks                    3.936    brews_used                    7.877  │
│  blood_healed                  0.000    prayer_correct_rate           0.517  │
│  unavoidable_off_praye…        0.036    brews_remaining               4.123  │
│  restores_remaining            9.325    prayer_at_death              82.680  │
│  current_ranged               95.913    current_magic                88.123  │
│  behind_shield_pct             0.442    zuk_hp_remaining            540.963  │
│  min_zuk_hp_seen             527.401    hp_restored                   4.076  │
│  zuk_healer_damage             0.000    deaths_to_jad                 0.117  │
│  episode_return_normal         4.723    wins_normal                   0.000  │
│  min_zuk_hp_normal           694.818    score_normal                  0.421  │
│  zuk_objective_normal          0.421    phase_reached_normal          1.238  │
│  death_tick_normal           122.199    frac_min_hp_le_300_no…        0.003  │
╰──────────────────────────────────────────────────────────────────────────────╯

[0;0H╭──────────────────────────────────────────────────────────────────────────────╮
│  PufferLib 4.0         🐡         GPU: 0%      VRAM: 0.4/18G      RAM: 0.7G  │
│                                                                              │
│  Summary          Value    Evaluate   221ms  36%    Losses            Value  │
│  Env       osrs_inferno      GPU      185ms  30%    policy            0.007  │
│  Params          752.1K      Env       35ms   5%    value             0.079  │
│  Steps            48.3M    Train      379ms  63%    entropy           0.270  │
│  SPS             216.0K      Misc       0ms   0%    total             0.046  │
│  Epoch             1473      Forwa…     0ms   0%    old_kl            0.036  │
│  Uptime    0d 0h 3m 29s                             kl                0.031  │
│  Remaini…   0d 0h 0m 8s                             clipfrac          0.095  │
│                                                     bc                0.000  │
│                                                                              │
│  User Stats                    Value    User Stats                    Value  │
│  episode_return                6.276    damage_dealt                698.914  │
│  damage_received             175.113    episode_length              151.921  │
│  wins                          0.000    wave                         68.000  │
│  idle_ticks                    3.887    brews_used                    7.919  │
│  blood_healed                  0.000    prayer_correct_rate           0.519  │
│  unavoidable_off_praye…        0.037    brews_remaining               4.081  │
│  restores_remaining            9.320    prayer_at_death              83.706  │
│  current_ranged               95.061    current_magic                87.326  │
│  behind_shield_pct             0.440    zuk_hp_remaining            541.929  │
│  min_zuk_hp_seen             529.220    hp_restored                   4.032  │
│  zuk_healer_damage             0.000    deaths_to_jad                 0.097  │
│  episode_return_normal         4.742    wins_normal                   0.000  │
│  min_zuk_hp_normal           692.339    score_normal                  0.423  │
│  zuk_objective_normal          0.423    phase_reached_normal          1.228  │
│  death_tick_normal           124.421    frac_min_hp_le_300_no…        0.000  │
╰──────────────────────────────────────────────────────────────────────────────╯

[0;0H╭──────────────────────────────────────────────────────────────────────────────╮
│  PufferLib 4.0        🐡          GPU: 0%      VRAM: 0.4/18G      RAM: 0.7G  │
│                                                                              │
│  Summary          Value    Evaluate   224ms  37%    Losses            Value  │
│  Env       osrs_inferno      GPU      189ms  31%    policy            0.013  │
│  Params          752.1K      Env       35ms   5%    value             0.074  │
│  Steps            48.4M    Train      375ms  62%    entropy           0.264  │
│  SPS             216.2K      Misc       0ms   0%    total             0.050  │
│  Epoch             1477      Forwa…     0ms   0%    old_kl            0.035  │
│  Uptime    0d 0h 3m 29s                             kl                0.032  │
│  Remaini…   0d 0h 0m 7s                             clipfrac          0.093  │
│                                                     bc                0.000  │
│                                                                              │
│  User Stats                    Value    User Stats                    Value  │
│  episode_return                6.345    damage_dealt                704.276  │
│  damage_received             175.059    episode_length              152.890  │
│  wins                          0.000    wave                         68.000  │
│  idle_ticks                    3.864    brews_used                    7.982  │
│  blood_healed                  0.000    prayer_correct_rate           0.522  │
│  unavoidable_off_praye…        0.039    brews_remaining               4.018  │
│  restores_remaining            9.250    prayer_at_death              84.249  │
│  current_ranged               95.658    current_magic                88.204  │
│  behind_shield_pct             0.449    zuk_hp_remaining            535.984  │
│  min_zuk_hp_seen             523.162    hp_restored                   3.767  │
│  zuk_healer_damage             0.000    deaths_to_jad                 0.056  │
│  episode_return_normal         4.762    wins_normal                   0.000  │
│  min_zuk_hp_normal           691.484    score_normal                  0.424  │
│  zuk_objective_normal          0.424    phase_reached_normal          1.239  │
│  death_tick_normal           123.129    frac_min_hp_le_300_no…        0.000  │
╰──────────────────────────────────────────────────────────────────────────────╯

[0;0H╭──────────────────────────────────────────────────────────────────────────────╮
│  PufferLib 4.0       🐡           GPU: 0%      VRAM: 0.4/18G      RAM: 0.7G  │
│                                                                              │
│  Summary          Value    Evaluate   226ms  37%    Losses            Value  │
│  Env       osrs_inferno      GPU      190ms  31%    policy            0.033  │
│  Params          752.1K      Env       35ms   5%    value             0.066  │
│  Steps            48.5M    Train      372ms  62%    entropy           0.264  │
│  SPS             216.5K      Misc       0ms   0%    total             0.066  │
│  Epoch             1481      Forwa…     0ms   0%    old_kl            0.026  │
│  Uptime    0d 0h 3m 30s                             kl                0.025  │
│  Remaini…   0d 0h 0m 6s                             clipfrac          0.090  │
│                                                     bc                0.000  │
│                                                                              │
│  User Stats                    Value    User Stats                    Value  │
│  episode_return                6.509    damage_dealt                723.726  │
│  damage_received             182.211    episode_length              156.365  │
│  wins                          0.000    wave                         68.000  │
│  idle_ticks                    4.093    brews_used                    8.334  │
│  blood_healed                  0.000    prayer_correct_rate           0.526  │
│  unavoidable_off_praye…        0.039    brews_remaining               3.666  │
│  restores_remaining            9.195    prayer_at_death              82.564  │
│  current_ranged               95.485    current_magic                87.755  │
│  behind_shield_pct             0.425    zuk_hp_remaining            520.094  │
│  min_zuk_hp_seen             505.092    hp_restored                   4.511  │
│  zuk_healer_damage             0.000    deaths_to_jad                 0.059  │
│  episode_return_normal         4.981    wins_normal                   0.000  │
│  min_zuk_hp_normal           668.052    score_normal                  0.443  │
│  zuk_objective_normal          0.443    phase_reached_normal          1.293  │
│  death_tick_normal           128.191    frac_min_hp_le_300_no…        0.000  │
╰──────────────────────────────────────────────────────────────────────────────╯

[0;0H╭──────────────────────────────────────────────────────────────────────────────╮
│  PufferLib 4.0      🐡            GPU: 0%      VRAM: 0.4/18G      RAM: 0.7G  │
│                                                                              │
│  Summary          Value    Evaluate   223ms  37%    Losses            Value  │
│  Env       osrs_inferno      GPU      188ms  31%    policy            0.007  │
│  Params          752.1K      Env       35ms   5%    value             0.069  │
│  Steps            48.7M    Train      374ms  62%    entropy           0.261  │
│  SPS             216.9K      Misc       0ms   0%    total             0.041  │
│  Epoch             1485      Forwa…     0ms   0%    old_kl            0.036  │
│  Uptime    0d 0h 3m 31s                             kl                0.033  │
│  Remaini…   0d 0h 0m 6s                             clipfrac          0.089  │
│                                                     bc                0.000  │
│                                                                              │
│  User Stats                    Value    User Stats                    Value  │
│  episode_return                6.317    damage_dealt                702.753  │
│  damage_received             177.166    episode_length              151.960  │
│  wins                          0.000    wave                         68.000  │
│  idle_ticks                    3.816    brews_used                    8.044  │
│  blood_healed                  0.000    prayer_correct_rate           0.522  │
│  unavoidable_off_praye…        0.043    brews_remaining               3.956  │
│  restores_remaining            9.234    prayer_at_death              82.604  │
│  current_ranged               95.886    current_magic                88.157  │
│  behind_shield_pct             0.417    zuk_hp_remaining            541.176  │
│  min_zuk_hp_seen             525.831    hp_restored                   4.357  │
│  zuk_healer_damage             0.000    deaths_to_jad                 0.048  │
│  episode_return_normal         4.753    wins_normal                   0.000  │
│  min_zuk_hp_normal           692.480    score_normal                  0.423  │
│  zuk_objective_normal          0.423    phase_reached_normal          1.215  │
│  death_tick_normal           122.803    frac_min_hp_le_300_no…        0.005  │
╰──────────────────────────────────────────────────────────────────────────────╯

[0;0H╭──────────────────────────────────────────────────────────────────────────────╮
│  PufferLib 4.0     🐡             GPU: 0%      VRAM: 0.4/18G      RAM: 0.7G  │
│                                                                              │
│  Summary          Value    Evaluate   225ms  37%    Losses            Value  │
│  Env       osrs_inferno      GPU      189ms  31%    policy            0.013  │
│  Params          752.1K      Env       35ms   5%    value             0.067  │
│  Steps            48.8M    Train      372ms  62%    entropy           0.253  │
│  SPS             216.9K      Misc       0ms   0%    total             0.046  │
│  Epoch             1489      Forwa…     0ms   0%    old_kl            0.039  │
│  Uptime    0d 0h 3m 31s                             kl                0.038  │
│  Remaini…   0d 0h 0m 5s                             clipfrac          0.084  │
│                                                     bc                0.000  │
│                                                                              │
│  User Stats                    Value    User Stats                    Value  │
│  episode_return                6.461    damage_dealt                720.532  │
│  damage_received             184.940    episode_length              155.487  │
│  wins                          0.000    wave                         68.000  │
│  idle_ticks                    4.166    brews_used                    8.397  │
│  blood_healed                  0.000    prayer_correct_rate           0.523  │
│  unavoidable_off_praye…        0.040    brews_remaining               3.603  │
│  restores_remaining            9.150    prayer_at_death              82.329  │
│  current_ranged               95.310    current_magic                87.608  │
│  behind_shield_pct             0.423    zuk_hp_remaining            525.605  │
│  min_zuk_hp_seen             510.249    hp_restored                   4.471  │
│  zuk_healer_damage             0.000    deaths_to_jad                 0.061  │
│  episode_return_normal         4.955    wins_normal                   0.000  │
│  min_zuk_hp_normal           670.866    score_normal                  0.441  │
│  zuk_objective_normal          0.441    phase_reached_normal          1.281  │
│  death_tick_normal           128.336    frac_min_hp_le_300_no…        0.000  │
╰──────────────────────────────────────────────────────────────────────────────╯

[0;0H╭──────────────────────────────────────────────────────────────────────────────╮
│  PufferLib 4.0    🐡              GPU: 0%      VRAM: 0.4/18G      RAM: 0.7G  │
│                                                                              │
│  Summary          Value    Evaluate   224ms  37%    Losses            Value  │
│  Env       osrs_inferno      GPU      189ms  31%    policy            0.006  │
│  Params          752.1K      Env       35ms   5%    value             0.071  │
│  Steps            48.9M    Train      370ms  62%    entropy           0.257  │
│  SPS             217.6K      Misc       0ms   0%    total             0.041  │
│  Epoch             1493      Forwa…     0ms   0%    old_kl            0.027  │
│  Uptime    0d 0h 3m 32s                             kl                0.032  │
│  Remaini…   0d 0h 0m 4s                             clipfrac          0.082  │
│                                                     bc                0.000  │
│                                                                              │
│  User Stats                    Value    User Stats                    Value  │
│  episode_return                6.460    damage_dealt                719.953  │
│  damage_received             181.122    episode_length              155.248  │
│  wins                          0.000    wave                         68.000  │
│  idle_ticks                    4.149    brews_used                    8.295  │
│  blood_healed                  0.000    prayer_correct_rate           0.519  │
│  unavoidable_off_praye…        0.038    brews_remaining               3.705  │
│  restores_remaining            9.181    prayer_at_death              81.851  │
│  current_ranged               94.723    current_magic                86.987  │
│  behind_shield_pct             0.425    zuk_hp_remaining            524.617  │
│  min_zuk_hp_seen             509.736    hp_restored                   4.278  │
│  zuk_healer_damage             0.000    deaths_to_jad                 0.047  │
│  episode_return_normal         5.043    wins_normal                   0.000  │
│  min_zuk_hp_normal           660.460    score_normal                  0.450  │
│  zuk_objective_normal          0.450    phase_reached_normal          1.311  │
│  death_tick_normal           129.357    frac_min_hp_le_300_no…        0.000  │
╰──────────────────────────────────────────────────────────────────────────────╯

[0;0H╭──────────────────────────────────────────────────────────────────────────────╮
│  PufferLib 4.0   🐡               GPU: 0%      VRAM: 0.4/18G      RAM: 0.7G  │
│                                                                              │
│  Summary          Value    Evaluate   226ms  37%    Losses            Value  │
│  Env       osrs_inferno      GPU      191ms  31%    policy            0.017  │
│  Params          752.1K      Env       35ms   5%    value             0.075  │
│  Steps            49.1M    Train      372ms  62%    entropy           0.255  │
│  SPS             216.2K      Misc       0ms   0%    total             0.054  │
│  Epoch             1497      Forwa…     0ms   0%    old_kl            0.030  │
│  Uptime    0d 0h 3m 33s                             kl                0.028  │
│  Remaini…   0d 0h 0m 4s                             clipfrac          0.088  │
│                                                     bc                0.000  │
│                                                                              │
│  User Stats                    Value    User Stats                    Value  │
│  episode_return                6.403    damage_dealt                712.915  │
│  damage_received             179.432    episode_length              154.021  │
│  wins                          0.000    wave                         68.000  │
│  idle_ticks                    4.067    brews_used                    8.199  │
│  blood_healed                  0.000    prayer_correct_rate           0.518  │
│  unavoidable_off_praye…        0.039    brews_remaining               3.801  │
│  restores_remaining            9.152    prayer_at_death              83.136  │
│  current_ranged               95.126    current_magic                87.812  │
│  behind_shield_pct             0.424    zuk_hp_remaining            531.381  │
│  min_zuk_hp_seen             516.011    hp_restored                   4.414  │
│  zuk_healer_damage             0.000    deaths_to_jad                 0.055  │
│  episode_return_normal         4.922    wins_normal                   0.000  │
│  min_zuk_hp_normal           674.112    score_normal                  0.438  │
│  zuk_objective_normal          0.438    phase_reached_normal          1.269  │
│  death_tick_normal           125.648    frac_min_hp_le_300_no…        0.005  │
╰──────────────────────────────────────────────────────────────────────────────╯

[0;0H╭──────────────────────────────────────────────────────────────────────────────╮
│  PufferLib 4.0  🐡                GPU: 0%      VRAM: 0.4/18G      RAM: 0.7G  │
│                                                                              │
│  Summary          Value    Evaluate   223ms  37%    Losses            Value  │
│  Env       osrs_inferno      GPU      187ms  31%    policy           -0.005  │
│  Params          752.1K      Env       35ms   5%    value             0.071  │
│  Steps            49.2M    Train      375ms  62%    entropy           0.249  │
│  SPS             216.7K      Misc       0ms   0%    total             0.030  │
│  Epoch             1501      Forwa…     0ms   0%    old_kl            0.032  │
│  Uptime    0d 0h 3m 33s                             kl                0.030  │
│  Remaini…   0d 0h 0m 3s                             clipfrac          0.088  │
│                                                     bc                0.000  │
│                                                                              │
│  User Stats                    Value    User Stats                    Value  │
│  episode_return                6.468    damage_dealt                720.647  │
│  damage_received             184.326    episode_length              155.530  │
│  wins                          0.000    wave                         68.000  │
│  idle_ticks                    4.359    brews_used                    8.286  │
│  blood_healed                  0.000    prayer_correct_rate           0.514  │
│  unavoidable_off_praye…        0.041    brews_remaining               3.714  │
│  restores_remaining            9.098    prayer_at_death              84.045  │
│  current_ranged               96.161    current_magic                89.020  │
│  behind_shield_pct             0.423    zuk_hp_remaining            525.310  │
│  min_zuk_hp_seen             508.937    hp_restored                   4.655  │
│  zuk_healer_damage             0.000    deaths_to_jad                 0.058  │
│  episode_return_normal         4.960    wins_normal                   0.000  │
│  min_zuk_hp_normal           669.588    score_normal                  0.442  │
│  zuk_objective_normal          0.442    phase_reached_normal          1.288  │
│  death_tick_normal           127.682    frac_min_hp_le_300_no…        0.003  │
╰──────────────────────────────────────────────────────────────────────────────╯

[0;0H╭──────────────────────────────────────────────────────────────────────────────╮
│  PufferLib 4.0 🐡                 GPU: 0%      VRAM: 0.4/18G      RAM: 0.7G  │
│                                                                              │
│  Summary          Value    Evaluate   223ms  37%    Losses            Value  │
│  Env       osrs_inferno      GPU      188ms  31%    policy           -0.007  │
│  Params          752.1K      Env       35ms   5%    value             0.065  │
│  Steps            49.3M    Train      373ms  62%    entropy           0.246  │
│  SPS             217.2K      Misc       0ms   0%    total             0.025  │
│  Epoch             1505      Forwa…     0ms   0%    old_kl            0.022  │
│  Uptime    0d 0h 3m 34s                             kl                0.022  │
│  Remaini…   0d 0h 0m 3s                             clipfrac          0.086  │
│                                                     bc                0.000  │
│                                                                              │
│  User Stats                    Value    User Stats                    Value  │
│  episode_return                6.644    damage_dealt                738.647  │
│  damage_received             182.812    episode_length              157.880  │
│  wins                          0.000    wave                         68.000  │
│  idle_ticks                    4.228    brews_used                    8.188  │
│  blood_healed                  0.000    prayer_correct_rate           0.520  │
│  unavoidable_off_praye…        0.040    brews_remaining               3.812  │
│  restores_remaining            9.098    prayer_at_death              83.191  │
│  current_ranged               96.462    current_magic                89.316  │
│  behind_shield_pct             0.421    zuk_hp_remaining            508.332  │
│  min_zuk_hp_seen             491.133    hp_restored                   4.900  │
│  zuk_healer_damage             0.013    deaths_to_jad                 0.072  │
│  episode_return_normal         5.019    wins_normal                   0.000  │
│  min_zuk_hp_normal           664.216    score_normal                  0.446  │
│  zuk_objective_normal          0.446    phase_reached_normal          1.321  │
│  death_tick_normal           127.653    frac_min_hp_le_300_no…        0.003  │
╰──────────────────────────────────────────────────────────────────────────────╯

[0;0H╭──────────────────────────────────────────────────────────────────────────────╮
│  PufferLib 4.0          🐡        GPU: 0%      VRAM: 0.4/18G      RAM: 0.7G  │
│                                                                              │
│  Summary          Value    Evaluate   222ms  37%    Losses            Value  │
│  Env       osrs_inferno      GPU      187ms  31%    policy            0.000  │
│  Params          752.1K      Env       35ms   5%    value             0.065  │
│  Steps            49.4M    Train      371ms  62%    entropy           0.248  │
│  SPS             218.3K      Misc       0ms   0%    total             0.032  │
│  Epoch             1509      Forwa…     0ms   0%    old_kl            0.033  │
│  Uptime    0d 0h 3m 34s                             kl                0.031  │
│  Remaini…   0d 0h 0m 2s                             clipfrac          0.085  │
│                                                     bc                0.000  │
│                                                                              │
│  User Stats                    Value    User Stats                    Value  │
│  episode_return                6.496    damage_dealt                723.320  │
│  damage_received             178.820    episode_length              155.576  │
│  wins                          0.000    wave                         68.000  │
│  idle_ticks                    4.064    brews_used                    8.017  │
│  blood_healed                  0.000    prayer_correct_rate           0.523  │
│  unavoidable_off_praye…        0.042    brews_remaining               3.983  │
│  restores_remaining            9.143    prayer_at_death              83.702  │
│  current_ranged               96.571    current_magic                89.588  │
│  behind_shield_pct             0.424    zuk_hp_remaining            523.589  │
│  min_zuk_hp_seen             506.944    hp_restored                   4.680  │
│  zuk_healer_damage             0.000    deaths_to_jad                 0.047  │
│  episode_return_normal         4.851    wins_normal                   0.000  │
│  min_zuk_hp_normal           682.082    score_normal                  0.432  │
│  zuk_objective_normal          0.432    phase_reached_normal          1.246  │
│  death_tick_normal           124.872    frac_min_hp_le_300_no…        0.000  │
╰──────────────────────────────────────────────────────────────────────────────╯

[0;0H╭──────────────────────────────────────────────────────────────────────────────╮
│  PufferLib 4.0         🐡         GPU: 0%      VRAM: 0.4/18G      RAM: 0.7G  │
│                                                                              │
│  Summary          Value    Evaluate   224ms  37%    Losses            Value  │
│  Env       osrs_inferno      GPU      188ms  31%    policy            0.014  │
│  Params          752.1K      Env       36ms   5%    value             0.075  │
│  Steps            49.6M    Train      373ms  62%    entropy           0.246  │
│  SPS             216.8K      Misc       0ms   0%    total             0.051  │
│  Epoch             1513      Forwa…     0ms   0%    old_kl            0.038  │
│  Uptime    0d 0h 3m 35s                             kl                0.041  │
│  Remaini…   0d 0h 0m 1s                             clipfrac          0.088  │
│                                                     bc                0.000  │
│                                                                              │
│  User Stats                    Value    User Stats                    Value  │
│  episode_return                6.485    damage_dealt                722.385  │
│  damage_received             180.795    episode_length              154.266  │
│  wins                          0.000    wave                         68.000  │
│  idle_ticks                    3.976    brews_used                    8.243  │
│  blood_healed                  0.000    prayer_correct_rate           0.519  │
│  unavoidable_off_praye…        0.036    brews_remaining               3.757  │
│  restores_remaining            9.183    prayer_at_death              82.228  │
│  current_ranged               94.775    current_magic                87.432  │
│  behind_shield_pct             0.407    zuk_hp_remaining            523.808  │
│  min_zuk_hp_seen             508.306    hp_restored                   4.417  │
│  zuk_healer_damage             0.000    deaths_to_jad                 0.042  │
│  episode_return_normal         5.011    wins_normal                   0.000  │
│  min_zuk_hp_normal           665.565    score_normal                  0.445  │
│  zuk_objective_normal          0.445    phase_reached_normal          1.302  │
│  death_tick_normal           126.878    frac_min_hp_le_300_no…        0.005  │
╰──────────────────────────────────────────────────────────────────────────────╯

[0;0H╭──────────────────────────────────────────────────────────────────────────────╮
│  PufferLib 4.0        🐡          GPU: 0%      VRAM: 0.4/18G      RAM: 0.7G  │
│                                                                              │
│  Summary          Value    Evaluate   224ms  37%    Losses            Value  │
│  Env       osrs_inferno      GPU      188ms  31%    policy            0.005  │
│  Params          752.1K      Env       35ms   5%    value             0.086  │
│  Steps            49.7M    Train      372ms  62%    entropy           0.258  │
│  SPS             217.4K      Misc       0ms   0%    total             0.048  │
│  Epoch             1517      Forwa…     0ms   0%    old_kl            0.036  │
│  Uptime    0d 0h 3m 36s                             kl                0.034  │
│  Remaini…   0d 0h 0m 1s                             clipfrac          0.088  │
│                                                     bc                0.000  │
│                                                                              │
│  User Stats                    Value    User Stats                    Value  │
│  episode_return                6.353    damage_dealt                707.498  │
│  damage_received             177.725    episode_length              151.967  │
│  wins                          0.000    wave                         68.000  │
│  idle_ticks                    4.076    brews_used                    8.070  │
│  blood_healed                  0.000    prayer_correct_rate           0.521  │
│  unavoidable_off_praye…        0.039    brews_remaining               3.930  │
│  restores_remaining            9.195    prayer_at_death              82.366  │
│  current_ranged               95.573    current_magic                88.243  │
│  behind_shield_pct             0.409    zuk_hp_remaining            537.741  │
│  min_zuk_hp_seen             522.109    hp_restored                   4.625  │
│  zuk_healer_damage             0.000    deaths_to_jad                 0.042  │
│  episode_return_normal         4.786    wins_normal                   0.000  │
│  min_zuk_hp_normal           689.460    score_normal                  0.425  │
│  zuk_objective_normal          0.425    phase_reached_normal          1.234  │
│  death_tick_normal           122.632    frac_min_hp_le_300_no…        0.000  │
╰──────────────────────────────────────────────────────────────────────────────╯

[0;0H╭──────────────────────────────────────────────────────────────────────────────╮
│  PufferLib 4.0       🐡           GPU: 0%      VRAM: 0.4/18G      RAM: 0.7G  │
│                                                                              │
│  Summary          Value    Evaluate   223ms  37%    Losses            Value  │
│  Env       osrs_inferno      GPU      187ms  31%    policy            0.005  │
│  Params          752.1K      Env       35ms   5%    value             0.063  │
│  Steps            49.8M    Train      375ms  62%    entropy           0.247  │
│  SPS             216.5K      Misc       0ms   0%    total             0.036  │
│  Epoch             1521      Forwa…     0ms   0%    old_kl            0.028  │
│  Uptime    0d 0h 3m 36s                             kl                0.025  │
│  Remaini…         739ms                             clipfrac          0.084  │
│                                                     bc                0.000  │
│                                                                              │
│  User Stats                    Value    User Stats                    Value  │
│  episode_return                6.499    damage_dealt                725.783  │
│  damage_received             181.468    episode_length              155.255  │
│  wins                          0.000    wave                         68.000  │
│  idle_ticks                    4.142    brews_used                    8.214  │
│  blood_healed                  0.000    prayer_correct_rate           0.521  │
│  unavoidable_off_praye…        0.039    brews_remaining               3.786  │
│  restores_remaining            9.163    prayer_at_death              81.792  │
│  current_ranged               94.827    current_magic                87.413  │
│  behind_shield_pct             0.406    zuk_hp_remaining            522.244  │
│  min_zuk_hp_seen             505.550    hp_restored                   4.897  │
│  zuk_healer_damage             0.000    deaths_to_jad                 0.057  │
│  episode_return_normal         4.999    wins_normal                   0.000  │
│  min_zuk_hp_normal           665.781    score_normal                  0.445  │
│  zuk_objective_normal          0.445    phase_reached_normal          1.306  │
│  death_tick_normal           126.892    frac_min_hp_le_300_no…        0.002  │
╰──────────────────────────────────────────────────────────────────────────────╯

[0;0H╭──────────────────────────────────────────────────────────────────────────────╮
│  PufferLib 4.0      🐡            GPU: 0%      VRAM: 0.4/18G      RAM: 0.7G  │
│                                                                              │
│  Summary          Value    Evaluate   223ms  37%    Losses            Value  │
│  Env       osrs_inferno      GPU      187ms  31%    policy            0.003  │
│  Params          752.1K      Env       36ms   5%    value             0.075  │
│  Steps            50.0M    Train      379ms  62%    entropy           0.243  │
│  SPS             214.8K      Misc       0ms   0%    total             0.040  │
│  Epoch             1525      Forwa…     0ms   0%    old_kl            0.031  │
│  Uptime    0d 0h 3m 37s                             kl                0.032  │
│  Remaini…         134ms                             clipfrac          0.089  │
│                                                     bc                0.000  │
│                                                                              │
│  User Stats                    Value    User Stats                    Value  │
│  episode_return                6.451    damage_dealt                717.855  │
│  damage_received             175.202    episode_length              153.642  │
│  wins                          0.000    wave                         68.000  │
│  idle_ticks                    3.987    brews_used                    7.994  │
│  blood_healed                  0.000    prayer_correct_rate           0.521  │
│  unavoidable_off_praye…        0.037    brews_remaining               4.006  │
│  restores_remaining            9.225    prayer_at_death              82.168  │
│  current_ranged               95.565    current_magic                87.981  │
│  behind_shield_pct             0.416    zuk_hp_remaining            526.861  │
│  min_zuk_hp_seen             511.360    hp_restored                   4.741  │
│  zuk_healer_damage             0.008    deaths_to_jad                 0.055  │
│  episode_return_normal         4.874    wins_normal                   0.000  │
│  min_zuk_hp_normal           679.919    score_normal                  0.433  │
│  zuk_objective_normal          0.433    phase_reached_normal          1.266  │
│  death_tick_normal           123.302    frac_min_hp_le_300_no…        0.000  │
╰──────────────────────────────────────────────────────────────────────────────╯

[0;0H╭──────────────────────────────────────────────────────────────────────────────╮
│  PufferLib 4.0     🐡             GPU: 0%      VRAM: 0.4/18G      RAM: 0.7G  │
│                                                                              │
│  Summary          Value    Evaluate   223ms  37%    Losses            Value  │
│  Env       osrs_inferno      GPU      187ms  31%    policy            0.003  │
│  Params          752.1K      Env       36ms   5%    value             0.075  │
│  Steps            50.0M    Train      379ms  62%    entropy           0.243  │
│  SPS             214.8K      Misc       0ms   0%    total             0.040  │
│  Epoch             1525      Forwa…     0ms   0%    old_kl            0.031  │
│  Uptime    0d 0h 3m 37s                             kl                0.032  │
│  Remaini…         134ms                             clipfrac          0.089  │
│                                                     bc                0.000  │
│                                                                              │
│  User Stats                    Value    User Stats                    Value  │
│  episode_return                6.511    damage_dealt                726.020  │
│  damage_received             184.587    episode_length              157.583  │
│  wins                          0.000    wave                         68.000  │
│  idle_ticks                    4.109    brews_used                    8.409  │
│  blood_healed                  0.000    prayer_correct_rate           0.523  │
│  unavoidable_off_praye…        0.040    brews_remaining               3.591  │
│  restores_remaining            9.085    prayer_at_death              82.615  │
│  current_ranged               94.551    current_magic                87.498  │
│  behind_shield_pct             0.403    zuk_hp_remaining            518.328  │
│  min_zuk_hp_seen             504.227    hp_restored                   4.154  │
│  zuk_healer_damage             0.000    deaths_to_jad                 0.057  │
│  episode_return_normal         5.043    wins_normal                   0.000  │
│  min_zuk_hp_normal           660.191    score_normal                  0.450  │
│  zuk_objective_normal          0.450    phase_reached_normal          1.309  │
│  death_tick_normal           131.673    frac_min_hp_le_300_no…        0.000  │
╰──────────────────────────────────────────────────────────────────────────────╯

[0;0H╭──────────────────────────────────────────────────────────────────────────────╮
│  PufferLib 4.0    🐡              GPU: 0%      VRAM: 0.4/18G      RAM: 0.7G  │
│                                                                              │
│  Summary          Value    Evaluate   223ms  37%    Losses            Value  │
│  Env       osrs_inferno      GPU      187ms  31%    policy            0.003  │
│  Params          752.1K      Env       36ms   5%    value             0.075  │
│  Steps            50.0M    Train      379ms  62%    entropy           0.243  │
│  SPS             214.8K      Misc       0ms   0%    total             0.040  │
│  Epoch             1525      Forwa…     0ms   0%    old_kl            0.031  │
│  Uptime    0d 0h 3m 37s                             kl                0.032  │
│  Remaini…         134ms                             clipfrac          0.089  │
│                                                     bc                0.000  │
│                                                                              │
│  User Stats                    Value    User Stats                    Value  │
│  episode_return                6.448    damage_dealt                718.442  │
│  damage_received             176.850    episode_length              154.219  │
│  wins                          0.000    wave                         68.000  │
│  idle_ticks                    3.946    brews_used                    8.069  │
│  blood_healed                  0.000    prayer_correct_rate           0.520  │
│  unavoidable_off_praye…        0.039    brews_remaining               3.931  │
│  restores_remaining            9.242    prayer_at_death              81.391  │
│  current_ranged               94.039    current_magic                86.506  │
│  behind_shield_pct             0.407    zuk_hp_remaining            525.575  │
│  min_zuk_hp_seen             511.431    hp_restored                   4.094  │
│  zuk_healer_damage             0.000    deaths_to_jad                 0.049  │
│  episode_return_normal         4.996    wins_normal                   0.000  │
│  min_zuk_hp_normal           665.788    score_normal                  0.445  │
│  zuk_objective_normal          0.445    phase_reached_normal          1.280  │
│  death_tick_normal           127.453    frac_min_hp_le_300_no…        0.000  │
╰──────────────────────────────────────────────────────────────────────────────╯

[0;0H╭──────────────────────────────────────────────────────────────────────────────╮
│  PufferLib 4.0   🐡               GPU: 0%      VRAM: 0.4/18G      RAM: 0.7G  │
│                                                                              │
│  Summary          Value    Evaluate   223ms  37%    Losses            Value  │
│  Env       osrs_inferno      GPU      187ms  31%    policy            0.003  │
│  Params          752.1K      Env       36ms   5%    value             0.075  │
│  Steps            50.0M    Train      379ms  62%    entropy           0.243  │
│  SPS             214.8K      Misc       0ms   0%    total             0.040  │
│  Epoch             1525      Forwa…     0ms   0%    old_kl            0.031  │
│  Uptime    0d 0h 3m 37s                             kl                0.032  │
│  Remaini…         134ms                             clipfrac          0.089  │
│                                                     bc                0.000  │
│                                                                              │
│  User Stats                    Value    User Stats                    Value  │
│  episode_return                6.491    damage_dealt                721.807  │
│  damage_received             177.921    episode_length              154.355  │
│  wins                          0.000    wave                         68.000  │
│  idle_ticks                    3.920    brews_used                    8.112  │
│  blood_healed                  0.000    prayer_correct_rate           0.521  │
│  unavoidable_off_praye…        0.039    brews_remaining               3.888  │
│  restores_remaining            9.205    prayer_at_death              81.810  │
│  current_ranged               94.814    current_magic                87.365  │
│  behind_shield_pct             0.409    zuk_hp_remaining            522.422  │
│  min_zuk_hp_seen             507.291    hp_restored                   4.369  │
│  zuk_healer_damage             0.000    deaths_to_jad                 0.053  │
│  episode_return_normal         4.970    wins_normal                   0.000  │
│  min_zuk_hp_normal           669.414    score_normal                  0.442  │
│  zuk_objective_normal          0.442    phase_reached_normal          1.280  │
│  death_tick_normal           126.025    frac_min_hp_le_300_no…        0.000  │
╰──────────────────────────────────────────────────────────────────────────────╯

[0;0H╭──────────────────────────────────────────────────────────────────────────────╮
│  PufferLib 4.0  🐡                GPU: 0%      VRAM: 0.4/18G      RAM: 0.7G  │
│                                                                              │
│  Summary          Value    Evaluate   223ms  37%    Losses            Value  │
│  Env       osrs_inferno      GPU      187ms  31%    policy            0.003  │
│  Params          752.1K      Env       36ms   5%    value             0.075  │
│  Steps            50.0M    Train      379ms  62%    entropy           0.243  │
│  SPS             214.8K      Misc       0ms   0%    total             0.040  │
│  Epoch             1525      Forwa…     0ms   0%    old_kl            0.031  │
│  Uptime    0d 0h 3m 37s                             kl                0.032  │
│  Remaini…         134ms                             clipfrac          0.089  │
│                                                     bc                0.000  │
│                                                                              │
│  User Stats                    Value    User Stats                    Value  │
│  episode_return                6.582    damage_dealt                732.509  │
│  damage_received             182.223    episode_length              156.626  │
│  wins                          0.000    wave                         68.000  │
│  idle_ticks                    4.053    brews_used                    8.281  │
│  blood_healed                  0.000    prayer_correct_rate           0.524  │
│  unavoidable_off_praye…        0.040    brews_remaining               3.719  │
│  restores_remaining            9.129    prayer_at_death              82.077  │
│  current_ranged               95.183    current_magic                87.830  │
│  behind_shield_pct             0.409    zuk_hp_remaining            513.560  │
│  min_zuk_hp_seen             497.339    hp_restored                   4.673  │
│  zuk_healer_damage             0.000    deaths_to_jad                 0.058  │
│  episode_return_normal         5.013    wins_normal                   0.000  │
│  min_zuk_hp_normal           664.590    score_normal                  0.446  │
│  zuk_objective_normal          0.446    phase_reached_normal          1.297  │
│  death_tick_normal           127.637    frac_min_hp_le_300_no…        0.000  │
╰──────────────────────────────────────────────────────────────────────────────╯

[0;0H╭──────────────────────────────────────────────────────────────────────────────╮
│  PufferLib 4.0 🐡                 GPU: 0%      VRAM: 0.4/18G      RAM: 0.7G  │
│                                                                              │
│  Summary          Value    Evaluate   223ms  37%    Losses            Value  │
│  Env       osrs_inferno      GPU      187ms  31%    policy            0.003  │
│  Params          752.1K      Env       36ms   5%    value             0.075  │
│  Steps            50.0M    Train      379ms  62%    entropy           0.243  │
│  SPS             214.8K      Misc       0ms   0%    total             0.040  │
│  Epoch             1525      Forwa…     0ms   0%    old_kl            0.031  │
│  Uptime    0d 0h 3m 37s                             kl                0.032  │
│  Remaini…         134ms                             clipfrac          0.089  │
│                                                     bc                0.000  │
│                                                                              │
│  User Stats                    Value    User Stats                    Value  │
│  episode_return                6.522    damage_dealt                726.259  │
│  damage_received             180.620    episode_length              155.464  │
│  wins                          0.000    wave                         68.000  │
│  idle_ticks                    4.007    brews_used                    8.224  │
│  blood_healed                  0.000    prayer_correct_rate           0.521  │
│  unavoidable_off_praye…        0.039    brews_remaining               3.776  │
│  restores_remaining            9.172    prayer_at_death              81.649  │
│  current_ranged               94.817    current_magic                87.360  │
│  behind_shield_pct             0.410    zuk_hp_remaining            519.184  │
│  min_zuk_hp_seen             503.532    hp_restored                   4.504  │
│  zuk_healer_damage             0.000    deaths_to_jad                 0.059  │
│  episode_return_normal         5.027    wins_normal                   0.000  │
│  min_zuk_hp_normal           662.788    score_normal                  0.448  │
│  zuk_objective_normal          0.448    phase_reached_normal          1.303  │
│  death_tick_normal           127.808    frac_min_hp_le_300_no…        0.000  │
╰──────────────────────────────────────────────────────────────────────────────╯

[0;0H╭──────────────────────────────────────────────────────────────────────────────╮
│  PufferLib 4.0          🐡        GPU: 0%      VRAM: 0.4/18G      RAM: 0.7G  │
│                                                                              │
│  Summary          Value    Evaluate   223ms  37%    Losses            Value  │
│  Env       osrs_inferno      GPU      187ms  31%    policy            0.003  │
│  Params          752.1K      Env       36ms   5%    value             0.075  │
│  Steps            50.0M    Train      379ms  62%    entropy           0.243  │
│  SPS             214.8K      Misc       0ms   0%    total             0.040  │
│  Epoch             1525      Forwa…     0ms   0%    old_kl            0.031  │
│  Uptime    0d 0h 3m 37s                             kl                0.032  │
│  Remaini…         134ms                             clipfrac          0.089  │
│                                                     bc                0.000  │
│                                                                              │
│  User Stats                    Value    User Stats                    Value  │
│  episode_return                6.556    damage_dealt                729.591  │
│  damage_received             180.394    episode_length              155.878  │
│  wins                          0.000    wave                         68.000  │
│  idle_ticks                    3.980    brews_used                    8.212  │
│  blood_healed                  0.000    prayer_correct_rate           0.523  │
│  unavoidable_off_praye…        0.039    brews_remaining               3.788  │
│  restores_remaining            9.162    prayer_at_death              81.821  │
│  current_ranged               94.849    current_magic                87.453  │
│  behind_shield_pct             0.409    zuk_hp_remaining            515.937  │
│  min_zuk_hp_seen             500.108    hp_restored                   4.594  │
│  zuk_healer_damage             0.000    deaths_to_jad                 0.056  │
│  episode_return_normal         5.007    wins_normal                   0.000  │
│  min_zuk_hp_normal           665.181    score_normal                  0.446  │
│  zuk_objective_normal          0.446    phase_reached_normal          1.293  │
│  death_tick_normal           126.915    frac_min_hp_le_300_no…        0.000  │
╰──────────────────────────────────────────────────────────────────────────────╯

[0;0H╭──────────────────────────────────────────────────────────────────────────────╮
│  PufferLib 4.0         🐡         GPU: 0%      VRAM: 0.4/18G      RAM: 0.7G  │
│                                                                              │
│  Summary          Value    Evaluate   223ms  37%    Losses            Value  │
│  Env       osrs_inferno      GPU      187ms  31%    policy            0.003  │
│  Params          752.1K      Env       36ms   5%    value             0.075  │
│  Steps            50.0M    Train      379ms  62%    entropy           0.243  │
│  SPS             214.8K      Misc       0ms   0%    total             0.040  │
│  Epoch             1525      Forwa…     0ms   0%    old_kl            0.031  │
│  Uptime    0d 0h 3m 37s                             kl                0.032  │
│  Remaini…         134ms                             clipfrac          0.089  │
│                                                     bc                0.000  │
│                                                                              │
│  User Stats                    Value    User Stats                    Value  │
│  episode_return                6.619    damage_dealt                736.423  │
│  damage_received             181.805    episode_length              156.865  │
│  wins                          0.000    wave                         68.000  │
│  idle_ticks                    4.021    brews_used                    8.280  │
│  blood_healed                  0.000    prayer_correct_rate           0.525  │
│  unavoidable_off_praye…        0.040    brews_remaining               3.720  │
│  restores_remaining            9.127    prayer_at_death              81.958  │
│  current_ranged               94.897    current_magic                87.595  │
│  behind_shield_pct             0.409    zuk_hp_remaining            510.038  │
│  min_zuk_hp_seen             493.430    hp_restored                   4.786  │
│  zuk_healer_damage             0.000    deaths_to_jad                 0.055  │
│  episode_return_normal         5.013    wins_normal                   0.000  │
│  min_zuk_hp_normal           664.675    score_normal                  0.446  │
│  zuk_objective_normal          0.446    phase_reached_normal          1.297  │
│  death_tick_normal           126.665    frac_min_hp_le_300_no…        0.001  │
╰──────────────────────────────────────────────────────────────────────────────╯

[0;0H╭──────────────────────────────────────────────────────────────────────────────╮
│  PufferLib 4.0        🐡          GPU: 0%      VRAM: 0.4/18G      RAM: 0.7G  │
│                                                                              │
│  Summary          Value    Evaluate   223ms  37%    Losses            Value  │
│  Env       osrs_inferno      GPU      187ms  31%    policy            0.003  │
│  Params          752.1K      Env       36ms   5%    value             0.075  │
│  Steps            50.0M    Train      379ms  62%    entropy           0.243  │
│  SPS             214.8K      Misc       0ms   0%    total             0.040  │
│  Epoch             1525      Forwa…     0ms   0%    old_kl            0.031  │
│  Uptime    0d 0h 3m 37s                             kl                0.032  │
│  Remaini…         134ms                             clipfrac          0.089  │
│                                                     bc                0.000  │
│                                                                              │
│  User Stats                    Value    User Stats                    Value  │
│  episode_return                6.621    damage_dealt                737.092  │
│  damage_received             183.399    episode_length              157.663  │
│  wins                          0.000    wave                         68.000  │
│  idle_ticks                    4.102    brews_used                    8.335  │
│  blood_healed                  0.000    prayer_correct_rate           0.526  │
│  unavoidable_off_praye…        0.040    brews_remaining               3.665  │
│  restores_remaining            9.105    prayer_at_death              82.020  │
│  current_ranged               95.034    current_magic                87.752  │
│  behind_shield_pct             0.409    zuk_hp_remaining            509.523  │
│  min_zuk_hp_seen             493.061    hp_restored                   4.754  │
│  zuk_healer_damage             0.000    deaths_to_jad                 0.054  │
│  episode_return_normal         5.026    wins_normal                   0.000  │
│  min_zuk_hp_normal           662.931    score_normal                  0.448  │
│  zuk_objective_normal          0.448    phase_reached_normal          1.304  │
│  death_tick_normal           128.012    frac_min_hp_le_300_no…        0.001  │
╰──────────────────────────────────────────────────────────────────────────────╯

[0;0H╭──────────────────────────────────────────────────────────────────────────────╮
│  PufferLib 4.0       🐡           GPU: 0%      VRAM: 0.4/18G      RAM: 0.7G  │
│                                                                              │
│  Summary          Value    Evaluate   223ms  37%    Losses            Value  │
│  Env       osrs_inferno      GPU      187ms  31%    policy            0.003  │
│  Params          752.1K      Env       36ms   5%    value             0.075  │
│  Steps            50.0M    Train      379ms  62%    entropy           0.243  │
│  SPS             214.8K      Misc       0ms   0%    total             0.040  │
│  Epoch             1525      Forwa…     0ms   0%    old_kl            0.031  │
│  Uptime    0d 0h 3m 37s                             kl                0.032  │
│  Remaini…         134ms                             clipfrac          0.089  │
│                                                     bc                0.000  │
│                                                                              │
│  User Stats                    Value    User Stats                    Value  │
│  episode_return                6.627    damage_dealt                737.706  │
│  damage_received             182.678    episode_length              157.715  │
│  wins                          0.000    wave                         68.000  │
│  idle_ticks                    4.069    brews_used                    8.295  │
│  blood_healed                  0.000    prayer_correct_rate           0.525  │
│  unavoidable_off_praye…        0.040    brews_remaining               3.705  │
│  restores_remaining            9.118    prayer_at_death              81.870  │
│  current_ranged               95.020    current_magic                87.695  │
│  behind_shield_pct             0.411    zuk_hp_remaining            508.787  │
│  min_zuk_hp_seen             492.439    hp_restored                   4.710  │
│  zuk_healer_damage             0.000    deaths_to_jad                 0.053  │
│  episode_return_normal         5.032    wins_normal                   0.000  │
│  min_zuk_hp_normal           662.349    score_normal                  0.448  │
│  zuk_objective_normal          0.448    phase_reached_normal          1.302  │
│  death_tick_normal           127.905    frac_min_hp_le_300_no…        0.001  │
╰──────────────────────────────────────────────────────────────────────────────╯

[0;0H╭──────────────────────────────────────────────────────────────────────────────╮
│  PufferLib 4.0      🐡            GPU: 0%      VRAM: 0.4/18G      RAM: 0.7G  │
│                                                                              │
│  Summary          Value    Evaluate   223ms  37%    Losses            Value  │
│  Env       osrs_inferno      GPU      187ms  31%    policy            0.003  │
│  Params          752.1K      Env       36ms   5%    value             0.075  │
│  Steps            50.0M    Train      379ms  62%    entropy           0.243  │
│  SPS             214.8K      Misc       0ms   0%    total             0.040  │
│  Epoch             1525      Forwa…     0ms   0%    old_kl            0.031  │
│  Uptime    0d 0h 3m 37s                             kl                0.032  │
│  Remaini…         134ms                             clipfrac          0.089  │
│                                                     bc                0.000  │
│                                                                              │
│  User Stats                    Value    User Stats                    Value  │
│  episode_return                6.603    damage_dealt                734.912  │
│  damage_received             181.560    episode_length              157.299  │
│  wins                          0.000    wave                         68.000  │
│  idle_ticks                    4.044    brews_used                    8.234  │
│  blood_healed                  0.000    prayer_correct_rate           0.525  │
│  unavoidable_off_praye…        0.039    brews_remaining               3.766  │
│  restores_remaining            9.142    prayer_at_death              81.850  │
│  current_ranged               95.069    current_magic                87.685  │
│  behind_shield_pct             0.413    zuk_hp_remaining            511.065  │
│  min_zuk_hp_seen             495.109    hp_restored                   4.610  │
│  zuk_healer_damage             0.000    deaths_to_jad                 0.050  │
│  episode_return_normal         5.020    wins_normal                   0.000  │
│  min_zuk_hp_normal           663.703    score_normal                  0.447  │
│  zuk_objective_normal          0.447    phase_reached_normal          1.298  │
│  death_tick_normal           127.576    frac_min_hp_le_300_no…        0.001  │
╰──────────────────────────────────────────────────────────────────────────────╯

[0;0H╭──────────────────────────────────────────────────────────────────────────────╮
│  PufferLib 4.0     🐡             GPU: 0%      VRAM: 0.4/18G      RAM: 0.7G  │
│                                                                              │
│  Summary          Value    Evaluate   223ms  37%    Losses            Value  │
│  Env       osrs_inferno      GPU      187ms  31%    policy            0.003  │
│  Params          752.1K      Env       36ms   5%    value             0.075  │
│  Steps            50.0M    Train      379ms  62%    entropy           0.243  │
│  SPS             214.8K      Misc       0ms   0%    total             0.040  │
│  Epoch             1525      Forwa…     0ms   0%    old_kl            0.031  │
│  Uptime    0d 0h 3m 37s                             kl                0.032  │
│  Remaini…         134ms                             clipfrac          0.089  │
│                                                     bc                0.000  │
│                                                                              │
│  User Stats                    Value    User Stats                    Value  │
│  episode_return                6.599    damage_dealt                734.538  │
│  damage_received             181.309    episode_length              157.141  │
│  wins                          0.000    wave                         68.000  │
│  idle_ticks                    4.033    brews_used                    8.221  │
│  blood_healed                  0.000    prayer_correct_rate           0.525  │
│  unavoidable_off_praye…        0.040    brews_remaining               3.779  │
│  restores_remaining            9.140    prayer_at_death              81.925  │
│  current_ranged               95.087    current_magic                87.741  │
│  behind_shield_pct             0.414    zuk_hp_remaining            511.489  │
│  min_zuk_hp_seen             495.447    hp_restored                   4.633  │
│  zuk_healer_damage             0.000    deaths_to_jad                 0.050  │
│  episode_return_normal         5.012    wins_normal                   0.000  │
│  min_zuk_hp_normal           664.504    score_normal                  0.446  │
│  zuk_objective_normal          0.446    phase_reached_normal          1.294  │
│  death_tick_normal           127.326    frac_min_hp_le_300_no…        0.002  │
╰──────────────────────────────────────────────────────────────────────────────╯

[0;0H╭──────────────────────────────────────────────────────────────────────────────╮
│  PufferLib 4.0    🐡              GPU: 0%      VRAM: 0.4/18G      RAM: 0.7G  │
│                                                                              │
│  Summary          Value    Evaluate   223ms  37%    Losses            Value  │
│  Env       osrs_inferno      GPU      187ms  31%    policy            0.003  │
│  Params          752.1K      Env       36ms   5%    value             0.075  │
│  Steps            50.0M    Train      379ms  62%    entropy           0.243  │
│  SPS             214.8K      Misc       0ms   0%    total             0.040  │
│  Epoch             1525      Forwa…     0ms   0%    old_kl            0.031  │
│  Uptime    0d 0h 3m 37s                             kl                0.032  │
│  Remaini…         134ms                             clipfrac          0.089  │
│                                                     bc                0.000  │
│                                                                              │
│  User Stats                    Value    User Stats                    Value  │
│  episode_return                6.567    damage_dealt                731.139  │
│  damage_received             180.224    episode_length              156.504  │
│  wins                          0.000    wave                         68.000  │
│  idle_ticks                    4.018    brews_used                    8.183  │
│  blood_healed                  0.000    prayer_correct_rate           0.525  │
│  unavoidable_off_praye…        0.040    brews_remaining               3.817  │
│  restores_remaining            9.156    prayer_at_death              81.996  │
│  current_ranged               95.108    current_magic                87.730  │
│  behind_shield_pct             0.413    zuk_hp_remaining            514.692  │
│  min_zuk_hp_seen             498.927    hp_restored                   4.580  │
│  zuk_healer_damage             0.000    deaths_to_jad                 0.049  │
│  episode_return_normal         5.001    wins_normal                   0.000  │
│  min_zuk_hp_normal           665.705    score_normal                  0.445  │
│  zuk_objective_normal          0.445    phase_reached_normal          1.289  │
│  death_tick_normal           127.076    frac_min_hp_le_300_no…        0.002  │
╰──────────────────────────────────────────────────────────────────────────────╯

[0;0H╭──────────────────────────────────────────────────────────────────────────────╮
│  PufferLib 4.0   🐡               GPU: 0%      VRAM: 0.4/18G      RAM: 0.7G  │
│                                                                              │
│  Summary          Value    Evaluate   223ms  37%    Losses            Value  │
│  Env       osrs_inferno      GPU      187ms  31%    policy            0.003  │
│  Params          752.1K      Env       36ms   5%    value             0.075  │
│  Steps            50.0M    Train      379ms  62%    entropy           0.243  │
│  SPS             214.8K      Misc       0ms   0%    total             0.040  │
│  Epoch             1525      Forwa…     0ms   0%    old_kl            0.031  │
│  Uptime    0d 0h 3m 37s                             kl                0.032  │
│  Remaini…         134ms                             clipfrac          0.089  │
│                                                     bc                0.000  │
│                                                                              │
│  User Stats                    Value    User Stats                    Value  │
│  episode_return                6.573    damage_dealt                732.361  │
│  damage_received             180.991    episode_length              156.894  │
│  wins                          0.000    wave                         68.000  │
│  idle_ticks                    4.040    brews_used                    8.220  │
│  blood_healed                  0.000    prayer_correct_rate           0.524  │
│  unavoidable_off_praye…        0.040    brews_remaining               3.780  │
│  restores_remaining            9.142    prayer_at_death              82.038  │
│  current_ranged               95.019    current_magic                87.668  │
│  behind_shield_pct             0.414    zuk_hp_remaining            513.842  │
│  min_zuk_hp_seen             498.051    hp_restored                   4.590  │
│  zuk_healer_damage             0.000    deaths_to_jad                 0.047  │
│  episode_return_normal         5.013    wins_normal                   0.000  │
│  min_zuk_hp_normal           664.157    score_normal                  0.447  │
│  zuk_objective_normal          0.447    phase_reached_normal          1.295  │
│  death_tick_normal           127.767    frac_min_hp_le_300_no…        0.002  │
╰──────────────────────────────────────────────────────────────────────────────╯

[0;0H╭──────────────────────────────────────────────────────────────────────────────╮
│  PufferLib 4.0  🐡                GPU: 0%      VRAM: 0.4/18G      RAM: 0.7G  │
│                                                                              │
│  Summary          Value    Evaluate   223ms  37%    Losses            Value  │
│  Env       osrs_inferno      GPU      187ms  31%    policy            0.003  │
│  Params          752.1K      Env       36ms   5%    value             0.075  │
│  Steps            50.0M    Train      379ms  62%    entropy           0.243  │
│  SPS             214.8K      Misc       0ms   0%    total             0.040  │
│  Epoch             1525      Forwa…     0ms   0%    old_kl            0.031  │
│  Uptime    0d 0h 3m 37s                             kl                0.032  │
│  Remaini…         134ms                             clipfrac          0.089  │
│                                                     bc                0.000  │
│                                                                              │
│  User Stats                    Value    User Stats                    Value  │
│  episode_return                6.539    damage_dealt                728.627  │
│  damage_received             179.756    episode_length              156.172  │
│  wins                          0.000    wave                         68.000  │
│  idle_ticks                    4.013    brews_used                    8.170  │
│  blood_healed                  0.000    prayer_correct_rate           0.523  │
│  unavoidable_off_praye…        0.039    brews_remaining               3.830  │
│  restores_remaining            9.165    prayer_at_death              81.971  │
│  current_ranged               94.915    current_magic                87.514  │
│  behind_shield_pct             0.414    zuk_hp_remaining            517.188  │
│  min_zuk_hp_seen             501.717    hp_restored                   4.509  │
│  zuk_healer_damage             0.000    deaths_to_jad                 0.047  │
│  episode_return_normal         4.998    wins_normal                   0.000  │
│  min_zuk_hp_normal           665.793    score_normal                  0.445  │
│  zuk_objective_normal          0.445    phase_reached_normal          1.290  │
│  death_tick_normal           127.297    frac_min_hp_le_300_no…        0.002  │
╰──────────────────────────────────────────────────────────────────────────────╯

[0;0H╭──────────────────────────────────────────────────────────────────────────────╮
│  PufferLib 4.0 🐡                 GPU: 0%      VRAM: 0.4/18G      RAM: 0.7G  │
│                                                                              │
│  Summary          Value    Evaluate   223ms  37%    Losses            Value  │
│  Env       osrs_inferno      GPU      187ms  31%    policy            0.003  │
│  Params          752.1K      Env       36ms   5%    value             0.075  │
│  Steps            50.0M    Train      379ms  62%    entropy           0.243  │
│  SPS             214.8K      Misc       0ms   0%    total             0.040  │
│  Epoch             1525      Forwa…     0ms   0%    old_kl            0.031  │
│  Uptime    0d 0h 3m 37s                             kl                0.032  │
│  Remaini…         134ms                             clipfrac          0.089  │
│                                                     bc                0.000  │
│                                                                              │
│  User Stats                    Value    User Stats                    Value  │
│  episode_return                6.535    damage_dealt                728.130  │
│  damage_received             179.139    episode_length              155.918  │
│  wins                          0.000    wave                         68.000  │
│  idle_ticks                    4.007    brews_used                    8.148  │
│  blood_healed                  0.000    prayer_correct_rate           0.523  │
│  unavoidable_off_praye…        0.039    brews_remaining               3.852  │
│  restores_remaining            9.168    prayer_at_death              82.021  │
│  current_ranged               95.031    current_magic                87.611  │
│  behind_shield_pct             0.415    zuk_hp_remaining            517.639  │
│  min_zuk_hp_seen             502.191    hp_restored                   4.521  │
│  zuk_healer_damage             0.000    deaths_to_jad                 0.045  │
│  episode_return_normal         4.997    wins_normal                   0.000  │
│  min_zuk_hp_normal           666.118    score_normal                  0.445  │
│  zuk_objective_normal          0.445    phase_reached_normal          1.289  │
│  death_tick_normal           126.958    frac_min_hp_le_300_no…        0.002  │
╰──────────────────────────────────────────────────────────────────────────────╯

[0;0H╭──────────────────────────────────────────────────────────────────────────────╮
│  PufferLib 4.0          🐡        GPU: 0%      VRAM: 0.4/18G      RAM: 0.7G  │
│                                                                              │
│  Summary          Value    Evaluate   223ms  37%    Losses            Value  │
│  Env       osrs_inferno      GPU      187ms  31%    policy            0.003  │
│  Params          752.1K      Env       36ms   5%    value             0.075  │
│  Steps            50.0M    Train      379ms  62%    entropy           0.243  │
│  SPS             214.8K      Misc       0ms   0%    total             0.040  │
│  Epoch             1525      Forwa…     0ms   0%    old_kl            0.031  │
│  Uptime    0d 0h 3m 37s                             kl                0.032  │
│  Remaini…         134ms                             clipfrac          0.089  │
│                                                     bc                0.000  │
│                                                                              │
│  User Stats                    Value    User Stats                    Value  │
│  episode_return                6.542    damage_dealt                728.911  │
│  damage_received             179.211    episode_length              155.909  │
│  wins                          0.000    wave                         68.000  │
│  idle_ticks                    3.999    brews_used                    8.148  │
│  blood_healed                  0.000    prayer_correct_rate           0.523  │
│  unavoidable_off_praye…        0.039    brews_remaining               3.852  │
│  restores_remaining            9.171    prayer_at_death              81.977  │
│  current_ranged               95.008    current_magic                87.560  │
│  behind_shield_pct             0.415    zuk_hp_remaining            516.969  │
│  min_zuk_hp_seen             501.381    hp_restored                   4.603  │
│  zuk_healer_damage             0.003    deaths_to_jad                 0.046  │
│  episode_return_normal         4.999    wins_normal                   0.000  │
│  min_zuk_hp_normal           665.755    score_normal                  0.445  │
│  zuk_objective_normal          0.445    phase_reached_normal          1.290  │
│  death_tick_normal           126.803    frac_min_hp_le_300_no…        0.002  │
╰──────────────────────────────────────────────────────────────────────────────╯

[0;0H╭──────────────────────────────────────────────────────────────────────────────╮
│  PufferLib 4.0         🐡         GPU: 0%      VRAM: 0.4/18G      RAM: 0.7G  │
│                                                                              │
│  Summary          Value    Evaluate   223ms  37%    Losses            Value  │
│  Env       osrs_inferno      GPU      187ms  31%    policy            0.003  │
│  Params          752.1K      Env       36ms   5%    value             0.075  │
│  Steps            50.0M    Train      379ms  62%    entropy           0.243  │
│  SPS             214.8K      Misc       0ms   0%    total             0.040  │
│  Epoch             1525      Forwa…     0ms   0%    old_kl            0.031  │
│  Uptime    0d 0h 3m 37s                             kl                0.032  │
│  Remaini…         134ms                             clipfrac          0.089  │
│                                                     bc                0.000  │
│                                                                              │
│  User Stats                    Value    User Stats                    Value  │
│  episode_return                6.541    damage_dealt                728.540  │
│  damage_received             179.180    episode_length              155.911  │
│  wins                          0.000    wave                         68.000  │
│  idle_ticks                    4.005    brews_used                    8.142  │
│  blood_healed                  0.000    prayer_correct_rate           0.524  │
│  unavoidable_off_praye…        0.039    brews_remaining               3.858  │
│  restores_remaining            9.168    prayer_at_death              82.057  │
│  current_ranged               95.097    current_magic                87.674  │
│  behind_shield_pct             0.415    zuk_hp_remaining            517.158  │
│  min_zuk_hp_seen             501.569    hp_restored                   4.591  │
│  zuk_healer_damage             0.003    deaths_to_jad                 0.045  │
│  episode_return_normal         4.990    wins_normal                   0.000  │
│  min_zuk_hp_normal           666.722    score_normal                  0.444  │
│  zuk_objective_normal          0.444    phase_reached_normal          1.288  │
│  death_tick_normal           126.637    frac_min_hp_le_300_no…        0.002  │
╰──────────────────────────────────────────────────────────────────────────────╯

[0;0H╭──────────────────────────────────────────────────────────────────────────────╮
│  PufferLib 4.0        🐡          GPU: 0%      VRAM: 0.4/18G      RAM: 0.7G  │
│                                                                              │
│  Summary          Value    Evaluate   223ms  37%    Losses            Value  │
│  Env       osrs_inferno      GPU      187ms  31%    policy            0.003  │
│  Params          752.1K      Env       36ms   5%    value             0.075  │
│  Steps            50.0M    Train      379ms  62%    entropy           0.243  │
│  SPS             214.8K      Misc       0ms   0%    total             0.040  │
│  Epoch             1525      Forwa…     0ms   0%    old_kl            0.031  │
│  Uptime    0d 0h 3m 37s                             kl                0.032  │
│  Remaini…         134ms                             clipfrac          0.089  │
│                                                     bc                0.000  │
│                                                                              │
│  User Stats                    Value    User Stats                    Value  │
│  episode_return                6.537    damage_dealt                728.177  │
│  damage_received             179.033    episode_length              155.857  │
│  wins                          0.000    wave                         68.000  │
│  idle_ticks                    4.005    brews_used                    8.129  │
│  blood_healed                  0.000    prayer_correct_rate           0.524  │
│  unavoidable_off_praye…        0.039    brews_remaining               3.871  │
│  restores_remaining            9.173    prayer_at_death              82.061  │
│  current_ranged               95.118    current_magic                87.685  │
│  behind_shield_pct             0.416    zuk_hp_remaining            517.597  │
│  min_zuk_hp_seen             501.987    hp_restored                   4.594  │
│  zuk_healer_damage             0.003    deaths_to_jad                 0.045  │
│  episode_return_normal         4.980    wins_normal                   0.000  │
│  min_zuk_hp_normal           667.816    score_normal                  0.443  │
│  zuk_objective_normal          0.443    phase_reached_normal          1.285  │
│  death_tick_normal           126.475    frac_min_hp_le_300_no…        0.002  │
╰──────────────────────────────────────────────────────────────────────────────╯

[0;0H╭──────────────────────────────────────────────────────────────────────────────╮
│  PufferLib 4.0       🐡           GPU: 0%      VRAM: 0.4/18G      RAM: 0.7G  │
│                                                                              │
│  Summary          Value    Evaluate   223ms  37%    Losses            Value  │
│  Env       osrs_inferno      GPU      187ms  31%    policy            0.003  │
│  Params          752.1K      Env       36ms   5%    value             0.075  │
│  Steps            50.0M    Train      379ms  62%    entropy           0.243  │
│  SPS             214.8K      Misc       0ms   0%    total             0.040  │
│  Epoch             1525      Forwa…     0ms   0%    old_kl            0.031  │
│  Uptime    0d 0h 3m 37s                             kl                0.032  │
│  Remaini…         134ms                             clipfrac          0.089  │
│                                                     bc                0.000  │
│                                                                              │
│  User Stats                    Value    User Stats                    Value  │
│  episode_return                6.525    damage_dealt                726.800  │
│  damage_received             179.051    episode_length              155.742  │
│  wins                          0.000    wave                         68.000  │
│  idle_ticks                    4.017    brews_used                    8.131  │
│  blood_healed                  0.000    prayer_correct_rate           0.524  │
│  unavoidable_off_praye…        0.039    brews_remaining               3.869  │
│  restores_remaining            9.172    prayer_at_death              82.120  │
│  current_ranged               95.178    current_magic                87.725  │
│  behind_shield_pct             0.416    zuk_hp_remaining            518.815  │
│  min_zuk_hp_seen             503.333    hp_restored                   4.544  │
│  zuk_healer_damage             0.003    deaths_to_jad                 0.044  │
│  episode_return_normal         4.984    wins_normal                   0.000  │
│  min_zuk_hp_normal           667.501    score_normal                  0.444  │
│  zuk_objective_normal          0.444    phase_reached_normal          1.287  │
│  death_tick_normal           126.726    frac_min_hp_le_300_no…        0.002  │
╰──────────────────────────────────────────────────────────────────────────────╯

[0;0H╭──────────────────────────────────────────────────────────────────────────────╮
│  PufferLib 4.0      🐡            GPU: 0%      VRAM: 0.4/18G      RAM: 0.7G  │
│                                                                              │
│  Summary          Value    Evaluate   223ms  37%    Losses            Value  │
│  Env       osrs_inferno      GPU      187ms  31%    policy            0.003  │
│  Params          752.1K      Env       36ms   5%    value             0.075  │
│  Steps            50.0M    Train      379ms  62%    entropy           0.243  │
│  SPS             214.8K      Misc       0ms   0%    total             0.040  │
│  Epoch             1525      Forwa…     0ms   0%    old_kl            0.031  │
│  Uptime    0d 0h 3m 37s                             kl                0.032  │
│  Remaini…         134ms                             clipfrac          0.089  │
│                                                     bc                0.000  │
│                                                                              │
│  User Stats                    Value    User Stats                    Value  │
│  episode_return                6.500    damage_dealt                724.125  │
│  damage_received             177.769    episode_length              155.162  │
│  wins                          0.000    wave                         68.000  │
│  idle_ticks                    3.991    brews_used                    8.077  │
│  blood_healed                  0.000    prayer_correct_rate           0.523  │
│  unavoidable_off_praye…        0.039    brews_remaining               3.923  │
│  restores_remaining            9.193    prayer_at_death              82.049  │
│  current_ranged               95.176    current_magic                87.687  │
│  behind_shield_pct             0.416    zuk_hp_remaining            521.311  │
│  min_zuk_hp_seen             505.974    hp_restored                   4.499  │
│  zuk_healer_damage             0.002    deaths_to_jad                 0.044  │
│  episode_return_normal         4.969    wins_normal                   0.000  │
│  min_zuk_hp_normal           669.009    score_normal                  0.442  │
│  zuk_objective_normal          0.442    phase_reached_normal          1.282  │
│  death_tick_normal           126.297    frac_min_hp_le_300_no…        0.003  │
╰──────────────────────────────────────────────────────────────────────────────╯

[0;0H╭──────────────────────────────────────────────────────────────────────────────╮
│  PufferLib 4.0     🐡             GPU: 0%      VRAM: 0.4/18G      RAM: 0.7G  │
│                                                                              │
│  Summary          Value    Evaluate   223ms  37%    Losses            Value  │
│  Env       osrs_inferno      GPU      187ms  31%    policy            0.003  │
│  Params          752.1K      Env       36ms   5%    value             0.075  │
│  Steps            50.0M    Train      379ms  62%    entropy           0.243  │
│  SPS             214.8K      Misc       0ms   0%    total             0.040  │
│  Epoch             1525      Forwa…     0ms   0%    old_kl            0.031  │
│  Uptime    0d 0h 3m 37s                             kl                0.032  │
│  Remaini…         134ms                             clipfrac          0.089  │
│                                                     bc                0.000  │
│                                                                              │
│  User Stats                    Value    User Stats                    Value  │
│  episode_return                6.493    damage_dealt                723.228  │
│  damage_received             177.125    episode_length              154.874  │
│  wins                          0.000    wave                         68.000  │
│  idle_ticks                    3.972    brews_used                    8.051  │
│  blood_healed                  0.000    prayer_correct_rate           0.523  │
│  unavoidable_off_praye…        0.039    brews_remaining               3.949  │
│  restores_remaining            9.207    prayer_at_death              81.979  │
│  current_ranged               95.196    current_magic                87.651  │
│  behind_shield_pct             0.417    zuk_hp_remaining            522.066  │
│  min_zuk_hp_seen             506.858    hp_restored                   4.454  │
│  zuk_healer_damage             0.002    deaths_to_jad                 0.043  │
│  episode_return_normal         4.965    wins_normal                   0.000  │
│  min_zuk_hp_normal           669.640    score_normal                  0.442  │
│  zuk_objective_normal          0.442    phase_reached_normal          1.281  │
│  death_tick_normal           125.951    frac_min_hp_le_300_no…        0.002  │
╰──────────────────────────────────────────────────────────────────────────────╯

[0;0H╭──────────────────────────────────────────────────────────────────────────────╮
│  PufferLib 4.0    🐡              GPU: 0%      VRAM: 0.4/18G      RAM: 0.7G  │
│                                                                              │
│  Summary          Value    Evaluate   223ms  37%    Losses            Value  │
│  Env       osrs_inferno      GPU      187ms  31%    policy            0.003  │
│  Params          752.1K      Env       36ms   5%    value             0.075  │
│  Steps            50.0M    Train      379ms  62%    entropy           0.243  │
│  SPS             214.8K      Misc       0ms   0%    total             0.040  │
│  Epoch             1525      Forwa…     0ms   0%    old_kl            0.031  │
│  Uptime    0d 0h 3m 37s                             kl                0.032  │
│  Remaini…         134ms                             clipfrac          0.089  │
│                                                     bc                0.000  │
│                                                                              │
│  User Stats                    Value    User Stats                    Value  │
│  episode_return                6.484    damage_dealt                722.089  │
│  damage_received             176.980    episode_length              154.709  │
│  wins                          0.000    wave                         68.000  │
│  idle_ticks                    3.972    brews_used                    8.045  │
│  blood_healed                  0.000    prayer_correct_rate           0.523  │
│  unavoidable_off_praye…        0.039    brews_remaining               3.955  │
│  restores_remaining            9.207    prayer_at_death              81.999  │
│  current_ranged               95.259    current_magic                87.697  │
│  behind_shield_pct             0.417    zuk_hp_remaining            523.064  │
│  min_zuk_hp_seen             507.856    hp_restored                   4.471  │
│  zuk_healer_damage             0.002    deaths_to_jad                 0.042  │
│  episode_return_normal         4.952    wins_normal                   0.000  │
│  min_zuk_hp_normal           671.144    score_normal                  0.441  │
│  zuk_objective_normal          0.441    phase_reached_normal          1.277  │
│  death_tick_normal           125.713    frac_min_hp_le_300_no…        0.002  │
╰──────────────────────────────────────────────────────────────────────────────╯

[0;0H╭──────────────────────────────────────────────────────────────────────────────╮
│  PufferLib 4.0   🐡               GPU: 0%      VRAM: 0.4/18G      RAM: 0.7G  │
│                                                                              │
│  Summary          Value    Evaluate   223ms  37%    Losses            Value  │
│  Env       osrs_inferno      GPU      187ms  31%    policy            0.003  │
│  Params          752.1K      Env       36ms   5%    value             0.075  │
│  Steps            50.0M    Train      379ms  62%    entropy           0.243  │
│  SPS             214.8K      Misc       0ms   0%    total             0.040  │
│  Epoch             1525      Forwa…     0ms   0%    old_kl            0.031  │
│  Uptime    0d 0h 3m 37s                             kl                0.032  │
│  Remaini…         134ms                             clipfrac          0.089  │
│                                                     bc                0.000  │
│                                                                              │
│  User Stats                    Value    User Stats                    Value  │
│  episode_return                6.490    damage_dealt                722.806  │
│  damage_received             177.122    episode_length              154.857  │
│  wins                          0.000    wave                         68.000  │
│  idle_ticks                    3.973    brews_used                    8.051  │
│  blood_healed                  0.000    prayer_correct_rate           0.523  │
│  unavoidable_off_praye…        0.039    brews_remaining               3.949  │
│  restores_remaining            9.204    prayer_at_death              82.015  │
│  current_ranged               95.249    current_magic                87.690  │
│  behind_shield_pct             0.417    zuk_hp_remaining            522.312  │
│  min_zuk_hp_seen             507.117    hp_restored                   4.463  │
│  zuk_healer_damage             0.002    deaths_to_jad                 0.042  │
│  episode_return_normal         4.958    wins_normal                   0.000  │
│  min_zuk_hp_normal           670.422    score_normal                  0.441  │
│  zuk_objective_normal          0.441    phase_reached_normal          1.278  │
│  death_tick_normal           125.863    frac_min_hp_le_300_no…        0.002  │
╰──────────────────────────────────────────────────────────────────────────────╯

[0;0H╭──────────────────────────────────────────────────────────────────────────────╮
│  PufferLib 4.0  🐡                GPU: 0%      VRAM: 0.4/18G      RAM: 0.7G  │
│                                                                              │
│  Summary          Value    Evaluate   223ms  37%    Losses            Value  │
│  Env       osrs_inferno      GPU      187ms  31%    policy            0.003  │
│  Params          752.1K      Env       36ms   5%    value             0.075  │
│  Steps            50.0M    Train      379ms  62%    entropy           0.243  │
│  SPS             214.8K      Misc       0ms   0%    total             0.040  │
│  Epoch             1525      Forwa…     0ms   0%    old_kl            0.031  │
│  Uptime    0d 0h 3m 37s                             kl                0.032  │
│  Remaini…         134ms                             clipfrac          0.089  │
│                                                     bc                0.000  │
│                                                                              │
│  User Stats                    Value    User Stats                    Value  │
│  episode_return                6.496    damage_dealt                723.298  │
│  damage_received             177.153    episode_length              154.925  │
│  wins                          0.000    wave                         68.000  │
│  idle_ticks                    3.973    brews_used                    8.050  │
│  blood_healed                  0.000    prayer_correct_rate           0.523  │
│  unavoidable_off_praye…        0.039    brews_remaining               3.950  │
│  restores_remaining            9.203    prayer_at_death              82.010  │
│  current_ranged               95.233    current_magic                87.672  │
│  behind_shield_pct             0.418    zuk_hp_remaining            521.737  │
│  min_zuk_hp_seen             506.504    hp_restored                   4.470  │
│  zuk_healer_damage             0.002    deaths_to_jad                 0.042  │
│  episode_return_normal         4.959    wins_normal                   0.000  │
│  min_zuk_hp_normal           670.320    score_normal                  0.441  │
│  zuk_objective_normal          0.441    phase_reached_normal          1.277  │
│  death_tick_normal           125.821    frac_min_hp_le_300_no…        0.002  │
╰──────────────────────────────────────────────────────────────────────────────╯

[0;0H╭──────────────────────────────────────────────────────────────────────────────╮
│  PufferLib 4.0 🐡                 GPU: 0%      VRAM: 0.4/18G      RAM: 0.7G  │
│                                                                              │
│  Summary          Value    Evaluate   223ms  37%    Losses            Value  │
│  Env       osrs_inferno      GPU      187ms  31%    policy            0.003  │
│  Params          752.1K      Env       36ms   5%    value             0.075  │
│  Steps            50.0M    Train      379ms  62%    entropy           0.243  │
│  SPS             214.8K      Misc       0ms   0%    total             0.040  │
│  Epoch             1525      Forwa…     0ms   0%    old_kl            0.031  │
│  Uptime    0d 0h 3m 37s                             kl                0.032  │
│  Remaini…         134ms                             clipfrac          0.089  │
│                                                     bc                0.000  │
│                                                                              │
│  User Stats                    Value    User Stats                    Value  │
│  episode_return                6.507    damage_dealt                724.492  │
│  damage_received             177.781    episode_length              155.177  │
│  wins                          0.000    wave                         68.000  │
│  idle_ticks                    3.988    brews_used                    8.076  │
│  blood_healed                  0.000    prayer_correct_rate           0.523  │
│  unavoidable_off_praye…        0.039    brews_remaining               3.924  │
│  restores_remaining            9.191    prayer_at_death              82.039  │
│  current_ranged               95.258    current_magic                87.712  │
│  behind_shield_pct             0.417    zuk_hp_remaining            520.755  │
│  min_zuk_hp_seen             505.342    hp_restored                   4.516  │
│  zuk_healer_damage             0.002    deaths_to_jad                 0.042  │
│  episode_return_normal         4.960    wins_normal                   0.000  │
│  min_zuk_hp_normal           670.167    score_normal                  0.442  │
│  zuk_objective_normal          0.442    phase_reached_normal          1.279  │
│  death_tick_normal           125.957    frac_min_hp_le_300_no…        0.002  │
╰──────────────────────────────────────────────────────────────────────────────╯

[0;0H╭──────────────────────────────────────────────────────────────────────────────╮
│  PufferLib 4.0          🐡        GPU: 0%      VRAM: 0.4/18G      RAM: 0.7G  │
│                                                                              │
│  Summary          Value    Evaluate   223ms  37%    Losses            Value  │
│  Env       osrs_inferno      GPU      187ms  31%    policy            0.003  │
│  Params          752.1K      Env       36ms   5%    value             0.075  │
│  Steps            50.0M    Train      379ms  62%    entropy           0.243  │
│  SPS             214.8K      Misc       0ms   0%    total             0.040  │
│  Epoch             1525      Forwa…     0ms   0%    old_kl            0.031  │
│  Uptime    0d 0h 3m 37s                             kl                0.032  │
│  Remaini…         134ms                             clipfrac          0.089  │
│                                                     bc                0.000  │
│                                                                              │
│  User Stats                    Value    User Stats                    Value  │
│  episode_return                6.509    damage_dealt                724.786  │
│  damage_received             177.964    episode_length              155.192  │
│  wins                          0.000    wave                         68.000  │
│  idle_ticks                    3.994    brews_used                    8.085  │
│  blood_healed                  0.000    prayer_correct_rate           0.523  │
│  unavoidable_off_praye…        0.039    brews_remaining               3.915  │
│  restores_remaining            9.189    prayer_at_death              82.017  │
│  current_ranged               95.271    current_magic                87.726  │
│  behind_shield_pct             0.417    zuk_hp_remaining            520.558  │
│  min_zuk_hp_seen             505.097    hp_restored                   4.528  │
│  zuk_healer_damage             0.002    deaths_to_jad                 0.041  │
│  episode_return_normal         4.965    wins_normal                   0.000  │
│  min_zuk_hp_normal           669.673    score_normal                  0.442  │
│  zuk_objective_normal          0.442    phase_reached_normal          1.281  │
│  death_tick_normal           126.026    frac_min_hp_le_300_no…        0.002  │
╰──────────────────────────────────────────────────────────────────────────────╯

[0;0H╭──────────────────────────────────────────────────────────────────────────────╮
│  PufferLib 4.0         🐡         GPU: 0%      VRAM: 0.4/18G      RAM: 0.7G  │
│                                                                              │
│  Summary          Value    Evaluate   223ms  37%    Losses            Value  │
│  Env       osrs_inferno      GPU      187ms  31%    policy            0.003  │
│  Params          752.1K      Env       36ms   5%    value             0.075  │
│  Steps            50.0M    Train      379ms  62%    entropy           0.243  │
│  SPS             214.8K      Misc       0ms   0%    total             0.040  │
│  Epoch             1525      Forwa…     0ms   0%    old_kl            0.031  │
│  Uptime    0d 0h 3m 37s                             kl                0.032  │
│  Remaini…         134ms                             clipfrac          0.089  │
│                                                     bc                0.000  │
│                                                                              │
│  User Stats                    Value    User Stats                    Value  │
│  episode_return                6.515    damage_dealt                725.474  │
│  damage_received             178.190    episode_length              155.243  │
│  wins                          0.000    wave                         68.000  │
│  idle_ticks                    4.004    brews_used                    8.094  │
│  blood_healed                  0.000    prayer_correct_rate           0.523  │
│  unavoidable_off_praye…        0.039    brews_remaining               3.906  │
│  restores_remaining            9.187    prayer_at_death              82.015  │
│  current_ranged               95.336    current_magic                87.795  │
│  behind_shield_pct             0.416    zuk_hp_remaining            520.087  │
│  min_zuk_hp_seen             504.531    hp_restored                   4.549  │
│  zuk_healer_damage             0.002    deaths_to_jad                 0.040  │
│  episode_return_normal         4.973    wins_normal                   0.000  │
│  min_zuk_hp_normal           668.828    score_normal                  0.443  │
│  zuk_objective_normal          0.443    phase_reached_normal          1.284  │
│  death_tick_normal           126.149    frac_min_hp_le_300_no…        0.002  │
╰──────────────────────────────────────────────────────────────────────────────╯

[0;0H╭──────────────────────────────────────────────────────────────────────────────╮
│  PufferLib 4.0        🐡          GPU: 0%      VRAM: 0.4/18G      RAM: 0.7G  │
│                                                                              │
│  Summary          Value    Evaluate   223ms  37%    Losses            Value  │
│  Env       osrs_inferno      GPU      187ms  31%    policy            0.003  │
│  Params          752.1K      Env       36ms   5%    value             0.075  │
│  Steps            50.0M    Train      379ms  62%    entropy           0.243  │
│  SPS             214.8K      Misc       0ms   0%    total             0.040  │
│  Epoch             1525      Forwa…     0ms   0%    old_kl            0.031  │
│  Uptime    0d 0h 3m 37s                             kl                0.032  │
│  Remaini…         134ms                             clipfrac          0.089  │
│                                                     bc                0.000  │
│                                                                              │
│  User Stats                    Value    User Stats                    Value  │
│  episode_return                6.494    damage_dealt                723.173  │
│  damage_received             177.526    episode_length              154.805  │
│  wins                          0.000    wave                         68.000  │
│  idle_ticks                    3.994    brews_used                    8.067  │
│  blood_healed                  0.000    prayer_correct_rate           0.523  │
│  unavoidable_off_praye…        0.039    brews_remaining               3.933  │
│  restores_remaining            9.200    prayer_at_death              81.988  │
│  current_ranged               95.380    current_magic                87.805  │
│  behind_shield_pct             0.416    zuk_hp_remaining            522.269  │
│  min_zuk_hp_seen             506.799    hp_restored                   4.538  │
│  zuk_healer_damage             0.002    deaths_to_jad                 0.040  │
│  episode_return_normal         4.960    wins_normal                   0.000  │
│  min_zuk_hp_normal           670.361    score_normal                  0.441  │
│  zuk_objective_normal          0.441    phase_reached_normal          1.279  │
│  death_tick_normal           125.825    frac_min_hp_le_300_no…        0.002  │
╰──────────────────────────────────────────────────────────────────────────────╯

[0;0H╭──────────────────────────────────────────────────────────────────────────────╮
│  PufferLib 4.0       🐡           GPU: 0%      VRAM: 0.4/18G      RAM: 0.7G  │
│                                                                              │
│  Summary          Value    Evaluate   223ms  37%    Losses            Value  │
│  Env       osrs_inferno      GPU      187ms  31%    policy            0.003  │
│  Params          752.1K      Env       36ms   5%    value             0.075  │
│  Steps            50.0M    Train      379ms  62%    entropy           0.243  │
│  SPS             214.8K      Misc       0ms   0%    total             0.040  │
│  Epoch             1525      Forwa…     0ms   0%    old_kl            0.031  │
│  Uptime    0d 0h 3m 37s                             kl                0.032  │
│  Remaini…         134ms                             clipfrac          0.089  │
│                                                     bc                0.000  │
│                                                                              │
│  User Stats                    Value    User Stats                    Value  │
│  episode_return                6.505    damage_dealt                724.300  │
│  damage_received             177.661    episode_length              154.984  │
│  wins                          0.000    wave                         68.000  │
│  idle_ticks                    3.996    brews_used                    8.076  │
│  blood_healed                  0.000    prayer_correct_rate           0.523  │
│  unavoidable_off_praye…        0.039    brews_remaining               3.924  │
│  restores_remaining            9.195    prayer_at_death              81.990  │
│  current_ranged               95.370    current_magic                87.803  │
│  behind_shield_pct             0.416    zuk_hp_remaining            521.097  │
│  min_zuk_hp_seen             505.629    hp_restored                   4.543  │
│  zuk_healer_damage             0.002    deaths_to_jad                 0.040  │
│  episode_return_normal         4.967    wins_normal                   0.000  │
│  min_zuk_hp_normal           669.525    score_normal                  0.442  │
│  zuk_objective_normal          0.442    phase_reached_normal          1.281  │
│  death_tick_normal           125.925    frac_min_hp_le_300_no…        0.002  │
╰──────────────────────────────────────────────────────────────────────────────╯

[0;0H╭──────────────────────────────────────────────────────────────────────────────╮
│  PufferLib 4.0      🐡            GPU: 0%      VRAM: 0.4/18G      RAM: 0.7G  │
│                                                                              │
│  Summary          Value    Evaluate   223ms  37%    Losses            Value  │
│  Env       osrs_inferno      GPU      187ms  31%    policy            0.003  │
│  Params          752.1K      Env       36ms   5%    value             0.075  │
│  Steps            50.0M    Train      379ms  62%    entropy           0.243  │
│  SPS             214.8K      Misc       0ms   0%    total             0.040  │
│  Epoch             1525      Forwa…     0ms   0%    old_kl            0.031  │
│  Uptime    0d 0h 3m 37s                             kl                0.032  │
│  Remaini…         134ms                             clipfrac          0.089  │
│                                                     bc                0.000  │
│                                                                              │
│  User Stats                    Value    User Stats                    Value  │
│  episode_return                6.497    damage_dealt                723.335  │
│  damage_received             177.265    episode_length              154.773  │
│  wins                          0.000    wave                         68.000  │
│  idle_ticks                    3.985    brews_used                    8.060  │
│  blood_healed                  0.000    prayer_correct_rate           0.522  │
│  unavoidable_off_praye…        0.039    brews_remaining               3.940  │
│  restores_remaining            9.201    prayer_at_death              82.013  │
│  current_ranged               95.357    current_magic                87.778  │
│  behind_shield_pct             0.417    zuk_hp_remaining            521.881  │
│  min_zuk_hp_seen             506.494    hp_restored                   4.524  │
│  zuk_healer_damage             0.002    deaths_to_jad                 0.040  │
│  episode_return_normal         4.963    wins_normal                   0.000  │
│  min_zuk_hp_normal           669.945    score_normal                  0.442  │
│  zuk_objective_normal          0.442    phase_reached_normal          1.280  │
│  death_tick_normal           125.771    frac_min_hp_le_300_no…        0.002  │
╰──────────────────────────────────────────────────────────────────────────────╯

[0;0H╭──────────────────────────────────────────────────────────────────────────────╮
│  PufferLib 4.0     🐡             GPU: 0%      VRAM: 0.4/18G      RAM: 0.7G  │
│                                                                              │
│  Summary          Value    Evaluate   223ms  37%    Losses            Value  │
│  Env       osrs_inferno      GPU      187ms  31%    policy            0.003  │
│  Params          752.1K      Env       36ms   5%    value             0.075  │
│  Steps            50.0M    Train      379ms  62%    entropy           0.243  │
│  SPS             214.8K      Misc       0ms   0%    total             0.040  │
│  Epoch             1525      Forwa…     0ms   0%    old_kl            0.031  │
│  Uptime    0d 0h 3m 37s                             kl                0.032  │
│  Remaini…         134ms                             clipfrac          0.089  │
│                                                     bc                0.000  │
│                                                                              │
│  User Stats                    Value    User Stats                    Value  │
│  episode_return                6.483    damage_dealt                721.893  │
│  damage_received             176.909    episode_length              154.501  │
│  wins                          0.000    wave                         68.000  │
│  idle_ticks                    3.984    brews_used                    8.044  │
│  blood_healed                  0.000    prayer_correct_rate           0.522  │
│  unavoidable_off_praye…        0.039    brews_remaining               3.956  │
│  restores_remaining            9.207    prayer_at_death              82.047  │
│  current_ranged               95.397    current_magic                87.805  │
│  behind_shield_pct             0.416    zuk_hp_remaining            523.263  │
│  min_zuk_hp_seen             507.913    hp_restored                   4.559  │
│  zuk_healer_damage             0.002    deaths_to_jad                 0.039  │
│  episode_return_normal         4.957    wins_normal                   0.000  │
│  min_zuk_hp_normal           670.523    score_normal                  0.441  │
│  zuk_objective_normal          0.441    phase_reached_normal          1.279  │
│  death_tick_normal           125.634    frac_min_hp_le_300_no…        0.002  │
╰──────────────────────────────────────────────────────────────────────────────╯

[0;0H╭──────────────────────────────────────────────────────────────────────────────╮
│  PufferLib 4.0    🐡              GPU: 0%      VRAM: 0.4/18G      RAM: 0.7G  │
│                                                                              │
│  Summary          Value    Evaluate   223ms  37%    Losses            Value  │
│  Env       osrs_inferno      GPU      187ms  31%    policy            0.003  │
│  Params          752.1K      Env       36ms   5%    value             0.075  │
│  Steps            50.0M    Train      379ms  62%    entropy           0.243  │
│  SPS             214.8K      Misc       0ms   0%    total             0.040  │
│  Epoch             1525      Forwa…     0ms   0%    old_kl            0.031  │
│  Uptime    0d 0h 3m 37s                             kl                0.032  │
│  Remaini…         134ms                             clipfrac          0.089  │
│                                                     bc                0.000  │
│                                                                              │
│  User Stats                    Value    User Stats                    Value  │
│  episode_return                6.475    damage_dealt                720.928  │
│  damage_received             176.352    episode_length              154.157  │
│  wins                          0.000    wave                         68.000  │
│  idle_ticks                    3.973    brews_used                    8.022  │
│  blood_healed                  0.000    prayer_correct_rate           0.522  │
│  unavoidable_off_praye…        0.038    brews_remaining               3.978  │
│  restores_remaining            9.215    prayer_at_death              82.053  │
│  current_ranged               95.428    current_magic                87.809  │
│  behind_shield_pct             0.417    zuk_hp_remaining            524.090  │
│  min_zuk_hp_seen             508.807    hp_restored                   4.537  │
│  zuk_healer_damage             0.002    deaths_to_jad                 0.039  │
│  episode_return_normal         4.956    wins_normal                   0.000  │
│  min_zuk_hp_normal           670.809    score_normal                  0.441  │
│  zuk_objective_normal          0.441    phase_reached_normal          1.278  │
│  death_tick_normal           125.293    frac_min_hp_le_300_no…        0.003  │
╰──────────────────────────────────────────────────────────────────────────────╯

[0;0H╭──────────────────────────────────────────────────────────────────────────────╮
│  PufferLib 4.0   🐡               GPU: 0%      VRAM: 0.4/18G      RAM: 0.7G  │
│                                                                              │
│  Summary          Value    Evaluate   223ms  37%    Losses            Value  │
│  Env       osrs_inferno      GPU      187ms  31%    policy            0.003  │
│  Params          752.1K      Env       36ms   5%    value             0.075  │
│  Steps            50.0M    Train      379ms  62%    entropy           0.243  │
│  SPS             214.8K      Misc       0ms   0%    total             0.040  │
│  Epoch             1525      Forwa…     0ms   0%    old_kl            0.031  │
│  Uptime    0d 0h 3m 37s                             kl                0.032  │
│  Remaini…         134ms                             clipfrac          0.089  │
│                                                     bc                0.000  │
│                                                                              │
│  User Stats                    Value    User Stats                    Value  │
│  episode_return                6.479    damage_dealt                721.422  │
│  damage_received             176.713    episode_length              154.300  │
│  wins                          0.000    wave                         68.000  │
│  idle_ticks                    3.985    brews_used                    8.038  │
│  blood_healed                  0.000    prayer_correct_rate           0.522  │
│  unavoidable_off_praye…        0.038    brews_remaining               3.962  │
│  restores_remaining            9.208    prayer_at_death              82.103  │
│  current_ranged               95.473    current_magic                87.866  │
│  behind_shield_pct             0.417    zuk_hp_remaining            523.709  │
│  min_zuk_hp_seen             508.384    hp_restored                   4.544  │
│  zuk_healer_damage             0.001    deaths_to_jad                 0.038  │
│  episode_return_normal         4.956    wins_normal                   0.000  │
│  min_zuk_hp_normal           670.750    score_normal                  0.441  │
│  zuk_objective_normal          0.441    phase_reached_normal          1.278  │
│  death_tick_normal           125.403    frac_min_hp_le_300_no…        0.003  │
╰──────────────────────────────────────────────────────────────────────────────╯

[0;0H╭──────────────────────────────────────────────────────────────────────────────╮
│  PufferLib 4.0  🐡                GPU: 0%      VRAM: 0.4/18G      RAM: 0.7G  │
│                                                                              │
│  Summary          Value    Evaluate   223ms  37%    Losses            Value  │
│  Env       osrs_inferno      GPU      187ms  31%    policy            0.003  │
│  Params          752.1K      Env       36ms   5%    value             0.075  │
│  Steps            50.0M    Train      379ms  62%    entropy           0.243  │
│  SPS             214.8K      Misc       0ms   0%    total             0.040  │
│  Epoch             1525      Forwa…     0ms   0%    old_kl            0.031  │
│  Uptime    0d 0h 3m 37s                             kl                0.032  │
│  Remaini…         134ms                             clipfrac          0.089  │
│                                                     bc                0.000  │
│                                                                              │
│  User Stats                    Value    User Stats                    Value  │
│  episode_return                6.481    damage_dealt                721.574  │
│  damage_received             176.720    episode_length              154.295  │
│  wins                          0.000    wave                         68.000  │
│  idle_ticks                    3.981    brews_used                    8.037  │
│  blood_healed                  0.000    prayer_correct_rate           0.522  │
│  unavoidable_off_praye…        0.039    brews_remaining               3.963  │
│  restores_remaining            9.208    prayer_at_death              82.081  │
│  current_ranged               95.449    current_magic                87.844  │
│  behind_shield_pct             0.417    zuk_hp_remaining            523.542  │
│  min_zuk_hp_seen             508.190    hp_restored                   4.547  │
│  zuk_healer_damage             0.001    deaths_to_jad                 0.038  │
│  episode_return_normal         4.957    wins_normal                   0.000  │
│  min_zuk_hp_normal           670.606    score_normal                  0.441  │
│  zuk_objective_normal          0.441    phase_reached_normal          1.278  │
│  death_tick_normal           125.377    frac_min_hp_le_300_no…        0.003  │
╰──────────────────────────────────────────────────────────────────────────────╯

[0;0H╭──────────────────────────────────────────────────────────────────────────────╮
│  PufferLib 4.0 🐡                 GPU: 0%      VRAM: 0.4/18G      RAM: 0.7G  │
│                                                                              │
│  Summary          Value    Evaluate   223ms  37%    Losses            Value  │
│  Env       osrs_inferno      GPU      187ms  31%    policy            0.003  │
│  Params          752.1K      Env       36ms   5%    value             0.075  │
│  Steps            50.0M    Train      379ms  62%    entropy           0.243  │
│  SPS             214.8K      Misc       0ms   0%    total             0.040  │
│  Epoch             1525      Forwa…     0ms   0%    old_kl            0.031  │
│  Uptime    0d 0h 3m 37s                             kl                0.032  │
│  Remaini…         134ms                             clipfrac          0.089  │
│                                                     bc                0.000  │
│                                                                              │
│  User Stats                    Value    User Stats                    Value  │
│  episode_return                6.482    damage_dealt                721.762  │
│  damage_received             177.033    episode_length              154.381  │
│  wins                          0.000    wave                         68.000  │
│  idle_ticks                    3.994    brews_used                    8.051  │
│  blood_healed                  0.000    prayer_correct_rate           0.522  │
│  unavoidable_off_praye…        0.038    brews_remaining               3.949  │
│  restores_remaining            9.205    prayer_at_death              82.067  │
│  current_ranged               95.437    current_magic                87.831  │
│  behind_shield_pct             0.416    zuk_hp_remaining            523.413  │
│  min_zuk_hp_seen             508.061    hp_restored                   4.543  │
│  zuk_healer_damage             0.001    deaths_to_jad                 0.038  │
│  episode_return_normal         4.962    wins_normal                   0.000  │
│  min_zuk_hp_normal           670.099    score_normal                  0.442  │
│  zuk_objective_normal          0.442    phase_reached_normal          1.280  │
│  death_tick_normal           125.570    frac_min_hp_le_300_no…        0.003  │
╰──────────────────────────────────────────────────────────────────────────────╯

[0;0H╭──────────────────────────────────────────────────────────────────────────────╮
│  PufferLib 4.0          🐡        GPU: 0%      VRAM: 0.4/18G      RAM: 0.7G  │
│                                                                              │
│  Summary          Value    Evaluate   223ms  37%    Losses            Value  │
│  Env       osrs_inferno      GPU      187ms  31%    policy            0.003  │
│  Params          752.1K      Env       36ms   5%    value             0.075  │
│  Steps            50.0M    Train      379ms  62%    entropy           0.243  │
│  SPS             214.8K      Misc       0ms   0%    total             0.040  │
│  Epoch             1525      Forwa…     0ms   0%    old_kl            0.031  │
│  Uptime    0d 0h 3m 37s                             kl                0.032  │
│  Remaini…         134ms                             clipfrac          0.089  │
│                                                     bc                0.000  │
│                                                                              │
│  User Stats                    Value    User Stats                    Value  │
│  episode_return                6.494    damage_dealt                722.999  │
│  damage_received             177.160    episode_length              154.582  │
│  wins                          0.000    wave                         68.000  │
│  idle_ticks                    3.991    brews_used                    8.057  │
│  blood_healed                  0.000    prayer_correct_rate           0.522  │
│  unavoidable_off_praye…        0.039    brews_remaining               3.943  │
│  restores_remaining            9.200    prayer_at_death              82.090  │
│  current_ranged               95.421    current_magic                87.847  │
│  behind_shield_pct             0.417    zuk_hp_remaining            522.155  │
│  min_zuk_hp_seen             506.761    hp_restored                   4.552  │
│  zuk_healer_damage             0.001    deaths_to_jad                 0.038  │
│  episode_return_normal         4.963    wins_normal                   0.000  │
│  min_zuk_hp_normal           669.986    score_normal                  0.442  │
│  zuk_objective_normal          0.442    phase_reached_normal          1.279  │
│  death_tick_normal           125.522    frac_min_hp_le_300_no…        0.003  │
╰──────────────────────────────────────────────────────────────────────────────╯

[0;0H╭──────────────────────────────────────────────────────────────────────────────╮
│  PufferLib 4.0         🐡         GPU: 0%      VRAM: 0.4/18G      RAM: 0.7G  │
│                                                                              │
│  Summary          Value    Evaluate   223ms  37%    Losses            Value  │
│  Env       osrs_inferno      GPU      187ms  31%    policy            0.003  │
│  Params          752.1K      Env       36ms   5%    value             0.075  │
│  Steps            50.0M    Train      379ms  62%    entropy           0.243  │
│  SPS             214.8K      Misc       0ms   0%    total             0.040  │
│  Epoch             1525      Forwa…     0ms   0%    old_kl            0.031  │
│  Uptime    0d 0h 3m 37s                             kl                0.032  │
│  Remaini…         134ms                             clipfrac          0.089  │
│                                                     bc                0.000  │
│                                                                              │
│  User Stats                    Value    User Stats                    Value  │
│  episode_return                6.496    damage_dealt                723.229  │
│  damage_received             177.194    episode_length              154.583  │
│  wins                          0.000    wave                         68.000  │
│  idle_ticks                    3.991    brews_used                    8.057  │
│  blood_healed                  0.000    prayer_correct_rate           0.522  │
│  unavoidable_off_praye…        0.039    brews_remaining               3.943  │
│  restores_remaining            9.197    prayer_at_death              82.121  │
│  current_ranged               95.447    current_magic                87.882  │
│  behind_shield_pct             0.417    zuk_hp_remaining            522.012  │
│  min_zuk_hp_seen             506.541    hp_restored                   4.571  │
│  zuk_healer_damage             0.001    deaths_to_jad                 0.038  │
│  episode_return_normal         4.959    wins_normal                   0.000  │
│  min_zuk_hp_normal           670.448    score_normal                  0.441  │
│  zuk_objective_normal          0.441    phase_reached_normal          1.278  │
│  death_tick_normal           125.400    frac_min_hp_le_300_no…        0.003  │
╰──────────────────────────────────────────────────────────────────────────────╯

[0;0H╭──────────────────────────────────────────────────────────────────────────────╮
│  PufferLib 4.0        🐡          GPU: 0%      VRAM: 0.4/18G      RAM: 0.7G  │
│                                                                              │
│  Summary          Value    Evaluate   223ms  37%    Losses            Value  │
│  Env       osrs_inferno      GPU      187ms  31%    policy            0.003  │
│  Params          752.1K      Env       36ms   5%    value             0.075  │
│  Steps            50.0M    Train      379ms  62%    entropy           0.243  │
│  SPS             214.8K      Misc       0ms   0%    total             0.040  │
│  Epoch             1525      Forwa…     0ms   0%    old_kl            0.031  │
│  Uptime    0d 0h 3m 37s                             kl                0.032  │
│  Remaini…         134ms                             clipfrac          0.089  │
│                                                     bc                0.000  │
│                                                                              │
│  User Stats                    Value    User Stats                    Value  │
│  episode_return                6.501    damage_dealt                723.719  │
│  damage_received             177.396    episode_length              154.741  │
│  wins                          0.000    wave                         68.000  │
│  idle_ticks                    3.994    brews_used                    8.062  │
│  blood_healed                  0.000    prayer_correct_rate           0.523  │
│  unavoidable_off_praye…        0.039    brews_remaining               3.938  │
│  restores_remaining            9.196    prayer_at_death              82.097  │
│  current_ranged               95.423    current_magic                87.858  │
│  behind_shield_pct             0.417    zuk_hp_remaining            521.548  │
│  min_zuk_hp_seen             506.079    hp_restored                   4.569  │
│  zuk_healer_damage             0.001    deaths_to_jad                 0.038  │
│  episode_return_normal         4.963    wins_normal                   0.000  │
│  min_zuk_hp_normal           669.992    score_normal                  0.442  │
│  zuk_objective_normal          0.442    phase_reached_normal          1.280  │
│  death_tick_normal           125.599    frac_min_hp_le_300_no…        0.003  │
╰──────────────────────────────────────────────────────────────────────────────╯

[0;0H╭──────────────────────────────────────────────────────────────────────────────╮
│  PufferLib 4.0       🐡           GPU: 0%      VRAM: 0.4/18G      RAM: 0.7G  │
│                                                                              │
│  Summary          Value    Evaluate   223ms  37%    Losses            Value  │
│  Env       osrs_inferno      GPU      187ms  31%    policy            0.003  │
│  Params          752.1K      Env       36ms   5%    value             0.075  │
│  Steps            50.0M    Train      379ms  62%    entropy           0.243  │
│  SPS             214.8K      Misc       0ms   0%    total             0.040  │
│  Epoch             1525      Forwa…     0ms   0%    old_kl            0.031  │
│  Uptime    0d 0h 3m 37s                             kl                0.032  │
│  Remaini…         134ms                             clipfrac          0.089  │
│                                                     bc                0.000  │
│                                                                              │
│  User Stats                    Value    User Stats                    Value  │
│  episode_return                6.502    damage_dealt                723.922  │
│  damage_received             177.634    episode_length              154.808  │
│  wins                          0.000    wave                         68.000  │
│  idle_ticks                    4.002    brews_used                    8.073  │
│  blood_healed                  0.000    prayer_correct_rate           0.523  │
│  unavoidable_off_praye…        0.039    brews_remaining               3.927  │
│  restores_remaining            9.196    prayer_at_death              82.045  │
│  current_ranged               95.422    current_magic                87.838  │
│  behind_shield_pct             0.417    zuk_hp_remaining            521.417  │
│  min_zuk_hp_seen             505.975    hp_restored                   4.557  │
│  zuk_healer_damage             0.001    deaths_to_jad                 0.038  │
│  episode_return_normal         4.971    wins_normal                   0.000  │
│  min_zuk_hp_normal           669.154    score_normal                  0.442  │
│  zuk_objective_normal          0.442    phase_reached_normal          1.283  │
│  death_tick_normal           125.853    frac_min_hp_le_300_no…        0.003  │
╰──────────────────────────────────────────────────────────────────────────────╯

[0;0H╭──────────────────────────────────────────────────────────────────────────────╮
│  PufferLib 4.0      🐡            GPU: 0%      VRAM: 0.4/18G      RAM: 0.7G  │
│                                                                              │
│  Summary          Value    Evaluate   223ms  37%    Losses            Value  │
│  Env       osrs_inferno      GPU      187ms  31%    policy            0.003  │
│  Params          752.1K      Env       36ms   5%    value             0.075  │
│  Steps            50.0M    Train      379ms  62%    entropy           0.243  │
│  SPS             214.8K      Misc       0ms   0%    total             0.040  │
│  Epoch             1525      Forwa…     0ms   0%    old_kl            0.031  │
│  Uptime    0d 0h 3m 37s                             kl                0.032  │
│  Remaini…         134ms                             clipfrac          0.089  │
│                                                     bc                0.000  │
│                                                                              │
│  User Stats                    Value    User Stats                    Value  │
│  episode_return                6.502    damage_dealt                723.865  │
│  damage_received             177.385    episode_length              154.706  │
│  wins                          0.000    wave                         68.000  │
│  idle_ticks                    3.994    brews_used                    8.064  │
│  blood_healed                  0.000    prayer_correct_rate           0.522  │
│  unavoidable_off_praye…        0.039    brews_remaining               3.936  │
│  restores_remaining            9.196    prayer_at_death              82.057  │
│  current_ranged               95.437    current_magic                87.862  │
│  behind_shield_pct             0.417    zuk_hp_remaining            521.403  │
│  min_zuk_hp_seen             505.964    hp_restored                   4.550  │
│  zuk_healer_damage             0.001    deaths_to_jad                 0.038  │
│  episode_return_normal         4.970    wins_normal                   0.000  │
│  min_zuk_hp_normal           669.277    score_normal                  0.442  │
│  zuk_objective_normal          0.442    phase_reached_normal          1.282  │
│  death_tick_normal           125.651    frac_min_hp_le_300_no…        0.003  │
╰──────────────────────────────────────────────────────────────────────────────╯

[0;0H╭──────────────────────────────────────────────────────────────────────────────╮
│  PufferLib 4.0     🐡             GPU: 0%      VRAM: 0.4/18G      RAM: 0.7G  │
│                                                                              │
│  Summary          Value    Evaluate   223ms  37%    Losses            Value  │
│  Env       osrs_inferno      GPU      187ms  31%    policy            0.003  │
│  Params          752.1K      Env       36ms   5%    value             0.075  │
│  Steps            50.0M    Train      379ms  62%    entropy           0.243  │
│  SPS             214.8K      Misc       0ms   0%    total             0.040  │
│  Epoch             1525      Forwa…     0ms   0%    old_kl            0.031  │
│  Uptime    0d 0h 3m 37s                             kl                0.032  │
│  Remaini…         134ms                             clipfrac          0.089  │
│                                                     bc                0.000  │
│                                                                              │
│  User Stats                    Value    User Stats                    Value  │
│  episode_return                6.495    damage_dealt                723.124  │
│  damage_received             177.225    episode_length              154.582  │
│  wins                          0.000    wave                         68.000  │
│  idle_ticks                    3.992    brews_used                    8.057  │
│  blood_healed                  0.000    prayer_correct_rate           0.522  │
│  unavoidable_off_praye…        0.039    brews_remaining               3.943  │
│  restores_remaining            9.199    prayer_at_death              82.060  │
│  current_ranged               95.453    current_magic                87.869  │
│  behind_shield_pct             0.417    zuk_hp_remaining            522.125  │
│  min_zuk_hp_seen             506.750    hp_restored                   4.531  │
│  zuk_healer_damage             0.001    deaths_to_jad                 0.038  │
│  episode_return_normal         4.965    wins_normal                   0.000  │
│  min_zuk_hp_normal           669.810    score_normal                  0.442  │
│  zuk_objective_normal          0.442    phase_reached_normal          1.279  │
│  death_tick_normal           125.609    frac_min_hp_le_300_no…        0.003  │
╰──────────────────────────────────────────────────────────────────────────────╯

wandb: uploading artifact ybcg2gjp; updating run metadata
wandb: uploading artifact ybcg2gjp; uploading wandb-summary.json
wandb: uploading artifact ybcg2gjp
wandb: uploading history steps 312-325, summary
wandb: 
wandb: Run history:
wandb:                         SPS ███████████████████▇▇▇▇▇▇▁▆▅▄▅▅▅▅▅▅▅▅▅▅▅
wandb:                 agent_steps ▁▁▁▁▁▂▂▂▂▃▃▃▃▄▄▄▄▄▅▅▅▅▅▆▆▆▆▆▆▆▆▇▇▇▇▇▇▇██
wandb:       env/behind_shield_pct ▄▄▄▄▄▅▄▄▄▄▄▄▃▃▂▂▁▂▂▂▂▂▂▂▁▂▂▁▁▂▃▃▃▃▃▃███▇
wandb:            env/blood_healed █▁▁▁▁▁▁▁▁▁▁▁▁▁▁█▆▁▁▁▁▁▁▁▁▁▁▁▁▁▁▁▁▁▁▁▁▁▁▁
wandb:         env/brews_remaining ████▇▆▆▆▆▄▄▄▄▅▅▄▄▄▄▄▃▃▃▄▄▃▃▂▂▃▃▃▃▃▃▂▁▁▁▁
wandb:              env/brews_used ▁▁▂▂▂▂▂▂▃▄▄▄▄▅▅▅▄▅▅▅▅▅▆▅▅▆▇▆▆▇▆▆▆█▇▇▇▇██
wandb:           env/current_magic ▆▆▆▆▅▆▆▄▃▂▂▁▁▃▄▃▄▄▆▆▇▇▅▅▆▆▅▆▆▆▆▆▆▆▆▇▇██▆
wandb:          env/current_ranged ▆▆▆▆▆▅▄▄▃▄▄▅▅▆▆▆▄▄▅▅▅▆▆▅▇▅▆▆▁▆▅█▇█▇█▇▇▆▆
wandb: env/damage_after_150_normal ▁▁▁▁▁▁▁▁▁▁▁▁▁▁▁▁▁▁▁▁▁▁▁▁▁▁▁▁▁▁▁▁▁▁▁▁▁▁▁▁
wandb: env/damage_after_240_normal ▁▁▁▁▁▁▁▁▁▁▁▁▁▁▁▁▁▁▁▁▁▁▁▁▁▁▁▁▁▁▁▁▁▁▁▁▁▁▁▁
wandb:                        +132 ...
wandb: 
wandb: Run summary:
wandb:                         SPS 214829
wandb:                 agent_steps 51314688
wandb:       env/behind_shield_pct 0.41631
wandb:            env/blood_healed 0
wandb:         env/brews_remaining 4.00598
wandb:              env/brews_used 7.99402
wandb:           env/current_magic 87.98106
wandb:          env/current_ranged 95.56531
wandb: env/damage_after_150_normal 0
wandb: env/damage_after_240_normal 0
wandb:                        +132 ...
wandb: 
wandb: 🚀 View run holographic-bantha-76 at: https://wandb.ai/valtterivalo-clock-cloud/puffer4/runs/ybcg2gjp
wandb: ⭐️ View project at: https://wandb.ai/valtterivalo-clock-cloud/puffer4
wandb: Synced 4 W&B file(s), 0 media file(s), 2 artifact file(s) and 0 other file(s)
wandb: Find logs at: ./wandb/run-20260505_124201-ybcg2gjp/logs
[0;0H╭──────────────────────────────────────────────────────────────────────────────╮
│  PufferLib 4.0    🐡              GPU: 0%      VRAM: 0.4/18G      RAM: 0.7G  │
│                                                                              │
│  Summary          Value    Evaluate   223ms  37%    Losses            Value  │
│  Env       osrs_inferno      GPU      187ms  31%    policy            0.003  │
│  Params          752.1K      Env       36ms   5%    value             0.075  │
│  Steps            50.0M    Train      379ms  62%    entropy           0.243  │
│  SPS             214.8K      Misc       0ms   0%    total             0.040  │
│  Epoch             1525      Forwa…     0ms   0%    old_kl            0.031  │
│  Uptime    0d 0h 3m 37s                             kl                0.032  │
│  Remaini…         134ms                             clipfrac          0.089  │
│                                                     bc                0.000  │
│                                                                              │
│  User Stats                    Value    User Stats                    Value  │
│  episode_return                6.495    damage_dealt                723.124  │
│  damage_received             177.225    episode_length              154.582  │
│  wins                          0.000    wave                         68.000  │
│  idle_ticks                    3.992    brews_used                    8.057  │
│  blood_healed                  0.000    prayer_correct_rate           0.522  │
│  unavoidable_off_praye…        0.039    brews_remaining               3.943  │
│  restores_remaining            9.199    prayer_at_death              82.060  │
│  current_ranged               95.453    current_magic                87.869  │
│  behind_shield_pct             0.417    zuk_hp_remaining            522.125  │
│  min_zuk_hp_seen             506.750    hp_restored                   4.531  │
│  zuk_healer_damage             0.001    deaths_to_jad                 0.038  │
│  episode_return_normal         4.965    wins_normal                   0.000  │
│  min_zuk_hp_normal           669.810    score_normal                  0.442  │
│  zuk_objective_normal          0.442    phase_reached_normal          1.279  │
│  death_tick_normal           125.609    frac_min_hp_le_300_no…        0.003  │
╰──────────────────────────────────────────────────────────────────────────────╯

