/Users/valtterivalo/.pyenv/versions/3.12.3/lib/python3.12/site-packages/torch/cuda/__init__.py:61: FutureWarning: The pynvml package is deprecated. Please install nvidia-ml-py instead. If you did not install pynvml directly, please report this to the maintainers of the package that installed pynvml for you.
  import pynvml  # type: ignore[import]
wandb: Currently logged in as: valtterivalo (valtterivalo-clock-cloud) to https://api.wandb.ai. Use `wandb login --relogin` to force relogin
wandb: setting up run 0x4pxo70
wandb: Tracking run with wandb version 0.23.1
wandb: Run data is saved locally in /Users/valtterivalo/Projects/pufferlib-metal-inferno-sync/wandb/run-20260505_032602-0x4pxo70
wandb: Run `wandb offline` to turn off syncing.
wandb: Syncing run civilized-astromech-57
wandb: ⭐️ View project at https://wandb.ai/valtterivalo-clock-cloud/puffer4
wandb: 🚀 View run at https://wandb.ai/valtterivalo-clock-cloud/puffer4/runs/0x4pxo70
phase2 demo   0: file_q=0.868 q0=0.000 qmax=0.868 qlast=0.868 best_slot=141/142 term=0 cursor=155 seed=0 len=156
phase2 demo   1: file_q=0.868 q0=0.000 qmax=0.868 qlast=0.868 best_slot=141/143 term=0 cursor=155 seed=0 len=157
phase2 demo   2: file_q=0.868 q0=0.000 qmax=0.868 qlast=0.868 best_slot=141/143 term=0 cursor=155 seed=0 len=157
phase2 demo   3: file_q=0.868 q0=0.000 qmax=0.868 qlast=0.868 best_slot=141/144 term=1 cursor=155 seed=0 len=158
phase2 demo   4: file_q=0.868 q0=0.000 qmax=0.868 qlast=0.868 best_slot=141/144 term=1 cursor=155 seed=0 len=158
phase2 demo   5: file_q=0.868 q0=0.000 qmax=0.868 qlast=0.868 best_slot=141/144 term=1 cursor=155 seed=0 len=158
phase2 demo   6: file_q=0.861 q0=0.000 qmax=0.861 qlast=0.861 best_slot=135/136 term=0 cursor=146 seed=0 len=147
phase2 demo   7: file_q=0.861 q0=0.000 qmax=0.861 qlast=0.861 best_slot=134/135 term=0 cursor=145 seed=0 len=147
phase2 demo   8: file_q=0.861 q0=0.000 qmax=0.861 qlast=0.861 best_slot=135/136 term=0 cursor=146 seed=0 len=147
phase2 demo   9: file_q=0.861 q0=0.000 qmax=0.861 qlast=0.861 best_slot=135/137 term=0 cursor=146 seed=0 len=148
phase2 demo  10: file_q=0.861 q0=0.000 qmax=0.861 qlast=0.861 best_slot=136/137 term=0 cursor=147 seed=0 len=148
phase2 demo  11: file_q=0.861 q0=0.000 qmax=0.861 qlast=0.861 best_slot=135/137 term=0 cursor=146 seed=0 len=148
phase2 demo  12: file_q=0.861 q0=0.000 qmax=0.861 qlast=0.861 best_slot=135/138 term=0 cursor=146 seed=0 len=149
phase2 demo  13: file_q=0.861 q0=0.000 qmax=0.861 qlast=0.861 best_slot=134/135 term=0 cursor=147 seed=0 len=149
phase2 demo  14: file_q=0.861 q0=0.000 qmax=0.861 qlast=0.861 best_slot=136/138 term=0 cursor=147 seed=0 len=149
phase2 demo  15: file_q=0.861 q0=0.000 qmax=0.861 qlast=0.861 best_slot=134/135 term=0 cursor=147 seed=0 len=149
phase2 demo  16: file_q=0.861 q0=0.000 qmax=0.861 qlast=0.861 best_slot=136/138 term=0 cursor=147 seed=0 len=149
phase2 demo  17: file_q=0.861 q0=0.000 qmax=0.861 qlast=0.861 best_slot=135/139 term=1 cursor=146 seed=0 len=150
phase2 demo  18: file_q=0.861 q0=0.000 qmax=0.861 qlast=0.861 best_slot=136/139 term=0 cursor=147 seed=0 len=150
phase2 demo  19: file_q=0.861 q0=0.000 qmax=0.861 qlast=0.861 best_slot=136/139 term=0 cursor=147 seed=0 len=150
phase2 demo  20: file_q=0.861 q0=0.000 qmax=0.861 qlast=0.861 best_slot=134/136 term=0 cursor=147 seed=0 len=150
phase2 demo  21: file_q=0.861 q0=0.000 qmax=0.861 qlast=0.861 best_slot=134/136 term=0 cursor=147 seed=0 len=150
phase2 demo  22: file_q=0.861 q0=0.000 qmax=0.861 qlast=0.861 best_slot=136/140 term=1 cursor=147 seed=0 len=151
phase2 demo  23: file_q=0.861 q0=0.000 qmax=0.834 qlast=0.834 best_slot=136/137 term=0 cursor=149 seed=0 len=151  ** ladder qmax violates file_q
phase2 demo  24: file_q=0.861 q0=0.000 qmax=0.861 qlast=0.861 best_slot=134/137 term=0 cursor=147 seed=0 len=151
phase2 demo  25: file_q=0.861 q0=0.000 qmax=0.861 qlast=0.861 best_slot=136/140 term=1 cursor=147 seed=0 len=151
phase2 demo  26: file_q=0.861 q0=0.000 qmax=0.861 qlast=0.861 best_slot=137/138 term=0 cursor=151 seed=0 len=152
phase2 demo  27: file_q=0.861 q0=0.000 qmax=0.861 qlast=0.861 best_slot=134/138 term=1 cursor=147 seed=0 len=152
phase2 demo  28: file_q=0.861 q0=0.000 qmax=0.861 qlast=0.861 best_slot=137/139 term=0 cursor=151 seed=0 len=153
phase2 demo  29: file_q=0.861 q0=0.000 qmax=0.861 qlast=0.861 best_slot=137/140 term=1 cursor=151 seed=0 len=154
phase2 demo  30: file_q=0.855 q0=0.000 qmax=0.855 qlast=0.855 best_slot=160/161 term=0 cursor=176 seed=0 len=177
phase2 demo  31: file_q=0.855 q0=0.000 qmax=0.855 qlast=0.855 best_slot=160/162 term=1 cursor=176 seed=0 len=178
phase2 demo  32: file_q=0.855 q0=0.000 qmax=0.855 qlast=0.855 best_slot=169/170 term=0 cursor=182 seed=0 len=183
phase2 demo  33: file_q=0.855 q0=0.000 qmax=0.855 qlast=0.855 best_slot=169/171 term=0 cursor=182 seed=0 len=184
phase2 demo  34: file_q=0.855 q0=0.000 qmax=0.855 qlast=0.855 best_slot=169/172 term=0 cursor=182 seed=0 len=185
phase2 demo  35: file_q=0.855 q0=0.000 qmax=0.855 qlast=0.855 best_slot=169/173 term=0 cursor=182 seed=0 len=186
phase2 demo  36: file_q=0.855 q0=0.000 qmax=0.855 qlast=0.855 best_slot=169/173 term=0 cursor=182 seed=0 len=186
phase2 demo  37: file_q=0.855 q0=0.000 qmax=0.855 qlast=0.855 best_slot=169/173 term=0 cursor=182 seed=0 len=186
phase2 demo  38: file_q=0.855 q0=0.000 qmax=0.855 qlast=0.855 best_slot=169/174 term=1 cursor=182 seed=0 len=187
phase2 demo  39: file_q=0.855 q0=0.000 qmax=0.855 qlast=0.855 best_slot=169/174 term=1 cursor=182 seed=0 len=187
phase2 demo  40: file_q=0.847 q0=0.000 qmax=0.847 qlast=0.847 best_slot=148/149 term=0 cursor=164 seed=0 len=168
phase2 demo  41: file_q=0.847 q0=0.000 qmax=0.847 qlast=0.847 best_slot=149/150 term=0 cursor=164 seed=0 len=168
phase2 demo  42: file_q=0.847 q0=0.000 qmax=0.847 qlast=0.847 best_slot=149/151 term=0 cursor=164 seed=0 len=169
phase2 demo  43: file_q=0.847 q0=0.000 qmax=0.847 qlast=0.847 best_slot=148/150 term=0 cursor=164 seed=0 len=169
phase2 demo  44: file_q=0.847 q0=0.000 qmax=0.847 qlast=0.847 best_slot=149/152 term=1 cursor=164 seed=0 len=170
phase2 demo  45: file_q=0.843 q0=0.000 qmax=0.843 qlast=0.843 best_slot=129/130 term=0 cursor=144 seed=0 len=145
phase2 demo  46: file_q=0.843 q0=0.000 qmax=0.843 qlast=0.843 best_slot=129/131 term=0 cursor=144 seed=0 len=146
phase2 demo  47: file_q=0.843 q0=0.000 qmax=0.843 qlast=0.843 best_slot=129/132 term=0 cursor=144 seed=0 len=147
phase2 demo  48: file_q=0.843 q0=0.000 qmax=0.843 qlast=0.843 best_slot=129/132 term=0 cursor=144 seed=0 len=147
phase2 demo  49: file_q=0.843 q0=0.000 qmax=0.843 qlast=0.843 best_slot=129/133 term=1 cursor=144 seed=0 len=148
phase2 demo  50: file_q=0.841 q0=0.000 qmax=0.841 qlast=0.841 best_slot=150/151 term=0 cursor=165 seed=0 len=166
phase2 demo  51: file_q=0.841 q0=0.000 qmax=0.841 qlast=0.841 best_slot=150/152 term=0 cursor=165 seed=0 len=167
phase2 demo  52: file_q=0.841 q0=0.000 qmax=0.841 qlast=0.841 best_slot=150/153 term=1 cursor=165 seed=0 len=168
phase2 demo  53: file_q=0.837 q0=0.000 qmax=0.837 qlast=0.837 best_slot=147/148 term=0 cursor=166 seed=0 len=170
phase2 demo  54: file_q=0.837 q0=0.000 qmax=0.837 qlast=0.837 best_slot=147/149 term=0 cursor=166 seed=0 len=171
phase2 demo  55: file_q=0.837 q0=0.000 qmax=0.837 qlast=0.837 best_slot=147/150 term=1 cursor=166 seed=0 len=172
phase2 demo  56: file_q=0.837 q0=0.000 qmax=0.837 qlast=0.837 best_slot=141/142 term=0 cursor=150 seed=0 len=151
phase2 demo  57: file_q=0.837 q0=0.000 qmax=0.837 qlast=0.837 best_slot=140/141 term=0 cursor=149 seed=0 len=151
phase2 demo  58: file_q=0.837 q0=0.000 qmax=0.837 qlast=0.837 best_slot=140/141 term=0 cursor=149 seed=0 len=151
phase2 demo  59: file_q=0.837 q0=0.000 qmax=0.837 qlast=0.837 best_slot=140/141 term=0 cursor=149 seed=0 len=151
phase2 demo  60: file_q=0.837 q0=0.000 qmax=0.837 qlast=0.837 best_slot=141/143 term=0 cursor=150 seed=0 len=152
phase2 demo  61: file_q=0.837 q0=0.000 qmax=0.837 qlast=0.837 best_slot=140/142 term=0 cursor=149 seed=0 len=152
phase2 demo  62: file_q=0.837 q0=0.000 qmax=0.837 qlast=0.837 best_slot=140/142 term=0 cursor=149 seed=0 len=152
phase2 demo  63: file_q=0.837 q0=0.000 qmax=0.837 qlast=0.837 best_slot=140/142 term=0 cursor=149 seed=0 len=152
phase2 ladder validation: 64 demos, 1 qmax violations
phase2_init: 64 demos, stride=2, 256 envs
phase2: loaded 64 demos from /Users/valtterivalo/Projects/pufferlib-metal-inferno-sync/experiments/heavy_research_phase2_v4/demos_c2/seed_43/demos
[0;0H╭──────────────────────────────────────────────────────────────────────────────╮
│  PufferLib 4.0 🐡                 GPU: 0%      VRAM: 0.5/18G      RAM: 1.0G  │
│                                                                              │
│  Summary          Value    Evaluate     0ms   0%    Losses            Value  │
│  Env       osrs_inferno      GPU        0ms   0%                             │
│  Params          752.1K      Env        0ms   0%                             │
│  Steps              0.0    Train        0ms   0%                             │
│  SPS                0.0      Misc       0ms   0%                             │
│  Epoch                0      Forwa…     0ms   0%                             │
│  Uptime            38ms                                                      │
│  Remaini…   A hair past                                                      │
│               a freckle                                                      │
│                                                                              │
│  User Stats                    Value    User Stats                    Value  │
│  phase2_cursor_mean_fr…        0.982    phase2_cursor_min_frac        0.965  │
│  phase2_cursor_max_frac        0.995    phase2_cursor_at_start        0.000  │
╰──────────────────────────────────────────────────────────────────────────────╯

[0;0H╭──────────────────────────────────────────────────────────────────────────────╮
│  PufferLib 4.0          🐡        GPU: 0%      VRAM: 0.5/18G      RAM: 1.0G  │
│                                                                              │
│  Summary          Value    Evaluate   310ms  35%    Losses            Value  │
│  Env       osrs_inferno      GPU      259ms  29%    policy            0.004  │
│  Params          752.1K      Env       51ms   5%    value             0.012  │
│  Steps           196.6K    Train      558ms  64%    entropy           8.112  │
│  SPS             224.9K      Misc       0ms   0%    total            -0.002  │
│  Epoch                3      Forwa…     0ms   0%    old_kl            0.002  │
│  Uptime           912ms                             kl                0.001  │
│  Remaini…  0d 0h 3m 41s                             clipfrac          0.186  │
│                                                     bc                0.000  │
│                                                                              │
│  User Stats                    Value    User Stats                    Value  │
│  episode_return                3.591    damage_dealt                381.029  │
│  damage_received             107.995    episode_length               98.143  │
│  wins                          0.000    wave                         68.000  │
│  idle_ticks                   12.422    brews_used                    4.155  │
│  blood_healed                  0.015    prayer_correct_rate           0.511  │
│  unavoidable_off_praye…        0.085    brews_remaining               7.845  │
│  restores_remaining           10.415    prayer_at_death              90.805  │
│  current_ranged               97.641    current_magic                89.999  │
│  behind_shield_pct             0.298    zuk_hp_remaining            824.441  │
│  min_zuk_hp_seen             823.212    hp_restored                   0.328  │
│  zuk_healer_damage             0.009    deaths_to_jad                 0.087  │
│  episode_return_normal         0.398    wins_normal                   0.000  │
│  min_zuk_hp_normal          1160.094    score_normal                  0.033  │
│  zuk_objective_normal          0.033    phase_reached_normal          0.000  │
│  death_tick_normal            36.861    frac_min_hp_le_300_no…        0.000  │
╰──────────────────────────────────────────────────────────────────────────────╯

[0;0H╭──────────────────────────────────────────────────────────────────────────────╮
│  PufferLib 4.0         🐡         GPU: 0%      VRAM: 0.5/18G      RAM: 1.0G  │
│                                                                              │
│  Summary          Value    Evaluate   298ms  34%    Losses            Value  │
│  Env       osrs_inferno      GPU      248ms  28%    policy            0.005  │
│  Params          752.1K      Env       50ms   5%    value             0.016  │
│  Steps           393.2K    Train      559ms  65%    entropy           8.040  │
│  SPS             227.2K      Misc       0ms   0%    total             0.000  │
│  Epoch                6      Forwa…     0ms   0%    old_kl            0.001  │
│  Uptime     0d 0h 0m 1s                             kl                0.002  │
│  Remaini…  0d 0h 3m 38s                             clipfrac          0.203  │
│                                                     bc                0.000  │
│                                                                              │
│  User Stats                    Value    User Stats                    Value  │
│  episode_return                3.792    damage_dealt                401.822  │
│  damage_received             111.817    episode_length              101.277  │
│  wins                          0.000    wave                         68.000  │
│  idle_ticks                   10.967    brews_used                    4.323  │
│  blood_healed                  0.025    prayer_correct_rate           0.510  │
│  unavoidable_off_praye…        0.085    brews_remaining               7.677  │
│  restores_remaining           10.315    prayer_at_death              91.115  │
│  current_ranged               97.613    current_magic                90.256  │
│  behind_shield_pct             0.315    zuk_hp_remaining            803.125  │
│  min_zuk_hp_seen             802.215    hp_restored                   0.398  │
│  zuk_healer_damage             0.009    deaths_to_jad                 0.094  │
│  episode_return_normal         0.509    wins_normal                   0.000  │
│  min_zuk_hp_normal          1148.939    score_normal                  0.043  │
│  zuk_objective_normal          0.043    phase_reached_normal          0.001  │
│  death_tick_normal            37.788    frac_min_hp_le_300_no…        0.000  │
╰──────────────────────────────────────────────────────────────────────────────╯

[0;0H╭──────────────────────────────────────────────────────────────────────────────╮
│  PufferLib 4.0        🐡          GPU: 0%      VRAM: 0.5/18G      RAM: 1.0G  │
│                                                                              │
│  Summary          Value    Evaluate   298ms  34%    Losses            Value  │
│  Env       osrs_inferno      GPU      247ms  28%    policy           -0.011  │
│  Params          752.1K      Env       50ms   5%    value             0.019  │
│  Steps           589.8K    Train      558ms  65%    entropy           7.967  │
│  SPS             227.7K      Misc       0ms   0%    total            -0.014  │
│  Epoch                9      Forwa…     0ms   0%    old_kl            0.001  │
│  Uptime     0d 0h 0m 2s                             kl                0.002  │
│  Remaini…  0d 0h 3m 36s                             clipfrac          0.209  │
│                                                     bc                0.000  │
│                                                                              │
│  User Stats                    Value    User Stats                    Value  │
│  episode_return                3.658    damage_dealt                387.723  │
│  damage_received             108.772    episode_length               97.943  │
│  wins                          0.000    wave                         68.000  │
│  idle_ticks                    9.762    brews_used                    4.206  │
│  blood_healed                  0.024    prayer_correct_rate           0.505  │
│  unavoidable_off_praye…        0.084    brews_remaining               7.794  │
│  restores_remaining           10.401    prayer_at_death              91.166  │
│  current_ranged               97.478    current_magic                89.872  │
│  behind_shield_pct             0.313    zuk_hp_remaining            817.194  │
│  min_zuk_hp_seen             816.496    hp_restored                   0.504  │
│  zuk_healer_damage             0.026    deaths_to_jad                 0.101  │
│  episode_return_normal         0.580    wins_normal                   0.000  │
│  min_zuk_hp_normal          1141.828    score_normal                  0.048  │
│  zuk_objective_normal          0.048    phase_reached_normal          0.001  │
│  death_tick_normal            37.560    frac_min_hp_le_300_no…        0.000  │
╰──────────────────────────────────────────────────────────────────────────────╯

[0;0H╭──────────────────────────────────────────────────────────────────────────────╮
│  PufferLib 4.0       🐡           GPU: 0%      VRAM: 0.5/18G      RAM: 1.0G  │
│                                                                              │
│  Summary          Value    Evaluate   299ms  34%    Losses            Value  │
│  Env       osrs_inferno      GPU      248ms  28%    policy            0.012  │
│  Params          752.1K      Env       50ms   5%    value             0.021  │
│  Steps           786.4K    Train      560ms  65%    entropy           7.902  │
│  SPS             227.1K      Misc       0ms   0%    total             0.010  │
│  Epoch               12      Forwa…     0ms   0%    old_kl            0.002  │
│  Uptime     0d 0h 0m 3s                             kl                0.002  │
│  Remaini…  0d 0h 3m 36s                             clipfrac          0.214  │
│                                                     bc                0.000  │
│                                                                              │
│  User Stats                    Value    User Stats                    Value  │
│  episode_return                3.850    damage_dealt                407.875  │
│  damage_received             111.887    episode_length              100.452  │
│  wins                          0.000    wave                         68.000  │
│  idle_ticks                    8.706    brews_used                    4.359  │
│  blood_healed                  0.023    prayer_correct_rate           0.505  │
│  unavoidable_off_praye…        0.082    brews_remaining               7.641  │
│  restores_remaining           10.332    prayer_at_death              91.148  │
│  current_ranged               97.105    current_magic                89.586  │
│  behind_shield_pct             0.324    zuk_hp_remaining            796.768  │
│  min_zuk_hp_seen             796.769    hp_restored                   0.311  │
│  zuk_healer_damage             0.006    deaths_to_jad                 0.092  │
│  episode_return_normal         0.704    wins_normal                   0.000  │
│  min_zuk_hp_normal          1129.386    score_normal                  0.059  │
│  zuk_objective_normal          0.059    phase_reached_normal          0.002  │
│  death_tick_normal            38.294    frac_min_hp_le_300_no…        0.000  │
╰──────────────────────────────────────────────────────────────────────────────╯

[0;0H╭──────────────────────────────────────────────────────────────────────────────╮
│  PufferLib 4.0      🐡            GPU: 0%      VRAM: 0.5/18G      RAM: 1.0G  │
│                                                                              │
│  Summary          Value    Evaluate   299ms  34%    Losses            Value  │
│  Env       osrs_inferno      GPU      248ms  28%    policy           -0.002  │
│  Params          752.1K      Env       50ms   5%    value             0.025  │
│  Steps           983.0K    Train      560ms  65%    entropy           7.808  │
│  SPS             226.9K      Misc       0ms   0%    total            -0.002  │
│  Epoch               15      Forwa…     0ms   0%    old_kl            0.002  │
│  Uptime     0d 0h 0m 4s                             kl                0.002  │
│  Remaini…  0d 0h 3m 36s                             clipfrac          0.216  │
│                                                     bc                0.000  │
│                                                                              │
│  User Stats                    Value    User Stats                    Value  │
│  episode_return                3.859    damage_dealt                408.608  │
│  damage_received             110.343    episode_length               99.693  │
│  wins                          0.000    wave                         68.000  │
│  idle_ticks                    7.243    brews_used                    4.361  │
│  blood_healed                  0.015    prayer_correct_rate           0.505  │
│  unavoidable_off_praye…        0.078    brews_remaining               7.639  │
│  restores_remaining           10.360    prayer_at_death              91.091  │
│  current_ranged               96.922    current_magic                89.242  │
│  behind_shield_pct             0.330    zuk_hp_remaining            795.584  │
│  min_zuk_hp_seen             795.973    hp_restored                   0.333  │
│  zuk_healer_damage             0.007    deaths_to_jad                 0.082  │
│  episode_return_normal         0.784    wins_normal                   0.000  │
│  min_zuk_hp_normal          1121.236    score_normal                  0.066  │
│  zuk_objective_normal          0.066    phase_reached_normal          0.005  │
│  death_tick_normal            38.046    frac_min_hp_le_300_no…        0.000  │
╰──────────────────────────────────────────────────────────────────────────────╯

[0;0H╭──────────────────────────────────────────────────────────────────────────────╮
│  PufferLib 4.0     🐡             GPU: 0%      VRAM: 0.5/18G      RAM: 1.0G  │
│                                                                              │
│  Summary          Value    Evaluate   298ms  34%    Losses            Value  │
│  Env       osrs_inferno      GPU      247ms  28%    policy            0.007  │
│  Params          752.1K      Env       51ms   5%    value             0.027  │
│  Steps             1.2M    Train      560ms  65%    entropy           7.750  │
│  SPS             227.3K      Misc       0ms   0%    total             0.008  │
│  Epoch               18      Forwa…     0ms   0%    old_kl            0.002  │
│  Uptime     0d 0h 0m 5s                             kl                0.002  │
│  Remaini…  0d 0h 3m 34s                             clipfrac          0.217  │
│                                                     bc                0.000  │
│                                                                              │
│  User Stats                    Value    User Stats                    Value  │
│  episode_return                3.871    damage_dealt                410.266  │
│  damage_received             111.589    episode_length               99.759  │
│  wins                          0.000    wave                         68.000  │
│  idle_ticks                    6.571    brews_used                    4.440  │
│  blood_healed                  0.021    prayer_correct_rate           0.502  │
│  unavoidable_off_praye…        0.075    brews_remaining               7.560  │
│  restores_remaining           10.339    prayer_at_death              91.261  │
│  current_ranged               96.432    current_magic                88.713  │
│  behind_shield_pct             0.334    zuk_hp_remaining            793.874  │
│  min_zuk_hp_seen             794.769    hp_restored                   0.315  │
│  zuk_healer_damage             0.012    deaths_to_jad                 0.070  │
│  episode_return_normal         0.863    wins_normal                   0.000  │
│  min_zuk_hp_normal          1113.451    score_normal                  0.072  │
│  zuk_objective_normal          0.072    phase_reached_normal          0.006  │
│  death_tick_normal            38.456    frac_min_hp_le_300_no…        0.000  │
╰──────────────────────────────────────────────────────────────────────────────╯

[0;0H╭──────────────────────────────────────────────────────────────────────────────╮
│  PufferLib 4.0    🐡              GPU: 0%      VRAM: 0.5/18G      RAM: 1.0G  │
│                                                                              │
│  Summary          Value    Evaluate   299ms  34%    Losses            Value  │
│  Env       osrs_inferno      GPU      248ms  28%    policy           -0.012  │
│  Params          752.1K      Env       51ms   5%    value             0.028  │
│  Steps             1.4M    Train      558ms  65%    entropy           7.712  │
│  SPS             227.4K      Misc       0ms   0%    total            -0.011  │
│  Epoch               21      Forwa…     0ms   0%    old_kl            0.002  │
│  Uptime     0d 0h 0m 6s                             kl                0.002  │
│  Remaini…  0d 0h 3m 33s                             clipfrac          0.226  │
│                                                     bc                0.000  │
│                                                                              │
│  User Stats                    Value    User Stats                    Value  │
│  episode_return                3.877    damage_dealt                411.205  │
│  damage_received             111.695    episode_length               99.895  │
│  wins                          0.000    wave                         68.000  │
│  idle_ticks                    6.150    brews_used                    4.489  │
│  blood_healed                  0.012    prayer_correct_rate           0.500  │
│  unavoidable_off_praye…        0.076    brews_remaining               7.511  │
│  restores_remaining           10.359    prayer_at_death              91.029  │
│  current_ranged               95.754    current_magic                87.990  │
│  behind_shield_pct             0.335    zuk_hp_remaining            793.598  │
│  min_zuk_hp_seen             794.393    hp_restored                   0.237  │
│  zuk_healer_damage             0.011    deaths_to_jad                 0.070  │
│  episode_return_normal         0.921    wins_normal                   0.000  │
│  min_zuk_hp_normal          1107.576    score_normal                  0.077  │
│  zuk_objective_normal          0.077    phase_reached_normal          0.010  │
│  death_tick_normal            39.172    frac_min_hp_le_300_no…        0.000  │
╰──────────────────────────────────────────────────────────────────────────────╯

[0;0H╭──────────────────────────────────────────────────────────────────────────────╮
│  PufferLib 4.0   🐡               GPU: 0%      VRAM: 0.5/18G      RAM: 1.0G  │
│                                                                              │
│  Summary          Value    Evaluate   297ms  34%    Losses            Value  │
│  Env       osrs_inferno      GPU      247ms  28%    policy           -0.005  │
│  Params          752.1K      Env       50ms   5%    value             0.029  │
│  Steps             1.6M    Train      561ms  65%    entropy           7.701  │
│  SPS             227.0K      Misc       0ms   0%    total            -0.003  │
│  Epoch               24      Forwa…     0ms   0%    old_kl            0.002  │
│  Uptime     0d 0h 0m 6s                             kl                0.002  │
│  Remaini…  0d 0h 3m 33s                             clipfrac          0.237  │
│                                                     bc                0.000  │
│                                                                              │
│  User Stats                    Value    User Stats                    Value  │
│  episode_return                3.982    damage_dealt                423.380  │
│  damage_received             112.700    episode_length              101.908  │
│  wins                          0.000    wave                         68.000  │
│  idle_ticks                    5.690    brews_used                    4.536  │
│  blood_healed                  0.019    prayer_correct_rate           0.504  │
│  unavoidable_off_praye…        0.071    brews_remaining               7.464  │
│  restores_remaining           10.329    prayer_at_death              91.056  │
│  current_ranged               96.132    current_magic                88.241  │
│  behind_shield_pct             0.345    zuk_hp_remaining            782.218  │
│  min_zuk_hp_seen             782.958    hp_restored                   0.550  │
│  zuk_healer_damage             0.029    deaths_to_jad                 0.069  │
│  episode_return_normal         0.965    wins_normal                   0.000  │
│  min_zuk_hp_normal          1103.115    score_normal                  0.081  │
│  zuk_objective_normal          0.081    phase_reached_normal          0.012  │
│  death_tick_normal            39.149    frac_min_hp_le_300_no…        0.000  │
╰──────────────────────────────────────────────────────────────────────────────╯

[0;0H╭──────────────────────────────────────────────────────────────────────────────╮
│  PufferLib 4.0  🐡                GPU: 0%      VRAM: 0.5/18G      RAM: 1.0G  │
│                                                                              │
│  Summary          Value    Evaluate   297ms  34%    Losses            Value  │
│  Env       osrs_inferno      GPU      246ms  28%    policy            0.005  │
│  Params          752.1K      Env       50ms   5%    value             0.030  │
│  Steps             1.8M    Train      557ms  65%    entropy           7.622  │
│  SPS             228.5K      Misc       0ms   0%    total             0.008  │
│  Epoch               27      Forwa…     0ms   0%    old_kl            0.002  │
│  Uptime     0d 0h 0m 7s                             kl                0.002  │
│  Remaini…  0d 0h 3m 31s                             clipfrac          0.230  │
│                                                     bc                0.000  │
│                                                                              │
│  User Stats                    Value    User Stats                    Value  │
│  episode_return                3.844    damage_dealt                409.610  │
│  damage_received             108.428    episode_length               98.043  │
│  wins                          0.000    wave                         68.000  │
│  idle_ticks                    5.025    brews_used                    4.385  │
│  blood_healed                  0.006    prayer_correct_rate           0.497  │
│  unavoidable_off_praye…        0.069    brews_remaining               7.615  │
│  restores_remaining           10.372    prayer_at_death              91.309  │
│  current_ranged               96.483    current_magic                88.550  │
│  behind_shield_pct             0.338    zuk_hp_remaining            797.016  │
│  min_zuk_hp_seen             797.522    hp_restored                   0.721  │
│  zuk_healer_damage             0.032    deaths_to_jad                 0.065  │
│  episode_return_normal         0.993    wins_normal                   0.000  │
│  min_zuk_hp_normal          1100.379    score_normal                  0.083  │
│  zuk_objective_normal          0.083    phase_reached_normal          0.015  │
│  death_tick_normal            38.553    frac_min_hp_le_300_no…        0.000  │
╰──────────────────────────────────────────────────────────────────────────────╯

[0;0H╭──────────────────────────────────────────────────────────────────────────────╮
│  PufferLib 4.0 🐡                 GPU: 0%      VRAM: 0.5/18G      RAM: 1.0G  │
│                                                                              │
│  Summary          Value    Evaluate   298ms  34%    Losses            Value  │
│  Env       osrs_inferno      GPU      247ms  28%    policy            0.003  │
│  Params          752.1K      Env       51ms   5%    value             0.031  │
│  Steps             2.0M    Train      556ms  65%    entropy           7.602  │
│  SPS             228.1K      Misc       0ms   0%    total             0.006  │
│  Epoch               30      Forwa…     0ms   0%    old_kl            0.002  │
│  Uptime     0d 0h 0m 8s                             kl                0.002  │
│  Remaini…  0d 0h 3m 30s                             clipfrac          0.229  │
│                                                     bc                0.000  │
│                                                                              │
│  User Stats                    Value    User Stats                    Value  │
│  episode_return                3.917    damage_dealt                419.520  │
│  damage_received             109.989    episode_length               99.707  │
│  wins                          0.000    wave                         68.000  │
│  idle_ticks                    4.826    brews_used                    4.501  │
│  blood_healed                  0.008    prayer_correct_rate           0.499  │
│  unavoidable_off_praye…        0.065    brews_remaining               7.499  │
│  restores_remaining           10.319    prayer_at_death              91.505  │
│  current_ranged               96.351    current_magic                88.456  │
│  behind_shield_pct             0.340    zuk_hp_remaining            789.544  │
│  min_zuk_hp_seen             789.607    hp_restored                   1.008  │
│  zuk_healer_damage             0.066    deaths_to_jad                 0.068  │
│  episode_return_normal         1.036    wins_normal                   0.000  │
│  min_zuk_hp_normal          1096.091    score_normal                  0.087  │
│  zuk_objective_normal          0.087    phase_reached_normal          0.019  │
│  death_tick_normal            39.038    frac_min_hp_le_300_no…        0.000  │
╰──────────────────────────────────────────────────────────────────────────────╯

[0;0H╭──────────────────────────────────────────────────────────────────────────────╮
│  PufferLib 4.0          🐡        GPU: 0%      VRAM: 0.5/18G      RAM: 1.0G  │
│                                                                              │
│  Summary          Value    Evaluate   299ms  34%    Losses            Value  │
│  Env       osrs_inferno      GPU      248ms  28%    policy            0.007  │
│  Params          752.1K      Env       51ms   5%    value             0.031  │
│  Steps             2.2M    Train      558ms  65%    entropy           7.561  │
│  SPS             227.4K      Misc       0ms   0%    total             0.010  │
│  Epoch               33      Forwa…     0ms   0%    old_kl            0.002  │
│  Uptime     0d 0h 0m 9s                             kl                0.002  │
│  Remaini…  0d 0h 3m 30s                             clipfrac          0.230  │
│                                                     bc                0.000  │
│                                                                              │
│  User Stats                    Value    User Stats                    Value  │
│  episode_return                3.942    damage_dealt                423.335  │
│  damage_received             111.340    episode_length               99.961  │
│  wins                          0.000    wave                         68.000  │
│  idle_ticks                    4.463    brews_used                    4.550  │
│  blood_healed                  0.009    prayer_correct_rate           0.500  │
│  unavoidable_off_praye…        0.060    brews_remaining               7.450  │
│  restores_remaining           10.322    prayer_at_death              91.515  │
│  current_ranged               95.888    current_magic                87.947  │
│  behind_shield_pct             0.339    zuk_hp_remaining            786.904  │
│  min_zuk_hp_seen             787.173    hp_restored                   0.929  │
│  zuk_healer_damage             0.051    deaths_to_jad                 0.064  │
│  episode_return_normal         1.085    wins_normal                   0.000  │
│  min_zuk_hp_normal          1091.130    score_normal                  0.091  │
│  zuk_objective_normal          0.091    phase_reached_normal          0.020  │
│  death_tick_normal            39.432    frac_min_hp_le_300_no…        0.000  │
╰──────────────────────────────────────────────────────────────────────────────╯

[0;0H╭──────────────────────────────────────────────────────────────────────────────╮
│  PufferLib 4.0         🐡         GPU: 0%      VRAM: 0.5/18G      RAM: 1.0G  │
│                                                                              │
│  Summary          Value    Evaluate   299ms  34%    Losses            Value  │
│  Env       osrs_inferno      GPU      248ms  28%    policy           -0.005  │
│  Params          752.1K      Env       51ms   5%    value             0.032  │
│  Steps             2.4M    Train      557ms  65%    entropy           7.521  │
│  SPS             227.8K      Misc       0ms   0%    total            -0.001  │
│  Epoch               36      Forwa…     0ms   0%    old_kl            0.002  │
│  Uptime    0d 0h 0m 10s                             kl                0.002  │
│  Remaini…  0d 0h 3m 29s                             clipfrac          0.225  │
│                                                     bc                0.000  │
│                                                                              │
│  User Stats                    Value    User Stats                    Value  │
│  episode_return                3.924    damage_dealt                421.472  │
│  damage_received             110.707    episode_length               99.255  │
│  wins                          0.000    wave                         68.000  │
│  idle_ticks                    4.059    brews_used                    4.531  │
│  blood_healed                  0.010    prayer_correct_rate           0.499  │
│  unavoidable_off_praye…        0.058    brews_remaining               7.469  │
│  restores_remaining           10.316    prayer_at_death              91.700  │
│  current_ranged               95.998    current_magic                88.209  │
│  behind_shield_pct             0.339    zuk_hp_remaining            788.797  │
│  min_zuk_hp_seen             789.156    hp_restored                   0.887  │
│  zuk_healer_damage             0.060    deaths_to_jad                 0.061  │
│  episode_return_normal         1.099    wins_normal                   0.000  │
│  min_zuk_hp_normal          1089.872    score_normal                  0.092  │
│  zuk_objective_normal          0.092    phase_reached_normal          0.019  │
│  death_tick_normal            39.409    frac_min_hp_le_300_no…        0.000  │
╰──────────────────────────────────────────────────────────────────────────────╯

[0;0H╭──────────────────────────────────────────────────────────────────────────────╮
│  PufferLib 4.0        🐡          GPU: 0%      VRAM: 0.5/18G      RAM: 1.0G  │
│                                                                              │
│  Summary          Value    Evaluate   294ms  34%    Losses            Value  │
│  Env       osrs_inferno      GPU      244ms  28%    policy            0.003  │
│  Params          752.1K      Env       50ms   5%    value             0.034  │
│  Steps             2.6M    Train      561ms  65%    entropy           7.482  │
│  SPS             228.0K      Misc       0ms   0%    total             0.008  │
│  Epoch               39      Forwa…     0ms   0%    old_kl            0.002  │
│  Uptime    0d 0h 0m 11s                             kl                0.002  │
│  Remaini…  0d 0h 3m 28s                             clipfrac          0.221  │
│                                                     bc                0.000  │
│                                                                              │
│  User Stats                    Value    User Stats                    Value  │
│  episode_return                4.035    damage_dealt                434.648  │
│  damage_received             112.031    episode_length              101.153  │
│  wins                          0.000    wave                         68.000  │
│  idle_ticks                    3.620    brews_used                    4.604  │
│  blood_healed                  0.005    prayer_correct_rate           0.498  │
│  unavoidable_off_praye…        0.059    brews_remaining               7.396  │
│  restores_remaining           10.250    prayer_at_death              91.803  │
│  current_ranged               96.188    current_magic                88.534  │
│  behind_shield_pct             0.348    zuk_hp_remaining            776.971  │
│  min_zuk_hp_seen             777.856    hp_restored                   0.588  │
│  zuk_healer_damage             0.060    deaths_to_jad                 0.067  │
│  episode_return_normal         1.176    wins_normal                   0.000  │
│  min_zuk_hp_normal          1082.001    score_normal                  0.098  │
│  zuk_objective_normal          0.098    phase_reached_normal          0.030  │
│  death_tick_normal            40.061    frac_min_hp_le_300_no…        0.000  │
╰──────────────────────────────────────────────────────────────────────────────╯

[0;0H╭──────────────────────────────────────────────────────────────────────────────╮
│  PufferLib 4.0       🐡           GPU: 0%      VRAM: 0.5/18G      RAM: 1.0G  │
│                                                                              │
│  Summary          Value    Evaluate   299ms  34%    Losses            Value  │
│  Env       osrs_inferno      GPU      248ms  28%    policy            0.002  │
│  Params          752.1K      Env       50ms   5%    value             0.034  │
│  Steps             2.8M    Train      559ms  65%    entropy           7.413  │
│  SPS             227.3K      Misc       0ms   0%    total             0.008  │
│  Epoch               42      Forwa…     0ms   0%    old_kl            0.002  │
│  Uptime    0d 0h 0m 12s                             kl                0.002  │
│  Remaini…  0d 0h 3m 27s                             clipfrac          0.231  │
│                                                     bc                0.000  │
│                                                                              │
│  User Stats                    Value    User Stats                    Value  │
│  episode_return                3.947    damage_dealt                424.312  │
│  damage_received             109.374    episode_length               98.663  │
│  wins                          0.000    wave                         68.000  │
│  idle_ticks                    3.229    brews_used                    4.484  │
│  blood_healed                  0.001    prayer_correct_rate           0.497  │
│  unavoidable_off_praye…        0.060    brews_remaining               7.516  │
│  restores_remaining           10.315    prayer_at_death              91.794  │
│  current_ranged               96.178    current_magic                88.486  │
│  behind_shield_pct             0.341    zuk_hp_remaining            786.557  │
│  min_zuk_hp_seen             787.478    hp_restored                   0.374  │
│  zuk_healer_damage             0.025    deaths_to_jad                 0.067  │
│  episode_return_normal         1.201    wins_normal                   0.000  │
│  min_zuk_hp_normal          1079.490    score_normal                  0.100  │
│  zuk_objective_normal          0.100    phase_reached_normal          0.027  │
│  death_tick_normal            39.497    frac_min_hp_le_300_no…        0.000  │
╰──────────────────────────────────────────────────────────────────────────────╯

[0;0H╭──────────────────────────────────────────────────────────────────────────────╮
│  PufferLib 4.0      🐡            GPU: 0%      VRAM: 0.5/18G      RAM: 1.0G  │
│                                                                              │
│  Summary          Value    Evaluate   299ms  34%    Losses            Value  │
│  Env       osrs_inferno      GPU      248ms  28%    policy            0.008  │
│  Params          752.1K      Env       51ms   5%    value             0.033  │
│  Steps             2.9M    Train      560ms  65%    entropy           7.381  │
│  SPS             226.9K      Misc       0ms   0%    total             0.013  │
│  Epoch               45      Forwa…     0ms   0%    old_kl            0.002  │
│  Uptime    0d 0h 0m 13s                             kl                0.002  │
│  Remaini…  0d 0h 3m 27s                             clipfrac          0.230  │
│                                                     bc                0.000  │
│                                                                              │
│  User Stats                    Value    User Stats                    Value  │
│  episode_return                4.067    damage_dealt                437.218  │
│  damage_received             113.061    episode_length              100.839  │
│  wins                          0.000    wave                         68.000  │
│  idle_ticks                    3.129    brews_used                    4.683  │
│  blood_healed                  0.001    prayer_correct_rate           0.496  │
│  unavoidable_off_praye…        0.056    brews_remaining               7.317  │
│  restores_remaining           10.219    prayer_at_death              91.883  │
│  current_ranged               95.617    current_magic                88.278  │
│  behind_shield_pct             0.348    zuk_hp_remaining            773.612  │
│  min_zuk_hp_seen             774.963    hp_restored                   0.241  │
│  zuk_healer_damage             0.009    deaths_to_jad                 0.074  │
│  episode_return_normal         1.248    wins_normal                   0.000  │
│  min_zuk_hp_normal          1074.819    score_normal                  0.104  │
│  zuk_objective_normal          0.104    phase_reached_normal          0.033  │
│  death_tick_normal            40.290    frac_min_hp_le_300_no…        0.000  │
╰──────────────────────────────────────────────────────────────────────────────╯

[0;0H╭──────────────────────────────────────────────────────────────────────────────╮
│  PufferLib 4.0     🐡             GPU: 0%      VRAM: 0.5/18G      RAM: 1.0G  │
│                                                                              │
│  Summary          Value    Evaluate   299ms  34%    Losses            Value  │
│  Env       osrs_inferno      GPU      248ms  28%    policy            0.001  │
│  Params          752.1K      Env       51ms   5%    value             0.036  │
│  Steps             3.1M    Train      560ms  65%    entropy           7.295  │
│  SPS             227.1K      Misc       0ms   0%    total             0.008  │
│  Epoch               48      Forwa…     0ms   0%    old_kl            0.002  │
│  Uptime    0d 0h 0m 13s                             kl                0.002  │
│  Remaini…  0d 0h 3m 26s                             clipfrac          0.233  │
│                                                     bc                0.000  │
│                                                                              │
│  User Stats                    Value    User Stats                    Value  │
│  episode_return                4.051    damage_dealt                435.000  │
│  damage_received             112.252    episode_length              100.441  │
│  wins                          0.000    wave                         68.000  │
│  idle_ticks                    2.847    brews_used                    4.622  │
│  blood_healed                  0.003    prayer_correct_rate           0.497  │
│  unavoidable_off_praye…        0.055    brews_remaining               7.378  │
│  restores_remaining           10.237    prayer_at_death              91.861  │
│  current_ranged               95.897    current_magic                88.496  │
│  behind_shield_pct             0.346    zuk_hp_remaining            775.445  │
│  min_zuk_hp_seen             776.755    hp_restored                   0.137  │
│  zuk_healer_damage             0.000    deaths_to_jad                 0.073  │
│  episode_return_normal         1.268    wins_normal                   0.000  │
│  min_zuk_hp_normal          1072.738    score_normal                  0.106  │
│  zuk_objective_normal          0.106    phase_reached_normal          0.034  │
│  death_tick_normal            40.095    frac_min_hp_le_300_no…        0.000  │
╰──────────────────────────────────────────────────────────────────────────────╯

[0;0H╭──────────────────────────────────────────────────────────────────────────────╮
│  PufferLib 4.0    🐡              GPU: 0%      VRAM: 0.5/18G      RAM: 1.0G  │
│                                                                              │
│  Summary          Value    Evaluate   296ms  34%    Losses            Value  │
│  Env       osrs_inferno      GPU      245ms  28%    policy            0.013  │
│  Params          752.1K      Env       50ms   5%    value             0.038  │
│  Steps             3.3M    Train      556ms  65%    entropy           7.242  │
│  SPS             228.8K      Misc       0ms   0%    total             0.021  │
│  Epoch               51      Forwa…     0ms   0%    old_kl            0.002  │
│  Uptime    0d 0h 0m 14s                             kl                0.002  │
│  Remaini…  0d 0h 3m 23s                             clipfrac          0.237  │
│                                                     bc                0.000  │
│                                                                              │
│  User Stats                    Value    User Stats                    Value  │
│  episode_return                3.979    damage_dealt                426.447  │
│  damage_received             111.359    episode_length               98.416  │
│  wins                          0.000    wave                         68.000  │
│  idle_ticks                    2.672    brews_used                    4.622  │
│  blood_healed                  0.003    prayer_correct_rate           0.492  │
│  unavoidable_off_praye…        0.054    brews_remaining               7.378  │
│  restores_remaining           10.259    prayer_at_death              91.646  │
│  current_ranged               95.490    current_magic                88.148  │
│  behind_shield_pct             0.340    zuk_hp_remaining            783.281  │
│  min_zuk_hp_seen             784.548    hp_restored                   0.125  │
│  zuk_healer_damage             0.009    deaths_to_jad                 0.067  │
│  episode_return_normal         1.295    wins_normal                   0.000  │
│  min_zuk_hp_normal          1070.071    score_normal                  0.108  │
│  zuk_objective_normal          0.108    phase_reached_normal          0.045  │
│  death_tick_normal            40.203    frac_min_hp_le_300_no…        0.000  │
╰──────────────────────────────────────────────────────────────────────────────╯

[0;0H╭──────────────────────────────────────────────────────────────────────────────╮
│  PufferLib 4.0   🐡               GPU: 0%      VRAM: 0.5/18G      RAM: 1.0G  │
│                                                                              │
│  Summary          Value    Evaluate   295ms  34%    Losses            Value  │
│  Env       osrs_inferno      GPU      245ms  28%    policy            0.008  │
│  Params          752.1K      Env       50ms   5%    value             0.037  │
│  Steps             3.5M    Train      558ms  65%    entropy           7.250  │
│  SPS             228.5K      Misc       0ms   0%    total             0.015  │
│  Epoch               54      Forwa…     0ms   0%    old_kl            0.002  │
│  Uptime    0d 0h 0m 15s                             kl                0.002  │
│  Remaini…  0d 0h 3m 23s                             clipfrac          0.240  │
│                                                     bc                0.000  │
│                                                                              │
│  User Stats                    Value    User Stats                    Value  │
│  episode_return                3.996    damage_dealt                427.995  │
│  damage_received             111.479    episode_length               99.246  │
│  wins                          0.000    wave                         68.000  │
│  idle_ticks                    2.816    brews_used                    4.617  │
│  blood_healed                  0.002    prayer_correct_rate           0.494  │
│  unavoidable_off_praye…        0.054    brews_remaining               7.383  │
│  restores_remaining           10.230    prayer_at_death              91.683  │
│  current_ranged               95.824    current_magic                88.331  │
│  behind_shield_pct             0.343    zuk_hp_remaining            781.174  │
│  min_zuk_hp_seen             782.615    hp_restored                   0.088  │
│  zuk_healer_damage             0.003    deaths_to_jad                 0.059  │
│  episode_return_normal         1.296    wins_normal                   0.000  │
│  min_zuk_hp_normal          1070.059    score_normal                  0.108  │
│  zuk_objective_normal          0.108    phase_reached_normal          0.036  │
│  death_tick_normal            40.127    frac_min_hp_le_300_no…        0.000  │
╰──────────────────────────────────────────────────────────────────────────────╯

[0;0H╭──────────────────────────────────────────────────────────────────────────────╮
│  PufferLib 4.0  🐡                GPU: 0%      VRAM: 0.5/18G      RAM: 1.0G  │
│                                                                              │
│  Summary          Value    Evaluate   297ms  34%    Losses            Value  │
│  Env       osrs_inferno      GPU      247ms  28%    policy           -0.000  │
│  Params          752.1K      Env       50ms   5%    value             0.037  │
│  Steps             3.7M    Train      560ms  65%    entropy           7.263  │
│  SPS             227.6K      Misc       0ms   0%    total             0.007  │
│  Epoch               57      Forwa…     0ms   0%    old_kl            0.002  │
│  Uptime    0d 0h 0m 16s                             kl                0.002  │
│  Remaini…  0d 0h 3m 23s                             clipfrac          0.249  │
│                                                     bc                0.000  │
│                                                                              │
│  User Stats                    Value    User Stats                    Value  │
│  episode_return                4.045    damage_dealt                433.561  │
│  damage_received             114.120    episode_length              100.518  │
│  wins                          0.000    wave                         68.000  │
│  idle_ticks                    2.867    brews_used                    4.747  │
│  blood_healed                  0.001    prayer_correct_rate           0.491  │
│  unavoidable_off_praye…        0.055    brews_remaining               7.253  │
│  restores_remaining           10.200    prayer_at_death              91.684  │
│  current_ranged               95.255    current_magic                87.924  │
│  behind_shield_pct             0.351    zuk_hp_remaining            775.992  │
│  min_zuk_hp_seen             777.510    hp_restored                   0.067  │
│  zuk_healer_damage             0.000    deaths_to_jad                 0.058  │
│  episode_return_normal         1.343    wins_normal                   0.000  │
│  min_zuk_hp_normal          1065.358    score_normal                  0.112  │
│  zuk_objective_normal          0.112    phase_reached_normal          0.043  │
│  death_tick_normal            40.820    frac_min_hp_le_300_no…        0.000  │
╰──────────────────────────────────────────────────────────────────────────────╯

[0;0H╭──────────────────────────────────────────────────────────────────────────────╮
│  PufferLib 4.0 🐡                 GPU: 0%      VRAM: 0.5/18G      RAM: 1.0G  │
│                                                                              │
│  Summary          Value    Evaluate   297ms  34%    Losses            Value  │
│  Env       osrs_inferno      GPU      248ms  28%    policy            0.006  │
│  Params          752.1K      Env       49ms   5%    value             0.036  │
│  Steps             3.9M    Train      557ms  65%    entropy           7.241  │
│  SPS             228.1K      Misc       0ms   0%    total             0.013  │
│  Epoch               60      Forwa…     0ms   0%    old_kl            0.003  │
│  Uptime    0d 0h 0m 17s                             kl                0.002  │
│  Remaini…  0d 0h 3m 21s                             clipfrac          0.233  │
│                                                     bc                0.000  │
│                                                                              │
│  User Stats                    Value    User Stats                    Value  │
│  episode_return                3.996    damage_dealt                426.561  │
│  damage_received             113.945    episode_length               99.621  │
│  wins                          0.000    wave                         68.000  │
│  idle_ticks                    2.788    brews_used                    4.743  │
│  blood_healed                  0.001    prayer_correct_rate           0.492  │
│  unavoidable_off_praye…        0.055    brews_remaining               7.257  │
│  restores_remaining           10.207    prayer_at_death              91.588  │
│  current_ranged               95.420    current_magic                87.867  │
│  behind_shield_pct             0.345    zuk_hp_remaining            781.264  │
│  min_zuk_hp_seen             782.692    hp_restored                   0.033  │
│  zuk_healer_damage             0.001    deaths_to_jad                 0.050  │
│  episode_return_normal         1.348    wins_normal                   0.000  │
│  min_zuk_hp_normal          1064.855    score_normal                  0.113  │
│  zuk_objective_normal          0.113    phase_reached_normal          0.042  │
│  death_tick_normal            41.093    frac_min_hp_le_300_no…        0.000  │
╰──────────────────────────────────────────────────────────────────────────────╯

[0;0H╭──────────────────────────────────────────────────────────────────────────────╮
│  PufferLib 4.0          🐡        GPU: 0%      VRAM: 0.5/18G      RAM: 1.0G  │
│                                                                              │
│  Summary          Value    Evaluate   296ms  34%    Losses            Value  │
│  Env       osrs_inferno      GPU      246ms  28%    policy            0.010  │
│  Params          752.1K      Env       49ms   5%    value             0.037  │
│  Steps             4.1M    Train      560ms  65%    entropy           7.266  │
│  SPS             227.8K      Misc       0ms   0%    total             0.018  │
│  Epoch               63      Forwa…     0ms   0%    old_kl            0.002  │
│  Uptime    0d 0h 0m 18s                             kl                0.002  │
│  Remaini…  0d 0h 3m 21s                             clipfrac          0.232  │
│                                                     bc                0.000  │
│                                                                              │
│  User Stats                    Value    User Stats                    Value  │
│  episode_return                3.963    damage_dealt                422.397  │
│  damage_received             112.980    episode_length               98.674  │
│  wins                          0.000    wave                         68.000  │
│  idle_ticks                    2.808    brews_used                    4.729  │
│  blood_healed                  0.002    prayer_correct_rate           0.490  │
│  unavoidable_off_praye…        0.052    brews_remaining               7.271  │
│  restores_remaining           10.236    prayer_at_death              91.501  │
│  current_ranged               95.323    current_magic                87.739  │
│  behind_shield_pct             0.346    zuk_hp_remaining            784.698  │
│  min_zuk_hp_seen             786.064    hp_restored                   0.050  │
│  zuk_healer_damage             0.000    deaths_to_jad                 0.045  │
│  episode_return_normal         1.361    wins_normal                   0.000  │
│  min_zuk_hp_normal          1063.484    score_normal                  0.114  │
│  zuk_objective_normal          0.114    phase_reached_normal          0.044  │
│  death_tick_normal            40.822    frac_min_hp_le_300_no…        0.000  │
╰──────────────────────────────────────────────────────────────────────────────╯

[0;0H╭──────────────────────────────────────────────────────────────────────────────╮
│  PufferLib 4.0         🐡         GPU: 0%      VRAM: 0.5/18G      RAM: 1.0G  │
│                                                                              │
│  Summary          Value    Evaluate   297ms  34%    Losses            Value  │
│  Env       osrs_inferno      GPU      247ms  28%    policy            0.006  │
│  Params          752.1K      Env       49ms   5%    value             0.039  │
│  Steps             4.3M    Train      557ms  65%    entropy           7.209  │
│  SPS             228.4K      Misc       0ms   0%    total             0.014  │
│  Epoch               66      Forwa…     0ms   0%    old_kl            0.003  │
│  Uptime    0d 0h 0m 19s                             kl                0.002  │
│  Remaini…  0d 0h 3m 20s                             clipfrac          0.247  │
│                                                     bc                0.000  │
│                                                                              │
│  User Stats                    Value    User Stats                    Value  │
│  episode_return                4.014    damage_dealt                426.835  │
│  damage_received             113.763    episode_length               99.499  │
│  wins                          0.000    wave                         68.000  │
│  idle_ticks                    2.596    brews_used                    4.760  │
│  blood_healed                  0.000    prayer_correct_rate           0.490  │
│  unavoidable_off_praye…        0.054    brews_remaining               7.240  │
│  restores_remaining           10.207    prayer_at_death              91.451  │
│  current_ranged               95.573    current_magic                88.010  │
│  behind_shield_pct             0.350    zuk_hp_remaining            779.249  │
│  min_zuk_hp_seen             780.650    hp_restored                   0.074  │
│  zuk_healer_damage             0.004    deaths_to_jad                 0.044  │
│  episode_return_normal         1.372    wins_normal                   0.000  │
│  min_zuk_hp_normal          1062.378    score_normal                  0.115  │
│  zuk_objective_normal          0.115    phase_reached_normal          0.047  │
│  death_tick_normal            41.069    frac_min_hp_le_300_no…        0.000  │
╰──────────────────────────────────────────────────────────────────────────────╯

[0;0H╭──────────────────────────────────────────────────────────────────────────────╮
│  PufferLib 4.0        🐡          GPU: 0%      VRAM: 0.5/18G      RAM: 1.0G  │
│                                                                              │
│  Summary          Value    Evaluate   297ms  34%    Losses            Value  │
│  Env       osrs_inferno      GPU      247ms  28%    policy           -0.002  │
│  Params          752.1K      Env       50ms   5%    value             0.041  │
│  Steps             4.5M    Train      560ms  65%    entropy           7.182  │
│  SPS             227.5K      Misc       0ms   0%    total             0.007  │
│  Epoch               69      Forwa…     0ms   0%    old_kl            0.003  │
│  Uptime    0d 0h 0m 19s                             kl                0.003  │
│  Remaini…  0d 0h 3m 19s                             clipfrac          0.245  │
│                                                     bc                0.000  │
│                                                                              │
│  User Stats                    Value    User Stats                    Value  │
│  episode_return                3.997    damage_dealt                423.142  │
│  damage_received             113.523    episode_length               98.452  │
│  wins                          0.000    wave                         68.000  │
│  idle_ticks                    2.686    brews_used                    4.796  │
│  blood_healed                  0.002    prayer_correct_rate           0.489  │
│  unavoidable_off_praye…        0.053    brews_remaining               7.204  │
│  restores_remaining           10.206    prayer_at_death              91.337  │
│  current_ranged               95.729    current_magic                88.048  │
│  behind_shield_pct             0.349    zuk_hp_remaining            781.032  │
│  min_zuk_hp_seen             782.686    hp_restored                   0.051  │
│  zuk_healer_damage             0.000    deaths_to_jad                 0.037  │
│  episode_return_normal         1.428    wins_normal                   0.000  │
│  min_zuk_hp_normal          1056.719    score_normal                  0.119  │
│  zuk_objective_normal          0.119    phase_reached_normal          0.061  │
│  death_tick_normal            42.030    frac_min_hp_le_300_no…        0.000  │
╰──────────────────────────────────────────────────────────────────────────────╯

[0;0H╭──────────────────────────────────────────────────────────────────────────────╮
│  PufferLib 4.0       🐡           GPU: 0%      VRAM: 0.5/18G      RAM: 1.0G  │
│                                                                              │
│  Summary          Value    Evaluate   297ms  34%    Losses            Value  │
│  Env       osrs_inferno      GPU      247ms  28%    policy           -0.001  │
│  Params          752.1K      Env       50ms   5%    value             0.044  │
│  Steps             4.7M    Train      559ms  65%    entropy           7.165  │
│  SPS             227.7K      Misc       0ms   0%    total             0.009  │
│  Epoch               72      Forwa…     0ms   0%    old_kl            0.003  │
│  Uptime    0d 0h 0m 20s                             kl                0.003  │
│  Remaini…  0d 0h 3m 18s                             clipfrac          0.253  │
│                                                     bc                0.000  │
│                                                                              │
│  User Stats                    Value    User Stats                    Value  │
│  episode_return                3.949    damage_dealt                417.916  │
│  damage_received             112.744    episode_length               97.016  │
│  wins                          0.000    wave                         68.000  │
│  idle_ticks                    2.683    brews_used                    4.767  │
│  blood_healed                  0.000    prayer_correct_rate           0.488  │
│  unavoidable_off_praye…        0.049    brews_remaining               7.233  │
│  restores_remaining           10.233    prayer_at_death              91.286  │
│  current_ranged               95.668    current_magic                87.968  │
│  behind_shield_pct             0.345    zuk_hp_remaining            786.115  │
│  min_zuk_hp_seen             787.587    hp_restored                   0.094  │
│  zuk_healer_damage             0.004    deaths_to_jad                 0.026  │
│  episode_return_normal         1.430    wins_normal                   0.000  │
│  min_zuk_hp_normal          1056.460    score_normal                  0.120  │
│  zuk_objective_normal          0.120    phase_reached_normal          0.063  │
│  death_tick_normal            41.754    frac_min_hp_le_300_no…        0.000  │
╰──────────────────────────────────────────────────────────────────────────────╯

[0;0H╭──────────────────────────────────────────────────────────────────────────────╮
│  PufferLib 4.0      🐡            GPU: 0%      VRAM: 0.5/18G      RAM: 1.0G  │
│                                                                              │
│  Summary          Value    Evaluate   296ms  34%    Losses            Value  │
│  Env       osrs_inferno      GPU      247ms  28%    policy            0.005  │
│  Params          752.1K      Env       49ms   5%    value             0.043  │
│  Steps             4.9M    Train      558ms  65%    entropy           7.116  │
│  SPS             228.1K      Misc       0ms   0%    total             0.016  │
│  Epoch               75      Forwa…     0ms   0%    old_kl            0.003  │
│  Uptime    0d 0h 0m 21s                             kl                0.003  │
│  Remaini…  0d 0h 3m 17s                             clipfrac          0.254  │
│                                                     bc                0.000  │
│                                                                              │
│  User Stats                    Value    User Stats                    Value  │
│  episode_return                4.030    damage_dealt                425.285  │
│  damage_received             114.026    episode_length               98.788  │
│  wins                          0.000    wave                         68.000  │
│  idle_ticks                    2.536    brews_used                    4.868  │
│  blood_healed                  0.000    prayer_correct_rate           0.489  │
│  unavoidable_off_praye…        0.051    brews_remaining               7.132  │
│  restores_remaining           10.188    prayer_at_death              91.385  │
│  current_ranged               95.649    current_magic                88.051  │
│  behind_shield_pct             0.356    zuk_hp_remaining            777.512  │
│  min_zuk_hp_seen             778.973    hp_restored                   0.062  │
│  zuk_healer_damage             0.004    deaths_to_jad                 0.028  │
│  episode_return_normal         1.466    wins_normal                   0.000  │
│  min_zuk_hp_normal          1052.839    score_normal                  0.123  │
│  zuk_objective_normal          0.123    phase_reached_normal          0.062  │
│  death_tick_normal            42.270    frac_min_hp_le_300_no…        0.000  │
╰──────────────────────────────────────────────────────────────────────────────╯

[0;0H╭──────────────────────────────────────────────────────────────────────────────╮
│  PufferLib 4.0     🐡             GPU: 0%      VRAM: 0.5/18G      RAM: 1.0G  │
│                                                                              │
│  Summary          Value    Evaluate   297ms  34%    Losses            Value  │
│  Env       osrs_inferno      GPU      247ms  28%    policy           -0.016  │
│  Params          752.1K      Env       50ms   5%    value             0.044  │
│  Steps             5.1M    Train      559ms  65%    entropy           7.081  │
│  SPS             227.6K      Misc       0ms   0%    total            -0.005  │
│  Epoch               78      Forwa…     0ms   0%    old_kl            0.002  │
│  Uptime    0d 0h 0m 22s                             kl                0.003  │
│  Remaini…  0d 0h 3m 17s                             clipfrac          0.249  │
│                                                     bc                0.000  │
│                                                                              │
│  User Stats                    Value    User Stats                    Value  │
│  episode_return                3.968    damage_dealt                418.191  │
│  damage_received             113.544    episode_length               97.464  │
│  wins                          0.000    wave                         68.000  │
│  idle_ticks                    2.517    brews_used                    4.837  │
│  blood_healed                  0.000    prayer_correct_rate           0.485  │
│  unavoidable_off_praye…        0.052    brews_remaining               7.163  │
│  restores_remaining           10.204    prayer_at_death              91.223  │
│  current_ranged               95.621    current_magic                88.033  │
│  behind_shield_pct             0.352    zuk_hp_remaining            783.837  │
│  min_zuk_hp_seen             785.681    hp_restored                   0.026  │
│  zuk_healer_damage             0.000    deaths_to_jad                 0.025  │
│  episode_return_normal         1.504    wins_normal                   0.000  │
│  min_zuk_hp_normal          1049.112    score_normal                  0.126  │
│  zuk_objective_normal          0.126    phase_reached_normal          0.072  │
│  death_tick_normal            42.722    frac_min_hp_le_300_no…        0.000  │
╰──────────────────────────────────────────────────────────────────────────────╯

[0;0H╭──────────────────────────────────────────────────────────────────────────────╮
│  PufferLib 4.0    🐡              GPU: 0%      VRAM: 0.5/18G      RAM: 1.0G  │
│                                                                              │
│  Summary          Value    Evaluate   296ms  34%    Losses            Value  │
│  Env       osrs_inferno      GPU      246ms  28%    policy           -0.004  │
│  Params          752.1K      Env       49ms   5%    value             0.042  │
│  Steps             5.3M    Train      558ms  65%    entropy           7.035  │
│  SPS             228.3K      Misc       0ms   0%    total             0.006  │
│  Epoch               81      Forwa…     0ms   0%    old_kl            0.003  │
│  Uptime    0d 0h 0m 23s                             kl                0.003  │
│  Remaini…  0d 0h 3m 15s                             clipfrac          0.258  │
│                                                     bc                0.000  │
│                                                                              │
│  User Stats                    Value    User Stats                    Value  │
│  episode_return                3.945    damage_dealt                416.124  │
│  damage_received             112.793    episode_length               97.416  │
│  wins                          0.000    wave                         68.000  │
│  idle_ticks                    2.356    brews_used                    4.829  │
│  blood_healed                  0.000    prayer_correct_rate           0.488  │
│  unavoidable_off_praye…        0.049    brews_remaining               7.171  │
│  restores_remaining           10.222    prayer_at_death              91.189  │
│  current_ranged               95.483    current_magic                87.905  │
│  behind_shield_pct             0.354    zuk_hp_remaining            786.167  │
│  min_zuk_hp_seen             787.751    hp_restored                   0.040  │
│  zuk_healer_damage             0.001    deaths_to_jad                 0.018  │
│  episode_return_normal         1.487    wins_normal                   0.000  │
│  min_zuk_hp_normal          1050.803    score_normal                  0.124  │
│  zuk_objective_normal          0.124    phase_reached_normal          0.071  │
│  death_tick_normal            42.404    frac_min_hp_le_300_no…        0.000  │
╰──────────────────────────────────────────────────────────────────────────────╯

[0;0H╭──────────────────────────────────────────────────────────────────────────────╮
│  PufferLib 4.0   🐡               GPU: 0%      VRAM: 0.5/18G      RAM: 1.0G  │
│                                                                              │
│  Summary          Value    Evaluate   296ms  34%    Losses            Value  │
│  Env       osrs_inferno      GPU      247ms  28%    policy           -0.010  │
│  Params          752.1K      Env       49ms   5%    value             0.044  │
│  Steps             5.5M    Train      559ms  65%    entropy           6.991  │
│  SPS             228.0K      Misc       0ms   0%    total             0.001  │
│  Epoch               84      Forwa…     0ms   0%    old_kl            0.002  │
│  Uptime    0d 0h 0m 24s                             kl                0.003  │
│  Remaini…  0d 0h 3m 15s                             clipfrac          0.264  │
│                                                     bc                0.000  │
│                                                                              │
│  User Stats                    Value    User Stats                    Value  │
│  episode_return                3.911    damage_dealt                411.707  │
│  damage_received             113.398    episode_length               96.066  │
│  wins                          0.000    wave                         68.000  │
│  idle_ticks                    2.278    brews_used                    4.854  │
│  blood_healed                  0.000    prayer_correct_rate           0.486  │
│  unavoidable_off_praye…        0.049    brews_remaining               7.146  │
│  restores_remaining           10.254    prayer_at_death              90.987  │
│  current_ranged               94.979    current_magic                87.332  │
│  behind_shield_pct             0.347    zuk_hp_remaining            790.198  │
│  min_zuk_hp_seen             791.586    hp_restored                   0.080  │
│  zuk_healer_damage             0.003    deaths_to_jad                 0.017  │
│  episode_return_normal         1.529    wins_normal                   0.000  │
│  min_zuk_hp_normal          1046.555    score_normal                  0.128  │
│  zuk_objective_normal          0.128    phase_reached_normal          0.075  │
│  death_tick_normal            42.651    frac_min_hp_le_300_no…        0.000  │
╰──────────────────────────────────────────────────────────────────────────────╯

[0;0H╭──────────────────────────────────────────────────────────────────────────────╮
│  PufferLib 4.0  🐡                GPU: 0%      VRAM: 0.5/18G      RAM: 1.0G  │
│                                                                              │
│  Summary          Value    Evaluate   293ms  34%    Losses            Value  │
│  Env       osrs_inferno      GPU      244ms  28%    policy            0.018  │
│  Params          752.1K      Env       49ms   5%    value             0.041  │
│  Steps             5.7M    Train      558ms  65%    entropy           7.002  │
│  SPS             229.0K      Misc       0ms   0%    total             0.027  │
│  Epoch               87      Forwa…     0ms   0%    old_kl            0.003  │
│  Uptime    0d 0h 0m 25s                             kl                0.003  │
│  Remaini…  0d 0h 3m 13s                             clipfrac          0.266  │
│                                                     bc                0.000  │
│                                                                              │
│  User Stats                    Value    User Stats                    Value  │
│  episode_return                3.992    damage_dealt                420.832  │
│  damage_received             115.822    episode_length               98.864  │
│  wins                          0.000    wave                         68.000  │
│  idle_ticks                    2.394    brews_used                    4.943  │
│  blood_healed                  0.000    prayer_correct_rate           0.486  │
│  unavoidable_off_praye…        0.049    brews_remaining               7.057  │
│  restores_remaining           10.186    prayer_at_death              91.155  │
│  current_ranged               95.441    current_magic                87.894  │
│  behind_shield_pct             0.359    zuk_hp_remaining            781.219  │
│  min_zuk_hp_seen             782.669    hp_restored                   0.026  │
│  zuk_healer_damage             0.001    deaths_to_jad                 0.013  │
│  episode_return_normal         1.540    wins_normal                   0.000  │
│  min_zuk_hp_normal          1045.444    score_normal                  0.129  │
│  zuk_objective_normal          0.129    phase_reached_normal          0.083  │
│  death_tick_normal            43.573    frac_min_hp_le_300_no…        0.000  │
╰──────────────────────────────────────────────────────────────────────────────╯

[0;0H╭──────────────────────────────────────────────────────────────────────────────╮
│  PufferLib 4.0 🐡                 GPU: 0%      VRAM: 0.5/18G      RAM: 1.0G  │
│                                                                              │
│  Summary          Value    Evaluate   297ms  34%    Losses            Value  │
│  Env       osrs_inferno      GPU      247ms  28%    policy            0.002  │
│  Params          752.1K      Env       50ms   5%    value             0.041  │
│  Steps             5.9M    Train      559ms  65%    entropy           6.996  │
│  SPS             227.6K      Misc       0ms   0%    total             0.011  │
│  Epoch               90      Forwa…     0ms   0%    old_kl            0.003  │
│  Uptime    0d 0h 0m 25s                             kl                0.003  │
│  Remaini…  0d 0h 3m 13s                             clipfrac          0.272  │
│                                                     bc                0.000  │
│                                                                              │
│  User Stats                    Value    User Stats                    Value  │
│  episode_return                3.971    damage_dealt                418.622  │
│  damage_received             117.200    episode_length               98.474  │
│  wins                          0.000    wave                         68.000  │
│  idle_ticks                    2.478    brews_used                    4.991  │
│  blood_healed                  0.000    prayer_correct_rate           0.483  │
│  unavoidable_off_praye…        0.050    brews_remaining               7.009  │
│  restores_remaining           10.147    prayer_at_death              91.311  │
│  current_ranged               95.408    current_magic                88.090  │
│  behind_shield_pct             0.355    zuk_hp_remaining            783.684  │
│  min_zuk_hp_seen             784.991    hp_restored                   0.045  │
│  zuk_healer_damage             0.001    deaths_to_jad                 0.012  │
│  episode_return_normal         1.560    wins_normal                   0.000  │
│  min_zuk_hp_normal          1043.293    score_normal                  0.131  │
│  zuk_objective_normal          0.131    phase_reached_normal          0.086  │
│  death_tick_normal            44.394    frac_min_hp_le_300_no…        0.000  │
╰──────────────────────────────────────────────────────────────────────────────╯

[0;0H╭──────────────────────────────────────────────────────────────────────────────╮
│  PufferLib 4.0          🐡        GPU: 0%      VRAM: 0.5/18G      RAM: 1.0G  │
│                                                                              │
│  Summary          Value    Evaluate   296ms  34%    Losses            Value  │
│  Env       osrs_inferno      GPU      247ms  28%    policy           -0.000  │
│  Params          752.1K      Env       49ms   5%    value             0.040  │
│  Steps             6.1M    Train      560ms  65%    entropy           6.988  │
│  SPS             227.7K      Misc       0ms   0%    total             0.009  │
│  Epoch               93      Forwa…     0ms   0%    old_kl            0.003  │
│  Uptime    0d 0h 0m 26s                             kl                0.003  │
│  Remaini…  0d 0h 3m 12s                             clipfrac          0.264  │
│                                                     bc                0.000  │
│                                                                              │
│  User Stats                    Value    User Stats                    Value  │
│  episode_return                3.897    damage_dealt                411.220  │
│  damage_received             115.546    episode_length               96.983  │
│  wins                          0.000    wave                         68.000  │
│  idle_ticks                    2.466    brews_used                    4.878  │
│  blood_healed                  0.000    prayer_correct_rate           0.480  │
│  unavoidable_off_praye…        0.048    brews_remaining               7.122  │
│  restores_remaining           10.197    prayer_at_death              91.375  │
│  current_ranged               95.464    current_magic                88.048  │
│  behind_shield_pct             0.350    zuk_hp_remaining            791.460  │
│  min_zuk_hp_seen             792.746    hp_restored                   0.039  │
│  zuk_healer_damage             0.010    deaths_to_jad                 0.012  │
│  episode_return_normal         1.544    wins_normal                   0.000  │
│  min_zuk_hp_normal          1045.018    score_normal                  0.129  │
│  zuk_objective_normal          0.129    phase_reached_normal          0.081  │
│  death_tick_normal            43.796    frac_min_hp_le_300_no…        0.000  │
╰──────────────────────────────────────────────────────────────────────────────╯

[0;0H╭──────────────────────────────────────────────────────────────────────────────╮
│  PufferLib 4.0         🐡         GPU: 0%      VRAM: 0.5/18G      RAM: 1.0G  │
│                                                                              │
│  Summary          Value    Evaluate   297ms  34%    Losses            Value  │
│  Env       osrs_inferno      GPU      248ms  28%    policy            0.005  │
│  Params          752.1K      Env       49ms   5%    value             0.039  │
│  Steps             6.3M    Train      559ms  65%    entropy           7.007  │
│  SPS             227.5K      Misc       0ms   0%    total             0.013  │
│  Epoch               96      Forwa…     0ms   0%    old_kl            0.003  │
│  Uptime    0d 0h 0m 27s                             kl                0.003  │
│  Remaini…  0d 0h 3m 12s                             clipfrac          0.273  │
│                                                     bc                0.000  │
│                                                                              │
│  User Stats                    Value    User Stats                    Value  │
│  episode_return                3.965    damage_dealt                418.367  │
│  damage_received             117.842    episode_length               98.638  │
│  wins                          0.000    wave                         68.000  │
│  idle_ticks                    2.573    brews_used                    5.013  │
│  blood_healed                  0.001    prayer_correct_rate           0.480  │
│  unavoidable_off_praye…        0.047    brews_remaining               6.987  │
│  restores_remaining           10.135    prayer_at_death              91.482  │
│  current_ranged               95.457    current_magic                88.175  │
│  behind_shield_pct             0.356    zuk_hp_remaining            784.235  │
│  min_zuk_hp_seen             785.511    hp_restored                   0.039  │
│  zuk_healer_damage             0.000    deaths_to_jad                 0.014  │
│  episode_return_normal         1.576    wins_normal                   0.000  │
│  min_zuk_hp_normal          1041.707    score_normal                  0.132  │
│  zuk_objective_normal          0.132    phase_reached_normal          0.088  │
│  death_tick_normal            44.670    frac_min_hp_le_300_no…        0.000  │
╰──────────────────────────────────────────────────────────────────────────────╯

[0;0H╭──────────────────────────────────────────────────────────────────────────────╮
│  PufferLib 4.0        🐡          GPU: 0%      VRAM: 0.5/18G      RAM: 1.0G  │
│                                                                              │
│  Summary          Value    Evaluate   297ms  34%    Losses            Value  │
│  Env       osrs_inferno      GPU      247ms  28%    policy            0.003  │
│  Params          752.1K      Env       50ms   5%    value             0.037  │
│  Steps             6.5M    Train      556ms  65%    entropy           6.999  │
│  SPS             228.3K      Misc       0ms   0%    total             0.011  │
│  Epoch               99      Forwa…     0ms   0%    old_kl            0.003  │
│  Uptime    0d 0h 0m 28s                             kl                0.003  │
│  Remaini…  0d 0h 3m 10s                             clipfrac          0.275  │
│                                                     bc                0.000  │
│                                                                              │
│  User Stats                    Value    User Stats                    Value  │
│  episode_return                3.929    damage_dealt                414.734  │
│  damage_received             117.982    episode_length               97.748  │
│  wins                          0.000    wave                         68.000  │
│  idle_ticks                    2.550    brews_used                    4.962  │
│  blood_healed                  0.001    prayer_correct_rate           0.479  │
│  unavoidable_off_praye…        0.046    brews_remaining               7.038  │
│  restores_remaining           10.161    prayer_at_death              91.602  │
│  current_ranged               95.467    current_magic                88.231  │
│  behind_shield_pct             0.352    zuk_hp_remaining            788.117  │
│  min_zuk_hp_seen             789.439    hp_restored                   0.036  │
│  zuk_healer_damage             0.001    deaths_to_jad                 0.012  │
│  episode_return_normal         1.569    wins_normal                   0.000  │
│  min_zuk_hp_normal          1042.601    score_normal                  0.131  │
│  zuk_objective_normal          0.131    phase_reached_normal          0.084  │
│  death_tick_normal            44.360    frac_min_hp_le_300_no…        0.000  │
╰──────────────────────────────────────────────────────────────────────────────╯

[0;0H╭──────────────────────────────────────────────────────────────────────────────╮
│  PufferLib 4.0       🐡           GPU: 0%      VRAM: 0.5/18G      RAM: 1.0G  │
│                                                                              │
│  Summary          Value    Evaluate   294ms  34%    Losses            Value  │
│  Env       osrs_inferno      GPU      244ms  28%    policy           -0.001  │
│  Params          752.1K      Env       49ms   5%    value             0.038  │
│  Steps             6.7M    Train      560ms  65%    entropy           6.982  │
│  SPS             228.4K      Misc       0ms   0%    total             0.007  │
│  Epoch              102      Forwa…     0ms   0%    old_kl            0.003  │
│  Uptime    0d 0h 0m 29s                             kl                0.003  │
│  Remaini…   0d 0h 3m 9s                             clipfrac          0.268  │
│                                                     bc                0.000  │
│                                                                              │
│  User Stats                    Value    User Stats                    Value  │
│  episode_return                3.901    damage_dealt                411.774  │
│  damage_received             118.072    episode_length               98.013  │
│  wins                          0.000    wave                         68.000  │
│  idle_ticks                    2.478    brews_used                    4.946  │
│  blood_healed                  0.000    prayer_correct_rate           0.477  │
│  unavoidable_off_praye…        0.051    brews_remaining               7.054  │
│  restores_remaining           10.162    prayer_at_death              91.481  │
│  current_ranged               95.915    current_magic                88.498  │
│  behind_shield_pct             0.355    zuk_hp_remaining            790.669  │
│  min_zuk_hp_seen             791.982    hp_restored                   0.024  │
│  zuk_healer_damage             0.001    deaths_to_jad                 0.013  │
│  episode_return_normal         1.569    wins_normal                   0.000  │
│  min_zuk_hp_normal          1042.418    score_normal                  0.131  │
│  zuk_objective_normal          0.131    phase_reached_normal          0.085  │
│  death_tick_normal            44.915    frac_min_hp_le_300_no…        0.000  │
╰──────────────────────────────────────────────────────────────────────────────╯

[0;0H╭──────────────────────────────────────────────────────────────────────────────╮
│  PufferLib 4.0      🐡            GPU: 0%      VRAM: 0.5/18G      RAM: 1.0G  │
│                                                                              │
│  Summary          Value    Evaluate   298ms  34%    Losses            Value  │
│  Env       osrs_inferno      GPU      248ms  29%    policy            0.018  │
│  Params          752.1K      Env       50ms   5%    value             0.040  │
│  Steps             6.9M    Train      555ms  65%    entropy           6.952  │
│  SPS             228.6K      Misc       0ms   0%    total             0.027  │
│  Epoch              105      Forwa…     0ms   0%    old_kl            0.003  │
│  Uptime    0d 0h 0m 30s                             kl                0.003  │
│  Remaini…   0d 0h 3m 8s                             clipfrac          0.279  │
│                                                     bc                0.000  │
│                                                                              │
│  User Stats                    Value    User Stats                    Value  │
│  episode_return                3.918    damage_dealt                413.454  │
│  damage_received             119.320    episode_length               98.235  │
│  wins                          0.000    wave                         68.000  │
│  idle_ticks                    2.423    brews_used                    5.000  │
│  blood_healed                  0.000    prayer_correct_rate           0.477  │
│  unavoidable_off_praye…        0.051    brews_remaining               7.000  │
│  restores_remaining           10.141    prayer_at_death              91.441  │
│  current_ranged               95.665    current_magic                88.361  │
│  behind_shield_pct             0.354    zuk_hp_remaining            788.893  │
│  min_zuk_hp_seen             790.209    hp_restored                   0.025  │
│  zuk_healer_damage             0.000    deaths_to_jad                 0.014  │
│  episode_return_normal         1.602    wins_normal                   0.000  │
│  min_zuk_hp_normal          1039.045    score_normal                  0.134  │
│  zuk_objective_normal          0.134    phase_reached_normal          0.098  │
│  death_tick_normal            45.461    frac_min_hp_le_300_no…        0.000  │
╰──────────────────────────────────────────────────────────────────────────────╯

[0;0H╭──────────────────────────────────────────────────────────────────────────────╮
│  PufferLib 4.0     🐡             GPU: 0%      VRAM: 0.5/18G      RAM: 1.0G  │
│                                                                              │
│  Summary          Value    Evaluate   297ms  34%    Losses            Value  │
│  Env       osrs_inferno      GPU      247ms  28%    policy           -0.013  │
│  Params          752.1K      Env       50ms   5%    value             0.038  │
│  Steps             7.1M    Train      557ms  65%    entropy           6.877  │
│  SPS             228.3K      Misc       0ms   0%    total            -0.004  │
│  Epoch              108      Forwa…     0ms   0%    old_kl            0.003  │
│  Uptime    0d 0h 0m 31s                             kl                0.003  │
│  Remaini…   0d 0h 3m 8s                             clipfrac          0.282  │
│                                                     bc                0.000  │
│                                                                              │
│  User Stats                    Value    User Stats                    Value  │
│  episode_return                3.935    damage_dealt                415.379  │
│  damage_received             118.621    episode_length               97.961  │
│  wins                          0.000    wave                         68.000  │
│  idle_ticks                    2.197    brews_used                    4.913  │
│  blood_healed                  0.000    prayer_correct_rate           0.478  │
│  unavoidable_off_praye…        0.052    brews_remaining               7.087  │
│  restores_remaining           10.156    prayer_at_death              91.407  │
│  current_ranged               96.050    current_magic                88.660  │
│  behind_shield_pct             0.354    zuk_hp_remaining            787.061  │
│  min_zuk_hp_seen             788.492    hp_restored                   0.068  │
│  zuk_healer_damage             0.003    deaths_to_jad                 0.016  │
│  episode_return_normal         1.637    wins_normal                   0.000  │
│  min_zuk_hp_normal          1035.467    score_normal                  0.137  │
│  zuk_objective_normal          0.137    phase_reached_normal          0.103  │
│  death_tick_normal            45.270    frac_min_hp_le_300_no…        0.000  │
╰──────────────────────────────────────────────────────────────────────────────╯

[0;0H╭──────────────────────────────────────────────────────────────────────────────╮
│  PufferLib 4.0    🐡              GPU: 0%      VRAM: 0.5/18G      RAM: 1.0G  │
│                                                                              │
│  Summary          Value    Evaluate   298ms  34%    Losses            Value  │
│  Env       osrs_inferno      GPU      248ms  28%    policy            0.003  │
│  Params          752.1K      Env       50ms   5%    value             0.040  │
│  Steps             7.3M    Train      560ms  65%    entropy           6.848  │
│  SPS             227.3K      Misc       0ms   0%    total             0.013  │
│  Epoch              111      Forwa…     0ms   0%    old_kl            0.003  │
│  Uptime    0d 0h 0m 31s                             kl                0.003  │
│  Remaini…   0d 0h 3m 7s                             clipfrac          0.289  │
│                                                     bc                0.000  │
│                                                                              │
│  User Stats                    Value    User Stats                    Value  │
│  episode_return                3.955    damage_dealt                417.354  │
│  damage_received             118.840    episode_length               98.490  │
│  wins                          0.000    wave                         68.000  │
│  idle_ticks                    2.081    brews_used                    4.890  │
│  blood_healed                  0.000    prayer_correct_rate           0.477  │
│  unavoidable_off_praye…        0.053    brews_remaining               7.110  │
│  restores_remaining           10.157    prayer_at_death              91.254  │
│  current_ranged               96.260    current_magic                88.757  │
│  behind_shield_pct             0.357    zuk_hp_remaining            784.680  │
│  min_zuk_hp_seen             786.239    hp_restored                   0.044  │
│  zuk_healer_damage             0.000    deaths_to_jad                 0.015  │
│  episode_return_normal         1.636    wins_normal                   0.000  │
│  min_zuk_hp_normal          1035.761    score_normal                  0.137  │
│  zuk_objective_normal          0.137    phase_reached_normal          0.100  │
│  death_tick_normal            45.012    frac_min_hp_le_300_no…        0.000  │
╰──────────────────────────────────────────────────────────────────────────────╯

[0;0H╭──────────────────────────────────────────────────────────────────────────────╮
│  PufferLib 4.0   🐡               GPU: 0%      VRAM: 0.5/18G      RAM: 1.0G  │
│                                                                              │
│  Summary          Value    Evaluate   298ms  34%    Losses            Value  │
│  Env       osrs_inferno      GPU      247ms  28%    policy            0.001  │
│  Params          752.1K      Env       50ms   5%    value             0.042  │
│  Steps             7.5M    Train      559ms  65%    entropy           6.805  │
│  SPS             227.7K      Misc       0ms   0%    total             0.012  │
│  Epoch              114      Forwa…     0ms   0%    old_kl            0.004  │
│  Uptime    0d 0h 0m 32s                             kl                0.003  │
│  Remaini…   0d 0h 3m 6s                             clipfrac          0.292  │
│                                                     bc                0.000  │
│                                                                              │
│  User Stats                    Value    User Stats                    Value  │
│  episode_return                3.919    damage_dealt                413.815  │
│  damage_received             116.730    episode_length               97.502  │
│  wins                          0.000    wave                         68.000  │
│  idle_ticks                    2.033    brews_used                    4.789  │
│  blood_healed                  0.000    prayer_correct_rate           0.473  │
│  unavoidable_off_praye…        0.054    brews_remaining               7.211  │
│  restores_remaining           10.151    prayer_at_death              91.390  │
│  current_ranged               96.808    current_magic                89.247  │
│  behind_shield_pct             0.358    zuk_hp_remaining            788.431  │
│  min_zuk_hp_seen             789.872    hp_restored                   0.082  │
│  zuk_healer_damage             0.001    deaths_to_jad                 0.013  │
│  episode_return_normal         1.643    wins_normal                   0.000  │
│  min_zuk_hp_normal          1034.884    score_normal                  0.138  │
│  zuk_objective_normal          0.138    phase_reached_normal          0.120  │
│  death_tick_normal            44.854    frac_min_hp_le_300_no…        0.000  │
╰──────────────────────────────────────────────────────────────────────────────╯

[0;0H╭──────────────────────────────────────────────────────────────────────────────╮
│  PufferLib 4.0  🐡                GPU: 0%      VRAM: 0.5/18G      RAM: 1.0G  │
│                                                                              │
│  Summary          Value    Evaluate   295ms  34%    Losses            Value  │
│  Env       osrs_inferno      GPU      245ms  28%    policy           -0.000  │
│  Params          752.1K      Env       50ms   5%    value             0.044  │
│  Steps             7.7M    Train      557ms  65%    entropy           6.770  │
│  SPS             228.8K      Misc       0ms   0%    total             0.011  │
│  Epoch              117      Forwa…     0ms   0%    old_kl            0.004  │
│  Uptime    0d 0h 0m 33s                             kl                0.003  │
│  Remaini…   0d 0h 3m 5s                             clipfrac          0.285  │
│                                                     bc                0.000  │
│                                                                              │
│  User Stats                    Value    User Stats                    Value  │
│  episode_return                3.911    damage_dealt                413.324  │
│  damage_received             116.870    episode_length               97.072  │
│  wins                          0.000    wave                         68.000  │
│  idle_ticks                    2.113    brews_used                    4.805  │
│  blood_healed                  0.001    prayer_correct_rate           0.475  │
│  unavoidable_off_praye…        0.051    brews_remaining               7.195  │
│  restores_remaining           10.163    prayer_at_death              91.326  │
│  current_ranged               96.540    current_magic                88.937  │
│  behind_shield_pct             0.354    zuk_hp_remaining            789.312  │
│  min_zuk_hp_seen             790.815    hp_restored                   0.079  │
│  zuk_healer_damage             0.001    deaths_to_jad                 0.012  │
│  episode_return_normal         1.660    wins_normal                   0.000  │
│  min_zuk_hp_normal          1033.152    score_normal                  0.139  │
│  zuk_objective_normal          0.139    phase_reached_normal          0.117  │
│  death_tick_normal            44.946    frac_min_hp_le_300_no…        0.000  │
╰──────────────────────────────────────────────────────────────────────────────╯

[0;0H╭──────────────────────────────────────────────────────────────────────────────╮
│  PufferLib 4.0 🐡                 GPU: 0%      VRAM: 0.5/18G      RAM: 1.0G  │
│                                                                              │
│  Summary          Value    Evaluate   297ms  34%    Losses            Value  │
│  Env       osrs_inferno      GPU      246ms  28%    policy           -0.001  │
│  Params          752.1K      Env       50ms   5%    value             0.050  │
│  Steps             7.9M    Train      561ms  65%    entropy           6.748  │
│  SPS             227.3K      Misc       0ms   0%    total             0.013  │
│  Epoch              120      Forwa…     0ms   0%    old_kl            0.004  │
│  Uptime    0d 0h 0m 34s                             kl                0.004  │
│  Remaini…   0d 0h 3m 5s                             clipfrac          0.294  │
│                                                     bc                0.000  │
│                                                                              │
│  User Stats                    Value    User Stats                    Value  │
│  episode_return                3.969    damage_dealt                418.789  │
│  damage_received             118.366    episode_length               97.628  │
│  wins                          0.000    wave                         68.000  │
│  idle_ticks                    2.125    brews_used                    4.904  │
│  blood_healed                  0.000    prayer_correct_rate           0.473  │
│  unavoidable_off_praye…        0.050    brews_remaining               7.096  │
│  restores_remaining           10.134    prayer_at_death              91.366  │
│  current_ranged               96.201    current_magic                88.690  │
│  behind_shield_pct             0.357    zuk_hp_remaining            783.170  │
│  min_zuk_hp_seen             784.754    hp_restored                   0.084  │
│  zuk_healer_damage             0.004    deaths_to_jad                 0.017  │
│  episode_return_normal         1.727    wins_normal                   0.000  │
│  min_zuk_hp_normal          1026.277    score_normal                  0.145  │
│  zuk_objective_normal          0.145    phase_reached_normal          0.136  │
│  death_tick_normal            45.866    frac_min_hp_le_300_no…        0.000  │
╰──────────────────────────────────────────────────────────────────────────────╯

[0;0H╭──────────────────────────────────────────────────────────────────────────────╮
│  PufferLib 4.0          🐡        GPU: 0%      VRAM: 0.5/18G      RAM: 1.0G  │
│                                                                              │
│  Summary          Value    Evaluate   298ms  34%    Losses            Value  │
│  Env       osrs_inferno      GPU      247ms  28%    policy            0.004  │
│  Params          752.1K      Env       50ms   5%    value             0.049  │
│  Steps             8.1M    Train      556ms  65%    entropy           6.718  │
│  SPS             228.3K      Misc       0ms   0%    total             0.018  │
│  Epoch              123      Forwa…     0ms   0%    old_kl            0.005  │
│  Uptime    0d 0h 0m 35s                             kl                0.004  │
│  Remaini…   0d 0h 3m 3s                             clipfrac          0.301  │
│                                                     bc                0.000  │
│                                                                              │
│  User Stats                    Value    User Stats                    Value  │
│  episode_return                3.885    damage_dealt                410.836  │
│  damage_received             115.857    episode_length               95.925  │
│  wins                          0.000    wave                         68.000  │
│  idle_ticks                    2.094    brews_used                    4.782  │
│  blood_healed                  0.000    prayer_correct_rate           0.470  │
│  unavoidable_off_praye…        0.051    brews_remaining               7.218  │
│  restores_remaining           10.180    prayer_at_death              91.258  │
│  current_ranged               96.146    current_magic                88.616  │
│  behind_shield_pct             0.353    zuk_hp_remaining            791.759  │
│  min_zuk_hp_seen             793.419    hp_restored                   0.040  │
│  zuk_healer_damage             0.000    deaths_to_jad                 0.015  │
│  episode_return_normal         1.689    wins_normal                   0.000  │
│  min_zuk_hp_normal          1030.014    score_normal                  0.142  │
│  zuk_objective_normal          0.142    phase_reached_normal          0.134  │
│  death_tick_normal            45.406    frac_min_hp_le_300_no…        0.000  │
╰──────────────────────────────────────────────────────────────────────────────╯

[0;0H╭──────────────────────────────────────────────────────────────────────────────╮
│  PufferLib 4.0         🐡         GPU: 0%      VRAM: 0.5/18G      RAM: 1.0G  │
│                                                                              │
│  Summary          Value    Evaluate   298ms  34%    Losses            Value  │
│  Env       osrs_inferno      GPU      248ms  28%    policy            0.009  │
│  Params          752.1K      Env       50ms   5%    value             0.047  │
│  Steps             8.3M    Train      559ms  65%    entropy           6.719  │
│  SPS             227.4K      Misc       0ms   0%    total             0.022  │
│  Epoch              126      Forwa…     0ms   0%    old_kl            0.004  │
│  Uptime    0d 0h 0m 36s                             kl                0.004  │
│  Remaini…   0d 0h 3m 3s                             clipfrac          0.298  │
│                                                     bc                0.000  │
│                                                                              │
│  User Stats                    Value    User Stats                    Value  │
│  episode_return                3.923    damage_dealt                414.943  │
│  damage_received             116.254    episode_length               96.642  │
│  wins                          0.000    wave                         68.000  │
│  idle_ticks                    2.101    brews_used                    4.831  │
│  blood_healed                  0.000    prayer_correct_rate           0.470  │
│  unavoidable_off_praye…        0.049    brews_remaining               7.169  │
│  restores_remaining           10.153    prayer_at_death              91.373  │
│  current_ranged               96.013    current_magic                88.626  │
│  behind_shield_pct             0.359    zuk_hp_remaining            787.675  │
│  min_zuk_hp_seen             789.233    hp_restored                   0.025  │
│  zuk_healer_damage             0.001    deaths_to_jad                 0.014  │
│  episode_return_normal         1.708    wins_normal                   0.000  │
│  min_zuk_hp_normal          1028.004    score_normal                  0.143  │
│  zuk_objective_normal          0.143    phase_reached_normal          0.140  │
│  death_tick_normal            45.684    frac_min_hp_le_300_no…        0.000  │
╰──────────────────────────────────────────────────────────────────────────────╯

[0;0H╭──────────────────────────────────────────────────────────────────────────────╮
│  PufferLib 4.0        🐡          GPU: 0%      VRAM: 0.5/18G      RAM: 1.0G  │
│                                                                              │
│  Summary          Value    Evaluate   296ms  34%    Losses            Value  │
│  Env       osrs_inferno      GPU      245ms  28%    policy            0.006  │
│  Params          752.1K      Env       50ms   5%    value             0.046  │
│  Steps             8.5M    Train      562ms  65%    entropy           6.692  │
│  SPS             227.3K      Misc       0ms   0%    total             0.018  │
│  Epoch              129      Forwa…     0ms   0%    old_kl            0.005  │
│  Uptime    0d 0h 0m 37s                             kl                0.004  │
│  Remaini…   0d 0h 3m 2s                             clipfrac          0.302  │
│                                                     bc                0.000  │
│                                                                              │
│  User Stats                    Value    User Stats                    Value  │
│  episode_return                3.883    damage_dealt                410.513  │
│  damage_received             115.313    episode_length               95.701  │
│  wins                          0.000    wave                         68.000  │
│  idle_ticks                    2.014    brews_used                    4.772  │
│  blood_healed                  0.000    prayer_correct_rate           0.471  │
│  unavoidable_off_praye…        0.050    brews_remaining               7.228  │
│  restores_remaining           10.187    prayer_at_death              91.463  │
│  current_ranged               95.912    current_magic                88.563  │
│  behind_shield_pct             0.352    zuk_hp_remaining            792.075  │
│  min_zuk_hp_seen             793.531    hp_restored                   0.074  │
│  zuk_healer_damage             0.001    deaths_to_jad                 0.014  │
│  episode_return_normal         1.715    wins_normal                   0.000  │
│  min_zuk_hp_normal          1027.378    score_normal                  0.144  │
│  zuk_objective_normal          0.144    phase_reached_normal          0.139  │
│  death_tick_normal            45.671    frac_min_hp_le_300_no…        0.000  │
╰──────────────────────────────────────────────────────────────────────────────╯

[0;0H╭──────────────────────────────────────────────────────────────────────────────╮
│  PufferLib 4.0       🐡           GPU: 0%      VRAM: 0.5/18G      RAM: 1.0G  │
│                                                                              │
│  Summary          Value    Evaluate   296ms  34%    Losses            Value  │
│  Env       osrs_inferno      GPU      246ms  28%    policy           -0.000  │
│  Params          752.1K      Env       49ms   5%    value             0.045  │
│  Steps             8.7M    Train      560ms  65%    entropy           6.688  │
│  SPS             227.7K      Misc       0ms   0%    total             0.012  │
│  Epoch              132      Forwa…     0ms   0%    old_kl            0.003  │
│  Uptime    0d 0h 0m 38s                             kl                0.004  │
│  Remaini…   0d 0h 3m 1s                             clipfrac          0.303  │
│                                                     bc                0.000  │
│                                                                              │
│  User Stats                    Value    User Stats                    Value  │
│  episode_return                3.921    damage_dealt                414.708  │
│  damage_received             115.708    episode_length               96.408  │
│  wins                          0.000    wave                         68.000  │
│  idle_ticks                    2.042    brews_used                    4.776  │
│  blood_healed                  0.000    prayer_correct_rate           0.475  │
│  unavoidable_off_praye…        0.051    brews_remaining               7.224  │
│  restores_remaining           10.193    prayer_at_death              91.200  │
│  current_ranged               95.956    current_magic                88.454  │
│  behind_shield_pct             0.352    zuk_hp_remaining            788.389  │
│  min_zuk_hp_seen             789.616    hp_restored                   0.087  │
│  zuk_healer_damage             0.002    deaths_to_jad                 0.013  │
│  episode_return_normal         1.705    wins_normal                   0.000  │
│  min_zuk_hp_normal          1028.308    score_normal                  0.143  │
│  zuk_objective_normal          0.143    phase_reached_normal          0.141  │
│  death_tick_normal            45.520    frac_min_hp_le_300_no…        0.000  │
╰──────────────────────────────────────────────────────────────────────────────╯

[0;0H╭──────────────────────────────────────────────────────────────────────────────╮
│  PufferLib 4.0      🐡            GPU: 0%      VRAM: 0.5/18G      RAM: 1.0G  │
│                                                                              │
│  Summary          Value    Evaluate   298ms  34%    Losses            Value  │
│  Env       osrs_inferno      GPU      247ms  28%    policy            0.003  │
│  Params          752.1K      Env       50ms   5%    value             0.047  │
│  Steps             8.8M    Train      557ms  65%    entropy           6.684  │
│  SPS             228.1K      Misc       0ms   0%    total             0.017  │
│  Epoch              135      Forwa…     0ms   0%    old_kl            0.004  │
│  Uptime    0d 0h 0m 38s                             kl                0.005  │
│  Remaini…   0d 0h 3m 0s                             clipfrac          0.310  │
│                                                     bc                0.000  │
│                                                                              │
│  User Stats                    Value    User Stats                    Value  │
│  episode_return                3.999    damage_dealt                422.606  │
│  damage_received             117.126    episode_length               97.627  │
│  wins                          0.000    wave                         68.000  │
│  idle_ticks                    2.110    brews_used                    4.828  │
│  blood_healed                  0.001    prayer_correct_rate           0.475  │
│  unavoidable_off_praye…        0.053    brews_remaining               7.172  │
│  restores_remaining           10.168    prayer_at_death              91.147  │
│  current_ranged               96.266    current_magic                88.703  │
│  behind_shield_pct             0.355    zuk_hp_remaining            780.293  │
│  min_zuk_hp_seen             781.522    hp_restored                   0.106  │
│  zuk_healer_damage             0.003    deaths_to_jad                 0.016  │
│  episode_return_normal         1.771    wins_normal                   0.000  │
│  min_zuk_hp_normal          1021.675    score_normal                  0.149  │
│  zuk_objective_normal          0.149    phase_reached_normal          0.158  │
│  death_tick_normal            46.358    frac_min_hp_le_300_no…        0.000  │
╰──────────────────────────────────────────────────────────────────────────────╯

[0;0H╭──────────────────────────────────────────────────────────────────────────────╮
│  PufferLib 4.0     🐡             GPU: 0%      VRAM: 0.5/18G      RAM: 1.0G  │
│                                                                              │
│  Summary          Value    Evaluate   298ms  34%    Losses            Value  │
│  Env       osrs_inferno      GPU      248ms  29%    policy            0.005  │
│  Params          752.1K      Env       50ms   5%    value             0.051  │
│  Steps             9.0M    Train      556ms  65%    entropy           6.661  │
│  SPS             228.3K      Misc       0ms   0%    total             0.020  │
│  Epoch              138      Forwa…     0ms   0%    old_kl            0.005  │
│  Uptime    0d 0h 0m 39s                             kl                0.005  │
│  Remaini…  0d 0h 2m 59s                             clipfrac          0.321  │
│                                                     bc                0.000  │
│                                                                              │
│  User Stats                    Value    User Stats                    Value  │
│  episode_return                3.947    damage_dealt                416.835  │
│  damage_received             116.058    episode_length               96.570  │
│  wins                          0.000    wave                         68.000  │
│  idle_ticks                    2.121    brews_used                    4.786  │
│  blood_healed                  0.000    prayer_correct_rate           0.473  │
│  unavoidable_off_praye…        0.053    brews_remaining               7.214  │
│  restores_remaining           10.167    prayer_at_death              91.225  │
│  current_ranged               96.468    current_magic                88.799  │
│  behind_shield_pct             0.353    zuk_hp_remaining            785.851  │
│  min_zuk_hp_seen             786.879    hp_restored                   0.139  │
│  zuk_healer_damage             0.003    deaths_to_jad                 0.012  │
│  episode_return_normal         1.754    wins_normal                   0.000  │
│  min_zuk_hp_normal          1023.211    score_normal                  0.147  │
│  zuk_objective_normal          0.147    phase_reached_normal          0.155  │
│  death_tick_normal            46.372    frac_min_hp_le_300_no…        0.000  │
╰──────────────────────────────────────────────────────────────────────────────╯

[0;0H╭──────────────────────────────────────────────────────────────────────────────╮
│  PufferLib 4.0    🐡              GPU: 0%      VRAM: 0.5/18G      RAM: 1.0G  │
│                                                                              │
│  Summary          Value    Evaluate   297ms  34%    Losses            Value  │
│  Env       osrs_inferno      GPU      247ms  28%    policy           -0.001  │
│  Params          752.1K      Env       50ms   5%    value             0.051  │
│  Steps             9.2M    Train      558ms  65%    entropy           6.658  │
│  SPS             227.9K      Misc       0ms   0%    total             0.014  │
│  Epoch              141      Forwa…     0ms   0%    old_kl            0.004  │
│  Uptime    0d 0h 0m 40s                             kl                0.005  │
│  Remaini…  0d 0h 2m 58s                             clipfrac          0.315  │
│                                                     bc                0.000  │
│                                                                              │
│  User Stats                    Value    User Stats                    Value  │
│  episode_return                3.942    damage_dealt                416.882  │
│  damage_received             115.898    episode_length               96.779  │
│  wins                          0.000    wave                         68.000  │
│  idle_ticks                    2.165    brews_used                    4.771  │
│  blood_healed                  0.001    prayer_correct_rate           0.472  │
│  unavoidable_off_praye…        0.051    brews_remaining               7.229  │
│  restores_remaining           10.190    prayer_at_death              91.154  │
│  current_ranged               96.777    current_magic                88.991  │
│  behind_shield_pct             0.354    zuk_hp_remaining            785.863  │
│  min_zuk_hp_seen             787.099    hp_restored                   0.162  │
│  zuk_healer_damage             0.007    deaths_to_jad                 0.013  │
│  episode_return_normal         1.748    wins_normal                   0.000  │
│  min_zuk_hp_normal          1023.804    score_normal                  0.147  │
│  zuk_objective_normal          0.147    phase_reached_normal          0.162  │
│  death_tick_normal            46.359    frac_min_hp_le_300_no…        0.000  │
╰──────────────────────────────────────────────────────────────────────────────╯

[0;0H╭──────────────────────────────────────────────────────────────────────────────╮
│  PufferLib 4.0   🐡               GPU: 0%      VRAM: 0.5/18G      RAM: 1.0G  │
│                                                                              │
│  Summary          Value    Evaluate   295ms  34%    Losses            Value  │
│  Env       osrs_inferno      GPU      246ms  28%    policy           -0.006  │
│  Params          752.1K      Env       49ms   5%    value             0.052  │
│  Steps             9.4M    Train      560ms  65%    entropy           6.625  │
│  SPS             228.1K      Misc       0ms   0%    total             0.010  │
│  Epoch              144      Forwa…     0ms   0%    old_kl            0.005  │
│  Uptime    0d 0h 0m 41s                             kl                0.005  │
│  Remaini…  0d 0h 2m 57s                             clipfrac          0.316  │
│                                                     bc                0.000  │
│                                                                              │
│  User Stats                    Value    User Stats                    Value  │
│  episode_return                3.879    damage_dealt                409.916  │
│  damage_received             115.281    episode_length               95.245  │
│  wins                          0.000    wave                         68.000  │
│  idle_ticks                    2.030    brews_used                    4.718  │
│  blood_healed                  0.000    prayer_correct_rate           0.470  │
│  unavoidable_off_praye…        0.051    brews_remaining               7.282  │
│  restores_remaining           10.209    prayer_at_death              91.186  │
│  current_ranged               97.108    current_magic                89.167  │
│  behind_shield_pct             0.347    zuk_hp_remaining            793.068  │
│  min_zuk_hp_seen             794.097    hp_restored                   0.164  │
│  zuk_healer_damage             0.008    deaths_to_jad                 0.009  │
│  episode_return_normal         1.773    wins_normal                   0.000  │
│  min_zuk_hp_normal          1021.071    score_normal                  0.149  │
│  zuk_objective_normal          0.149    phase_reached_normal          0.170  │
│  death_tick_normal            46.812    frac_min_hp_le_300_no…        0.000  │
╰──────────────────────────────────────────────────────────────────────────────╯

[0;0H╭──────────────────────────────────────────────────────────────────────────────╮
│  PufferLib 4.0  🐡                GPU: 0%      VRAM: 0.5/18G      RAM: 1.0G  │
│                                                                              │
│  Summary          Value    Evaluate   298ms  34%    Losses            Value  │
│  Env       osrs_inferno      GPU      247ms  28%    policy           -0.006  │
│  Params          752.1K      Env       50ms   5%    value             0.051  │
│  Steps             9.6M    Train      558ms  65%    entropy           6.556  │
│  SPS             227.7K      Misc       0ms   0%    total             0.010  │
│  Epoch              147      Forwa…     0ms   0%    old_kl            0.005  │
│  Uptime    0d 0h 0m 42s                             kl                0.005  │
│  Remaini…  0d 0h 2m 57s                             clipfrac          0.328  │
│                                                     bc                0.000  │
│                                                                              │
│  User Stats                    Value    User Stats                    Value  │
│  episode_return                3.917    damage_dealt                413.661  │
│  damage_received             116.249    episode_length               95.696  │
│  wins                          0.000    wave                         68.000  │
│  idle_ticks                    1.991    brews_used                    4.738  │
│  blood_healed                  0.000    prayer_correct_rate           0.469  │
│  unavoidable_off_praye…        0.049    brews_remaining               7.262  │
│  restores_remaining           10.178    prayer_at_death              91.391  │
│  current_ranged               97.337    current_magic                89.438  │
│  behind_shield_pct             0.350    zuk_hp_remaining            788.905  │
│  min_zuk_hp_seen             789.919    hp_restored                   0.137  │
│  zuk_healer_damage             0.006    deaths_to_jad                 0.011  │
│  episode_return_normal         1.805    wins_normal                   0.000  │
│  min_zuk_hp_normal          1017.909    score_normal                  0.152  │
│  zuk_objective_normal          0.152    phase_reached_normal          0.181  │
│  death_tick_normal            46.865    frac_min_hp_le_300_no…        0.000  │
╰──────────────────────────────────────────────────────────────────────────────╯

[0;0H╭──────────────────────────────────────────────────────────────────────────────╮
│  PufferLib 4.0 🐡                 GPU: 0%      VRAM: 0.5/18G      RAM: 1.0G  │
│                                                                              │
│  Summary          Value    Evaluate   296ms  34%    Losses            Value  │
│  Env       osrs_inferno      GPU      246ms  28%    policy            0.009  │
│  Params          752.1K      Env       50ms   5%    value             0.048  │
│  Steps             9.8M    Train      559ms  65%    entropy           6.504  │
│  SPS             227.9K      Misc       0ms   0%    total             0.022  │
│  Epoch              150      Forwa…     0ms   0%    old_kl            0.005  │
│  Uptime    0d 0h 0m 43s                             kl                0.005  │
│  Remaini…  0d 0h 2m 56s                             clipfrac          0.324  │
│                                                     bc                0.000  │
│                                                                              │
│  User Stats                    Value    User Stats                    Value  │
│  episode_return                4.018    damage_dealt                423.826  │
│  damage_received             117.445    episode_length               97.300  │
│  wins                          0.000    wave                         68.000  │
│  idle_ticks                    1.899    brews_used                    4.776  │
│  blood_healed                  0.000    prayer_correct_rate           0.473  │
│  unavoidable_off_praye…        0.053    brews_remaining               7.224  │
│  restores_remaining           10.159    prayer_at_death              91.294  │
│  current_ranged               97.112    current_magic                89.333  │
│  behind_shield_pct             0.351    zuk_hp_remaining            778.674  │
│  min_zuk_hp_seen             779.646    hp_restored                   0.085  │
│  zuk_healer_damage             0.008    deaths_to_jad                 0.012  │
│  episode_return_normal         1.851    wins_normal                   0.000  │
│  min_zuk_hp_normal          1013.129    score_normal                  0.156  │
│  zuk_objective_normal          0.156    phase_reached_normal          0.199  │
│  death_tick_normal            47.369    frac_min_hp_le_300_no…        0.000  │
╰──────────────────────────────────────────────────────────────────────────────╯

[0;0H╭──────────────────────────────────────────────────────────────────────────────╮
│  PufferLib 4.0          🐡        GPU: 0%      VRAM: 0.5/18G      RAM: 1.0G  │
│                                                                              │
│  Summary          Value    Evaluate   297ms  34%    Losses            Value  │
│  Env       osrs_inferno      GPU      247ms  28%    policy           -0.002  │
│  Params          752.1K      Env       50ms   5%    value             0.050  │
│  Steps            10.0M    Train      560ms  65%    entropy           6.447  │
│  SPS             227.4K      Misc       0ms   0%    total             0.013  │
│  Epoch              153      Forwa…     0ms   0%    old_kl            0.006  │
│  Uptime    0d 0h 0m 44s                             kl                0.005  │
│  Remaini…  0d 0h 2m 55s                             clipfrac          0.335  │
│                                                     bc                0.000  │
│                                                                              │
│  User Stats                    Value    User Stats                    Value  │
│  episode_return                4.044    damage_dealt                426.840  │
│  damage_received             118.277    episode_length               97.469  │
│  wins                          0.000    wave                         68.000  │
│  idle_ticks                    1.849    brews_used                    4.837  │
│  blood_healed                  0.000    prayer_correct_rate           0.469  │
│  unavoidable_off_praye…        0.049    brews_remaining               7.163  │
│  restores_remaining           10.112    prayer_at_death              91.299  │
│  current_ranged               96.992    current_magic                89.340  │
│  behind_shield_pct             0.352    zuk_hp_remaining            775.871  │
│  min_zuk_hp_seen             776.821    hp_restored                   0.149  │
│  zuk_healer_damage             0.007    deaths_to_jad                 0.011  │
│  episode_return_normal         1.909    wins_normal                   0.000  │
│  min_zuk_hp_normal          1007.161    score_normal                  0.161  │
│  zuk_objective_normal          0.161    phase_reached_normal          0.215  │
│  death_tick_normal            48.041    frac_min_hp_le_300_no…        0.000  │
╰──────────────────────────────────────────────────────────────────────────────╯

[0;0H╭──────────────────────────────────────────────────────────────────────────────╮
│  PufferLib 4.0         🐡         GPU: 0%      VRAM: 0.5/18G      RAM: 1.0G  │
│                                                                              │
│  Summary          Value    Evaluate   296ms  34%    Losses            Value  │
│  Env       osrs_inferno      GPU      246ms  28%    policy            0.003  │
│  Params          752.1K      Env       50ms   5%    value             0.048  │
│  Steps            10.2M    Train      559ms  65%    entropy           6.415  │
│  SPS             228.1K      Misc       0ms   0%    total             0.017  │
│  Epoch              156      Forwa…     0ms   0%    old_kl            0.005  │
│  Uptime    0d 0h 0m 44s                             kl                0.005  │
│  Remaini…  0d 0h 2m 54s                             clipfrac          0.333  │
│                                                     bc                0.000  │
│                                                                              │
│  User Stats                    Value    User Stats                    Value  │
│  episode_return                4.023    damage_dealt                424.766  │
│  damage_received             117.377    episode_length               96.784  │
│  wins                          0.000    wave                         68.000  │
│  idle_ticks                    1.825    brews_used                    4.802  │
│  blood_healed                  0.001    prayer_correct_rate           0.470  │
│  unavoidable_off_praye…        0.051    brews_remaining               7.198  │
│  restores_remaining           10.138    prayer_at_death              91.151  │
│  current_ranged               97.125    current_magic                89.287  │
│  behind_shield_pct             0.347    zuk_hp_remaining            778.298  │
│  min_zuk_hp_seen             779.034    hp_restored                   0.261  │
│  zuk_healer_damage             0.010    deaths_to_jad                 0.011  │
│  episode_return_normal         1.917    wins_normal                   0.000  │
│  min_zuk_hp_normal          1006.544    score_normal                  0.161  │
│  zuk_objective_normal          0.161    phase_reached_normal          0.228  │
│  death_tick_normal            47.719    frac_min_hp_le_300_no…        0.000  │
╰──────────────────────────────────────────────────────────────────────────────╯

[0;0H╭──────────────────────────────────────────────────────────────────────────────╮
│  PufferLib 4.0        🐡          GPU: 0%      VRAM: 0.5/18G      RAM: 1.0G  │
│                                                                              │
│  Summary          Value    Evaluate   297ms  34%    Losses            Value  │
│  Env       osrs_inferno      GPU      247ms  28%    policy            0.010  │
│  Params          752.1K      Env       50ms   5%    value             0.048  │
│  Steps            10.4M    Train      558ms  65%    entropy           6.377  │
│  SPS             228.0K      Misc       0ms   0%    total             0.025  │
│  Epoch              159      Forwa…     0ms   0%    old_kl            0.006  │
│  Uptime    0d 0h 0m 45s                             kl                0.005  │
│  Remaini…  0d 0h 2m 53s                             clipfrac          0.338  │
│                                                     bc                0.000  │
│                                                                              │
│  User Stats                    Value    User Stats                    Value  │
│  episode_return                4.127    damage_dealt                435.547  │
│  damage_received             119.430    episode_length               98.563  │
│  wins                          0.000    wave                         68.000  │
│  idle_ticks                    1.824    brews_used                    4.884  │
│  blood_healed                  0.000    prayer_correct_rate           0.472  │
│  unavoidable_off_praye…        0.050    brews_remaining               7.116  │
│  restores_remaining           10.069    prayer_at_death              91.364  │
│  current_ranged               97.334    current_magic                89.678  │
│  behind_shield_pct             0.352    zuk_hp_remaining            767.333  │
│  min_zuk_hp_seen             768.221    hp_restored                   0.257  │
│  zuk_healer_damage             0.002    deaths_to_jad                 0.014  │
│  episode_return_normal         1.953    wins_normal                   0.000  │
│  min_zuk_hp_normal          1002.605    score_normal                  0.164  │
│  zuk_objective_normal          0.164    phase_reached_normal          0.234  │
│  death_tick_normal            48.284    frac_min_hp_le_300_no…        0.000  │
╰──────────────────────────────────────────────────────────────────────────────╯

[0;0H╭──────────────────────────────────────────────────────────────────────────────╮
│  PufferLib 4.0       🐡           GPU: 0%      VRAM: 0.5/18G      RAM: 1.0G  │
│                                                                              │
│  Summary          Value    Evaluate   296ms  34%    Losses            Value  │
│  Env       osrs_inferno      GPU      246ms  28%    policy            0.005  │
│  Params          752.1K      Env       50ms   5%    value             0.054  │
│  Steps            10.6M    Train      559ms  65%    entropy           6.323  │
│  SPS             227.9K      Misc       0ms   0%    total             0.022  │
│  Epoch              162      Forwa…     0ms   0%    old_kl            0.006  │
│  Uptime    0d 0h 0m 46s                             kl                0.006  │
│  Remaini…  0d 0h 2m 52s                             clipfrac          0.347  │
│                                                     bc                0.000  │
│                                                                              │
│  User Stats                    Value    User Stats                    Value  │
│  episode_return                4.014    damage_dealt                423.824  │
│  damage_received             116.673    episode_length               96.917  │
│  wins                          0.000    wave                         68.000  │
│  idle_ticks                    1.787    brews_used                    4.788  │
│  blood_healed                  0.000    prayer_correct_rate           0.468  │
│  unavoidable_off_praye…        0.048    brews_remaining               7.212  │
│  restores_remaining           10.126    prayer_at_death              91.320  │
│  current_ranged               97.318    current_magic                89.592  │
│  behind_shield_pct             0.349    zuk_hp_remaining            778.874  │
│  min_zuk_hp_seen             779.736    hp_restored                   0.246  │
│  zuk_healer_damage             0.005    deaths_to_jad                 0.013  │
│  episode_return_normal         1.904    wins_normal                   0.000  │
│  min_zuk_hp_normal          1007.695    score_normal                  0.160  │
│  zuk_objective_normal          0.160    phase_reached_normal          0.221  │
│  death_tick_normal            47.817    frac_min_hp_le_300_no…        0.000  │
╰──────────────────────────────────────────────────────────────────────────────╯

[0;0H╭──────────────────────────────────────────────────────────────────────────────╮
│  PufferLib 4.0      🐡            GPU: 0%      VRAM: 0.5/18G      RAM: 1.0G  │
│                                                                              │
│  Summary          Value    Evaluate   297ms  34%    Losses            Value  │
│  Env       osrs_inferno      GPU      247ms  28%    policy            0.017  │
│  Params          752.1K      Env       50ms   5%    value             0.055  │
│  Steps            10.8M    Train      560ms  65%    entropy           6.320  │
│  SPS             227.5K      Misc       0ms   0%    total             0.035  │
│  Epoch              165      Forwa…     0ms   0%    old_kl            0.007  │
│  Uptime    0d 0h 0m 47s                             kl                0.006  │
│  Remaini…  0d 0h 2m 52s                             clipfrac          0.346  │
│                                                     bc                0.000  │
│                                                                              │
│  User Stats                    Value    User Stats                    Value  │
│  episode_return                4.083    damage_dealt                431.086  │
│  damage_received             117.886    episode_length               97.907  │
│  wins                          0.000    wave                         68.000  │
│  idle_ticks                    1.921    brews_used                    4.882  │
│  blood_healed                  0.000    prayer_correct_rate           0.472  │
│  unavoidable_off_praye…        0.050    brews_remaining               7.118  │
│  restores_remaining           10.072    prayer_at_death              91.360  │
│  current_ranged               96.922    current_magic                89.346  │
│  behind_shield_pct             0.347    zuk_hp_remaining            772.297  │
│  min_zuk_hp_seen             772.834    hp_restored                   0.327  │
│  zuk_healer_damage             0.012    deaths_to_jad                 0.011  │
│  episode_return_normal         1.929    wins_normal                   0.000  │
│  min_zuk_hp_normal          1005.201    score_normal                  0.162  │
│  zuk_objective_normal          0.162    phase_reached_normal          0.235  │
│  death_tick_normal            48.172    frac_min_hp_le_300_no…        0.000  │
╰──────────────────────────────────────────────────────────────────────────────╯

[0;0H╭──────────────────────────────────────────────────────────────────────────────╮
│  PufferLib 4.0     🐡             GPU: 0%      VRAM: 0.5/18G      RAM: 1.0G  │
│                                                                              │
│  Summary          Value    Evaluate   297ms  34%    Losses            Value  │
│  Env       osrs_inferno      GPU      246ms  28%    policy           -0.006  │
│  Params          752.1K      Env       50ms   5%    value             0.053  │
│  Steps            11.0M    Train      560ms  65%    entropy           6.264  │
│  SPS             227.5K      Misc       0ms   0%    total             0.011  │
│  Epoch              168      Forwa…     0ms   0%    old_kl            0.006  │
│  Uptime    0d 0h 0m 48s                             kl                0.006  │
│  Remaini…  0d 0h 2m 51s                             clipfrac          0.347  │
│                                                     bc                0.000  │
│                                                                              │
│  User Stats                    Value    User Stats                    Value  │
│  episode_return                4.129    damage_dealt                436.233  │
│  damage_received             119.408    episode_length               98.947  │
│  wins                          0.000    wave                         68.000  │
│  idle_ticks                    1.920    brews_used                    4.943  │
│  blood_healed                  0.000    prayer_correct_rate           0.473  │
│  unavoidable_off_praye…        0.048    brews_remaining               7.057  │
│  restores_remaining           10.025    prayer_at_death              91.286  │
│  current_ranged               97.149    current_magic                89.548  │
│  behind_shield_pct             0.345    zuk_hp_remaining            767.483  │
│  min_zuk_hp_seen             767.992    hp_restored                   0.383  │
│  zuk_healer_damage             0.015    deaths_to_jad                 0.011  │
│  episode_return_normal         1.998    wins_normal                   0.000  │
│  min_zuk_hp_normal           998.007    score_normal                  0.168  │
│  zuk_objective_normal          0.168    phase_reached_normal          0.258  │
│  death_tick_normal            49.215    frac_min_hp_le_300_no…        0.000  │
╰──────────────────────────────────────────────────────────────────────────────╯

[0;0H╭──────────────────────────────────────────────────────────────────────────────╮
│  PufferLib 4.0    🐡              GPU: 0%      VRAM: 0.5/18G      RAM: 1.0G  │
│                                                                              │
│  Summary          Value    Evaluate   297ms  34%    Losses            Value  │
│  Env       osrs_inferno      GPU      247ms  28%    policy            0.003  │
│  Params          752.1K      Env       50ms   5%    value             0.054  │
│  Steps            11.2M    Train      558ms  65%    entropy           6.222  │
│  SPS             228.1K      Misc       0ms   0%    total             0.021  │
│  Epoch              171      Forwa…     0ms   0%    old_kl            0.006  │
│  Uptime    0d 0h 0m 49s                             kl                0.006  │
│  Remaini…  0d 0h 2m 50s                             clipfrac          0.344  │
│                                                     bc                0.000  │
│                                                                              │
│  User Stats                    Value    User Stats                    Value  │
│  episode_return                4.071    damage_dealt                429.922  │
│  damage_received             117.686    episode_length               98.027  │
│  wins                          0.000    wave                         68.000  │
│  idle_ticks                    1.874    brews_used                    4.926  │
│  blood_healed                  0.000    prayer_correct_rate           0.471  │
│  unavoidable_off_praye…        0.046    brews_remaining               7.074  │
│  restores_remaining           10.036    prayer_at_death              91.364  │
│  current_ranged               97.097    current_magic                89.530  │
│  behind_shield_pct             0.346    zuk_hp_remaining            773.237  │
│  min_zuk_hp_seen             773.901    hp_restored                   0.295  │
│  zuk_healer_damage             0.016    deaths_to_jad                 0.010  │
│  episode_return_normal         1.979    wins_normal                   0.000  │
│  min_zuk_hp_normal           999.957    score_normal                  0.167  │
│  zuk_objective_normal          0.167    phase_reached_normal          0.250  │
│  death_tick_normal            48.857    frac_min_hp_le_300_no…        0.000  │
╰──────────────────────────────────────────────────────────────────────────────╯

[0;0H╭──────────────────────────────────────────────────────────────────────────────╮
│  PufferLib 4.0   🐡               GPU: 0%      VRAM: 0.5/18G      RAM: 1.0G  │
│                                                                              │
│  Summary          Value    Evaluate   298ms  34%    Losses            Value  │
│  Env       osrs_inferno      GPU      247ms  28%    policy            0.007  │
│  Params          752.1K      Env       50ms   5%    value             0.054  │
│  Steps            11.4M    Train      558ms  65%    entropy           6.206  │
│  SPS             227.7K      Misc       0ms   0%    total             0.024  │
│  Epoch              174      Forwa…     0ms   0%    old_kl            0.007  │
│  Uptime    0d 0h 0m 50s                             kl                0.007  │
│  Remaini…  0d 0h 2m 49s                             clipfrac          0.356  │
│                                                     bc                0.000  │
│                                                                              │
│  User Stats                    Value    User Stats                    Value  │
│  episode_return                4.037    damage_dealt                426.393  │
│  damage_received             116.280    episode_length               97.660  │
│  wins                          0.000    wave                         68.000  │
│  idle_ticks                    1.877    brews_used                    4.909  │
│  blood_healed                  0.000    prayer_correct_rate           0.469  │
│  unavoidable_off_praye…        0.050    brews_remaining               7.091  │
│  restores_remaining           10.052    prayer_at_death              91.142  │
│  current_ranged               96.923    current_magic                89.286  │
│  behind_shield_pct             0.342    zuk_hp_remaining            776.716  │
│  min_zuk_hp_seen             777.449    hp_restored                   0.440  │
│  zuk_healer_damage             0.030    deaths_to_jad                 0.011  │
│  episode_return_normal         1.991    wins_normal                   0.000  │
│  min_zuk_hp_normal           998.537    score_normal                  0.168  │
│  zuk_objective_normal          0.168    phase_reached_normal          0.260  │
│  death_tick_normal            49.283    frac_min_hp_le_300_no…        0.000  │
╰──────────────────────────────────────────────────────────────────────────────╯

[0;0H╭──────────────────────────────────────────────────────────────────────────────╮
│  PufferLib 4.0  🐡                GPU: 0%      VRAM: 0.5/18G      RAM: 1.0G  │
│                                                                              │
│  Summary          Value    Evaluate   298ms  34%    Losses            Value  │
│  Env       osrs_inferno      GPU      247ms  28%    policy           -0.006  │
│  Params          752.1K      Env       50ms   5%    value             0.057  │
│  Steps            11.6M    Train      559ms  65%    entropy           6.195  │
│  SPS             227.4K      Misc       0ms   0%    total             0.013  │
│  Epoch              177      Forwa…     0ms   0%    old_kl            0.007  │
│  Uptime    0d 0h 0m 50s                             kl                0.007  │
│  Remaini…  0d 0h 2m 48s                             clipfrac          0.356  │
│                                                     bc                0.000  │
│                                                                              │
│  User Stats                    Value    User Stats                    Value  │
│  episode_return                4.127    damage_dealt                435.739  │
│  damage_received             119.132    episode_length               99.120  │
│  wins                          0.000    wave                         68.000  │
│  idle_ticks                    1.917    brews_used                    5.078  │
│  blood_healed                  0.000    prayer_correct_rate           0.470  │
│  unavoidable_off_praye…        0.052    brews_remaining               6.922  │
│  restores_remaining            9.994    prayer_at_death              91.087  │
│  current_ranged               96.345    current_magic                88.971  │
│  behind_shield_pct             0.339    zuk_hp_remaining            767.787  │
│  min_zuk_hp_seen             768.301    hp_restored                   0.492  │
│  zuk_healer_damage             0.024    deaths_to_jad                 0.015  │
│  episode_return_normal         2.037    wins_normal                   0.000  │
│  min_zuk_hp_normal           993.814    score_normal                  0.172  │
│  zuk_objective_normal          0.172    phase_reached_normal          0.275  │
│  death_tick_normal            49.965    frac_min_hp_le_300_no…        0.000  │
╰──────────────────────────────────────────────────────────────────────────────╯

[0;0H╭──────────────────────────────────────────────────────────────────────────────╮
│  PufferLib 4.0 🐡                 GPU: 0%      VRAM: 0.5/18G      RAM: 1.0G  │
│                                                                              │
│  Summary          Value    Evaluate   296ms  34%    Losses            Value  │
│  Env       osrs_inferno      GPU      247ms  28%    policy            0.012  │
│  Params          752.1K      Env       49ms   5%    value             0.060  │
│  Steps            11.8M    Train      560ms  65%    entropy           6.182  │
│  SPS             227.7K      Misc       0ms   0%    total             0.032  │
│  Epoch              180      Forwa…     0ms   0%    old_kl            0.007  │
│  Uptime    0d 0h 0m 51s                             kl                0.008  │
│  Remaini…  0d 0h 2m 47s                             clipfrac          0.365  │
│                                                     bc                0.000  │
│                                                                              │
│  User Stats                    Value    User Stats                    Value  │
│  episode_return                4.158    damage_dealt                439.494  │
│  damage_received             119.107    episode_length              100.210  │
│  wins                          0.000    wave                         68.000  │
│  idle_ticks                    1.901    brews_used                    5.159  │
│  blood_healed                  0.000    prayer_correct_rate           0.470  │
│  unavoidable_off_praye…        0.050    brews_remaining               6.841  │
│  restores_remaining            9.944    prayer_at_death              91.340  │
│  current_ranged               96.149    current_magic                88.940  │
│  behind_shield_pct             0.343    zuk_hp_remaining            764.521  │
│  min_zuk_hp_seen             764.717    hp_restored                   0.490  │
│  zuk_healer_damage             0.032    deaths_to_jad                 0.012  │
│  episode_return_normal         2.069    wins_normal                   0.000  │
│  min_zuk_hp_normal           990.227    score_normal                  0.175  │
│  zuk_objective_normal          0.175    phase_reached_normal          0.284  │
│  death_tick_normal            50.831    frac_min_hp_le_300_no…        0.000  │
╰──────────────────────────────────────────────────────────────────────────────╯

[0;0H╭──────────────────────────────────────────────────────────────────────────────╮
│  PufferLib 4.0          🐡        GPU: 0%      VRAM: 0.5/18G      RAM: 1.0G  │
│                                                                              │
│  Summary          Value    Evaluate   298ms  34%    Losses            Value  │
│  Env       osrs_inferno      GPU      246ms  28%    policy            0.015  │
│  Params          752.1K      Env       51ms   5%    value             0.059  │
│  Steps            12.0M    Train      557ms  65%    entropy           6.173  │
│  SPS             227.9K      Misc       0ms   0%    total             0.035  │
│  Epoch              183      Forwa…     0ms   0%    old_kl            0.008  │
│  Uptime    0d 0h 0m 52s                             kl                0.008  │
│  Remaini…  0d 0h 2m 46s                             clipfrac          0.368  │
│                                                     bc                0.000  │
│                                                                              │
│  User Stats                    Value    User Stats                    Value  │
│  episode_return                4.153    damage_dealt                438.712  │
│  damage_received             119.144    episode_length              100.151  │
│  wins                          0.000    wave                         68.000  │
│  idle_ticks                    2.012    brews_used                    5.193  │
│  blood_healed                  0.000    prayer_correct_rate           0.471  │
│  unavoidable_off_praye…        0.050    brews_remaining               6.807  │
│  restores_remaining            9.951    prayer_at_death              91.170  │
│  current_ranged               95.937    current_magic                88.706  │
│  behind_shield_pct             0.341    zuk_hp_remaining            764.966  │
│  min_zuk_hp_seen             765.429    hp_restored                   0.474  │
│  zuk_healer_damage             0.031    deaths_to_jad                 0.010  │
│  episode_return_normal         2.087    wins_normal                   0.000  │
│  min_zuk_hp_normal           988.312    score_normal                  0.176  │
│  zuk_objective_normal          0.176    phase_reached_normal          0.292  │
│  death_tick_normal            51.241    frac_min_hp_le_300_no…        0.000  │
╰──────────────────────────────────────────────────────────────────────────────╯

[0;0H╭──────────────────────────────────────────────────────────────────────────────╮
│  PufferLib 4.0         🐡         GPU: 0%      VRAM: 0.5/18G      RAM: 1.0G  │
│                                                                              │
│  Summary          Value    Evaluate   297ms  34%    Losses            Value  │
│  Env       osrs_inferno      GPU      246ms  28%    policy           -0.002  │
│  Params          752.1K      Env       51ms   5%    value             0.060  │
│  Steps            12.2M    Train      557ms  65%    entropy           6.133  │
│  SPS             228.3K      Misc       0ms   0%    total             0.018  │
│  Epoch              186      Forwa…     0ms   0%    old_kl            0.008  │
│  Uptime    0d 0h 0m 53s                             kl                0.008  │
│  Remaini…  0d 0h 2m 45s                             clipfrac          0.369  │
│                                                     bc                0.000  │
│                                                                              │
│  User Stats                    Value    User Stats                    Value  │
│  episode_return                4.273    damage_dealt                451.366  │
│  damage_received             121.180    episode_length              102.890  │
│  wins                          0.000    wave                         68.000  │
│  idle_ticks                    2.023    brews_used                    5.312  │
│  blood_healed                  0.000    prayer_correct_rate           0.475  │
│  unavoidable_off_praye…        0.052    brews_remaining               6.688  │
│  restores_remaining            9.886    prayer_at_death              91.092  │
│  current_ranged               95.762    current_magic                88.558  │
│  behind_shield_pct             0.349    zuk_hp_remaining            752.076  │
│  min_zuk_hp_seen             752.567    hp_restored                   0.289  │
│  zuk_healer_damage             0.012    deaths_to_jad                 0.013  │
│  episode_return_normal         2.116    wins_normal                   0.000  │
│  min_zuk_hp_normal           985.087    score_normal                  0.179  │
│  zuk_objective_normal          0.179    phase_reached_normal          0.304  │
│  death_tick_normal            51.973    frac_min_hp_le_300_no…        0.000  │
╰──────────────────────────────────────────────────────────────────────────────╯

[0;0H╭──────────────────────────────────────────────────────────────────────────────╮
│  PufferLib 4.0        🐡          GPU: 0%      VRAM: 0.5/18G      RAM: 1.0G  │
│                                                                              │
│  Summary          Value    Evaluate   294ms  34%    Losses            Value  │
│  Env       osrs_inferno      GPU      243ms  28%    policy            0.006  │
│  Params          752.1K      Env       51ms   5%    value             0.056  │
│  Steps            12.4M    Train      558ms  65%    entropy           6.097  │
│  SPS             228.7K      Misc       0ms   0%    total             0.025  │
│  Epoch              189      Forwa…     0ms   0%    old_kl            0.007  │
│  Uptime    0d 0h 0m 54s                             kl                0.007  │
│  Remaini…  0d 0h 2m 44s                             clipfrac          0.365  │
│                                                     bc                0.000  │
│                                                                              │
│  User Stats                    Value    User Stats                    Value  │
│  episode_return                4.155    damage_dealt                439.163  │
│  damage_received             119.691    episode_length              101.163  │
│  wins                          0.000    wave                         68.000  │
│  idle_ticks                    2.037    brews_used                    5.325  │
│  blood_healed                  0.000    prayer_correct_rate           0.473  │
│  unavoidable_off_praye…        0.046    brews_remaining               6.675  │
│  restores_remaining            9.910    prayer_at_death              91.291  │
│  current_ranged               95.518    current_magic                88.242  │
│  behind_shield_pct             0.344    zuk_hp_remaining            764.190  │
│  min_zuk_hp_seen             764.790    hp_restored                   0.238  │
│  zuk_healer_damage             0.011    deaths_to_jad                 0.009  │
│  episode_return_normal         2.116    wins_normal                   0.000  │
│  min_zuk_hp_normal           984.896    score_normal                  0.179  │
│  zuk_objective_normal          0.179    phase_reached_normal          0.311  │
│  death_tick_normal            52.295    frac_min_hp_le_300_no…        0.000  │
╰──────────────────────────────────────────────────────────────────────────────╯

[0;0H╭──────────────────────────────────────────────────────────────────────────────╮
│  PufferLib 4.0       🐡           GPU: 0%      VRAM: 0.5/18G      RAM: 1.0G  │
│                                                                              │
│  Summary          Value    Evaluate   297ms  34%    Losses            Value  │
│  Env       osrs_inferno      GPU      246ms  28%    policy            0.009  │
│  Params          752.1K      Env       50ms   5%    value             0.057  │
│  Steps            12.6M    Train      559ms  65%    entropy           6.079  │
│  SPS             227.8K      Misc       0ms   0%    total             0.028  │
│  Epoch              192      Forwa…     0ms   0%    old_kl            0.008  │
│  Uptime    0d 0h 0m 55s                             kl                0.007  │
│  Remaini…  0d 0h 2m 44s                             clipfrac          0.369  │
│                                                     bc                0.000  │
│                                                                              │
│  User Stats                    Value    User Stats                    Value  │
│  episode_return                4.189    damage_dealt                442.943  │
│  damage_received             118.520    episode_length              101.723  │
│  wins                          0.000    wave                         68.000  │
│  idle_ticks                    1.990    brews_used                    5.247  │
│  blood_healed                  0.000    prayer_correct_rate           0.474  │
│  unavoidable_off_praye…        0.050    brews_remaining               6.753  │
│  restores_remaining            9.942    prayer_at_death              91.082  │
│  current_ranged               95.502    current_magic                88.289  │
│  behind_shield_pct             0.347    zuk_hp_remaining            760.497  │
│  min_zuk_hp_seen             761.293    hp_restored                   0.263  │
│  zuk_healer_damage             0.012    deaths_to_jad                 0.014  │
│  episode_return_normal         2.124    wins_normal                   0.000  │
│  min_zuk_hp_normal           984.244    score_normal                  0.180  │
│  zuk_objective_normal          0.180    phase_reached_normal          0.310  │
│  death_tick_normal            51.931    frac_min_hp_le_300_no…        0.000  │
╰──────────────────────────────────────────────────────────────────────────────╯

[0;0H╭──────────────────────────────────────────────────────────────────────────────╮
│  PufferLib 4.0      🐡            GPU: 0%      VRAM: 0.5/18G      RAM: 1.0G  │
│                                                                              │
│  Summary          Value    Evaluate   299ms  34%    Losses            Value  │
│  Env       osrs_inferno      GPU      247ms  28%    policy            0.009  │
│  Params          752.1K      Env       51ms   5%    value             0.063  │
│  Steps            12.8M    Train      560ms  65%    entropy           6.081  │
│  SPS             227.1K      Misc       0ms   0%    total             0.030  │
│  Epoch              195      Forwa…     0ms   0%    old_kl            0.008  │
│  Uptime    0d 0h 0m 56s                             kl                0.008  │
│  Remaini…  0d 0h 2m 43s                             clipfrac          0.371  │
│                                                     bc                0.000  │
│                                                                              │
│  User Stats                    Value    User Stats                    Value  │
│  episode_return                4.252    damage_dealt                449.775  │
│  damage_received             121.203    episode_length              102.558  │
│  wins                          0.000    wave                         68.000  │
│  idle_ticks                    1.955    brews_used                    5.376  │
│  blood_healed                  0.000    prayer_correct_rate           0.465  │
│  unavoidable_off_praye…        0.052    brews_remaining               6.624  │
│  restores_remaining            9.908    prayer_at_death              91.075  │
│  current_ranged               95.062    current_magic                87.881  │
│  behind_shield_pct             0.352    zuk_hp_remaining            753.665  │
│  min_zuk_hp_seen             754.583    hp_restored                   0.106  │
│  zuk_healer_damage             0.002    deaths_to_jad                 0.015  │
│  episode_return_normal         2.233    wins_normal                   0.000  │
│  min_zuk_hp_normal           972.891    score_normal                  0.189  │
│  zuk_objective_normal          0.189    phase_reached_normal          0.329  │
│  death_tick_normal            53.714    frac_min_hp_le_300_no…        0.000  │
╰──────────────────────────────────────────────────────────────────────────────╯

[0;0H╭──────────────────────────────────────────────────────────────────────────────╮
│  PufferLib 4.0     🐡             GPU: 0%      VRAM: 0.5/18G      RAM: 1.0G  │
│                                                                              │
│  Summary          Value    Evaluate   299ms  34%    Losses            Value  │
│  Env       osrs_inferno      GPU      248ms  28%    policy            0.019  │
│  Params          752.1K      Env       51ms   5%    value             0.058  │
│  Steps            13.0M    Train      556ms  65%    entropy           6.005  │
│  SPS             227.9K      Misc       0ms   0%    total             0.039  │
│  Epoch              198      Forwa…     0ms   0%    old_kl            0.008  │
│  Uptime    0d 0h 0m 57s                             kl                0.008  │
│  Remaini…  0d 0h 2m 42s                             clipfrac          0.373  │
│                                                     bc                0.000  │
│                                                                              │
│  User Stats                    Value    User Stats                    Value  │
│  episode_return                4.224    damage_dealt                446.639  │
│  damage_received             120.909    episode_length              101.913  │
│  wins                          0.000    wave                         68.000  │
│  idle_ticks                    1.913    brews_used                    5.323  │
│  blood_healed                  0.002    prayer_correct_rate           0.467  │
│  unavoidable_off_praye…        0.049    brews_remaining               6.677  │
│  restores_remaining            9.930    prayer_at_death              91.157  │
│  current_ranged               95.191    current_magic                88.058  │
│  behind_shield_pct             0.344    zuk_hp_remaining            756.834  │
│  min_zuk_hp_seen             757.785    hp_restored                   0.052  │
│  zuk_healer_damage             0.000    deaths_to_jad                 0.014  │
│  episode_return_normal         2.217    wins_normal                   0.000  │
│  min_zuk_hp_normal           974.515    score_normal                  0.188  │
│  zuk_objective_normal          0.188    phase_reached_normal          0.324  │
│  death_tick_normal            53.495    frac_min_hp_le_300_no…        0.000  │
╰──────────────────────────────────────────────────────────────────────────────╯

[0;0H╭──────────────────────────────────────────────────────────────────────────────╮
│  PufferLib 4.0    🐡              GPU: 0%      VRAM: 0.5/18G      RAM: 1.0G  │
│                                                                              │
│  Summary          Value    Evaluate   297ms  34%    Losses            Value  │
│  Env       osrs_inferno      GPU      246ms  28%    policy            0.002  │
│  Params          752.1K      Env       51ms   5%    value             0.084  │
│  Steps            13.2M    Train      558ms  65%    entropy           5.952  │
│  SPS             227.8K      Misc       0ms   0%    total             0.034  │
│  Epoch              201      Forwa…     0ms   0%    old_kl            0.009  │
│  Uptime    0d 0h 0m 57s                             kl                0.009  │
│  Remaini…  0d 0h 2m 41s                             clipfrac          0.370  │
│                                                     bc                0.000  │
│                                                                              │
│  User Stats                    Value    User Stats                    Value  │
│  episode_return                4.261    damage_dealt                450.513  │
│  damage_received             121.752    episode_length              102.383  │
│  wins                          0.000    wave                         68.000  │
│  idle_ticks                    1.873    brews_used                    5.372  │
│  blood_healed                  0.001    prayer_correct_rate           0.461  │
│  unavoidable_off_praye…        0.051    brews_remaining               6.628  │
│  restores_remaining            9.898    prayer_at_death              91.019  │
│  current_ranged               95.363    current_magic                88.169  │
│  behind_shield_pct             0.348    zuk_hp_remaining            752.635  │
│  min_zuk_hp_seen             753.596    hp_restored                   0.103  │
│  zuk_healer_damage             0.003    deaths_to_jad                 0.013  │
│  episode_return_normal         2.321    wins_normal                   0.000  │
│  min_zuk_hp_normal           963.481    score_normal                  0.197  │
│  zuk_objective_normal          0.197    phase_reached_normal          0.367  │
│  death_tick_normal            55.300    frac_min_hp_le_300_no…        0.000  │
╰──────────────────────────────────────────────────────────────────────────────╯

[0;0H╭──────────────────────────────────────────────────────────────────────────────╮
│  PufferLib 4.0   🐡               GPU: 0%      VRAM: 0.5/18G      RAM: 1.0G  │
│                                                                              │
│  Summary          Value    Evaluate   298ms  34%    Losses            Value  │
│  Env       osrs_inferno      GPU      246ms  28%    policy            0.002  │
│  Params          752.1K      Env       51ms   6%    value             0.068  │
│  Steps            13.4M    Train      556ms  65%    entropy           5.958  │
│  SPS             228.2K      Misc       0ms   0%    total             0.026  │
│  Epoch              204      Forwa…     0ms   0%    old_kl            0.009  │
│  Uptime    0d 0h 0m 58s                             kl                0.011  │
│  Remaini…  0d 0h 2m 40s                             clipfrac          0.386  │
│                                                     bc                0.000  │
│                                                                              │
│  User Stats                    Value    User Stats                    Value  │
│  episode_return                4.229    damage_dealt                446.359  │
│  damage_received             121.665    episode_length              101.607  │
│  wins                          0.000    wave                         68.000  │
│  idle_ticks                    1.795    brews_used                    5.333  │
│  blood_healed                  0.001    prayer_correct_rate           0.464  │
│  unavoidable_off_praye…        0.051    brews_remaining               6.667  │
│  restores_remaining            9.914    prayer_at_death              91.203  │
│  current_ranged               95.438    current_magic                88.205  │
│  behind_shield_pct             0.343    zuk_hp_remaining            755.958  │
│  min_zuk_hp_seen             756.965    hp_restored                   0.056  │
│  zuk_healer_damage             0.001    deaths_to_jad                 0.011  │
│  episode_return_normal         2.313    wins_normal                   0.000  │
│  min_zuk_hp_normal           963.840    score_normal                  0.197  │
│  zuk_objective_normal          0.197    phase_reached_normal          0.362  │
│  death_tick_normal            55.314    frac_min_hp_le_300_no…        0.000  │
╰──────────────────────────────────────────────────────────────────────────────╯

[0;0H╭──────────────────────────────────────────────────────────────────────────────╮
│  PufferLib 4.0  🐡                GPU: 0%      VRAM: 0.5/18G      RAM: 1.0G  │
│                                                                              │
│  Summary          Value    Evaluate   300ms  34%    Losses            Value  │
│  Env       osrs_inferno      GPU      248ms  28%    policy            0.022  │
│  Params          752.1K      Env       51ms   5%    value             0.063  │
│  Steps            13.6M    Train      558ms  65%    entropy           5.924  │
│  SPS             227.2K      Misc       0ms   0%    total             0.044  │
│  Epoch              207      Forwa…     0ms   0%    old_kl            0.009  │
│  Uptime    0d 0h 0m 59s                             kl                0.009  │
│  Remaini…  0d 0h 2m 40s                             clipfrac          0.372  │
│                                                     bc                0.000  │
│                                                                              │
│  User Stats                    Value    User Stats                    Value  │
│  episode_return                4.277    damage_dealt                452.356  │
│  damage_received             121.912    episode_length              102.473  │
│  wins                          0.000    wave                         68.000  │
│  idle_ticks                    1.842    brews_used                    5.306  │
│  blood_healed                  0.000    prayer_correct_rate           0.461  │
│  unavoidable_off_praye…        0.051    brews_remaining               6.694  │
│  restores_remaining            9.880    prayer_at_death              91.153  │
│  current_ranged               95.385    current_magic                88.291  │
│  behind_shield_pct             0.347    zuk_hp_remaining            750.611  │
│  min_zuk_hp_seen             751.588    hp_restored                   0.026  │
│  zuk_healer_damage             0.001    deaths_to_jad                 0.013  │
│  episode_return_normal         2.357    wins_normal                   0.000  │
│  min_zuk_hp_normal           959.171    score_normal                  0.201  │
│  zuk_objective_normal          0.201    phase_reached_normal          0.377  │
│  death_tick_normal            55.564    frac_min_hp_le_300_no…        0.000  │
╰──────────────────────────────────────────────────────────────────────────────╯

[0;0H╭──────────────────────────────────────────────────────────────────────────────╮
│  PufferLib 4.0 🐡                 GPU: 0%      VRAM: 0.5/18G      RAM: 1.0G  │
│                                                                              │
│  Summary          Value    Evaluate   298ms  34%    Losses            Value  │
│  Env       osrs_inferno      GPU      247ms  28%    policy            0.001  │
│  Params          752.1K      Env       51ms   5%    value             0.095  │
│  Steps            13.8M    Train      556ms  65%    entropy           5.898  │
│  SPS             228.4K      Misc       0ms   0%    total             0.040  │
│  Epoch              210      Forwa…     0ms   0%    old_kl            0.011  │
│  Uptime     0d 0h 1m 0s                             kl                0.010  │
│  Remaini…  0d 0h 2m 38s                             clipfrac          0.384  │
│                                                     bc                0.000  │
│                                                                              │
│  User Stats                    Value    User Stats                    Value  │
│  episode_return                4.283    damage_dealt                452.869  │
│  damage_received             122.204    episode_length              101.812  │
│  wins                          0.000    wave                         68.000  │
│  idle_ticks                    1.906    brews_used                    5.306  │
│  blood_healed                  0.000    prayer_correct_rate           0.462  │
│  unavoidable_off_praye…        0.049    brews_remaining               6.694  │
│  restores_remaining            9.826    prayer_at_death              91.371  │
│  current_ranged               95.776    current_magic                88.857  │
│  behind_shield_pct             0.344    zuk_hp_remaining            750.261  │
│  min_zuk_hp_seen             751.124    hp_restored                   0.023  │
│  zuk_healer_damage             0.000    deaths_to_jad                 0.015  │
│  episode_return_normal         2.332    wins_normal                   0.000  │
│  min_zuk_hp_normal           961.429    score_normal                  0.199  │
│  zuk_objective_normal          0.199    phase_reached_normal          0.369  │
│  death_tick_normal            54.957    frac_min_hp_le_300_no…        0.000  │
╰──────────────────────────────────────────────────────────────────────────────╯

[0;0H╭──────────────────────────────────────────────────────────────────────────────╮
│  PufferLib 4.0          🐡        GPU: 0%      VRAM: 0.5/18G      RAM: 1.0G  │
│                                                                              │
│  Summary          Value    Evaluate   297ms  34%    Losses            Value  │
│  Env       osrs_inferno      GPU      246ms  28%    policy           -0.007  │
│  Params          752.1K      Env       50ms   5%    value             0.071  │
│  Steps            14.0M    Train      559ms  65%    entropy           5.815  │
│  SPS             227.6K      Misc       0ms   0%    total             0.020  │
│  Epoch              213      Forwa…     0ms   0%    old_kl            0.010  │
│  Uptime     0d 0h 1m 1s                             kl                0.009  │
│  Remaini…  0d 0h 2m 38s                             clipfrac          0.381  │
│                                                     bc                0.000  │
│                                                                              │
│  User Stats                    Value    User Stats                    Value  │
│  episode_return                4.415    damage_dealt                466.498  │
│  damage_received             125.949    episode_length              104.343  │
│  wins                          0.000    wave                         68.000  │
│  idle_ticks                    1.908    brews_used                    5.438  │
│  blood_healed                  0.000    prayer_correct_rate           0.464  │
│  unavoidable_off_praye…        0.050    brews_remaining               6.562  │
│  restores_remaining            9.779    prayer_at_death              91.435  │
│  current_ranged               95.613    current_magic                88.678  │
│  behind_shield_pct             0.348    zuk_hp_remaining            736.165  │
│  min_zuk_hp_seen             737.381    hp_restored                   0.061  │
│  zuk_healer_damage             0.006    deaths_to_jad                 0.014  │
│  episode_return_normal         2.428    wins_normal                   0.000  │
│  min_zuk_hp_normal           951.909    score_normal                  0.207  │
│  zuk_objective_normal          0.207    phase_reached_normal          0.406  │
│  death_tick_normal            55.986    frac_min_hp_le_300_no…        0.000  │
╰──────────────────────────────────────────────────────────────────────────────╯

[0;0H╭──────────────────────────────────────────────────────────────────────────────╮
│  PufferLib 4.0         🐡         GPU: 0%      VRAM: 0.5/18G      RAM: 1.0G  │
│                                                                              │
│  Summary          Value    Evaluate   291ms  34%    Losses            Value  │
│  Env       osrs_inferno      GPU      242ms  28%    policy            0.003  │
│  Params          752.1K      Env       49ms   5%    value             0.075  │
│  Steps            14.2M    Train      559ms  65%    entropy           5.811  │
│  SPS             229.2K      Misc       0ms   0%    total             0.032  │
│  Epoch              216      Forwa…     0ms   0%    old_kl            0.010  │
│  Uptime     0d 0h 1m 2s                             kl                0.009  │
│  Remaini…  0d 0h 2m 36s                             clipfrac          0.384  │
│                                                     bc                0.000  │
│                                                                              │
│  User Stats                    Value    User Stats                    Value  │
│  episode_return                4.377    damage_dealt                461.993  │
│  damage_received             126.488    episode_length              103.245  │
│  wins                          0.000    wave                         68.000  │
│  idle_ticks                    1.852    brews_used                    5.472  │
│  blood_healed                  0.000    prayer_correct_rate           0.459  │
│  unavoidable_off_praye…        0.051    brews_remaining               6.528  │
│  restores_remaining            9.768    prayer_at_death              91.216  │
│  current_ranged               95.683    current_magic                88.691  │
│  behind_shield_pct             0.344    zuk_hp_remaining            740.307  │
│  min_zuk_hp_seen             741.405    hp_restored                   0.008  │
│  zuk_healer_damage             0.000    deaths_to_jad                 0.015  │
│  episode_return_normal         2.448    wins_normal                   0.000  │
│  min_zuk_hp_normal           949.580    score_normal                  0.209  │
│  zuk_objective_normal          0.209    phase_reached_normal          0.406  │
│  death_tick_normal            56.500    frac_min_hp_le_300_no…        0.000  │
╰──────────────────────────────────────────────────────────────────────────────╯

[0;0H╭──────────────────────────────────────────────────────────────────────────────╮
│  PufferLib 4.0        🐡          GPU: 0%      VRAM: 0.5/18G      RAM: 1.0G  │
│                                                                              │
│  Summary          Value    Evaluate   298ms  34%    Losses            Value  │
│  Env       osrs_inferno      GPU      248ms  28%    policy            0.008  │
│  Params          752.1K      Env       50ms   5%    value             0.074  │
│  Steps            14.4M    Train      557ms  65%    entropy           5.806  │
│  SPS             228.0K      Misc       0ms   0%    total             0.036  │
│  Epoch              219      Forwa…     0ms   0%    old_kl            0.010  │
│  Uptime     0d 0h 1m 3s                             kl                0.010  │
│  Remaini…  0d 0h 2m 36s                             clipfrac          0.387  │
│                                                     bc                0.000  │
│                                                                              │
│  User Stats                    Value    User Stats                    Value  │
│  episode_return                4.372    damage_dealt                463.112  │
│  damage_received             126.957    episode_length              103.857  │
│  wins                          0.000    wave                         68.000  │
│  idle_ticks                    1.835    brews_used                    5.524  │
│  blood_healed                  0.000    prayer_correct_rate           0.463  │
│  unavoidable_off_praye…        0.047    brews_remaining               6.476  │
│  restores_remaining            9.765    prayer_at_death              91.270  │
│  current_ranged               95.341    current_magic                88.339  │
│  behind_shield_pct             0.343    zuk_hp_remaining            740.774  │
│  min_zuk_hp_seen             741.556    hp_restored                   0.061  │
│  zuk_healer_damage             0.005    deaths_to_jad                 0.013  │
│  episode_return_normal         2.425    wins_normal                   0.000  │
│  min_zuk_hp_normal           951.757    score_normal                  0.207  │
│  zuk_objective_normal          0.207    phase_reached_normal          0.398  │
│  death_tick_normal            55.854    frac_min_hp_le_300_no…        0.000  │
╰──────────────────────────────────────────────────────────────────────────────╯

[0;0H╭──────────────────────────────────────────────────────────────────────────────╮
│  PufferLib 4.0       🐡           GPU: 0%      VRAM: 0.5/18G      RAM: 1.0G  │
│                                                                              │
│  Summary          Value    Evaluate   297ms  34%    Losses            Value  │
│  Env       osrs_inferno      GPU      247ms  28%    policy            0.016  │
│  Params          752.1K      Env       50ms   5%    value             0.075  │
│  Steps            14.5M    Train      557ms  65%    entropy           5.764  │
│  SPS             228.4K      Misc       0ms   0%    total             0.045  │
│  Epoch              222      Forwa…     0ms   0%    old_kl            0.010  │
│  Uptime     0d 0h 1m 3s                             kl                0.009  │
│  Remaini…  0d 0h 2m 35s                             clipfrac          0.393  │
│                                                     bc                0.000  │
│                                                                              │
│  User Stats                    Value    User Stats                    Value  │
│  episode_return                4.378    damage_dealt                462.732  │
│  damage_received             127.927    episode_length              103.302  │
│  wins                          0.000    wave                         68.000  │
│  idle_ticks                    1.811    brews_used                    5.557  │
│  blood_healed                  0.000    prayer_correct_rate           0.457  │
│  unavoidable_off_praye…        0.051    brews_remaining               6.443  │
│  restores_remaining            9.771    prayer_at_death              91.157  │
│  current_ranged               95.309    current_magic                88.311  │
│  behind_shield_pct             0.343    zuk_hp_remaining            740.243  │
│  min_zuk_hp_seen             740.984    hp_restored                   0.064  │
│  zuk_healer_damage             0.010    deaths_to_jad                 0.017  │
│  episode_return_normal         2.462    wins_normal                   0.000  │
│  min_zuk_hp_normal           947.823    score_normal                  0.210  │
│  zuk_objective_normal          0.210    phase_reached_normal          0.405  │
│  death_tick_normal            56.149    frac_min_hp_le_300_no…        0.000  │
╰──────────────────────────────────────────────────────────────────────────────╯

[0;0H╭──────────────────────────────────────────────────────────────────────────────╮
│  PufferLib 4.0      🐡            GPU: 0%      VRAM: 0.5/18G      RAM: 1.0G  │
│                                                                              │
│  Summary          Value    Evaluate   297ms  34%    Losses            Value  │
│  Env       osrs_inferno      GPU      246ms  28%    policy            0.031  │
│  Params          752.1K      Env       50ms   5%    value             0.076  │
│  Steps            14.7M    Train      559ms  65%    entropy           5.742  │
│  SPS             227.7K      Misc       0ms   0%    total             0.061  │
│  Epoch              225      Forwa…     0ms   0%    old_kl            0.011  │
│  Uptime     0d 0h 1m 4s                             kl                0.011  │
│  Remaini…  0d 0h 2m 34s                             clipfrac          0.387  │
│                                                     bc                0.000  │
│                                                                              │
│  User Stats                    Value    User Stats                    Value  │
│  episode_return                4.427    damage_dealt                467.496  │
│  damage_received             129.238    episode_length              104.158  │
│  wins                          0.000    wave                         68.000  │
│  idle_ticks                    1.860    brews_used                    5.620  │
│  blood_healed                  0.000    prayer_correct_rate           0.465  │
│  unavoidable_off_praye…        0.051    brews_remaining               6.380  │
│  restores_remaining            9.750    prayer_at_death              91.233  │
│  current_ranged               95.436    current_magic                88.558  │
│  behind_shield_pct             0.341    zuk_hp_remaining            735.578  │
│  min_zuk_hp_seen             736.342    hp_restored                   0.009  │
│  zuk_healer_damage             0.000    deaths_to_jad                 0.016  │
│  episode_return_normal         2.472    wins_normal                   0.000  │
│  min_zuk_hp_normal           947.246    score_normal                  0.211  │
│  zuk_objective_normal          0.211    phase_reached_normal          0.411  │
│  death_tick_normal            55.908    frac_min_hp_le_300_no…        0.000  │
╰──────────────────────────────────────────────────────────────────────────────╯

[0;0H╭──────────────────────────────────────────────────────────────────────────────╮
│  PufferLib 4.0     🐡             GPU: 0%      VRAM: 0.5/18G      RAM: 1.0G  │
│                                                                              │
│  Summary          Value    Evaluate   296ms  34%    Losses            Value  │
│  Env       osrs_inferno      GPU      246ms  28%    policy            0.013  │
│  Params          752.1K      Env       50ms   5%    value             0.067  │
│  Steps            14.9M    Train      559ms  65%    entropy           5.721  │
│  SPS             228.1K      Misc       0ms   0%    total             0.038  │
│  Epoch              228      Forwa…     0ms   0%    old_kl            0.010  │
│  Uptime     0d 0h 1m 5s                             kl                0.010  │
│  Remaini…  0d 0h 2m 33s                             clipfrac          0.385  │
│                                                     bc                0.000  │
│                                                                              │
│  User Stats                    Value    User Stats                    Value  │
│  episode_return                4.387    damage_dealt                463.508  │
│  damage_received             128.408    episode_length              103.754  │
│  wins                          0.000    wave                         68.000  │
│  idle_ticks                    1.897    brews_used                    5.569  │
│  blood_healed                  0.000    prayer_correct_rate           0.464  │
│  unavoidable_off_praye…        0.051    brews_remaining               6.431  │
│  restores_remaining            9.723    prayer_at_death              91.287  │
│  current_ranged               95.986    current_magic                89.005  │
│  behind_shield_pct             0.339    zuk_hp_remaining            739.323  │
│  min_zuk_hp_seen             740.243    hp_restored                   0.043  │
│  zuk_healer_damage             0.000    deaths_to_jad                 0.019  │
│  episode_return_normal         2.448    wins_normal                   0.000  │
│  min_zuk_hp_normal           949.092    score_normal                  0.209  │
│  zuk_objective_normal          0.209    phase_reached_normal          0.410  │
│  death_tick_normal            55.971    frac_min_hp_le_300_no…        0.000  │
╰──────────────────────────────────────────────────────────────────────────────╯

[0;0H╭──────────────────────────────────────────────────────────────────────────────╮
│  PufferLib 4.0    🐡              GPU: 0%      VRAM: 0.5/18G      RAM: 1.0G  │
│                                                                              │
│  Summary          Value    Evaluate   295ms  34%    Losses            Value  │
│  Env       osrs_inferno      GPU      245ms  28%    policy           -0.023  │
│  Params          752.1K      Env       50ms   5%    value             0.895  │
│  Steps            15.1M    Train      557ms  65%    entropy           5.707  │
│  SPS             228.9K      Misc       0ms   0%    total             0.415  │
│  Epoch              231      Forwa…     0ms   0%    old_kl            0.011  │
│  Uptime     0d 0h 1m 6s                             kl                0.011  │
│  Remaini…  0d 0h 2m 32s                             clipfrac          0.390  │
│                                                     bc                0.000  │
│                                                                              │
│  User Stats                    Value    User Stats                    Value  │
│  episode_return                4.390    damage_dealt                463.163  │
│  damage_received             128.721    episode_length              103.808  │
│  wins                          0.000    wave                         68.000  │
│  idle_ticks                    1.877    brews_used                    5.581  │
│  blood_healed                  0.000    prayer_correct_rate           0.465  │
│  unavoidable_off_praye…        0.050    brews_remaining               6.419  │
│  restores_remaining            9.728    prayer_at_death              91.396  │
│  current_ranged               96.335    current_magic                89.159  │
│  behind_shield_pct             0.342    zuk_hp_remaining            739.251  │
│  min_zuk_hp_seen             740.118    hp_restored                   0.030  │
│  zuk_healer_damage             0.002    deaths_to_jad                 0.017  │
│  episode_return_normal         2.452    wins_normal                   0.000  │
│  min_zuk_hp_normal           948.919    score_normal                  0.209  │
│  zuk_objective_normal          0.209    phase_reached_normal          0.408  │
│  death_tick_normal            55.748    frac_min_hp_le_300_no…        0.000  │
╰──────────────────────────────────────────────────────────────────────────────╯

[0;0H╭──────────────────────────────────────────────────────────────────────────────╮
│  PufferLib 4.0   🐡               GPU: 0%      VRAM: 0.5/18G      RAM: 1.0G  │
│                                                                              │
│  Summary          Value    Evaluate   298ms  34%    Losses            Value  │
│  Env       osrs_inferno      GPU      248ms  28%    policy            0.002  │
│  Params          752.1K      Env       50ms   5%    value             0.075  │
│  Steps            15.3M    Train      559ms  65%    entropy           5.666  │
│  SPS             227.3K      Misc       0ms   0%    total             0.031  │
│  Epoch              234      Forwa…     0ms   0%    old_kl            0.012  │
│  Uptime     0d 0h 1m 7s                             kl                0.011  │
│  Remaini…  0d 0h 2m 32s                             clipfrac          0.402  │
│                                                     bc                0.000  │
│                                                                              │
│  User Stats                    Value    User Stats                    Value  │
│  episode_return                4.361    damage_dealt                459.691  │
│  damage_received             128.537    episode_length              102.797  │
│  wins                          0.000    wave                         68.000  │
│  idle_ticks                    1.858    brews_used                    5.615  │
│  blood_healed                  0.002    prayer_correct_rate           0.467  │
│  unavoidable_off_praye…        0.048    brews_remaining               6.385  │
│  restores_remaining            9.694    prayer_at_death              91.442  │
│  current_ranged               96.689    current_magic                89.515  │
│  behind_shield_pct             0.338    zuk_hp_remaining            742.410  │
│  min_zuk_hp_seen             743.155    hp_restored                   0.052  │
│  zuk_healer_damage             0.000    deaths_to_jad                 0.018  │
│  episode_return_normal         2.423    wins_normal                   0.000  │
│  min_zuk_hp_normal           951.795    score_normal                  0.207  │
│  zuk_objective_normal          0.207    phase_reached_normal          0.388  │
│  death_tick_normal            55.399    frac_min_hp_le_300_no…        0.000  │
╰──────────────────────────────────────────────────────────────────────────────╯

[0;0H╭──────────────────────────────────────────────────────────────────────────────╮
│  PufferLib 4.0  🐡                GPU: 0%      VRAM: 0.5/18G      RAM: 1.0G  │
│                                                                              │
│  Summary          Value    Evaluate   298ms  34%    Losses            Value  │
│  Env       osrs_inferno      GPU      247ms  28%    policy            0.015  │
│  Params          752.1K      Env       50ms   5%    value             0.070  │
│  Steps            15.5M    Train      560ms  65%    entropy           5.652  │
│  SPS             227.2K      Misc       0ms   0%    total             0.041  │
│  Epoch              237      Forwa…     0ms   0%    old_kl            0.012  │
│  Uptime     0d 0h 1m 8s                             kl                0.011  │
│  Remaini…  0d 0h 2m 31s                             clipfrac          0.394  │
│                                                     bc                0.000  │
│                                                                              │
│  User Stats                    Value    User Stats                    Value  │
│  episode_return                4.477    damage_dealt                471.883  │
│  damage_received             129.866    episode_length              105.412  │
│  wins                          0.000    wave                         68.000  │
│  idle_ticks                    1.979    brews_used                    5.624  │
│  blood_healed                  0.003    prayer_correct_rate           0.467  │
│  unavoidable_off_praye…        0.054    brews_remaining               6.376  │
│  restores_remaining            9.657    prayer_at_death              91.461  │
│  current_ranged               97.212    current_magic                89.992  │
│  behind_shield_pct             0.352    zuk_hp_remaining            730.006  │
│  min_zuk_hp_seen             730.834    hp_restored                   0.061  │
│  zuk_healer_damage             0.002    deaths_to_jad                 0.023  │
│  episode_return_normal         2.512    wins_normal                   0.000  │
│  min_zuk_hp_normal           941.940    score_normal                  0.215  │
│  zuk_objective_normal          0.215    phase_reached_normal          0.435  │
│  death_tick_normal            57.152    frac_min_hp_le_300_no…        0.000  │
╰──────────────────────────────────────────────────────────────────────────────╯

[0;0H╭──────────────────────────────────────────────────────────────────────────────╮
│  PufferLib 4.0 🐡                 GPU: 0%      VRAM: 0.5/18G      RAM: 1.0G  │
│                                                                              │
│  Summary          Value    Evaluate   297ms  34%    Losses            Value  │
│  Env       osrs_inferno      GPU      247ms  28%    policy            0.005  │
│  Params          752.1K      Env       50ms   5%    value             0.079  │
│  Steps            15.7M    Train      558ms  65%    entropy           5.655  │
│  SPS             227.8K      Misc       0ms   0%    total             0.036  │
│  Epoch              240      Forwa…     0ms   0%    old_kl            0.014  │
│  Uptime     0d 0h 1m 9s                             kl                0.012  │
│  Remaini…  0d 0h 2m 30s                             clipfrac          0.416  │
│                                                     bc                0.000  │
│                                                                              │
│  User Stats                    Value    User Stats                    Value  │
│  episode_return                4.493    damage_dealt                473.289  │
│  damage_received             129.947    episode_length              105.453  │
│  wins                          0.000    wave                         68.000  │
│  idle_ticks                    1.912    brews_used                    5.639  │
│  blood_healed                  0.000    prayer_correct_rate           0.471  │
│  unavoidable_off_praye…        0.053    brews_remaining               6.361  │
│  restores_remaining            9.680    prayer_at_death              91.213  │
│  current_ranged               96.695    current_magic                89.555  │
│  behind_shield_pct             0.349    zuk_hp_remaining            728.514  │
│  min_zuk_hp_seen             729.236    hp_restored                   0.146  │
│  zuk_healer_damage             0.009    deaths_to_jad                 0.021  │
│  episode_return_normal         2.477    wins_normal                   0.000  │
│  min_zuk_hp_normal           945.449    score_normal                  0.212  │
│  zuk_objective_normal          0.212    phase_reached_normal          0.420  │
│  death_tick_normal            56.651    frac_min_hp_le_300_no…        0.000  │
╰──────────────────────────────────────────────────────────────────────────────╯

[0;0H╭──────────────────────────────────────────────────────────────────────────────╮
│  PufferLib 4.0          🐡        GPU: 0%      VRAM: 0.5/18G      RAM: 1.0G  │
│                                                                              │
│  Summary          Value    Evaluate   297ms  34%    Losses            Value  │
│  Env       osrs_inferno      GPU      246ms  28%    policy            0.025  │
│  Params          752.1K      Env       50ms   5%    value             0.076  │
│  Steps            15.9M    Train      557ms  65%    entropy           5.611  │
│  SPS             228.4K      Misc       0ms   0%    total             0.054  │
│  Epoch              243      Forwa…     0ms   0%    old_kl            0.013  │
│  Uptime     0d 0h 1m 9s                             kl                0.012  │
│  Remaini…  0d 0h 2m 29s                             clipfrac          0.400  │
│                                                     bc                0.000  │
│                                                                              │
│  User Stats                    Value    User Stats                    Value  │
│  episode_return                4.454    damage_dealt                468.788  │
│  damage_received             128.321    episode_length              104.663  │
│  wins                          0.000    wave                         68.000  │
│  idle_ticks                    1.942    brews_used                    5.595  │
│  blood_healed                  0.000    prayer_correct_rate           0.471  │
│  unavoidable_off_praye…        0.055    brews_remaining               6.405  │
│  restores_remaining            9.709    prayer_at_death              91.462  │
│  current_ranged               96.996    current_magic                89.894  │
│  behind_shield_pct             0.349    zuk_hp_remaining            732.480  │
│  min_zuk_hp_seen             733.522    hp_restored                   0.000  │
│  zuk_healer_damage             0.002    deaths_to_jad                 0.023  │
│  episode_return_normal         2.477    wins_normal                   0.000  │
│  min_zuk_hp_normal           945.703    score_normal                  0.212  │
│  zuk_objective_normal          0.212    phase_reached_normal          0.422  │
│  death_tick_normal            56.457    frac_min_hp_le_300_no…        0.000  │
╰──────────────────────────────────────────────────────────────────────────────╯

[0;0H╭──────────────────────────────────────────────────────────────────────────────╮
│  PufferLib 4.0         🐡         GPU: 0%      VRAM: 0.5/18G      RAM: 1.0G  │
│                                                                              │
│  Summary          Value    Evaluate   298ms  34%    Losses            Value  │
│  Env       osrs_inferno      GPU      247ms  28%    policy            0.004  │
│  Params          752.1K      Env       51ms   5%    value             0.075  │
│  Steps            16.1M    Train      560ms  65%    entropy           5.620  │
│  SPS             227.3K      Misc       0ms   0%    total             0.033  │
│  Epoch              246      Forwa…     0ms   0%    old_kl            0.012  │
│  Uptime    0d 0h 1m 10s                             kl                0.011  │
│  Remaini…  0d 0h 2m 29s                             clipfrac          0.400  │
│                                                     bc                0.000  │
│                                                                              │
│  User Stats                    Value    User Stats                    Value  │
│  episode_return                4.473    damage_dealt                469.133  │
│  damage_received             128.975    episode_length              105.345  │
│  wins                          0.000    wave                         68.000  │
│  idle_ticks                    2.009    brews_used                    5.696  │
│  blood_healed                  0.001    prayer_correct_rate           0.461  │
│  unavoidable_off_praye…        0.053    brews_remaining               6.304  │
│  restores_remaining            9.673    prayer_at_death              91.594  │
│  current_ranged               96.732    current_magic                89.617  │
│  behind_shield_pct             0.360    zuk_hp_remaining            730.677  │
│  min_zuk_hp_seen             731.588    hp_restored                   0.022  │
│  zuk_healer_damage             0.000    deaths_to_jad                 0.025  │
│  episode_return_normal         2.602    wins_normal                   0.000  │
│  min_zuk_hp_normal           932.391    score_normal                  0.223  │
│  zuk_objective_normal          0.223    phase_reached_normal          0.447  │
│  death_tick_normal            59.627    frac_min_hp_le_300_no…        0.001  │
╰──────────────────────────────────────────────────────────────────────────────╯

[0;0H╭──────────────────────────────────────────────────────────────────────────────╮
│  PufferLib 4.0        🐡          GPU: 0%      VRAM: 0.5/18G      RAM: 1.0G  │
│                                                                              │
│  Summary          Value    Evaluate   297ms  34%    Losses            Value  │
│  Env       osrs_inferno      GPU      247ms  28%    policy           -0.003  │
│  Params          752.1K      Env       50ms   5%    value             0.071  │
│  Steps            16.3M    Train      560ms  65%    entropy           5.559  │
│  SPS             227.6K      Misc       0ms   0%    total             0.024  │
│  Epoch              249      Forwa…     0ms   0%    old_kl            0.011  │
│  Uptime    0d 0h 1m 11s                             kl                0.012  │
│  Remaini…  0d 0h 2m 27s                             clipfrac          0.396  │
│                                                     bc                0.000  │
│                                                                              │
│  User Stats                    Value    User Stats                    Value  │
│  episode_return                4.474    damage_dealt                468.938  │
│  damage_received             126.589    episode_length              104.585  │
│  wins                          0.000    wave                         68.000  │
│  idle_ticks                    1.853    brews_used                    5.592  │
│  blood_healed                  0.000    prayer_correct_rate           0.461  │
│  unavoidable_off_praye…        0.059    brews_remaining               6.408  │
│  restores_remaining            9.722    prayer_at_death              91.239  │
│  current_ranged               97.098    current_magic                89.852  │
│  behind_shield_pct             0.360    zuk_hp_remaining            731.030  │
│  min_zuk_hp_seen             731.802    hp_restored                   0.000  │
│  zuk_healer_damage             0.000    deaths_to_jad                 0.023  │
│  episode_return_normal         2.583    wins_normal                   0.000  │
│  min_zuk_hp_normal           934.519    score_normal                  0.221  │
│  zuk_objective_normal          0.221    phase_reached_normal          0.453  │
│  death_tick_normal            58.792    frac_min_hp_le_300_no…        0.001  │
╰──────────────────────────────────────────────────────────────────────────────╯

[0;0H╭──────────────────────────────────────────────────────────────────────────────╮
│  PufferLib 4.0       🐡           GPU: 0%      VRAM: 0.5/18G      RAM: 1.0G  │
│                                                                              │
│  Summary          Value    Evaluate   297ms  34%    Losses            Value  │
│  Env       osrs_inferno      GPU      246ms  28%    policy            0.018  │
│  Params          752.1K      Env       50ms   5%    value             0.075  │
│  Steps            16.5M    Train      557ms  65%    entropy           5.527  │
│  SPS             228.4K      Misc       0ms   0%    total             0.047  │
│  Epoch              252      Forwa…     0ms   0%    old_kl            0.012  │
│  Uptime    0d 0h 1m 12s                             kl                0.012  │
│  Remaini…  0d 0h 2m 26s                             clipfrac          0.397  │
│                                                     bc                0.000  │
│                                                                              │
│  User Stats                    Value    User Stats                    Value  │
│  episode_return                4.395    damage_dealt                460.788  │
│  damage_received             124.848    episode_length              103.105  │
│  wins                          0.000    wave                         68.000  │
│  idle_ticks                    1.780    brews_used                    5.553  │
│  blood_healed                  0.000    prayer_correct_rate           0.451  │
│  unavoidable_off_praye…        0.061    brews_remaining               6.447  │
│  restores_remaining            9.726    prayer_at_death              91.350  │
│  current_ranged               96.897    current_magic                89.736  │
│  behind_shield_pct             0.362    zuk_hp_remaining            739.456  │
│  min_zuk_hp_seen             740.018    hp_restored                   0.011  │
│  zuk_healer_damage             0.000    deaths_to_jad                 0.024  │
│  episode_return_normal         2.581    wins_normal                   0.000  │
│  min_zuk_hp_normal           934.232    score_normal                  0.221  │
│  zuk_objective_normal          0.221    phase_reached_normal          0.453  │
│  death_tick_normal            59.254    frac_min_hp_le_300_no…        0.000  │
╰──────────────────────────────────────────────────────────────────────────────╯

[0;0H╭──────────────────────────────────────────────────────────────────────────────╮
│  PufferLib 4.0      🐡            GPU: 0%      VRAM: 0.5/18G      RAM: 1.0G  │
│                                                                              │
│  Summary          Value    Evaluate   297ms  34%    Losses            Value  │
│  Env       osrs_inferno      GPU      247ms  28%    policy           -0.000  │
│  Params          752.1K      Env       50ms   5%    value             0.072  │
│  Steps            16.7M    Train      560ms  65%    entropy           5.439  │
│  SPS             227.3K      Misc       0ms   0%    total             0.027  │
│  Epoch              255      Forwa…     0ms   0%    old_kl            0.011  │
│  Uptime    0d 0h 1m 13s                             kl                0.011  │
│  Remaini…  0d 0h 2m 26s                             clipfrac          0.394  │
│                                                     bc                0.000  │
│                                                                              │
│  User Stats                    Value    User Stats                    Value  │
│  episode_return                4.445    damage_dealt                466.215  │
│  damage_received             125.235    episode_length              104.677  │
│  wins                          0.000    wave                         68.000  │
│  idle_ticks                    1.762    brews_used                    5.559  │
│  blood_healed                  0.000    prayer_correct_rate           0.454  │
│  unavoidable_off_praye…        0.057    brews_remaining               6.441  │
│  restores_remaining            9.683    prayer_at_death              91.444  │
│  current_ranged               97.034    current_magic                89.888  │
│  behind_shield_pct             0.365    zuk_hp_remaining            733.533  │
│  min_zuk_hp_seen             734.467    hp_restored                   0.011  │
│  zuk_healer_damage             0.002    deaths_to_jad                 0.028  │
│  episode_return_normal         2.647    wins_normal                   0.000  │
│  min_zuk_hp_normal           926.812    score_normal                  0.228  │
│  zuk_objective_normal          0.228    phase_reached_normal          0.479  │
│  death_tick_normal            61.145    frac_min_hp_le_300_no…        0.002  │
╰──────────────────────────────────────────────────────────────────────────────╯

[0;0H╭──────────────────────────────────────────────────────────────────────────────╮
│  PufferLib 4.0     🐡             GPU: 0%      VRAM: 0.5/18G      RAM: 1.0G  │
│                                                                              │
│  Summary          Value    Evaluate   298ms  34%    Losses            Value  │
│  Env       osrs_inferno      GPU      247ms  28%    policy            0.009  │
│  Params          752.1K      Env       50ms   5%    value             0.078  │
│  Steps            16.9M    Train      557ms  65%    entropy           5.420  │
│  SPS             228.0K      Misc       0ms   0%    total             0.040  │
│  Epoch              258      Forwa…     0ms   0%    old_kl            0.013  │
│  Uptime    0d 0h 1m 14s                             kl                0.013  │
│  Remaini…  0d 0h 2m 25s                             clipfrac          0.398  │
│                                                     bc                0.000  │
│                                                                              │
│  User Stats                    Value    User Stats                    Value  │
│  episode_return                4.387    damage_dealt                460.261  │
│  damage_received             122.328    episode_length              103.047  │
│  wins                          0.000    wave                         68.000  │
│  idle_ticks                    1.732    brews_used                    5.456  │
│  blood_healed                  0.002    prayer_correct_rate           0.445  │
│  unavoidable_off_praye…        0.056    brews_remaining               6.544  │
│  restores_remaining            9.711    prayer_at_death              91.265  │
│  current_ranged               97.368    current_magic                89.940  │
│  behind_shield_pct             0.366    zuk_hp_remaining            739.541  │
│  min_zuk_hp_seen             740.326    hp_restored                   0.000  │
│  zuk_healer_damage             0.000    deaths_to_jad                 0.025  │
│  episode_return_normal         2.681    wins_normal                   0.000  │
│  min_zuk_hp_normal           922.589    score_normal                  0.231  │
│  zuk_objective_normal          0.231    phase_reached_normal          0.482  │
│  death_tick_normal            61.748    frac_min_hp_le_300_no…        0.002  │
╰──────────────────────────────────────────────────────────────────────────────╯

[0;0H╭──────────────────────────────────────────────────────────────────────────────╮
│  PufferLib 4.0    🐡              GPU: 0%      VRAM: 0.5/18G      RAM: 1.0G  │
│                                                                              │
│  Summary          Value    Evaluate   297ms  34%    Losses            Value  │
│  Env       osrs_inferno      GPU      247ms  28%    policy            0.010  │
│  Params          752.1K      Env       50ms   5%    value             0.088  │
│  Steps            17.1M    Train      559ms  65%    entropy           5.361  │
│  SPS             227.7K      Misc       0ms   0%    total             0.046  │
│  Epoch              261      Forwa…     0ms   0%    old_kl            0.014  │
│  Uptime    0d 0h 1m 15s                             kl                0.013  │
│  Remaini…  0d 0h 2m 24s                             clipfrac          0.407  │
│                                                     bc                0.000  │
│                                                                              │
│  User Stats                    Value    User Stats                    Value  │
│  episode_return                4.322    damage_dealt                453.539  │
│  damage_received             118.318    episode_length              101.503  │
│  wins                          0.000    wave                         68.000  │
│  idle_ticks                    1.709    brews_used                    5.254  │
│  blood_healed                  0.005    prayer_correct_rate           0.441  │
│  unavoidable_off_praye…        0.057    brews_remaining               6.746  │
│  restores_remaining            9.798    prayer_at_death              91.235  │
│  current_ranged               97.528    current_magic                90.037  │
│  behind_shield_pct             0.372    zuk_hp_remaining            746.479  │
│  min_zuk_hp_seen             747.170    hp_restored                   0.011  │
│  zuk_healer_damage             0.000    deaths_to_jad                 0.027  │
│  episode_return_normal         2.613    wins_normal                   0.000  │
│  min_zuk_hp_normal           929.639    score_normal                  0.225  │
│  zuk_objective_normal          0.225    phase_reached_normal          0.456  │
│  death_tick_normal            60.698    frac_min_hp_le_300_no…        0.001  │
╰──────────────────────────────────────────────────────────────────────────────╯

[0;0H╭──────────────────────────────────────────────────────────────────────────────╮
│  PufferLib 4.0   🐡               GPU: 0%      VRAM: 0.5/18G      RAM: 1.0G  │
│                                                                              │
│  Summary          Value    Evaluate   298ms  34%    Losses            Value  │
│  Env       osrs_inferno      GPU      247ms  28%    policy            0.009  │
│  Params          752.1K      Env       51ms   5%    value             0.078  │
│  Steps            17.3M    Train      559ms  65%    entropy           5.380  │
│  SPS             227.6K      Misc       0ms   0%    total             0.040  │
│  Epoch              264      Forwa…     0ms   0%    old_kl            0.012  │
│  Uptime    0d 0h 1m 15s                             kl                0.011  │
│  Remaini…  0d 0h 2m 23s                             clipfrac          0.401  │
│                                                     bc                0.000  │
│                                                                              │
│  User Stats                    Value    User Stats                    Value  │
│  episode_return                4.328    damage_dealt                454.264  │
│  damage_received             116.290    episode_length              101.770  │
│  wins                          0.000    wave                         68.000  │
│  idle_ticks                    1.702    brews_used                    5.207  │
│  blood_healed                  0.000    prayer_correct_rate           0.432  │
│  unavoidable_off_praye…        0.054    brews_remaining               6.793  │
│  restores_remaining            9.807    prayer_at_death              91.128  │
│  current_ranged               97.494    current_magic                89.878  │
│  behind_shield_pct             0.384    zuk_hp_remaining            746.165  │
│  min_zuk_hp_seen             746.472    hp_restored                   0.047  │
│  zuk_healer_damage             0.003    deaths_to_jad                 0.026  │
│  episode_return_normal         2.686    wins_normal                   0.000  │
│  min_zuk_hp_normal           922.663    score_normal                  0.231  │
│  zuk_objective_normal          0.231    phase_reached_normal          0.478  │
│  death_tick_normal            61.876    frac_min_hp_le_300_no…        0.003  │
╰──────────────────────────────────────────────────────────────────────────────╯

[0;0H╭──────────────────────────────────────────────────────────────────────────────╮
│  PufferLib 4.0  🐡                GPU: 0%      VRAM: 0.5/18G      RAM: 1.0G  │
│                                                                              │
│  Summary          Value    Evaluate   297ms  34%    Losses            Value  │
│  Env       osrs_inferno      GPU      246ms  28%    policy            0.005  │
│  Params          752.1K      Env       51ms   5%    value             0.098  │
│  Steps            17.5M    Train      558ms  65%    entropy           5.324  │
│  SPS             227.9K      Misc       0ms   0%    total             0.046  │
│  Epoch              267      Forwa…     0ms   0%    old_kl            0.013  │
│  Uptime    0d 0h 1m 16s                             kl                0.013  │
│  Remaini…  0d 0h 2m 22s                             clipfrac          0.397  │
│                                                     bc                0.000  │
│                                                                              │
│  User Stats                    Value    User Stats                    Value  │
│  episode_return                4.296    damage_dealt                451.104  │
│  damage_received             116.820    episode_length              101.574  │
│  wins                          0.000    wave                         68.000  │
│  idle_ticks                    1.822    brews_used                    5.254  │
│  blood_healed                  0.001    prayer_correct_rate           0.440  │
│  unavoidable_off_praye…        0.051    brews_remaining               6.746  │
│  restores_remaining            9.820    prayer_at_death              91.212  │
│  current_ranged               97.793    current_magic                90.090  │
│  behind_shield_pct             0.383    zuk_hp_remaining            748.916  │
│  min_zuk_hp_seen             749.452    hp_restored                   0.072  │
│  zuk_healer_damage             0.000    deaths_to_jad                 0.022  │
│  episode_return_normal         2.612    wins_normal                   0.000  │
│  min_zuk_hp_normal           930.383    score_normal                  0.225  │
│  zuk_objective_normal          0.225    phase_reached_normal          0.446  │
│  death_tick_normal            60.642    frac_min_hp_le_300_no…        0.002  │
╰──────────────────────────────────────────────────────────────────────────────╯

[0;0H╭──────────────────────────────────────────────────────────────────────────────╮
│  PufferLib 4.0 🐡                 GPU: 0%      VRAM: 0.5/18G      RAM: 1.0G  │
│                                                                              │
│  Summary          Value    Evaluate   298ms  34%    Losses            Value  │
│  Env       osrs_inferno      GPU      247ms  28%    policy            0.001  │
│  Params          752.1K      Env       50ms   5%    value             0.090  │
│  Steps            17.7M    Train      559ms  65%    entropy           5.261  │
│  SPS             227.5K      Misc       0ms   0%    total             0.038  │
│  Epoch              270      Forwa…     0ms   0%    old_kl            0.012  │
│  Uptime    0d 0h 1m 17s                             kl                0.012  │
│  Remaini…  0d 0h 2m 22s                             clipfrac          0.405  │
│                                                     bc                0.000  │
│                                                                              │
│  User Stats                    Value    User Stats                    Value  │
│  episode_return                4.398    damage_dealt                462.364  │
│  damage_received             120.270    episode_length              103.728  │
│  wins                          0.000    wave                         68.000  │
│  idle_ticks                    1.825    brews_used                    5.414  │
│  blood_healed                  0.002    prayer_correct_rate           0.440  │
│  unavoidable_off_praye…        0.052    brews_remaining               6.586  │
│  restores_remaining            9.780    prayer_at_death              90.941  │
│  current_ranged               97.387    current_magic                89.703  │
│  behind_shield_pct             0.389    zuk_hp_remaining            737.302  │
│  min_zuk_hp_seen             738.123    hp_restored                   0.035  │
│  zuk_healer_damage             0.000    deaths_to_jad                 0.018  │
│  episode_return_normal         2.739    wins_normal                   0.000  │
│  min_zuk_hp_normal           916.860    score_normal                  0.236  │
│  zuk_objective_normal          0.236    phase_reached_normal          0.475  │
│  death_tick_normal            62.326    frac_min_hp_le_300_no…        0.002  │
╰──────────────────────────────────────────────────────────────────────────────╯

[0;0H╭──────────────────────────────────────────────────────────────────────────────╮
│  PufferLib 4.0          🐡        GPU: 0%      VRAM: 0.5/18G      RAM: 1.0G  │
│                                                                              │
│  Summary          Value    Evaluate   298ms  34%    Losses            Value  │
│  Env       osrs_inferno      GPU      246ms  28%    policy            0.004  │
│  Params          752.1K      Env       51ms   5%    value             0.079  │
│  Steps            17.9M    Train      557ms  65%    entropy           5.300  │
│  SPS             228.0K      Misc       0ms   0%    total             0.035  │
│  Epoch              273      Forwa…     0ms   0%    old_kl            0.012  │
│  Uptime    0d 0h 1m 18s                             kl                0.013  │
│  Remaini…  0d 0h 2m 20s                             clipfrac          0.412  │
│                                                     bc                0.000  │
│                                                                              │
│  User Stats                    Value    User Stats                    Value  │
│  episode_return                4.487    damage_dealt                472.430  │
│  damage_received             120.001    episode_length              106.237  │
│  wins                          0.000    wave                         68.000  │
│  idle_ticks                    1.840    brews_used                    5.389  │
│  blood_healed                  0.001    prayer_correct_rate           0.444  │
│  unavoidable_off_praye…        0.051    brews_remaining               6.611  │
│  restores_remaining            9.761    prayer_at_death              90.940  │
│  current_ranged               97.685    current_magic                90.019  │
│  behind_shield_pct             0.403    zuk_hp_remaining            727.631  │
│  min_zuk_hp_seen             728.147    hp_restored                   0.039  │
│  zuk_healer_damage             0.000    deaths_to_jad                 0.017  │
│  episode_return_normal         2.729    wins_normal                   0.000  │
│  min_zuk_hp_normal           917.926    score_normal                  0.235  │
│  zuk_objective_normal          0.235    phase_reached_normal          0.493  │
│  death_tick_normal            62.468    frac_min_hp_le_300_no…        0.000  │
╰──────────────────────────────────────────────────────────────────────────────╯

[0;0H╭──────────────────────────────────────────────────────────────────────────────╮
│  PufferLib 4.0         🐡         GPU: 0%      VRAM: 0.5/18G      RAM: 1.0G  │
│                                                                              │
│  Summary          Value    Evaluate   298ms  34%    Losses            Value  │
│  Env       osrs_inferno      GPU      247ms  28%    policy            0.002  │
│  Params          752.1K      Env       51ms   5%    value             0.087  │
│  Steps            18.1M    Train      556ms  65%    entropy           5.225  │
│  SPS             228.4K      Misc       0ms   0%    total             0.037  │
│  Epoch              276      Forwa…     0ms   0%    old_kl            0.013  │
│  Uptime    0d 0h 1m 19s                             kl                0.014  │
│  Remaini…  0d 0h 2m 19s                             clipfrac          0.410  │
│                                                     bc                0.000  │
│                                                                              │
│  User Stats                    Value    User Stats                    Value  │
│  episode_return                4.444    damage_dealt                468.156  │
│  damage_received             118.635    episode_length              104.527  │
│  wins                          0.000    wave                         68.000  │
│  idle_ticks                    1.894    brews_used                    5.302  │
│  blood_healed                  0.000    prayer_correct_rate           0.436  │
│  unavoidable_off_praye…        0.052    brews_remaining               6.698  │
│  restores_remaining            9.794    prayer_at_death              90.782  │
│  current_ranged               97.528    current_magic                89.949  │
│  behind_shield_pct             0.399    zuk_hp_remaining            731.922  │
│  min_zuk_hp_seen             732.486    hp_restored                   0.028  │
│  zuk_healer_damage             0.000    deaths_to_jad                 0.019  │
│  episode_return_normal         2.737    wins_normal                   0.000  │
│  min_zuk_hp_normal           916.536    score_normal                  0.236  │
│  zuk_objective_normal          0.236    phase_reached_normal          0.493  │
│  death_tick_normal            62.064    frac_min_hp_le_300_no…        0.000  │
╰──────────────────────────────────────────────────────────────────────────────╯

[0;0H╭──────────────────────────────────────────────────────────────────────────────╮
│  PufferLib 4.0        🐡          GPU: 0%      VRAM: 0.5/18G      RAM: 1.0G  │
│                                                                              │
│  Summary          Value    Evaluate   298ms  34%    Losses            Value  │
│  Env       osrs_inferno      GPU      246ms  28%    policy            0.004  │
│  Params          752.1K      Env       52ms   6%    value             0.090  │
│  Steps            18.3M    Train      555ms  65%    entropy           5.239  │
│  SPS             228.5K      Misc       0ms   0%    total             0.041  │
│  Epoch              279      Forwa…     0ms   0%    old_kl            0.013  │
│  Uptime    0d 0h 1m 20s                             kl                0.013  │
│  Remaini…  0d 0h 2m 18s                             clipfrac          0.407  │
│                                                     bc                0.000  │
│                                                                              │
│  User Stats                    Value    User Stats                    Value  │
│  episode_return                4.474    damage_dealt                471.701  │
│  damage_received             119.798    episode_length              105.147  │
│  wins                          0.000    wave                         68.000  │
│  idle_ticks                    1.938    brews_used                    5.348  │
│  blood_healed                  0.000    prayer_correct_rate           0.432  │
│  unavoidable_off_praye…        0.053    brews_remaining               6.652  │
│  restores_remaining            9.777    prayer_at_death              90.630  │
│  current_ranged               97.486    current_magic                89.910  │
│  behind_shield_pct             0.401    zuk_hp_remaining            728.110  │
│  min_zuk_hp_seen             728.890    hp_restored                   0.055  │
│  zuk_healer_damage             0.005    deaths_to_jad                 0.018  │
│  episode_return_normal         2.805    wins_normal                   0.000  │
│  min_zuk_hp_normal           908.822    score_normal                  0.243  │
│  zuk_objective_normal          0.243    phase_reached_normal          0.520  │
│  death_tick_normal            63.669    frac_min_hp_le_300_no…        0.000  │
╰──────────────────────────────────────────────────────────────────────────────╯

[0;0H╭──────────────────────────────────────────────────────────────────────────────╮
│  PufferLib 4.0       🐡           GPU: 0%      VRAM: 0.5/18G      RAM: 1.0G  │
│                                                                              │
│  Summary          Value    Evaluate   299ms  35%    Losses            Value  │
│  Env       osrs_inferno      GPU      246ms  28%    policy            0.020  │
│  Params          752.1K      Env       52ms   6%    value             0.080  │
│  Steps            18.5M    Train      554ms  64%    entropy           5.216  │
│  SPS             228.5K      Misc       0ms   0%    total             0.052  │
│  Epoch              282      Forwa…     0ms   0%    old_kl            0.013  │
│  Uptime    0d 0h 1m 21s                             kl                0.012  │
│  Remaini…  0d 0h 2m 17s                             clipfrac          0.409  │
│                                                     bc                0.000  │
│                                                                              │
│  User Stats                    Value    User Stats                    Value  │
│  episode_return                4.514    damage_dealt                476.526  │
│  damage_received             119.860    episode_length              106.262  │
│  wins                          0.000    wave                         68.000  │
│  idle_ticks                    2.047    brews_used                    5.348  │
│  blood_healed                  0.000    prayer_correct_rate           0.428  │
│  unavoidable_off_praye…        0.051    brews_remaining               6.652  │
│  restores_remaining            9.757    prayer_at_death              90.450  │
│  current_ranged               97.706    current_magic                90.106  │
│  behind_shield_pct             0.404    zuk_hp_remaining            723.195  │
│  min_zuk_hp_seen             723.996    hp_restored                   0.015  │
│  zuk_healer_damage             0.000    deaths_to_jad                 0.019  │
│  episode_return_normal         2.863    wins_normal                   0.000  │
│  min_zuk_hp_normal           901.698    score_normal                  0.249  │
│  zuk_objective_normal          0.249    phase_reached_normal          0.531  │
│  death_tick_normal            65.527    frac_min_hp_le_300_no…        0.001  │
╰──────────────────────────────────────────────────────────────────────────────╯

[0;0H╭──────────────────────────────────────────────────────────────────────────────╮
│  PufferLib 4.0      🐡            GPU: 0%      VRAM: 0.5/18G      RAM: 1.0G  │
│                                                                              │
│  Summary          Value    Evaluate   300ms  34%    Losses            Value  │
│  Env       osrs_inferno      GPU      248ms  28%    policy            0.022  │
│  Params          752.1K      Env       52ms   6%    value             0.079  │
│  Steps            18.7M    Train      559ms  65%    entropy           5.234  │
│  SPS             227.1K      Misc       0ms   0%    total             0.053  │
│  Epoch              285      Forwa…     0ms   0%    old_kl            0.013  │
│  Uptime    0d 0h 1m 22s                             kl                0.012  │
│  Remaini…  0d 0h 2m 17s                             clipfrac          0.404  │
│                                                     bc                0.000  │
│                                                                              │
│  User Stats                    Value    User Stats                    Value  │
│  episode_return                4.540    damage_dealt                480.070  │
│  damage_received             119.098    episode_length              106.613  │
│  wins                          0.000    wave                         68.000  │
│  idle_ticks                    2.121    brews_used                    5.250  │
│  blood_healed                  0.000    prayer_correct_rate           0.416  │
│  unavoidable_off_praye…        0.052    brews_remaining               6.750  │
│  restores_remaining            9.769    prayer_at_death              90.334  │
│  current_ranged               97.524    current_magic                89.925  │
│  behind_shield_pct             0.415    zuk_hp_remaining            719.369  │
│  min_zuk_hp_seen             720.336    hp_restored                   0.070  │
│  zuk_healer_damage             0.006    deaths_to_jad                 0.021  │
│  episode_return_normal         2.887    wins_normal                   0.000  │
│  min_zuk_hp_normal           898.238    score_normal                  0.251  │
│  zuk_objective_normal          0.251    phase_reached_normal          0.550  │
│  death_tick_normal            66.456    frac_min_hp_le_300_no…        0.001  │
╰──────────────────────────────────────────────────────────────────────────────╯

[0;0H╭──────────────────────────────────────────────────────────────────────────────╮
│  PufferLib 4.0     🐡             GPU: 0%      VRAM: 0.5/18G      RAM: 1.0G  │
│                                                                              │
│  Summary          Value    Evaluate   299ms  34%    Losses            Value  │
│  Env       osrs_inferno      GPU      248ms  28%    policy            0.010  │
│  Params          752.1K      Env       52ms   6%    value             0.082  │
│  Steps            18.9M    Train      559ms  65%    entropy           5.179  │
│  SPS             227.1K      Misc       0ms   0%    total             0.043  │
│  Epoch              288      Forwa…     0ms   0%    old_kl            0.012  │
│  Uptime    0d 0h 1m 22s                             kl                0.011  │
│  Remaini…  0d 0h 2m 17s                             clipfrac          0.413  │
│                                                     bc                0.000  │
│                                                                              │
│  User Stats                    Value    User Stats                    Value  │
│  episode_return                4.696    damage_dealt                496.878  │
│  damage_received             123.187    episode_length              109.948  │
│  wins                          0.000    wave                         68.000  │
│  idle_ticks                    2.129    brews_used                    5.434  │
│  blood_healed                  0.000    prayer_correct_rate           0.417  │
│  unavoidable_off_praye…        0.049    brews_remaining               6.566  │
│  restores_remaining            9.670    prayer_at_death              90.203  │
│  current_ranged               97.543    current_magic                90.080  │
│  behind_shield_pct             0.421    zuk_hp_remaining            702.581  │
│  min_zuk_hp_seen             703.423    hp_restored                   0.063  │
│  zuk_healer_damage             0.000    deaths_to_jad                 0.025  │
│  episode_return_normal         3.013    wins_normal                   0.000  │
│  min_zuk_hp_normal           884.020    score_normal                  0.263  │
│  zuk_objective_normal          0.263    phase_reached_normal          0.584  │
│  death_tick_normal            69.527    frac_min_hp_le_300_no…        0.001  │
╰──────────────────────────────────────────────────────────────────────────────╯

[0;0H╭──────────────────────────────────────────────────────────────────────────────╮
│  PufferLib 4.0    🐡              GPU: 0%      VRAM: 0.5/18G      RAM: 1.0G  │
│                                                                              │
│  Summary          Value    Evaluate   298ms  34%    Losses            Value  │
│  Env       osrs_inferno      GPU      247ms  28%    policy           -0.005  │
│  Params          752.1K      Env       51ms   6%    value             0.082  │
│  Steps            19.1M    Train      558ms  65%    entropy           5.166  │
│  SPS             227.6K      Misc       0ms   0%    total             0.028  │
│  Epoch              291      Forwa…     0ms   0%    old_kl            0.013  │
│  Uptime    0d 0h 1m 23s                             kl                0.013  │
│  Remaini…  0d 0h 2m 15s                             clipfrac          0.411  │
│                                                     bc                0.000  │
│                                                                              │
│  User Stats                    Value    User Stats                    Value  │
│  episode_return                4.654    damage_dealt                492.389  │
│  damage_received             118.853    episode_length              108.442  │
│  wins                          0.000    wave                         68.000  │
│  idle_ticks                    2.114    brews_used                    5.230  │
│  blood_healed                  0.000    prayer_correct_rate           0.416  │
│  unavoidable_off_praye…        0.049    brews_remaining               6.770  │
│  restores_remaining            9.743    prayer_at_death              90.045  │
│  current_ranged               98.321    current_magic                90.629  │
│  behind_shield_pct             0.420    zuk_hp_remaining            707.149  │
│  min_zuk_hp_seen             707.844    hp_restored                   0.031  │
│  zuk_healer_damage             0.000    deaths_to_jad                 0.025  │
│  episode_return_normal         3.012    wins_normal                   0.000  │
│  min_zuk_hp_normal           883.926    score_normal                  0.263  │
│  zuk_objective_normal          0.263    phase_reached_normal          0.591  │
│  death_tick_normal            68.676    frac_min_hp_le_300_no…        0.002  │
╰──────────────────────────────────────────────────────────────────────────────╯

[0;0H╭──────────────────────────────────────────────────────────────────────────────╮
│  PufferLib 4.0   🐡               GPU: 0%      VRAM: 0.5/18G      RAM: 1.0G  │
│                                                                              │
│  Summary          Value    Evaluate   296ms  34%    Losses            Value  │
│  Env       osrs_inferno      GPU      245ms  28%    policy           -0.012  │
│  Params          752.1K      Env       51ms   5%    value             0.086  │
│  Steps            19.3M    Train      558ms  65%    entropy           5.126  │
│  SPS             228.4K      Misc       0ms   0%    total             0.023  │
│  Epoch              294      Forwa…     0ms   0%    old_kl            0.012  │
│  Uptime    0d 0h 1m 24s                             kl                0.016  │
│  Remaini…  0d 0h 2m 14s                             clipfrac          0.411  │
│                                                     bc                0.000  │
│                                                                              │
│  User Stats                    Value    User Stats                    Value  │
│  episode_return                4.556    damage_dealt                482.366  │
│  damage_received             116.388    episode_length              107.211  │
│  wins                          0.000    wave                         68.000  │
│  idle_ticks                    1.972    brews_used                    5.094  │
│  blood_healed                  0.001    prayer_correct_rate           0.409  │
│  unavoidable_off_praye…        0.048    brews_remaining               6.906  │
│  restores_remaining            9.838    prayer_at_death              89.604  │
│  current_ranged               97.934    current_magic                90.018  │
│  behind_shield_pct             0.420    zuk_hp_remaining            716.932  │
│  min_zuk_hp_seen             717.908    hp_restored                   0.014  │
│  zuk_healer_damage             0.003    deaths_to_jad                 0.024  │
│  episode_return_normal         2.904    wins_normal                   0.000  │
│  min_zuk_hp_normal           895.275    score_normal                  0.254  │
│  zuk_objective_normal          0.254    phase_reached_normal          0.553  │
│  death_tick_normal            67.880    frac_min_hp_le_300_no…        0.003  │
╰──────────────────────────────────────────────────────────────────────────────╯

[0;0H╭──────────────────────────────────────────────────────────────────────────────╮
│  PufferLib 4.0  🐡                GPU: 0%      VRAM: 0.5/18G      RAM: 1.0G  │
│                                                                              │
│  Summary          Value    Evaluate   296ms  34%    Losses            Value  │
│  Env       osrs_inferno      GPU      246ms  28%    policy            0.000  │
│  Params          752.1K      Env       50ms   5%    value             0.094  │
│  Steps            19.5M    Train      560ms  65%    entropy           5.123  │
│  SPS             227.7K      Misc       0ms   0%    total             0.040  │
│  Epoch              297      Forwa…     0ms   0%    old_kl            0.013  │
│  Uptime    0d 0h 1m 25s                             kl                0.011  │
│  Remaini…  0d 0h 2m 14s                             clipfrac          0.407  │
│                                                     bc                0.000  │
│                                                                              │
│  User Stats                    Value    User Stats                    Value  │
│  episode_return                4.671    damage_dealt                495.191  │
│  damage_received             119.154    episode_length              109.209  │
│  wins                          0.000    wave                         68.000  │
│  idle_ticks                    1.908    brews_used                    5.167  │
│  blood_healed                  0.001    prayer_correct_rate           0.410  │
│  unavoidable_off_praye…        0.049    brews_remaining               6.833  │
│  restores_remaining            9.786    prayer_at_death              89.490  │
│  current_ranged               97.713    current_magic                90.013  │
│  behind_shield_pct             0.423    zuk_hp_remaining            704.532  │
│  min_zuk_hp_seen             705.244    hp_restored                   0.068  │
│  zuk_healer_damage             0.000    deaths_to_jad                 0.023  │
│  episode_return_normal         3.020    wins_normal                   0.000  │
│  min_zuk_hp_normal           881.853    score_normal                  0.265  │
│  zuk_objective_normal          0.265    phase_reached_normal          0.602  │
│  death_tick_normal            70.121    frac_min_hp_le_300_no…        0.001  │
╰──────────────────────────────────────────────────────────────────────────────╯

[0;0H╭──────────────────────────────────────────────────────────────────────────────╮
│  PufferLib 4.0 🐡                 GPU: 0%      VRAM: 0.5/18G      RAM: 1.0G  │
│                                                                              │
│  Summary          Value    Evaluate   298ms  34%    Losses            Value  │
│  Env       osrs_inferno      GPU      247ms  28%    policy            0.004  │
│  Params          752.1K      Env       51ms   5%    value             0.097  │
│  Steps            19.7M    Train      557ms  65%    entropy           5.127  │
│  SPS             228.1K      Misc       0ms   0%    total             0.045  │
│  Epoch              300      Forwa…     0ms   0%    old_kl            0.012  │
│  Uptime    0d 0h 1m 26s                             kl                0.012  │
│  Remaini…  0d 0h 2m 13s                             clipfrac          0.414  │
│                                                     bc                0.000  │
│                                                                              │
│  User Stats                    Value    User Stats                    Value  │
│  episode_return                4.581    damage_dealt                486.519  │
│  damage_received             114.361    episode_length              108.803  │
│  wins                          0.000    wave                         68.000  │
│  idle_ticks                    1.983    brews_used                    4.970  │
│  blood_healed                  0.002    prayer_correct_rate           0.407  │
│  unavoidable_off_praye…        0.053    brews_remaining               7.030  │
│  restores_remaining            9.871    prayer_at_death              89.483  │
│  current_ranged               98.087    current_magic                90.233  │
│  behind_shield_pct             0.433    zuk_hp_remaining            712.873  │
│  min_zuk_hp_seen             713.953    hp_restored                   0.082  │
│  zuk_healer_damage             0.003    deaths_to_jad                 0.020  │
│  episode_return_normal         2.858    wins_normal                   0.000  │
│  min_zuk_hp_normal           898.224    score_normal                  0.251  │
│  zuk_objective_normal          0.251    phase_reached_normal          0.562  │
│  death_tick_normal            68.381    frac_min_hp_le_300_no…        0.002  │
╰──────────────────────────────────────────────────────────────────────────────╯

[0;0H╭──────────────────────────────────────────────────────────────────────────────╮
│  PufferLib 4.0          🐡        GPU: 0%      VRAM: 0.5/18G      RAM: 1.0G  │
│                                                                              │
│  Summary          Value    Evaluate   298ms  34%    Losses            Value  │
│  Env       osrs_inferno      GPU      247ms  28%    policy            0.005  │
│  Params          752.1K      Env       51ms   5%    value             0.084  │
│  Steps            19.9M    Train      561ms  65%    entropy           5.077  │
│  SPS             227.0K      Misc       0ms   0%    total             0.039  │
│  Epoch              303      Forwa…     0ms   0%    old_kl            0.011  │
│  Uptime    0d 0h 1m 27s                             kl                0.011  │
│  Remaini…  0d 0h 2m 12s                             clipfrac          0.409  │
│                                                     bc                0.000  │
│                                                                              │
│  User Stats                    Value    User Stats                    Value  │
│  episode_return                4.909    damage_dealt                521.467  │
│  damage_received             123.446    episode_length              114.980  │
│  wins                          0.000    wave                         68.000  │
│  idle_ticks                    1.988    brews_used                    5.318  │
│  blood_healed                  0.002    prayer_correct_rate           0.410  │
│  unavoidable_off_praye…        0.051    brews_remaining               6.682  │
│  restores_remaining            9.700    prayer_at_death              89.241  │
│  current_ranged               97.376    current_magic                89.774  │
│  behind_shield_pct             0.445    zuk_hp_remaining            677.880  │
│  min_zuk_hp_seen             678.901    hp_restored                   0.075  │
│  zuk_healer_damage             0.006    deaths_to_jad                 0.023  │
│  episode_return_normal         3.149    wins_normal                   0.000  │
│  min_zuk_hp_normal           866.603    score_normal                  0.278  │
│  zuk_objective_normal          0.278    phase_reached_normal          0.660  │
│  death_tick_normal            73.779    frac_min_hp_le_300_no…        0.001  │
╰──────────────────────────────────────────────────────────────────────────────╯

[0;0H╭──────────────────────────────────────────────────────────────────────────────╮
│  PufferLib 4.0         🐡         GPU: 0%      VRAM: 0.5/18G      RAM: 1.0G  │
│                                                                              │
│  Summary          Value    Evaluate   298ms  34%    Losses            Value  │
│  Env       osrs_inferno      GPU      247ms  28%    policy            0.009  │
│  Params          752.1K      Env       51ms   5%    value             0.093  │
│  Steps            20.1M    Train      557ms  65%    entropy           5.072  │
│  SPS             227.9K      Misc       0ms   0%    total             0.047  │
│  Epoch              306      Forwa…     0ms   0%    old_kl            0.012  │
│  Uptime    0d 0h 1m 28s                             kl                0.011  │
│  Remaini…  0d 0h 2m 11s                             clipfrac          0.413  │
│                                                     bc                0.000  │
│                                                                              │
│  User Stats                    Value    User Stats                    Value  │
│  episode_return                4.713    damage_dealt                501.183  │
│  damage_received             119.443    episode_length              110.602  │
│  wins                          0.000    wave                         68.000  │
│  idle_ticks                    1.932    brews_used                    5.191  │
│  blood_healed                  0.003    prayer_correct_rate           0.399  │
│  unavoidable_off_praye…        0.050    brews_remaining               6.809  │
│  restores_remaining            9.739    prayer_at_death              89.285  │
│  current_ranged               97.908    current_magic                90.221  │
│  behind_shield_pct             0.429    zuk_hp_remaining            698.386  │
│  min_zuk_hp_seen             699.314    hp_restored                   0.017  │
│  zuk_healer_damage             0.000    deaths_to_jad                 0.023  │
│  episode_return_normal         3.136    wins_normal                   0.000  │
│  min_zuk_hp_normal           867.082    score_normal                  0.277  │
│  zuk_objective_normal          0.277    phase_reached_normal          0.667  │
│  death_tick_normal            73.752    frac_min_hp_le_300_no…        0.002  │
╰──────────────────────────────────────────────────────────────────────────────╯

[0;0H╭──────────────────────────────────────────────────────────────────────────────╮
│  PufferLib 4.0        🐡          GPU: 0%      VRAM: 0.5/18G      RAM: 1.0G  │
│                                                                              │
│  Summary          Value    Evaluate   292ms  34%    Losses            Value  │
│  Env       osrs_inferno      GPU      241ms  28%    policy            0.016  │
│  Params          752.1K      Env       50ms   5%    value             0.102  │
│  Steps            20.3M    Train      560ms  65%    entropy           5.089  │
│  SPS             228.8K      Misc       0ms   0%    total             0.059  │
│  Epoch              309      Forwa…     0ms   0%    old_kl            0.012  │
│  Uptime    0d 0h 1m 28s                             kl                0.012  │
│  Remaini…  0d 0h 2m 10s                             clipfrac          0.400  │
│                                                     bc                0.000  │
│                                                                              │
│  User Stats                    Value    User Stats                    Value  │
│  episode_return                4.813    damage_dealt                511.103  │
│  damage_received             121.046    episode_length              112.810  │
│  wins                          0.000    wave                         68.000  │
│  idle_ticks                    1.865    brews_used                    5.198  │
│  blood_healed                  0.002    prayer_correct_rate           0.409  │
│  unavoidable_off_praye…        0.053    brews_remaining               6.802  │
│  restores_remaining            9.707    prayer_at_death              89.399  │
│  current_ranged               97.973    current_magic                90.419  │
│  behind_shield_pct             0.436    zuk_hp_remaining            688.491  │
│  min_zuk_hp_seen             689.176    hp_restored                   0.000  │
│  zuk_healer_damage             0.000    deaths_to_jad                 0.025  │
│  episode_return_normal         3.137    wins_normal                   0.000  │
│  min_zuk_hp_normal           867.254    score_normal                  0.277  │
│  zuk_objective_normal          0.277    phase_reached_normal          0.678  │
│  death_tick_normal            74.154    frac_min_hp_le_300_no…        0.003  │
╰──────────────────────────────────────────────────────────────────────────────╯

[0;0H╭──────────────────────────────────────────────────────────────────────────────╮
│  PufferLib 4.0       🐡           GPU: 0%      VRAM: 0.5/18G      RAM: 1.0G  │
│                                                                              │
│  Summary          Value    Evaluate   296ms  34%    Losses            Value  │
│  Env       osrs_inferno      GPU      245ms  28%    policy           -0.001  │
│  Params          752.1K      Env       51ms   5%    value             0.104  │
│  Steps            20.4M    Train      558ms  65%    entropy           5.025  │
│  SPS             228.1K      Misc       0ms   0%    total             0.043  │
│  Epoch              312      Forwa…     0ms   0%    old_kl            0.011  │
│  Uptime    0d 0h 1m 29s                             kl                0.011  │
│  Remaini…   0d 0h 2m 9s                             clipfrac          0.401  │
│                                                     bc                0.000  │
│                                                                              │
│  User Stats                    Value    User Stats                    Value  │
│  episode_return                4.915    damage_dealt                522.345  │
│  damage_received             121.652    episode_length              115.000  │
│  wins                          0.000    wave                         68.000  │
│  idle_ticks                    1.823    brews_used                    5.230  │
│  blood_healed                  0.000    prayer_correct_rate           0.414  │
│  unavoidable_off_praye…        0.051    brews_remaining               6.770  │
│  restores_remaining            9.742    prayer_at_death              88.655  │
│  current_ranged               97.957    current_magic                90.159  │
│  behind_shield_pct             0.445    zuk_hp_remaining            677.635  │
│  min_zuk_hp_seen             678.182    hp_restored                   0.083  │
│  zuk_healer_damage             0.000    deaths_to_jad                 0.029  │
│  episode_return_normal         3.240    wins_normal                   0.000  │
│  min_zuk_hp_normal           856.511    score_normal                  0.286  │
│  zuk_objective_normal          0.286    phase_reached_normal          0.702  │
│  death_tick_normal            75.317    frac_min_hp_le_300_no…        0.002  │
╰──────────────────────────────────────────────────────────────────────────────╯

[0;0H╭──────────────────────────────────────────────────────────────────────────────╮
│  PufferLib 4.0      🐡            GPU: 0%      VRAM: 0.5/18G      RAM: 1.0G  │
│                                                                              │
│  Summary          Value    Evaluate   298ms  34%    Losses            Value  │
│  Env       osrs_inferno      GPU      246ms  28%    policy            0.012  │
│  Params          752.1K      Env       51ms   6%    value             0.097  │
│  Steps            20.6M    Train      560ms  65%    entropy           5.023  │
│  SPS             227.4K      Misc       0ms   0%    total             0.053  │
│  Epoch              315      Forwa…     0ms   0%    old_kl            0.012  │
│  Uptime    0d 0h 1m 30s                             kl                0.011  │
│  Remaini…   0d 0h 2m 9s                             clipfrac          0.404  │
│                                                     bc                0.000  │
│                                                                              │
│  User Stats                    Value    User Stats                    Value  │
│  episode_return                4.816    damage_dealt                511.944  │
│  damage_received             119.652    episode_length              113.154  │
│  wins                          0.000    wave                         68.000  │
│  idle_ticks                    1.697    brews_used                    5.177  │
│  blood_healed                  0.003    prayer_correct_rate           0.408  │
│  unavoidable_off_praye…        0.049    brews_remaining               6.823  │
│  restores_remaining            9.742    prayer_at_death              88.986  │
│  current_ranged               98.088    current_magic                90.417  │
│  behind_shield_pct             0.442    zuk_hp_remaining            687.813  │
│  min_zuk_hp_seen             688.533    hp_restored                   0.036  │
│  zuk_healer_damage             0.000    deaths_to_jad                 0.024  │
│  episode_return_normal         3.217    wins_normal                   0.000  │
│  min_zuk_hp_normal           859.134    score_normal                  0.284  │
│  zuk_objective_normal          0.284    phase_reached_normal          0.694  │
│  death_tick_normal            75.251    frac_min_hp_le_300_no…        0.004  │
╰──────────────────────────────────────────────────────────────────────────────╯

[0;0H╭──────────────────────────────────────────────────────────────────────────────╮
│  PufferLib 4.0     🐡             GPU: 0%      VRAM: 0.5/18G      RAM: 1.0G  │
│                                                                              │
│  Summary          Value    Evaluate   298ms  34%    Losses            Value  │
│  Env       osrs_inferno      GPU      247ms  28%    policy            0.019  │
│  Params          752.1K      Env       51ms   5%    value             0.104  │
│  Steps            20.8M    Train      558ms  65%    entropy           4.993  │
│  SPS             227.6K      Misc       0ms   0%    total             0.063  │
│  Epoch              318      Forwa…     0ms   0%    old_kl            0.011  │
│  Uptime    0d 0h 1m 31s                             kl                0.011  │
│  Remaini…   0d 0h 2m 8s                             clipfrac          0.403  │
│                                                     bc                0.000  │
│                                                                              │
│  User Stats                    Value    User Stats                    Value  │
│  episode_return                4.934    damage_dealt                525.699  │
│  damage_received             124.082    episode_length              115.736  │
│  wins                          0.000    wave                         68.000  │
│  idle_ticks                    2.027    brews_used                    5.380  │
│  blood_healed                  0.000    prayer_correct_rate           0.406  │
│  unavoidable_off_praye…        0.046    brews_remaining               6.620  │
│  restores_remaining            9.617    prayer_at_death              89.262  │
│  current_ranged               98.137    current_magic                90.783  │
│  behind_shield_pct             0.450    zuk_hp_remaining            674.263  │
│  min_zuk_hp_seen             675.055    hp_restored                   0.039  │
│  zuk_healer_damage             0.000    deaths_to_jad                 0.025  │
│  episode_return_normal         3.382    wins_normal                   0.000  │
│  min_zuk_hp_normal           840.051    score_normal                  0.300  │
│  zuk_objective_normal          0.300    phase_reached_normal          0.760  │
│  death_tick_normal            79.205    frac_min_hp_le_300_no…        0.005  │
╰──────────────────────────────────────────────────────────────────────────────╯

[0;0H╭──────────────────────────────────────────────────────────────────────────────╮
│  PufferLib 4.0    🐡              GPU: 0%      VRAM: 0.5/18G      RAM: 1.0G  │
│                                                                              │
│  Summary          Value    Evaluate   299ms  34%    Losses            Value  │
│  Env       osrs_inferno      GPU      247ms  28%    policy            0.028  │
│  Params          752.1K      Env       51ms   5%    value             0.108  │
│  Steps            21.0M    Train      559ms  65%    entropy           4.984  │
│  SPS             227.3K      Misc       0ms   0%    total             0.074  │
│  Epoch              321      Forwa…     0ms   0%    old_kl            0.013  │
│  Uptime    0d 0h 1m 32s                             kl                0.012  │
│  Remaini…   0d 0h 2m 7s                             clipfrac          0.411  │
│                                                     bc                0.000  │
│                                                                              │
│  User Stats                    Value    User Stats                    Value  │
│  episode_return                4.999    damage_dealt                532.556  │
│  damage_received             122.544    episode_length              117.346  │
│  wins                          0.000    wave                         68.000  │
│  idle_ticks                    2.180    brews_used                    5.321  │
│  blood_healed                  0.003    prayer_correct_rate           0.414  │
│  unavoidable_off_praye…        0.049    brews_remaining               6.679  │
│  restores_remaining            9.651    prayer_at_death              88.911  │
│  current_ranged               98.024    current_magic                90.586  │
│  behind_shield_pct             0.455    zuk_hp_remaining            667.565  │
│  min_zuk_hp_seen             668.494    hp_restored                   0.047  │
│  zuk_healer_damage             0.000    deaths_to_jad                 0.026  │
│  episode_return_normal         3.388    wins_normal                   0.000  │
│  min_zuk_hp_normal           839.439    score_normal                  0.300  │
│  zuk_objective_normal          0.300    phase_reached_normal          0.770  │
│  death_tick_normal            79.689    frac_min_hp_le_300_no…        0.006  │
╰──────────────────────────────────────────────────────────────────────────────╯

[0;0H╭──────────────────────────────────────────────────────────────────────────────╮
│  PufferLib 4.0   🐡               GPU: 0%      VRAM: 0.5/18G      RAM: 1.0G  │
│                                                                              │
│  Summary          Value    Evaluate   299ms  34%    Losses            Value  │
│  Env       osrs_inferno      GPU      247ms  28%    policy            0.019  │
│  Params          752.1K      Env       51ms   5%    value             0.110  │
│  Steps            21.2M    Train      558ms  65%    entropy           4.938  │
│  SPS             227.5K      Misc       0ms   0%    total             0.066  │
│  Epoch              324      Forwa…     0ms   0%    old_kl            0.013  │
│  Uptime    0d 0h 1m 33s                             kl                0.012  │
│  Remaini…   0d 0h 2m 6s                             clipfrac          0.412  │
│                                                     bc                0.000  │
│                                                                              │
│  User Stats                    Value    User Stats                    Value  │
│  episode_return                4.950    damage_dealt                528.337  │
│  damage_received             124.351    episode_length              116.435  │
│  wins                          0.000    wave                         68.000  │
│  idle_ticks                    2.007    brews_used                    5.415  │
│  blood_healed                  0.000    prayer_correct_rate           0.410  │
│  unavoidable_off_praye…        0.047    brews_remaining               6.585  │
│  restores_remaining            9.597    prayer_at_death              89.109  │
│  current_ranged               97.932    current_magic                90.615  │
│  behind_shield_pct             0.453    zuk_hp_remaining            672.548  │
│  min_zuk_hp_seen             673.409    hp_restored                   0.015  │
│  zuk_healer_damage             0.000    deaths_to_jad                 0.022  │
│  episode_return_normal         3.446    wins_normal                   0.000  │
│  min_zuk_hp_normal           833.053    score_normal                  0.306  │
│  zuk_objective_normal          0.306    phase_reached_normal          0.783  │
│  death_tick_normal            81.241    frac_min_hp_le_300_no…        0.004  │
╰──────────────────────────────────────────────────────────────────────────────╯

[0;0H╭──────────────────────────────────────────────────────────────────────────────╮
│  PufferLib 4.0  🐡                GPU: 0%      VRAM: 0.5/18G      RAM: 1.0G  │
│                                                                              │
│  Summary          Value    Evaluate   298ms  34%    Losses            Value  │
│  Env       osrs_inferno      GPU      246ms  28%    policy            0.013  │
│  Params          752.1K      Env       51ms   5%    value             0.110  │
│  Steps            21.4M    Train      558ms  65%    entropy           4.924  │
│  SPS             227.8K      Misc       0ms   0%    total             0.061  │
│  Epoch              327      Forwa…     0ms   0%    old_kl            0.012  │
│  Uptime    0d 0h 1m 34s                             kl                0.012  │
│  Remaini…   0d 0h 2m 5s                             clipfrac          0.409  │
│                                                     bc                0.000  │
│                                                                              │
│  User Stats                    Value    User Stats                    Value  │
│  episode_return                5.153    damage_dealt                550.481  │
│  damage_received             124.363    episode_length              121.466  │
│  wins                          0.000    wave                         68.000  │
│  idle_ticks                    2.091    brews_used                    5.459  │
│  blood_healed                  0.000    prayer_correct_rate           0.422  │
│  unavoidable_off_praye…        0.050    brews_remaining               6.541  │
│  restores_remaining            9.528    prayer_at_death              88.677  │
│  current_ranged               98.372    current_magic                91.077  │
│  behind_shield_pct             0.478    zuk_hp_remaining            650.985  │
│  min_zuk_hp_seen             651.811    hp_restored                   0.082  │
│  zuk_healer_damage             0.000    deaths_to_jad                 0.029  │
│  episode_return_normal         3.676    wins_normal                   0.000  │
│  min_zuk_hp_normal           808.834    score_normal                  0.326  │
│  zuk_objective_normal          0.326    phase_reached_normal          0.846  │
│  death_tick_normal            85.269    frac_min_hp_le_300_no…        0.005  │
╰──────────────────────────────────────────────────────────────────────────────╯

[0;0H╭──────────────────────────────────────────────────────────────────────────────╮
│  PufferLib 4.0 🐡                 GPU: 0%      VRAM: 0.5/18G      RAM: 1.0G  │
│                                                                              │
│  Summary          Value    Evaluate   300ms  34%    Losses            Value  │
│  Env       osrs_inferno      GPU      248ms  28%    policy            0.015  │
│  Params          752.1K      Env       52ms   6%    value             0.119  │
│  Steps            21.6M    Train      558ms  65%    entropy           4.811  │
│  SPS             227.3K      Misc       0ms   0%    total             0.067  │
│  Epoch              330      Forwa…     0ms   0%    old_kl            0.013  │
│  Uptime    0d 0h 1m 34s                             kl                0.012  │
│  Remaini…   0d 0h 2m 4s                             clipfrac          0.415  │
│                                                     bc                0.000  │
│                                                                              │
│  User Stats                    Value    User Stats                    Value  │
│  episode_return                5.440    damage_dealt                581.224  │
│  damage_received             127.863    episode_length              127.795  │
│  wins                          0.000    wave                         68.000  │
│  idle_ticks                    2.496    brews_used                    5.638  │
│  blood_healed                  0.001    prayer_correct_rate           0.447  │
│  unavoidable_off_praye…        0.050    brews_remaining               6.362  │
│  restores_remaining            9.436    prayer_at_death              88.358  │
│  current_ranged               98.634    current_magic                91.294  │
│  behind_shield_pct             0.505    zuk_hp_remaining            620.830  │
│  min_zuk_hp_seen             621.725    hp_restored                   0.372  │
│  zuk_healer_damage             0.006    deaths_to_jad                 0.046  │
│  episode_return_normal         3.882    wins_normal                   0.000  │
│  min_zuk_hp_normal           786.405    score_normal                  0.345  │
│  zuk_objective_normal          0.345    phase_reached_normal          0.928  │
│  death_tick_normal            90.650    frac_min_hp_le_300_no…        0.016  │
╰──────────────────────────────────────────────────────────────────────────────╯

[0;0H╭──────────────────────────────────────────────────────────────────────────────╮
│  PufferLib 4.0          🐡        GPU: 0%      VRAM: 0.5/18G      RAM: 1.0G  │
│                                                                              │
│  Summary          Value    Evaluate   299ms  34%    Losses            Value  │
│  Env       osrs_inferno      GPU      246ms  28%    policy           -0.001  │
│  Params          752.1K      Env       52ms   6%    value             0.119  │
│  Steps            21.8M    Train      558ms  65%    entropy           4.632  │
│  SPS             227.5K      Misc       0ms   0%    total             0.051  │
│  Epoch              333      Forwa…     0ms   0%    old_kl            0.014  │
│  Uptime    0d 0h 1m 35s                             kl                0.014  │
│  Remaini…   0d 0h 2m 3s                             clipfrac          0.427  │
│                                                     bc                0.000  │
│                                                                              │
│  User Stats                    Value    User Stats                    Value  │
│  episode_return                5.758    damage_dealt                616.575  │
│  damage_received             130.744    episode_length              134.435  │
│  wins                          0.000    wave                         68.000  │
│  idle_ticks                    2.450    brews_used                    5.814  │
│  blood_healed                  0.000    prayer_correct_rate           0.468  │
│  unavoidable_off_praye…        0.054    brews_remaining               6.186  │
│  restores_remaining            9.276    prayer_at_death              88.262  │
│  current_ranged               99.468    current_magic                92.317  │
│  behind_shield_pct             0.540    zuk_hp_remaining            588.411  │
│  min_zuk_hp_seen             588.945    hp_restored                   0.489  │
│  zuk_healer_damage             0.012    deaths_to_jad                 0.048  │
│  episode_return_normal         4.280    wins_normal                   0.000  │
│  min_zuk_hp_normal           745.097    score_normal                  0.379  │
│  zuk_objective_normal          0.379    phase_reached_normal          1.050  │
│  death_tick_normal            99.056    frac_min_hp_le_300_no…        0.027  │
╰──────────────────────────────────────────────────────────────────────────────╯

[0;0H╭──────────────────────────────────────────────────────────────────────────────╮
│  PufferLib 4.0         🐡         GPU: 0%      VRAM: 0.5/18G      RAM: 1.0G  │
│                                                                              │
│  Summary          Value    Evaluate   200ms  34%    Losses            Value  │
│  Env       osrs_inferno      GPU      164ms  28%    policy            0.006  │
│  Params          752.1K      Env       35ms   6%    value             0.122  │
│  Steps            22.0M    Train      371ms  65%    entropy           4.552  │
│  SPS             216.7K      Misc       0ms   0%    total             0.060  │
│  Epoch              335      Forwa…     0ms   0%    old_kl            0.014  │
│  Uptime    0d 0h 1m 36s                             kl                0.013  │
│  Remaini…   0d 0h 2m 9s                             clipfrac          0.432  │
│                                                     bc                0.000  │
│                                                                              │
│  User Stats                    Value    User Stats                    Value  │
│  episode_return                5.963    damage_dealt                639.956  │
│  damage_received             131.370    episode_length              139.317  │
│  wins                          0.000    wave                         68.000  │
│  idle_ticks                    2.640    brews_used                    5.892  │
│  blood_healed                  0.006    prayer_correct_rate           0.485  │
│  unavoidable_off_praye…        0.055    brews_remaining               6.108  │
│  restores_remaining            9.243    prayer_at_death              87.525  │
│  current_ranged               99.666    current_magic                92.545  │
│  behind_shield_pct             0.567    zuk_hp_remaining            567.274  │
│  min_zuk_hp_seen             567.833    hp_restored                   0.645  │
│  zuk_healer_damage             0.018    deaths_to_jad                 0.059  │
│  episode_return_normal         4.511    wins_normal                   0.000  │
│  min_zuk_hp_normal           720.932    score_normal                  0.399  │
│  zuk_objective_normal          0.399    phase_reached_normal          1.101  │
│  death_tick_normal           104.465    frac_min_hp_le_300_no…        0.031  │
╰──────────────────────────────────────────────────────────────────────────────╯

[0;0H╭──────────────────────────────────────────────────────────────────────────────╮
│  PufferLib 4.0        🐡          GPU: 0%      VRAM: 0.5/18G      RAM: 1.0G  │
│                                                                              │
│  Summary          Value    Evaluate   301ms  35%    Losses            Value  │
│  Env       osrs_inferno      GPU      248ms  28%    policy           -0.002  │
│  Params          752.1K      Env       54ms   6%    value             0.156  │
│  Steps            22.2M    Train      557ms  64%    entropy           4.485  │
│  SPS             227.2K      Misc       0ms   0%    total             0.069  │
│  Epoch              338      Forwa…     0ms   0%    old_kl            0.016  │
│  Uptime    0d 0h 1m 37s                             kl                0.014  │
│  Remaini…   0d 0h 2m 2s                             clipfrac          0.422  │
│                                                     bc                0.000  │
│                                                                              │
│  User Stats                    Value    User Stats                    Value  │
│  episode_return                5.956    damage_dealt                640.763  │
│  damage_received             128.654    episode_length              140.109  │
│  wins                          0.000    wave                         68.000  │
│  idle_ticks                    2.747    brews_used                    5.744  │
│  blood_healed                  0.000    prayer_correct_rate           0.498  │
│  unavoidable_off_praye…        0.056    brews_remaining               6.256  │
│  restores_remaining            9.237    prayer_at_death              87.526  │
│  current_ranged              100.859    current_magic                93.582  │
│  behind_shield_pct             0.578    zuk_hp_remaining            568.725  │
│  min_zuk_hp_seen             568.376    hp_restored                   1.483  │
│  zuk_healer_damage             0.007    deaths_to_jad                 0.073  │
│  episode_return_normal         4.465    wins_normal                   0.000  │
│  min_zuk_hp_normal           725.824    score_normal                  0.395  │
│  zuk_objective_normal          0.395    phase_reached_normal          1.101  │
│  death_tick_normal           104.551    frac_min_hp_le_300_no…        0.053  │
╰──────────────────────────────────────────────────────────────────────────────╯

[0;0H╭──────────────────────────────────────────────────────────────────────────────╮
│  PufferLib 4.0       🐡           GPU: 0%      VRAM: 0.5/18G      RAM: 1.0G  │
│                                                                              │
│  Summary          Value    Evaluate   300ms  34%    Losses            Value  │
│  Env       osrs_inferno      GPU      246ms  28%    policy            0.004  │
│  Params          752.1K      Env       53ms   6%    value             0.122  │
│  Steps            22.3M    Train      559ms  65%    entropy           4.390  │
│  SPS             226.9K      Misc       0ms   0%    total             0.058  │
│  Epoch              341      Forwa…     0ms   0%    old_kl            0.013  │
│  Uptime    0d 0h 1m 38s                             kl                0.012  │
│  Remaini…   0d 0h 2m 1s                             clipfrac          0.412  │
│                                                     bc                0.000  │
│                                                                              │
│  User Stats                    Value    User Stats                    Value  │
│  episode_return                6.135    damage_dealt                658.959  │
│  damage_received             129.516    episode_length              143.700  │
│  wins                          0.000    wave                         68.000  │
│  idle_ticks                    2.860    brews_used                    5.683  │
│  blood_healed                  0.000    prayer_correct_rate           0.507  │
│  unavoidable_off_praye…        0.061    brews_remaining               6.317  │
│  restores_remaining            9.232    prayer_at_death              87.385  │
│  current_ranged              101.134    current_magic                93.881  │
│  behind_shield_pct             0.590    zuk_hp_remaining            550.583  │
│  min_zuk_hp_seen             550.426    hp_restored                   1.014  │
│  zuk_healer_damage             0.017    deaths_to_jad                 0.086  │
│  episode_return_normal         4.602    wins_normal                   0.000  │
│  min_zuk_hp_normal           712.370    score_normal                  0.406  │
│  zuk_objective_normal          0.406    phase_reached_normal          1.146  │
│  death_tick_normal           106.887    frac_min_hp_le_300_no…        0.059  │
╰──────────────────────────────────────────────────────────────────────────────╯

[0;0H╭──────────────────────────────────────────────────────────────────────────────╮
│  PufferLib 4.0      🐡            GPU: 0%      VRAM: 0.5/18G      RAM: 1.0G  │
│                                                                              │
│  Summary          Value    Evaluate   300ms  34%    Losses            Value  │
│  Env       osrs_inferno      GPU      247ms  28%    policy            0.020  │
│  Params          752.1K      Env       53ms   6%    value             0.129  │
│  Steps            22.5M    Train      559ms  65%    entropy           4.357  │
│  SPS             227.0K      Misc       0ms   0%    total             0.078  │
│  Epoch              344      Forwa…     0ms   0%    old_kl            0.015  │
│  Uptime    0d 0h 1m 39s                             kl                0.013  │
│  Remaini…   0d 0h 2m 0s                             clipfrac          0.423  │
│                                                     bc                0.000  │
│                                                                              │
│  User Stats                    Value    User Stats                    Value  │
│  episode_return                6.151    damage_dealt                664.173  │
│  damage_received             129.835    episode_length              145.157  │
│  wins                          0.000    wave                         68.000  │
│  idle_ticks                    2.853    brews_used                    5.856  │
│  blood_healed                  0.002    prayer_correct_rate           0.512  │
│  unavoidable_off_praye…        0.057    brews_remaining               6.144  │
│  restores_remaining            9.146    prayer_at_death              87.224  │
│  current_ranged              101.798    current_magic                94.498  │
│  behind_shield_pct             0.598    zuk_hp_remaining            548.509  │
│  min_zuk_hp_seen             548.318    hp_restored                   1.175  │
│  zuk_healer_damage             0.019    deaths_to_jad                 0.083  │
│  episode_return_normal         4.788    wins_normal                   0.000  │
│  min_zuk_hp_normal           691.939    score_normal                  0.423  │
│  zuk_objective_normal          0.423    phase_reached_normal          1.213  │
│  death_tick_normal           113.714    frac_min_hp_le_300_no…        0.069  │
╰──────────────────────────────────────────────────────────────────────────────╯

[0;0H╭──────────────────────────────────────────────────────────────────────────────╮
│  PufferLib 4.0     🐡             GPU: 0%      VRAM: 0.5/18G      RAM: 1.0G  │
│                                                                              │
│  Summary          Value    Evaluate   297ms  34%    Losses            Value  │
│  Env       osrs_inferno      GPU      243ms  28%    policy            0.038  │
│  Params          752.1K      Env       53ms   6%    value             0.131  │
│  Steps            22.7M    Train      557ms  65%    entropy           4.351  │
│  SPS             228.3K      Misc       0ms   0%    total             0.097  │
│  Epoch              347      Forwa…     0ms   0%    old_kl            0.013  │
│  Uptime    0d 0h 1m 39s                             kl                0.013  │
│  Remaini…  0d 0h 1m 59s                             clipfrac          0.413  │
│                                                     bc                0.000  │
│                                                                              │
│  User Stats                    Value    User Stats                    Value  │
│  episode_return                6.211    damage_dealt                671.541  │
│  damage_received             129.438    episode_length              145.903  │
│  wins                          0.000    wave                         68.000  │
│  idle_ticks                    2.791    brews_used                    5.874  │
│  blood_healed                  0.000    prayer_correct_rate           0.517  │
│  unavoidable_off_praye…        0.056    brews_remaining               6.126  │
│  restores_remaining            9.174    prayer_at_death              86.750  │
│  current_ranged              101.422    current_magic                94.034  │
│  behind_shield_pct             0.599    zuk_hp_remaining            542.460  │
│  min_zuk_hp_seen             542.012    hp_restored                   1.355  │
│  zuk_healer_damage             0.014    deaths_to_jad                 0.094  │
│  episode_return_normal         4.880    wins_normal                   0.000  │
│  min_zuk_hp_normal           681.991    score_normal                  0.432  │
│  zuk_objective_normal          0.432    phase_reached_normal          1.238  │
│  death_tick_normal           115.026    frac_min_hp_le_300_no…        0.073  │
╰──────────────────────────────────────────────────────────────────────────────╯

[0;0H╭──────────────────────────────────────────────────────────────────────────────╮
│  PufferLib 4.0    🐡              GPU: 0%      VRAM: 0.5/18G      RAM: 1.0G  │
│                                                                              │
│  Summary          Value    Evaluate   301ms  35%    Losses            Value  │
│  Env       osrs_inferno      GPU      247ms  28%    policy            0.005  │
│  Params          752.1K      Env       54ms   6%    value             0.117  │
│  Steps            22.9M    Train      557ms  64%    entropy           4.321  │
│  SPS             227.0K      Misc       0ms   0%    total             0.057  │
│  Epoch              350      Forwa…     0ms   0%    old_kl            0.013  │
│  Uptime    0d 0h 1m 40s                             kl                0.020  │
│  Remaini…  0d 0h 1m 59s                             clipfrac          0.409  │
│                                                     bc                0.000  │
│                                                                              │
│  User Stats                    Value    User Stats                    Value  │
│  episode_return                6.367    damage_dealt                687.610  │
│  damage_received             133.764    episode_length              149.998  │
│  wins                          0.000    wave                         68.000  │
│  idle_ticks                    2.592    brews_used                    6.029  │
│  blood_healed                  0.000    prayer_correct_rate           0.521  │
│  unavoidable_off_praye…        0.060    brews_remaining               5.971  │
│  restores_remaining            9.109    prayer_at_death              86.909  │
│  current_ranged              101.065    current_magic                93.762  │
│  behind_shield_pct             0.602    zuk_hp_remaining            525.666  │
│  min_zuk_hp_seen             525.539    hp_restored                   1.399  │
│  zuk_healer_damage             0.041    deaths_to_jad                 0.094  │
│  episode_return_normal         4.999    wins_normal                   0.000  │
│  min_zuk_hp_normal           669.811    score_normal                  0.442  │
│  zuk_objective_normal          0.442    phase_reached_normal          1.272  │
│  death_tick_normal           117.949    frac_min_hp_le_300_no…        0.089  │
╰──────────────────────────────────────────────────────────────────────────────╯

[0;0H╭──────────────────────────────────────────────────────────────────────────────╮
│  PufferLib 4.0   🐡               GPU: 0%      VRAM: 0.5/18G      RAM: 1.0G  │
│                                                                              │
│  Summary          Value    Evaluate   300ms  34%    Losses            Value  │
│  Env       osrs_inferno      GPU      247ms  28%    policy           -0.004  │
│  Params          752.1K      Env       53ms   6%    value             0.124  │
│  Steps            23.1M    Train      560ms  65%    entropy           4.312  │
│  SPS             226.5K      Misc       0ms   0%    total             0.051  │
│  Epoch              353      Forwa…     0ms   0%    old_kl            0.011  │
│  Uptime    0d 0h 1m 41s                             kl                0.011  │
│  Remaini…  0d 0h 1m 58s                             clipfrac          0.410  │
│                                                     bc                0.000  │
│                                                                              │
│  User Stats                    Value    User Stats                    Value  │
│  episode_return                6.270    damage_dealt                677.272  │
│  damage_received             130.829    episode_length              148.213  │
│  wins                          0.000    wave                         68.000  │
│  idle_ticks                    2.481    brews_used                    5.922  │
│  blood_healed                  0.000    prayer_correct_rate           0.523  │
│  unavoidable_off_praye…        0.059    brews_remaining               6.078  │
│  restores_remaining            9.214    prayer_at_death              86.740  │
│  current_ranged              100.768    current_magic                93.254  │
│  behind_shield_pct             0.601    zuk_hp_remaining            536.353  │
│  min_zuk_hp_seen             536.791    hp_restored                   0.722  │
│  zuk_healer_damage             0.049    deaths_to_jad                 0.090  │
│  episode_return_normal         4.958    wins_normal                   0.000  │
│  min_zuk_hp_normal           675.260    score_normal                  0.437  │
│  zuk_objective_normal          0.437    phase_reached_normal          1.247  │
│  death_tick_normal           118.441    frac_min_hp_le_300_no…        0.066  │
╰──────────────────────────────────────────────────────────────────────────────╯

[0;0H╭──────────────────────────────────────────────────────────────────────────────╮
│  PufferLib 4.0  🐡                GPU: 0%      VRAM: 0.5/18G      RAM: 1.0G  │
│                                                                              │
│  Summary          Value    Evaluate   298ms  34%    Losses            Value  │
│  Env       osrs_inferno      GPU      245ms  28%    policy            0.008  │
│  Params          752.1K      Env       53ms   6%    value             0.129  │
│  Steps            23.3M    Train      558ms  65%    entropy           4.276  │
│  SPS             227.5K      Misc       0ms   0%    total             0.066  │
│  Epoch              356      Forwa…     0ms   0%    old_kl            0.012  │
│  Uptime    0d 0h 1m 42s                             kl                0.011  │
│  Remaini…  0d 0h 1m 57s                             clipfrac          0.405  │
│                                                     bc                0.000  │
│                                                                              │
│  User Stats                    Value    User Stats                    Value  │
│  episode_return                6.304    damage_dealt                679.866  │
│  damage_received             127.313    episode_length              149.186  │
│  wins                          0.000    wave                         68.000  │
│  idle_ticks                    2.479    brews_used                    5.747  │
│  blood_healed                  0.003    prayer_correct_rate           0.523  │
│  unavoidable_off_praye…        0.061    brews_remaining               6.253  │
│  restores_remaining            9.298    prayer_at_death              85.775  │
│  current_ranged              100.291    current_magic                92.549  │
│  behind_shield_pct             0.603    zuk_hp_remaining            532.687  │
│  min_zuk_hp_seen             533.044    hp_restored                   0.939  │
│  zuk_healer_damage             0.031    deaths_to_jad                 0.109  │
│  episode_return_normal         5.023    wins_normal                   0.000  │
│  min_zuk_hp_normal           668.696    score_normal                  0.443  │
│  zuk_objective_normal          0.443    phase_reached_normal          1.275  │
│  death_tick_normal           118.965    frac_min_hp_le_300_no…        0.084  │
╰──────────────────────────────────────────────────────────────────────────────╯

[0;0H╭──────────────────────────────────────────────────────────────────────────────╮
│  PufferLib 4.0 🐡                 GPU: 0%      VRAM: 0.5/18G      RAM: 1.0G  │
│                                                                              │
│  Summary          Value    Evaluate   301ms  34%    Losses            Value  │
│  Env       osrs_inferno      GPU      247ms  28%    policy           -0.004  │
│  Params          752.1K      Env       54ms   6%    value             0.121  │
│  Steps            23.5M    Train      559ms  65%    entropy           4.245  │
│  SPS             226.7K      Misc       0ms   0%    total             0.050  │
│  Epoch              359      Forwa…     0ms   0%    old_kl            0.012  │
│  Uptime    0d 0h 1m 43s                             kl                0.012  │
│  Remaini…  0d 0h 1m 56s                             clipfrac          0.412  │
│                                                     bc                0.000  │
│                                                                              │
│  User Stats                    Value    User Stats                    Value  │
│  episode_return                6.465    damage_dealt                700.043  │
│  damage_received             128.397    episode_length              151.290  │
│  wins                          0.000    wave                         68.000  │
│  idle_ticks                    2.419    brews_used                    5.701  │
│  blood_healed                  0.000    prayer_correct_rate           0.523  │
│  unavoidable_off_praye…        0.057    brews_remaining               6.299  │
│  restores_remaining            9.227    prayer_at_death              85.681  │
│  current_ranged              100.331    current_magic                92.661  │
│  behind_shield_pct             0.609    zuk_hp_remaining            515.205  │
│  min_zuk_hp_seen             514.640    hp_restored                   2.032  │
│  zuk_healer_damage             0.111    deaths_to_jad                 0.126  │
│  episode_return_normal         5.334    wins_normal                   0.000  │
│  min_zuk_hp_normal           633.829    score_normal                  0.472  │
│  zuk_objective_normal          0.472    phase_reached_normal          1.395  │
│  death_tick_normal           124.471    frac_min_hp_le_300_no…        0.117  │
╰──────────────────────────────────────────────────────────────────────────────╯

[0;0H╭──────────────────────────────────────────────────────────────────────────────╮
│  PufferLib 4.0          🐡        GPU: 0%      VRAM: 0.5/18G      RAM: 1.0G  │
│                                                                              │
│  Summary          Value    Evaluate   301ms  34%    Losses            Value  │
│  Env       osrs_inferno      GPU      247ms  28%    policy            0.004  │
│  Params          752.1K      Env       53ms   6%    value             0.125  │
│  Steps            23.7M    Train      559ms  65%    entropy           4.219  │
│  SPS             226.7K      Misc       0ms   0%    total             0.060  │
│  Epoch              362      Forwa…     0ms   0%    old_kl            0.012  │
│  Uptime    0d 0h 1m 44s                             kl                0.011  │
│  Remaini…  0d 0h 1m 55s                             clipfrac          0.410  │
│                                                     bc                0.000  │
│                                                                              │
│  User Stats                    Value    User Stats                    Value  │
│  episode_return                6.454    damage_dealt                699.250  │
│  damage_received             126.404    episode_length              151.555  │
│  wins                          0.000    wave                         68.000  │
│  idle_ticks                    2.430    brews_used                    5.534  │
│  blood_healed                  0.000    prayer_correct_rate           0.526  │
│  unavoidable_off_praye…        0.060    brews_remaining               6.466  │
│  restores_remaining            9.303    prayer_at_death              85.169  │
│  current_ranged              100.469    current_magic                92.563  │
│  behind_shield_pct             0.613    zuk_hp_remaining            517.179  │
│  min_zuk_hp_seen             516.382    hp_restored                   1.910  │
│  zuk_healer_damage             0.076    deaths_to_jad                 0.116  │
│  episode_return_normal         5.274    wins_normal                   0.000  │
│  min_zuk_hp_normal           640.629    score_normal                  0.466  │
│  zuk_objective_normal          0.466    phase_reached_normal          1.372  │
│  death_tick_normal           123.194    frac_min_hp_le_300_no…        0.116  │
╰──────────────────────────────────────────────────────────────────────────────╯

[0;0H╭──────────────────────────────────────────────────────────────────────────────╮
│  PufferLib 4.0         🐡         GPU: 0%      VRAM: 0.5/18G      RAM: 1.0G  │
│                                                                              │
│  Summary          Value    Evaluate   302ms  35%    Losses            Value  │
│  Env       osrs_inferno      GPU      247ms  28%    policy           -0.006  │
│  Params          752.1K      Env       54ms   6%    value             0.114  │
│  Steps            23.9M    Train      556ms  64%    entropy           4.214  │
│  SPS             227.3K      Misc       0ms   0%    total             0.045  │
│  Epoch              365      Forwa…     0ms   0%    old_kl            0.013  │
│  Uptime    0d 0h 1m 45s                             kl                0.012  │
│  Remaini…  0d 0h 1m 54s                             clipfrac          0.412  │
│                                                     bc                0.000  │
│                                                                              │
│  User Stats                    Value    User Stats                    Value  │
│  episode_return                6.695    damage_dealt                723.120  │
│  damage_received             129.167    episode_length              155.478  │
│  wins                          0.000    wave                         68.000  │
│  idle_ticks                    2.614    brews_used                    5.540  │
│  blood_healed                  0.000    prayer_correct_rate           0.524  │
│  unavoidable_off_praye…        0.060    brews_remaining               6.460  │
│  restores_remaining            9.265    prayer_at_death              85.017  │
│  current_ranged               99.796    current_magic                92.150  │
│  behind_shield_pct             0.614    zuk_hp_remaining            491.003  │
│  min_zuk_hp_seen             490.491    hp_restored                   2.126  │
│  zuk_healer_damage             0.130    deaths_to_jad                 0.126  │
│  episode_return_normal         5.507    wins_normal                   0.000  │
│  min_zuk_hp_normal           615.502    score_normal                  0.487  │
│  zuk_objective_normal          0.487    phase_reached_normal          1.454  │
│  death_tick_normal           127.375    frac_min_hp_le_300_no…        0.132  │
╰──────────────────────────────────────────────────────────────────────────────╯

[0;0H╭──────────────────────────────────────────────────────────────────────────────╮
│  PufferLib 4.0        🐡          GPU: 0%      VRAM: 0.5/18G      RAM: 1.0G  │
│                                                                              │
│  Summary          Value    Evaluate   301ms  35%    Losses            Value  │
│  Env       osrs_inferno      GPU      245ms  28%    policy            0.029  │
│  Params          752.1K      Env       56ms   6%    value             0.116  │
│  Steps            24.1M    Train      552ms  64%    entropy           4.196  │
│  SPS             228.4K      Misc       0ms   0%    total             0.080  │
│  Epoch              368      Forwa…     0ms   0%    old_kl            0.012  │
│  Uptime    0d 0h 1m 45s                             kl                0.011  │
│  Remaini…  0d 0h 1m 53s                             clipfrac          0.406  │
│                                                     bc                0.000  │
│                                                                              │
│  User Stats                    Value    User Stats                    Value  │
│  episode_return                6.797    damage_dealt                738.920  │
│  damage_received             127.634    episode_length              158.956  │
│  wins                          0.000    wave                         68.000  │
│  idle_ticks                    2.798    brews_used                    5.452  │
│  blood_healed                  0.008    prayer_correct_rate           0.530  │
│  unavoidable_off_praye…        0.062    brews_remaining               6.548  │
│  restores_remaining            9.245    prayer_at_death              84.846  │
│  current_ranged               99.972    current_magic                92.345  │
│  behind_shield_pct             0.626    zuk_hp_remaining            480.132  │
│  min_zuk_hp_seen             478.174    hp_restored                   3.050  │
│  zuk_healer_damage             0.157    deaths_to_jad                 0.131  │
│  episode_return_normal         5.747    wins_normal                   0.000  │
│  min_zuk_hp_normal           587.344    score_normal                  0.511  │
│  zuk_objective_normal          0.511    phase_reached_normal          1.547  │
│  death_tick_normal           134.644    frac_min_hp_le_300_no…        0.143  │
╰──────────────────────────────────────────────────────────────────────────────╯

[0;0H╭──────────────────────────────────────────────────────────────────────────────╮
│  PufferLib 4.0       🐡           GPU: 0%      VRAM: 0.5/18G      RAM: 1.0G  │
│                                                                              │
│  Summary          Value    Evaluate   297ms  34%    Losses            Value  │
│  Env       osrs_inferno      GPU      243ms  28%    policy            0.020  │
│  Params          752.1K      Env       53ms   6%    value             0.107  │
│  Steps            24.3M    Train      556ms  65%    entropy           4.187  │
│  SPS             228.4K      Misc       0ms   0%    total             0.067  │
│  Epoch              371      Forwa…     0ms   0%    old_kl            0.013  │
│  Uptime    0d 0h 1m 46s                             kl                0.012  │
│  Remaini…  0d 0h 1m 52s                             clipfrac          0.412  │
│                                                     bc                0.000  │
│                                                                              │
│  User Stats                    Value    User Stats                    Value  │
│  episode_return                6.999    damage_dealt                760.130  │
│  damage_received             127.972    episode_length              163.109  │
│  wins                          0.000    wave                         68.000  │
│  idle_ticks                    2.708    brews_used                    5.452  │
│  blood_healed                  0.000    prayer_correct_rate           0.531  │
│  unavoidable_off_praye…        0.063    brews_remaining               6.548  │
│  restores_remaining            9.148    prayer_at_death              85.504  │
│  current_ranged               99.632    current_magic                92.082  │
│  behind_shield_pct             0.625    zuk_hp_remaining            457.933  │
│  min_zuk_hp_seen             456.404    hp_restored                   2.818  │
│  zuk_healer_damage             0.078    deaths_to_jad                 0.134  │
│  episode_return_normal         5.935    wins_normal                   0.000  │
│  min_zuk_hp_normal           566.671    score_normal                  0.528  │
│  zuk_objective_normal          0.528    phase_reached_normal          1.615  │
│  death_tick_normal           139.129    frac_min_hp_le_300_no…        0.155  │
╰──────────────────────────────────────────────────────────────────────────────╯

[0;0H╭──────────────────────────────────────────────────────────────────────────────╮
│  PufferLib 4.0      🐡            GPU: 0%      VRAM: 0.5/18G      RAM: 1.0G  │
│                                                                              │
│  Summary          Value    Evaluate   300ms  35%    Losses            Value  │
│  Env       osrs_inferno      GPU      245ms  28%    policy            0.004  │
│  Params          752.1K      Env       55ms   6%    value             0.103  │
│  Steps            24.5M    Train      556ms  64%    entropy           4.152  │
│  SPS             227.8K      Misc       0ms   0%    total             0.049  │
│  Epoch              374      Forwa…     0ms   0%    old_kl            0.013  │
│  Uptime    0d 0h 1m 47s                             kl                0.011  │
│  Remaini…  0d 0h 1m 51s                             clipfrac          0.403  │
│                                                     bc                0.000  │
│                                                                              │
│  User Stats                    Value    User Stats                    Value  │
│  episode_return                6.961    damage_dealt                755.037  │
│  damage_received             118.415    episode_length              161.620  │
│  wins                          0.000    wave                         68.000  │
│  idle_ticks                    2.810    brews_used                    5.032  │
│  blood_healed                  0.002    prayer_correct_rate           0.534  │
│  unavoidable_off_praye…        0.057    brews_remaining               6.968  │
│  restores_remaining            9.182    prayer_at_death              85.680  │
│  current_ranged              100.064    current_magic                92.428  │
│  behind_shield_pct             0.627    zuk_hp_remaining            462.043  │
│  min_zuk_hp_seen             461.230    hp_restored                   2.235  │
│  zuk_healer_damage             0.090    deaths_to_jad                 0.139  │
│  episode_return_normal         6.004    wins_normal                   0.000  │
│  min_zuk_hp_normal           560.728    score_normal                  0.533  │
│  zuk_objective_normal          0.533    phase_reached_normal          1.629  │
│  death_tick_normal           139.003    frac_min_hp_le_300_no…        0.146  │
╰──────────────────────────────────────────────────────────────────────────────╯

[0;0H╭──────────────────────────────────────────────────────────────────────────────╮
│  PufferLib 4.0     🐡             GPU: 0%      VRAM: 0.5/18G      RAM: 1.0G  │
│                                                                              │
│  Summary          Value    Evaluate   297ms  34%    Losses            Value  │
│  Env       osrs_inferno      GPU      243ms  28%    policy            0.013  │
│  Params          752.1K      Env       54ms   6%    value             0.099  │
│  Steps            24.7M    Train      562ms  65%    entropy           4.120  │
│  SPS             226.4K      Misc       0ms   0%    total             0.056  │
│  Epoch              377      Forwa…     0ms   0%    old_kl            0.013  │
│  Uptime    0d 0h 1m 48s                             kl                0.011  │
│  Remaini…  0d 0h 1m 51s                             clipfrac          0.401  │
│                                                     bc                0.000  │
│                                                                              │
│  User Stats                    Value    User Stats                    Value  │
│  episode_return                6.868    damage_dealt                749.033  │
│  damage_received             121.399    episode_length              162.539  │
│  wins                          0.000    wave                         68.000  │
│  idle_ticks                    3.037    brews_used                    5.101  │
│  blood_healed                  0.000    prayer_correct_rate           0.533  │
│  unavoidable_off_praye…        0.060    brews_remaining               6.899  │
│  restores_remaining            9.143    prayer_at_death              85.711  │
│  current_ranged               99.251    current_magic                91.794  │
│  behind_shield_pct             0.625    zuk_hp_remaining            470.807  │
│  min_zuk_hp_seen             469.062    hp_restored                   3.100  │
│  zuk_healer_damage             0.097    deaths_to_jad                 0.128  │
│  episode_return_normal         5.924    wins_normal                   0.000  │
│  min_zuk_hp_normal           566.692    score_normal                  0.528  │
│  zuk_objective_normal          0.528    phase_reached_normal          1.634  │
│  death_tick_normal           141.136    frac_min_hp_le_300_no…        0.148  │
╰──────────────────────────────────────────────────────────────────────────────╯

[0;0H╭──────────────────────────────────────────────────────────────────────────────╮
│  PufferLib 4.0    🐡              GPU: 0%      VRAM: 0.5/18G      RAM: 1.0G  │
│                                                                              │
│  Summary          Value    Evaluate   300ms  34%    Losses            Value  │
│  Env       osrs_inferno      GPU      245ms  28%    policy            0.004  │
│  Params          752.1K      Env       54ms   6%    value             0.092  │
│  Steps            24.9M    Train      561ms  65%    entropy           4.117  │
│  SPS             226.6K      Misc       0ms   0%    total             0.044  │
│  Epoch              380      Forwa…     0ms   0%    old_kl            0.013  │
│  Uptime    0d 0h 1m 49s                             kl                0.013  │
│  Remaini…  0d 0h 1m 50s                             clipfrac          0.410  │
│                                                     bc                0.000  │
│                                                                              │
│  User Stats                    Value    User Stats                    Value  │
│  episode_return                7.143    damage_dealt                777.381  │
│  damage_received             122.718    episode_length              166.155  │
│  wins                          0.000    wave                         68.000  │
│  idle_ticks                    2.856    brews_used                    5.015  │
│  blood_healed                  0.004    prayer_correct_rate           0.533  │
│  unavoidable_off_praye…        0.062    brews_remaining               6.985  │
│  restores_remaining            9.158    prayer_at_death              86.072  │
│  current_ranged               99.085    current_magic                91.718  │
│  behind_shield_pct             0.631    zuk_hp_remaining            442.660  │
│  min_zuk_hp_seen             440.454    hp_restored                   3.093  │
│  zuk_healer_damage             0.099    deaths_to_jad                 0.155  │
│  episode_return_normal         6.213    wins_normal                   0.000  │
│  min_zuk_hp_normal           536.522    score_normal                  0.553  │
│  zuk_objective_normal          0.553    phase_reached_normal          1.709  │
│  death_tick_normal           144.961    frac_min_hp_le_300_no…        0.159  │
╰──────────────────────────────────────────────────────────────────────────────╯

[0;0H╭──────────────────────────────────────────────────────────────────────────────╮
│  PufferLib 4.0   🐡               GPU: 0%      VRAM: 0.5/18G      RAM: 1.0G  │
│                                                                              │
│  Summary          Value    Evaluate   300ms  34%    Losses            Value  │
│  Env       osrs_inferno      GPU      245ms  28%    policy            0.021  │
│  Params          752.1K      Env       54ms   6%    value             0.088  │
│  Steps            25.1M    Train      561ms  65%    entropy           4.083  │
│  SPS             226.4K      Misc       0ms   0%    total             0.059  │
│  Epoch              383      Forwa…     0ms   0%    old_kl            0.013  │
│  Uptime    0d 0h 1m 50s                             kl                0.011  │
│  Remaini…  0d 0h 1m 49s                             clipfrac          0.398  │
│                                                     bc                0.000  │
│                                                                              │
│  User Stats                    Value    User Stats                    Value  │
│  episode_return                7.246    damage_dealt                788.809  │
│  damage_received             120.990    episode_length              167.649  │
│  wins                          0.000    wave                         68.000  │
│  idle_ticks                    2.512    brews_used                    4.843  │
│  blood_healed                  0.000    prayer_correct_rate           0.533  │
│  unavoidable_off_praye…        0.066    brews_remaining               7.157  │
│  restores_remaining            9.239    prayer_at_death              85.079  │
│  current_ranged               99.030    current_magic                91.591  │
│  behind_shield_pct             0.643    zuk_hp_remaining            431.740  │
│  min_zuk_hp_seen             428.069    hp_restored                   4.613  │
│  zuk_healer_damage             0.234    deaths_to_jad                 0.140  │
│  episode_return_normal         6.342    wins_normal                   0.000  │
│  min_zuk_hp_normal           520.921    score_normal                  0.566  │
│  zuk_objective_normal          0.566    phase_reached_normal          1.765  │
│  death_tick_normal           145.843    frac_min_hp_le_300_no…        0.177  │
╰──────────────────────────────────────────────────────────────────────────────╯

[0;0H╭──────────────────────────────────────────────────────────────────────────────╮
│  PufferLib 4.0  🐡                GPU: 0%      VRAM: 0.5/18G      RAM: 1.0G  │
│                                                                              │
│  Summary          Value    Evaluate   300ms  34%    Losses            Value  │
│  Env       osrs_inferno      GPU      245ms  28%    policy           -0.004  │
│  Params          752.1K      Env       54ms   6%    value             0.080  │
│  Steps            25.3M    Train      561ms  65%    entropy           4.045  │
│  SPS             226.5K      Misc       0ms   0%    total             0.029  │
│  Epoch              386      Forwa…     0ms   0%    old_kl            0.012  │
│  Uptime    0d 0h 1m 51s                             kl                0.011  │
│  Remaini…  0d 0h 1m 49s                             clipfrac          0.399  │
│                                                     bc                0.000  │
│                                                                              │
│  User Stats                    Value    User Stats                    Value  │
│  episode_return                7.346    damage_dealt                801.143  │
│  damage_received             115.959    episode_length              170.365  │
│  wins                          0.000    wave                         68.000  │
│  idle_ticks                    2.215    brews_used                    4.617  │
│  blood_healed                  0.007    prayer_correct_rate           0.537  │
│  unavoidable_off_praye…        0.067    brews_remaining               7.383  │
│  restores_remaining            9.297    prayer_at_death              84.429  │
│  current_ranged               98.677    current_magic                91.175  │
│  behind_shield_pct             0.658    zuk_hp_remaining            420.865  │
│  min_zuk_hp_seen             417.388    hp_restored                   4.548  │
│  zuk_healer_damage             0.292    deaths_to_jad                 0.149  │
│  episode_return_normal         6.573    wins_normal                   0.000  │
│  min_zuk_hp_normal           496.525    score_normal                  0.586  │
│  zuk_objective_normal          0.586    phase_reached_normal          1.848  │
│  death_tick_normal           151.610    frac_min_hp_le_300_no…        0.200  │
╰──────────────────────────────────────────────────────────────────────────────╯

[0;0H╭──────────────────────────────────────────────────────────────────────────────╮
│  PufferLib 4.0 🐡                 GPU: 0%      VRAM: 0.5/18G      RAM: 1.0G  │
│                                                                              │
│  Summary          Value    Evaluate   300ms  34%    Losses            Value  │
│  Env       osrs_inferno      GPU      245ms  28%    policy            0.001  │
│  Params          752.1K      Env       54ms   6%    value             0.076  │
│  Steps            25.5M    Train      558ms  65%    entropy           3.991  │
│  SPS             227.2K      Misc       0ms   0%    total             0.033  │
│  Epoch              389      Forwa…     0ms   0%    old_kl            0.012  │
│  Uptime    0d 0h 1m 52s                             kl                0.011  │
│  Remaini…  0d 0h 1m 47s                             clipfrac          0.399  │
│                                                     bc                0.000  │
│                                                                              │
│  User Stats                    Value    User Stats                    Value  │
│  episode_return                7.607    damage_dealt                831.847  │
│  damage_received             119.879    episode_length              176.151  │
│  wins                          0.000    wave                         68.000  │
│  idle_ticks                    2.242    brews_used                    4.668  │
│  blood_healed                  0.000    prayer_correct_rate           0.541  │
│  unavoidable_off_praye…        0.068    brews_remaining               7.332  │
│  restores_remaining            9.210    prayer_at_death              84.751  │
│  current_ranged               98.659    current_magic                91.160  │
│  behind_shield_pct             0.668    zuk_hp_remaining            393.877  │
│  min_zuk_hp_seen             387.879    hp_restored                   6.312  │
│  zuk_healer_damage             0.332    deaths_to_jad                 0.158  │
│  episode_return_normal         6.910    wins_normal                   0.000  │
│  min_zuk_hp_normal           456.943    score_normal                  0.619  │
│  zuk_objective_normal          0.619    phase_reached_normal          1.998  │
│  death_tick_normal           159.403    frac_min_hp_le_300_no…        0.270  │
╰──────────────────────────────────────────────────────────────────────────────╯

[0;0H╭──────────────────────────────────────────────────────────────────────────────╮
│  PufferLib 4.0          🐡        GPU: 0%      VRAM: 0.5/18G      RAM: 1.0G  │
│                                                                              │
│  Summary          Value    Evaluate   298ms  34%    Losses            Value  │
│  Env       osrs_inferno      GPU      244ms  28%    policy            0.011  │
│  Params          752.1K      Env       54ms   6%    value             0.057  │
│  Steps            25.7M    Train      561ms  65%    entropy           3.966  │
│  SPS             226.7K      Misc       0ms   0%    total             0.034  │
│  Epoch              392      Forwa…     0ms   0%    old_kl            0.011  │
│  Uptime    0d 0h 1m 52s                             kl                0.010  │
│  Remaini…  0d 0h 1m 47s                             clipfrac          0.400  │
│                                                     bc                0.000  │
│                                                                              │
│  User Stats                    Value    User Stats                    Value  │
│  episode_return                7.754    damage_dealt                848.765  │
│  damage_received             114.348    episode_length              178.447  │
│  wins                          0.000    wave                         68.000  │
│  idle_ticks                    2.338    brews_used                    4.324  │
│  blood_healed                  0.000    prayer_correct_rate           0.540  │
│  unavoidable_off_praye…        0.067    brews_remaining               7.676  │
│  restores_remaining            9.310    prayer_at_death              84.271  │
│  current_ranged               98.832    current_magic                91.200  │
│  behind_shield_pct             0.686    zuk_hp_remaining            377.425  │
│  min_zuk_hp_seen             372.337    hp_restored                   6.285  │
│  zuk_healer_damage             0.222    deaths_to_jad                 0.176  │
│  episode_return_normal         7.148    wins_normal                   0.000  │
│  min_zuk_hp_normal           432.198    score_normal                  0.640  │
│  zuk_objective_normal          0.640    phase_reached_normal          2.057  │
│  death_tick_normal           163.840    frac_min_hp_le_300_no…        0.278  │
╰──────────────────────────────────────────────────────────────────────────────╯

[0;0H╭──────────────────────────────────────────────────────────────────────────────╮
│  PufferLib 4.0         🐡         GPU: 0%      VRAM: 0.5/18G      RAM: 1.0G  │
│                                                                              │
│  Summary          Value    Evaluate   295ms  34%    Losses            Value  │
│  Env       osrs_inferno      GPU      241ms  28%    policy            0.004  │
│  Params          752.1K      Env       53ms   6%    value             0.049  │
│  Steps            25.9M    Train      561ms  65%    entropy           3.920  │
│  SPS             227.5K      Misc       0ms   0%    total             0.023  │
│  Epoch              395      Forwa…     0ms   0%    old_kl            0.012  │
│  Uptime    0d 0h 1m 53s                             kl                0.011  │
│  Remaini…  0d 0h 1m 45s                             clipfrac          0.410  │
│                                                     bc                0.000  │
│                                                                              │
│  User Stats                    Value    User Stats                    Value  │
│  episode_return                7.872    damage_dealt                863.805  │
│  damage_received             111.560    episode_length              181.319  │
│  wins                          0.000    wave                         68.000  │
│  idle_ticks                    2.191    brews_used                    4.108  │
│  blood_healed                  0.000    prayer_correct_rate           0.541  │
│  unavoidable_off_praye…        0.071    brews_remaining               7.892  │
│  restores_remaining            9.384    prayer_at_death              83.935  │
│  current_ranged               97.983    current_magic                90.437  │
│  behind_shield_pct             0.702    zuk_hp_remaining            365.300  │
│  min_zuk_hp_seen             358.536    hp_restored                   7.617  │
│  zuk_healer_damage             0.344    deaths_to_jad                 0.180  │
│  episode_return_normal         7.363    wins_normal                   0.000  │
│  min_zuk_hp_normal           408.347    score_normal                  0.660  │
│  zuk_objective_normal          0.660    phase_reached_normal          2.138  │
│  death_tick_normal           168.940    frac_min_hp_le_300_no…        0.304  │
╰──────────────────────────────────────────────────────────────────────────────╯

[0;0H╭──────────────────────────────────────────────────────────────────────────────╮
│  PufferLib 4.0        🐡          GPU: 0%      VRAM: 0.5/18G      RAM: 1.0G  │
│                                                                              │
│  Summary          Value    Evaluate   299ms  34%    Losses            Value  │
│  Env       osrs_inferno      GPU      244ms  28%    policy            0.003  │
│  Params          752.1K      Env       54ms   6%    value             0.034  │
│  Steps            26.1M    Train      560ms  65%    entropy           3.891  │
│  SPS             226.8K      Misc       0ms   0%    total             0.014  │
│  Epoch              398      Forwa…     0ms   0%    old_kl            0.011  │
│  Uptime    0d 0h 1m 54s                             kl                0.011  │
│  Remaini…  0d 0h 1m 45s                             clipfrac          0.392  │
│                                                     bc                0.000  │
│                                                                              │
│  User Stats                    Value    User Stats                    Value  │
│  episode_return                8.030    damage_dealt                879.340  │
│  damage_received             108.220    episode_length              184.242  │
│  wins                          0.000    wave                         68.000  │
│  idle_ticks                    2.037    brews_used                    3.895  │
│  blood_healed                  0.000    prayer_correct_rate           0.543  │
│  unavoidable_off_praye…        0.068    brews_remaining               8.105  │
│  restores_remaining            9.418    prayer_at_death              83.744  │
│  current_ranged               98.689    current_magic                90.838  │
│  behind_shield_pct             0.710    zuk_hp_remaining            349.068  │
│  min_zuk_hp_seen             341.429    hp_restored                   8.495  │
│  zuk_healer_damage             0.528    deaths_to_jad                 0.167  │
│  episode_return_normal         7.539    wins_normal                   0.000  │
│  min_zuk_hp_normal           387.693    score_normal                  0.677  │
│  zuk_objective_normal          0.677    phase_reached_normal          2.203  │
│  death_tick_normal           172.257    frac_min_hp_le_300_no…        0.321  │
╰──────────────────────────────────────────────────────────────────────────────╯

[0;0H╭──────────────────────────────────────────────────────────────────────────────╮
│  PufferLib 4.0       🐡           GPU: 0%      VRAM: 0.5/18G      RAM: 1.0G  │
│                                                                              │
│  Summary          Value    Evaluate   299ms  34%    Losses            Value  │
│  Env       osrs_inferno      GPU      244ms  28%    policy            0.005  │
│  Params          752.1K      Env       55ms   6%    value             0.030  │
│  Steps            26.3M    Train      557ms  65%    entropy           3.839  │
│  SPS             227.6K      Misc       0ms   0%    total             0.014  │
│  Epoch              401      Forwa…     0ms   0%    old_kl            0.011  │
│  Uptime    0d 0h 1m 55s                             kl                0.011  │
│  Remaini…  0d 0h 1m 44s                             clipfrac          0.398  │
│                                                     bc                0.000  │
│                                                                              │
│  User Stats                    Value    User Stats                    Value  │
│  episode_return                8.084    damage_dealt                885.970  │
│  damage_received             112.053    episode_length              186.128  │
│  wins                          0.000    wave                         68.000  │
│  idle_ticks                    1.917    brews_used                    3.951  │
│  blood_healed                  0.000    prayer_correct_rate           0.543  │
│  unavoidable_off_praye…        0.077    brews_remaining               8.049  │
│  restores_remaining            9.368    prayer_at_death              83.979  │
│  current_ranged               97.453    current_magic                89.889  │
│  behind_shield_pct             0.713    zuk_hp_remaining            343.225  │
│  min_zuk_hp_seen             335.205    hp_restored                   8.677  │
│  zuk_healer_damage             0.359    deaths_to_jad                 0.169  │
│  episode_return_normal         7.638    wins_normal                   0.000  │
│  min_zuk_hp_normal           377.111    score_normal                  0.686  │
│  zuk_objective_normal          0.686    phase_reached_normal          2.257  │
│  death_tick_normal           174.621    frac_min_hp_le_300_no…        0.357  │
╰──────────────────────────────────────────────────────────────────────────────╯

[0;0H╭──────────────────────────────────────────────────────────────────────────────╮
│  PufferLib 4.0      🐡            GPU: 0%      VRAM: 0.5/18G      RAM: 1.0G  │
│                                                                              │
│  Summary          Value    Evaluate   301ms  35%    Losses            Value  │
│  Env       osrs_inferno      GPU      246ms  28%    policy            0.002  │
│  Params          752.1K      Env       55ms   6%    value             0.030  │
│  Steps            26.5M    Train      557ms  64%    entropy           3.825  │
│  SPS             227.2K      Misc       0ms   0%    total             0.011  │
│  Epoch              404      Forwa…     0ms   0%    old_kl            0.011  │
│  Uptime    0d 0h 1m 56s                             kl                0.011  │
│  Remaini…  0d 0h 1m 43s                             clipfrac          0.391  │
│                                                     bc                0.000  │
│                                                                              │
│  User Stats                    Value    User Stats                    Value  │
│  episode_return                8.083    damage_dealt                886.611  │
│  damage_received             109.635    episode_length              185.433  │
│  wins                          0.000    wave                         68.000  │
│  idle_ticks                    1.747    brews_used                    3.804  │
│  blood_healed                  0.000    prayer_correct_rate           0.541  │
│  unavoidable_off_praye…        0.072    brews_remaining               8.196  │
│  restores_remaining            9.383    prayer_at_death              84.932  │
│  current_ranged               97.546    current_magic                90.136  │
│  behind_shield_pct             0.716    zuk_hp_remaining            344.212  │
│  min_zuk_hp_seen             334.130    hp_restored                  10.233  │
│  zuk_healer_damage             0.587    deaths_to_jad                 0.175  │
│  episode_return_normal         7.665    wins_normal                   0.000  │
│  min_zuk_hp_normal           373.083    score_normal                  0.689  │
│  zuk_objective_normal          0.689    phase_reached_normal          2.245  │
│  death_tick_normal           174.424    frac_min_hp_le_300_no…        0.349  │
╰──────────────────────────────────────────────────────────────────────────────╯

[0;0H╭──────────────────────────────────────────────────────────────────────────────╮
│  PufferLib 4.0     🐡             GPU: 0%      VRAM: 0.5/18G      RAM: 1.0G  │
│                                                                              │
│  Summary          Value    Evaluate   303ms  35%    Losses            Value  │
│  Env       osrs_inferno      GPU      247ms  28%    policy           -0.002  │
│  Params          752.1K      Env       56ms   6%    value             0.031  │
│  Steps            26.7M    Train      556ms  64%    entropy           3.786  │
│  SPS             226.9K      Misc       0ms   0%    total             0.008  │
│  Epoch              407      Forwa…     0ms   0%    old_kl            0.011  │
│  Uptime    0d 0h 1m 57s                             kl                0.011  │
│  Remaini…  0d 0h 1m 42s                             clipfrac          0.385  │
│                                                     bc                0.000  │
│                                                                              │
│  User Stats                    Value    User Stats                    Value  │
│  episode_return                8.190    damage_dealt                901.535  │
│  damage_received             106.917    episode_length              187.168  │
│  wins                          0.000    wave                         68.000  │
│  idle_ticks                    2.012    brews_used                    3.487  │
│  blood_healed                  0.000    prayer_correct_rate           0.542  │
│  unavoidable_off_praye…        0.077    brews_remaining               8.513  │
│  restores_remaining            9.491    prayer_at_death              83.895  │
│  current_ranged               97.956    current_magic                90.274  │
│  behind_shield_pct             0.725    zuk_hp_remaining            332.890  │
│  min_zuk_hp_seen             320.603    hp_restored                  12.600  │
│  zuk_healer_damage             0.619    deaths_to_jad                 0.188  │
│  episode_return_normal         7.755    wins_normal                   0.000  │
│  min_zuk_hp_normal           359.821    score_normal                  0.700  │
│  zuk_objective_normal          0.700    phase_reached_normal          2.301  │
│  death_tick_normal           176.119    frac_min_hp_le_300_no…        0.387  │
╰──────────────────────────────────────────────────────────────────────────────╯

[0;0H╭──────────────────────────────────────────────────────────────────────────────╮
│  PufferLib 4.0    🐡              GPU: 0%      VRAM: 0.5/18G      RAM: 1.0G  │
│                                                                              │
│  Summary          Value    Evaluate   303ms  35%    Losses            Value  │
│  Env       osrs_inferno      GPU      247ms  28%    policy            0.004  │
│  Params          752.1K      Env       56ms   6%    value             0.033  │
│  Steps            26.9M    Train      559ms  64%    entropy           3.769  │
│  SPS             226.2K      Misc       0ms   0%    total             0.015  │
│  Epoch              410      Forwa…     0ms   0%    old_kl            0.012  │
│  Uptime    0d 0h 1m 58s                             kl                0.012  │
│  Remaini…  0d 0h 1m 42s                             clipfrac          0.379  │
│                                                     bc                0.000  │
│                                                                              │
│  User Stats                    Value    User Stats                    Value  │
│  episode_return                8.127    damage_dealt                893.628  │
│  damage_received             105.391    episode_length              186.130  │
│  wins                          0.000    wave                         68.000  │
│  idle_ticks                    1.798    brews_used                    3.429  │
│  blood_healed                  0.001    prayer_correct_rate           0.542  │
│  unavoidable_off_praye…        0.075    brews_remaining               8.571  │
│  restores_remaining            9.518    prayer_at_death              84.485  │
│  current_ranged               97.618    current_magic                90.002  │
│  behind_shield_pct             0.725    zuk_hp_remaining            339.094  │
│  min_zuk_hp_seen             328.553    hp_restored                  10.918  │
│  zuk_healer_damage             0.640    deaths_to_jad                 0.182  │
│  episode_return_normal         7.672    wins_normal                   0.000  │
│  min_zuk_hp_normal           370.618    score_normal                  0.691  │
│  zuk_objective_normal          0.691    phase_reached_normal          2.265  │
│  death_tick_normal           174.625    frac_min_hp_le_300_no…        0.375  │
╰──────────────────────────────────────────────────────────────────────────────╯

[0;0H╭──────────────────────────────────────────────────────────────────────────────╮
│  PufferLib 4.0   🐡               GPU: 0%      VRAM: 0.5/18G      RAM: 1.0G  │
│                                                                              │
│  Summary          Value    Evaluate   305ms  35%    Losses            Value  │
│  Env       osrs_inferno      GPU      248ms  28%    policy           -0.005  │
│  Params          752.1K      Env       57ms   6%    value             0.024  │
│  Steps            27.1M    Train      558ms  64%    entropy           3.748  │
│  SPS             225.0K      Misc       0ms   0%    total             0.001  │
│  Epoch              413      Forwa…     0ms   0%    old_kl            0.011  │
│  Uptime    0d 0h 1m 58s                             kl                0.011  │
│  Remaini…  0d 0h 1m 41s                             clipfrac          0.387  │
│                                                     bc                0.000  │
│                                                                              │
│  User Stats                    Value    User Stats                    Value  │
│  episode_return                8.155    damage_dealt                896.461  │
│  damage_received             101.139    episode_length              188.247  │
│  wins                          0.000    wave                         68.000  │
│  idle_ticks                    1.674    brews_used                    3.218  │
│  blood_healed                  0.002    prayer_correct_rate           0.543  │
│  unavoidable_off_praye…        0.080    brews_remaining               8.782  │
│  restores_remaining            9.505    prayer_at_death              84.713  │
│  current_ranged               97.793    current_magic                89.907  │
│  behind_shield_pct             0.741    zuk_hp_remaining            335.756  │
│  min_zuk_hp_seen             325.612    hp_restored                  10.411  │
│  zuk_healer_damage             0.443    deaths_to_jad                 0.207  │
│  episode_return_normal         7.766    wins_normal                   0.000  │
│  min_zuk_hp_normal           360.454    score_normal                  0.700  │
│  zuk_objective_normal          0.700    phase_reached_normal          2.305  │
│  death_tick_normal           178.690    frac_min_hp_le_300_no…        0.368  │
╰──────────────────────────────────────────────────────────────────────────────╯

[0;0H╭──────────────────────────────────────────────────────────────────────────────╮
│  PufferLib 4.0  🐡                GPU: 0%      VRAM: 0.5/18G      RAM: 1.0G  │
│                                                                              │
│  Summary          Value    Evaluate   301ms  35%    Losses            Value  │
│  Env       osrs_inferno      GPU      246ms  28%    policy           -0.006  │
│  Params          752.1K      Env       55ms   6%    value             0.026  │
│  Steps            27.3M    Train      557ms  64%    entropy           3.723  │
│  SPS             227.3K      Misc       0ms   0%    total             0.002  │
│  Epoch              416      Forwa…     0ms   0%    old_kl            0.010  │
│  Uptime    0d 0h 1m 59s                             kl                0.011  │
│  Remaini…  0d 0h 1m 40s                             clipfrac          0.393  │
│                                                     bc                0.000  │
│                                                                              │
│  User Stats                    Value    User Stats                    Value  │
│  episode_return                8.244    damage_dealt                908.485  │
│  damage_received             102.866    episode_length              187.761  │
│  wins                          0.000    wave                         68.000  │
│  idle_ticks                    1.607    brews_used                    3.281  │
│  blood_healed                  0.000    prayer_correct_rate           0.543  │
│  unavoidable_off_praye…        0.080    brews_remaining               8.719  │
│  restores_remaining            9.487    prayer_at_death              84.754  │
│  current_ranged               98.200    current_magic                90.273  │
│  behind_shield_pct             0.738    zuk_hp_remaining            326.990  │
│  min_zuk_hp_seen             315.393    hp_restored                  12.084  │
│  zuk_healer_damage             0.843    deaths_to_jad                 0.184  │
│  episode_return_normal         7.837    wins_normal                   0.000  │
│  min_zuk_hp_normal           352.222    score_normal                  0.706  │
│  zuk_objective_normal          0.706    phase_reached_normal          2.334  │
│  death_tick_normal           177.555    frac_min_hp_le_300_no…        0.409  │
╰──────────────────────────────────────────────────────────────────────────────╯

[0;0H╭──────────────────────────────────────────────────────────────────────────────╮
│  PufferLib 4.0 🐡                 GPU: 0%      VRAM: 0.5/18G      RAM: 1.0G  │
│                                                                              │
│  Summary          Value    Evaluate   303ms  35%    Losses            Value  │
│  Env       osrs_inferno      GPU      247ms  28%    policy            0.004  │
│  Params          752.1K      Env       56ms   6%    value             0.020  │
│  Steps            27.5M    Train      558ms  64%    entropy           3.717  │
│  SPS             226.3K      Misc       0ms   0%    total             0.009  │
│  Epoch              419      Forwa…     0ms   0%    old_kl            0.010  │
│  Uptime     0d 0h 2m 0s                             kl                0.009  │
│  Remaini…  0d 0h 1m 39s                             clipfrac          0.383  │
│                                                     bc                0.000  │
│                                                                              │
│  User Stats                    Value    User Stats                    Value  │
│  episode_return                8.256    damage_dealt                910.899  │
│  damage_received             101.371    episode_length              188.900  │
│  wins                          0.000    wave                         68.000  │
│  idle_ticks                    1.678    brews_used                    3.116  │
│  blood_healed                  0.000    prayer_correct_rate           0.543  │
│  unavoidable_off_praye…        0.081    brews_remaining               8.884  │
│  restores_remaining            9.540    prayer_at_death              84.397  │
│  current_ranged               97.454    current_magic                89.391  │
│  behind_shield_pct             0.748    zuk_hp_remaining            324.900  │
│  min_zuk_hp_seen             312.615    hp_restored                  13.160  │
│  zuk_healer_damage             0.572    deaths_to_jad                 0.169  │
│  episode_return_normal         7.899    wins_normal                   0.000  │
│  min_zuk_hp_normal           343.747    score_normal                  0.714  │
│  zuk_objective_normal          0.714    phase_reached_normal          2.356  │
│  death_tick_normal           179.873    frac_min_hp_le_300_no…        0.409  │
╰──────────────────────────────────────────────────────────────────────────────╯

[0;0H╭──────────────────────────────────────────────────────────────────────────────╮
│  PufferLib 4.0          🐡        GPU: 0%      VRAM: 0.5/18G      RAM: 1.0G  │
│                                                                              │
│  Summary          Value    Evaluate   302ms  35%    Losses            Value  │
│  Env       osrs_inferno      GPU      247ms  28%    policy            0.009  │
│  Params          752.1K      Env       55ms   6%    value             0.019  │
│  Steps            27.7M    Train      555ms  64%    entropy           3.704  │
│  SPS             227.2K      Misc       0ms   0%    total             0.013  │
│  Epoch              422      Forwa…     0ms   0%    old_kl            0.010  │
│  Uptime     0d 0h 2m 1s                             kl                0.009  │
│  Remaini…  0d 0h 1m 38s                             clipfrac          0.372  │
│                                                     bc                0.000  │
│                                                                              │
│  User Stats                    Value    User Stats                    Value  │
│  episode_return                8.366    damage_dealt                921.133  │
│  damage_received             100.686    episode_length              190.495  │
│  wins                          0.000    wave                         68.000  │
│  idle_ticks                    1.604    brews_used                    3.039  │
│  blood_healed                  0.003    prayer_correct_rate           0.542  │
│  unavoidable_off_praye…        0.086    brews_remaining               8.961  │
│  restores_remaining            9.602    prayer_at_death              84.519  │
│  current_ranged               98.480    current_magic                90.249  │
│  behind_shield_pct             0.749    zuk_hp_remaining            314.275  │
│  min_zuk_hp_seen             300.112    hp_restored                  14.612  │
│  zuk_healer_damage             0.702    deaths_to_jad                 0.200  │
│  episode_return_normal         7.993    wins_normal                   0.000  │
│  min_zuk_hp_normal           331.188    score_normal                  0.724  │
│  zuk_objective_normal          0.724    phase_reached_normal          2.410  │
│  death_tick_normal           181.135    frac_min_hp_le_300_no…        0.443  │
╰──────────────────────────────────────────────────────────────────────────────╯

[0;0H╭──────────────────────────────────────────────────────────────────────────────╮
│  PufferLib 4.0         🐡         GPU: 0%      VRAM: 0.5/18G      RAM: 1.0G  │
│                                                                              │
│  Summary          Value    Evaluate   302ms  35%    Losses            Value  │
│  Env       osrs_inferno      GPU      246ms  28%    policy            0.013  │
│  Params          752.1K      Env       55ms   6%    value             0.015  │
│  Steps            27.9M    Train      560ms  64%    entropy           3.692  │
│  SPS             226.1K      Misc       0ms   0%    total             0.015  │
│  Epoch              425      Forwa…     0ms   0%    old_kl            0.011  │
│  Uptime     0d 0h 2m 2s                             kl                0.011  │
│  Remaini…  0d 0h 1m 37s                             clipfrac          0.377  │
│                                                     bc                0.000  │
│                                                                              │
│  User Stats                    Value    User Stats                    Value  │
│  episode_return                8.338    damage_dealt                920.037  │
│  damage_received              99.595    episode_length              191.258  │
│  wins                          0.000    wave                         68.000  │
│  idle_ticks                    1.625    brews_used                    2.954  │
│  blood_healed                  0.000    prayer_correct_rate           0.545  │
│  unavoidable_off_praye…        0.084    brews_remaining               9.046  │
│  restores_remaining            9.629    prayer_at_death              84.961  │
│  current_ranged               98.208    current_magic                90.040  │
│  behind_shield_pct             0.751    zuk_hp_remaining            316.639  │
│  min_zuk_hp_seen             302.412    hp_restored                  14.886  │
│  zuk_healer_damage             0.749    deaths_to_jad                 0.181  │
│  episode_return_normal         7.963    wins_normal                   0.000  │
│  min_zuk_hp_normal           334.165    score_normal                  0.722  │
│  zuk_objective_normal          0.722    phase_reached_normal          2.396  │
│  death_tick_normal           183.208    frac_min_hp_le_300_no…        0.424  │
╰──────────────────────────────────────────────────────────────────────────────╯

[0;0H╭──────────────────────────────────────────────────────────────────────────────╮
│  PufferLib 4.0        🐡          GPU: 0%      VRAM: 0.5/18G      RAM: 1.0G  │
│                                                                              │
│  Summary          Value    Evaluate   299ms  34%    Losses            Value  │
│  Env       osrs_inferno      GPU      244ms  28%    policy            0.009  │
│  Params          752.1K      Env       55ms   6%    value             0.015  │
│  Steps            28.0M    Train      558ms  65%    entropy           3.701  │
│  SPS             227.5K      Misc       0ms   0%    total             0.010  │
│  Epoch              428      Forwa…     0ms   0%    old_kl            0.010  │
│  Uptime     0d 0h 2m 3s                             kl                0.009  │
│  Remaini…  0d 0h 1m 36s                             clipfrac          0.374  │
│                                                     bc                0.000  │
│                                                                              │
│  User Stats                    Value    User Stats                    Value  │
│  episode_return                8.353    damage_dealt                917.843  │
│  damage_received             100.392    episode_length              190.915  │
│  wins                          0.000    wave                         68.000  │
│  idle_ticks                    1.557    brews_used                    2.975  │
│  blood_healed                  0.007    prayer_correct_rate           0.545  │
│  unavoidable_off_praye…        0.078    brews_remaining               9.025  │
│  restores_remaining            9.647    prayer_at_death              85.183  │
│  current_ranged               98.210    current_magic                89.808  │
│  behind_shield_pct             0.753    zuk_hp_remaining            315.772  │
│  min_zuk_hp_seen             304.182    hp_restored                  11.400  │
│  zuk_healer_damage             0.745    deaths_to_jad                 0.171  │
│  episode_return_normal         7.986    wins_normal                   0.000  │
│  min_zuk_hp_normal           336.753    score_normal                  0.719  │
│  zuk_objective_normal          0.719    phase_reached_normal          2.384  │
│  death_tick_normal           182.771    frac_min_hp_le_300_no…        0.404  │
╰──────────────────────────────────────────────────────────────────────────────╯

[0;0H╭──────────────────────────────────────────────────────────────────────────────╮
│  PufferLib 4.0       🐡           GPU: 0%      VRAM: 0.5/18G      RAM: 1.0G  │
│                                                                              │
│  Summary          Value    Evaluate   302ms  35%    Losses            Value  │
│  Env       osrs_inferno      GPU      247ms  28%    policy            0.012  │
│  Params          752.1K      Env       55ms   6%    value             0.017  │
│  Steps            28.2M    Train      560ms  64%    entropy           3.685  │
│  SPS             226.0K      Misc       0ms   0%    total             0.015  │
│  Epoch              431      Forwa…     0ms   0%    old_kl            0.009  │
│  Uptime     0d 0h 2m 4s                             kl                0.009  │
│  Remaini…  0d 0h 1m 36s                             clipfrac          0.367  │
│                                                     bc                0.000  │
│                                                                              │
│  User Stats                    Value    User Stats                    Value  │
│  episode_return                8.366    damage_dealt                920.628  │
│  damage_received              98.847    episode_length              190.455  │
│  wins                          0.000    wave                         68.000  │
│  idle_ticks                    1.788    brews_used                    2.809  │
│  blood_healed                  0.000    prayer_correct_rate           0.542  │
│  unavoidable_off_praye…        0.075    brews_remaining               9.191  │
│  restores_remaining            9.722    prayer_at_death              84.901  │
│  current_ranged               98.667    current_magic                90.056  │
│  behind_shield_pct             0.757    zuk_hp_remaining            314.988  │
│  min_zuk_hp_seen             301.021    hp_restored                  13.631  │
│  zuk_healer_damage             0.784    deaths_to_jad                 0.194  │
│  episode_return_normal         7.999    wins_normal                   0.000  │
│  min_zuk_hp_normal           332.390    score_normal                  0.723  │
│  zuk_objective_normal          0.723    phase_reached_normal          2.412  │
│  death_tick_normal           183.037    frac_min_hp_le_300_no…        0.433  │
╰──────────────────────────────────────────────────────────────────────────────╯

[0;0H╭──────────────────────────────────────────────────────────────────────────────╮
│  PufferLib 4.0      🐡            GPU: 0%      VRAM: 0.5/18G      RAM: 1.0G  │
│                                                                              │
│  Summary          Value    Evaluate   299ms  34%    Losses            Value  │
│  Env       osrs_inferno      GPU      243ms  28%    policy            0.005  │
│  Params          752.1K      Env       55ms   6%    value             0.014  │
│  Steps            28.4M    Train      558ms  65%    entropy           3.677  │
│  SPS             227.4K      Misc       0ms   0%    total             0.006  │
│  Epoch              434      Forwa…     0ms   0%    old_kl            0.008  │
│  Uptime     0d 0h 2m 5s                             kl                0.009  │
│  Remaini…  0d 0h 1m 34s                             clipfrac          0.361  │
│                                                     bc                0.000  │
│                                                                              │
│  User Stats                    Value    User Stats                    Value  │
│  episode_return                8.366    damage_dealt                919.557  │
│  damage_received              97.927    episode_length              191.111  │
│  wins                          0.000    wave                         68.000  │
│  idle_ticks                    1.488    brews_used                    2.807  │
│  blood_healed                  0.000    prayer_correct_rate           0.542  │
│  unavoidable_off_praye…        0.081    brews_remaining               9.193  │
│  restores_remaining            9.719    prayer_at_death              85.056  │
│  current_ranged               98.625    current_magic                90.087  │
│  behind_shield_pct             0.758    zuk_hp_remaining            314.020  │
│  min_zuk_hp_seen             301.778    hp_restored                  12.615  │
│  zuk_healer_damage             0.680    deaths_to_jad                 0.187  │
│  episode_return_normal         8.006    wins_normal                   0.000  │
│  min_zuk_hp_normal           333.453    score_normal                  0.722  │
│  zuk_objective_normal          0.722    phase_reached_normal          2.382  │
│  death_tick_normal           183.273    frac_min_hp_le_300_no…        0.397  │
╰──────────────────────────────────────────────────────────────────────────────╯

[0;0H╭──────────────────────────────────────────────────────────────────────────────╮
│  PufferLib 4.0     🐡             GPU: 0%      VRAM: 0.5/18G      RAM: 1.0G  │
│                                                                              │
│  Summary          Value    Evaluate   301ms  35%    Losses            Value  │
│  Env       osrs_inferno      GPU      246ms  28%    policy           -0.006  │
│  Params          752.1K      Env       55ms   6%    value             0.013  │
│  Steps            28.6M    Train      558ms  64%    entropy           3.662  │
│  SPS             226.9K      Misc       0ms   0%    total            -0.005  │
│  Epoch              437      Forwa…     0ms   0%    old_kl            0.008  │
│  Uptime     0d 0h 2m 5s                             kl                0.009  │
│  Remaini…  0d 0h 1m 34s                             clipfrac          0.362  │
│                                                     bc                0.000  │
│                                                                              │
│  User Stats                    Value    User Stats                    Value  │
│  episode_return                8.422    damage_dealt                925.054  │
│  damage_received             101.012    episode_length              191.448  │
│  wins                          0.000    wave                         68.000  │
│  idle_ticks                    1.449    brews_used                    2.867  │
│  blood_healed                  0.000    prayer_correct_rate           0.541  │
│  unavoidable_off_praye…        0.087    brews_remaining               9.133  │
│  restores_remaining            9.710    prayer_at_death              85.304  │
│  current_ranged               98.383    current_magic                89.889  │
│  behind_shield_pct             0.758    zuk_hp_remaining            308.649  │
│  min_zuk_hp_seen             295.500    hp_restored                  13.225  │
│  zuk_healer_damage             0.580    deaths_to_jad                 0.186  │
│  episode_return_normal         8.079    wins_normal                   0.000  │
│  min_zuk_hp_normal           324.306    score_normal                  0.730  │
│  zuk_objective_normal          0.730    phase_reached_normal          2.455  │
│  death_tick_normal           183.209    frac_min_hp_le_300_no…        0.478  │
╰──────────────────────────────────────────────────────────────────────────────╯

[0;0H╭──────────────────────────────────────────────────────────────────────────────╮
│  PufferLib 4.0    🐡              GPU: 0%      VRAM: 0.5/18G      RAM: 1.0G  │
│                                                                              │
│  Summary          Value    Evaluate   301ms  34%    Losses            Value  │
│  Env       osrs_inferno      GPU      245ms  28%    policy           -0.002  │
│  Params          752.1K      Env       55ms   6%    value             0.014  │
│  Steps            28.8M    Train      558ms  65%    entropy           3.660  │
│  SPS             226.9K      Misc       0ms   0%    total            -0.000  │
│  Epoch              440      Forwa…     0ms   0%    old_kl            0.010  │
│  Uptime     0d 0h 2m 6s                             kl                0.013  │
│  Remaini…  0d 0h 1m 33s                             clipfrac          0.366  │
│                                                     bc                0.000  │
│                                                                              │
│  User Stats                    Value    User Stats                    Value  │
│  episode_return                8.427    damage_dealt                926.955  │
│  damage_received             102.598    episode_length              191.770  │
│  wins                          0.000    wave                         68.000  │
│  idle_ticks                    1.451    brews_used                    2.947  │
│  blood_healed                  0.000    prayer_correct_rate           0.541  │
│  unavoidable_off_praye…        0.082    brews_remaining               9.053  │
│  restores_remaining            9.680    prayer_at_death              85.303  │
│  current_ranged               98.692    current_magic                90.278  │
│  behind_shield_pct             0.758    zuk_hp_remaining            308.349  │
│  min_zuk_hp_seen             294.582    hp_restored                  13.893  │
│  zuk_healer_damage             0.709    deaths_to_jad                 0.205  │
│  episode_return_normal         8.039    wins_normal                   0.000  │
│  min_zuk_hp_normal           328.636    score_normal                  0.726  │
│  zuk_objective_normal          0.726    phase_reached_normal          2.419  │
│  death_tick_normal           183.633    frac_min_hp_le_300_no…        0.440  │
╰──────────────────────────────────────────────────────────────────────────────╯

[0;0H╭──────────────────────────────────────────────────────────────────────────────╮
│  PufferLib 4.0   🐡               GPU: 0%      VRAM: 0.5/18G      RAM: 1.0G  │
│                                                                              │
│  Summary          Value    Evaluate   298ms  34%    Losses            Value  │
│  Env       osrs_inferno      GPU      243ms  28%    policy            0.006  │
│  Params          752.1K      Env       55ms   6%    value             0.014  │
│  Steps            29.0M    Train      556ms  65%    entropy           3.640  │
│  SPS             228.1K      Misc       0ms   0%    total             0.008  │
│  Epoch              443      Forwa…     0ms   0%    old_kl            0.008  │
│  Uptime     0d 0h 2m 7s                             kl                0.009  │
│  Remaini…  0d 0h 1m 31s                             clipfrac          0.361  │
│                                                     bc                0.000  │
│                                                                              │
│  User Stats                    Value    User Stats                    Value  │
│  episode_return                8.436    damage_dealt                927.036  │
│  damage_received              98.206    episode_length              190.588  │
│  wins                          0.000    wave                         68.000  │
│  idle_ticks                    1.653    brews_used                    2.791  │
│  blood_healed                  0.000    prayer_correct_rate           0.541  │
│  unavoidable_off_praye…        0.083    brews_remaining               9.209  │
│  restores_remaining            9.747    prayer_at_death              85.014  │
│  current_ranged               98.446    current_magic                89.957  │
│  behind_shield_pct             0.759    zuk_hp_remaining            307.581  │
│  min_zuk_hp_seen             293.813    hp_restored                  13.821  │
│  zuk_healer_damage             0.604    deaths_to_jad                 0.227  │
│  episode_return_normal         8.085    wins_normal                   0.000  │
│  min_zuk_hp_normal           325.059    score_normal                  0.729  │
│  zuk_objective_normal          0.729    phase_reached_normal          2.433  │
│  death_tick_normal           182.838    frac_min_hp_le_300_no…        0.450  │
╰──────────────────────────────────────────────────────────────────────────────╯

[0;0H╭──────────────────────────────────────────────────────────────────────────────╮
│  PufferLib 4.0  🐡                GPU: 0%      VRAM: 0.5/18G      RAM: 1.0G  │
│                                                                              │
│  Summary          Value    Evaluate   299ms  34%    Losses            Value  │
│  Env       osrs_inferno      GPU      244ms  28%    policy            0.021  │
│  Params          752.1K      Env       55ms   6%    value             0.015  │
│  Steps            29.2M    Train      557ms  65%    entropy           3.612  │
│  SPS             227.6K      Misc       0ms   0%    total             0.023  │
│  Epoch              446      Forwa…     0ms   0%    old_kl            0.009  │
│  Uptime     0d 0h 2m 8s                             kl                0.009  │
│  Remaini…  0d 0h 1m 31s                             clipfrac          0.364  │
│                                                     bc                0.000  │
│                                                                              │
│  User Stats                    Value    User Stats                    Value  │
│  episode_return                8.459    damage_dealt                929.949  │
│  damage_received              99.798    episode_length              191.190  │
│  wins                          0.000    wave                         68.000  │
│  idle_ticks                    1.753    brews_used                    2.842  │
│  blood_healed                  0.000    prayer_correct_rate           0.540  │
│  unavoidable_off_praye…        0.086    brews_remaining               9.158  │
│  restores_remaining            9.786    prayer_at_death              83.980  │
│  current_ranged               98.695    current_magic                89.727  │
│  behind_shield_pct             0.760    zuk_hp_remaining            306.994  │
│  min_zuk_hp_seen             290.777    hp_restored                  14.685  │
│  zuk_healer_damage             0.700    deaths_to_jad                 0.202  │
│  episode_return_normal         8.071    wins_normal                   0.000  │
│  min_zuk_hp_normal           324.330    score_normal                  0.730  │
│  zuk_objective_normal          0.730    phase_reached_normal          2.434  │
│  death_tick_normal           183.208    frac_min_hp_le_300_no…        0.449  │
╰──────────────────────────────────────────────────────────────────────────────╯

[0;0H╭──────────────────────────────────────────────────────────────────────────────╮
│  PufferLib 4.0 🐡                 GPU: 0%      VRAM: 0.5/18G      RAM: 1.0G  │
│                                                                              │
│  Summary          Value    Evaluate   296ms  34%    Losses            Value  │
│  Env       osrs_inferno      GPU      241ms  28%    policy            0.002  │
│  Params          752.1K      Env       55ms   6%    value             0.015  │
│  Steps            29.4M    Train      559ms  65%    entropy           3.576  │
│  SPS             227.7K      Misc       0ms   0%    total             0.004  │
│  Epoch              449      Forwa…     0ms   0%    old_kl            0.008  │
│  Uptime     0d 0h 2m 9s                             kl                0.009  │
│  Remaini…  0d 0h 1m 30s                             clipfrac          0.351  │
│                                                     bc                0.000  │
│                                                                              │
│  User Stats                    Value    User Stats                    Value  │
│  episode_return                8.486    damage_dealt                933.401  │
│  damage_received             101.590    episode_length              191.252  │
│  wins                          0.000    wave                         68.000  │
│  idle_ticks                    1.626    brews_used                    2.907  │
│  blood_healed                  0.000    prayer_correct_rate           0.542  │
│  unavoidable_off_praye…        0.080    brews_remaining               9.093  │
│  restores_remaining            9.772    prayer_at_death              84.615  │
│  current_ranged               99.158    current_magic                89.863  │
│  behind_shield_pct             0.761    zuk_hp_remaining            302.850  │
│  min_zuk_hp_seen             287.938    hp_restored                  14.492  │
│  zuk_healer_damage             0.624    deaths_to_jad                 0.204  │
│  episode_return_normal         8.081    wins_normal                   0.000  │
│  min_zuk_hp_normal           323.848    score_normal                  0.730  │
│  zuk_objective_normal          0.730    phase_reached_normal          2.441  │
│  death_tick_normal           182.441    frac_min_hp_le_300_no…        0.459  │
╰──────────────────────────────────────────────────────────────────────────────╯

[0;0H╭──────────────────────────────────────────────────────────────────────────────╮
│  PufferLib 4.0          🐡        GPU: 0%      VRAM: 0.5/18G      RAM: 1.0G  │
│                                                                              │
│  Summary          Value    Evaluate   302ms  35%    Losses            Value  │
│  Env       osrs_inferno      GPU      246ms  28%    policy            0.002  │
│  Params          752.1K      Env       55ms   6%    value             0.014  │
│  Steps            29.6M    Train      557ms  64%    entropy           3.569  │
│  SPS             226.9K      Misc       0ms   0%    total             0.004  │
│  Epoch              452      Forwa…     0ms   0%    old_kl            0.008  │
│  Uptime    0d 0h 2m 10s                             kl                0.009  │
│  Remaini…  0d 0h 1m 29s                             clipfrac          0.358  │
│                                                     bc                0.000  │
│                                                                              │
│  User Stats                    Value    User Stats                    Value  │
│  episode_return                8.443    damage_dealt                928.475  │
│  damage_received              98.401    episode_length              190.656  │
│  wins                          0.000    wave                         68.000  │
│  idle_ticks                    1.637    brews_used                    2.842  │
│  blood_healed                  0.000    prayer_correct_rate           0.540  │
│  unavoidable_off_praye…        0.079    brews_remaining               9.158  │
│  restores_remaining            9.809    prayer_at_death              84.576  │
│  current_ranged               98.391    current_magic                89.152  │
│  behind_shield_pct             0.765    zuk_hp_remaining            307.085  │
│  min_zuk_hp_seen             291.808    hp_restored                  14.927  │
│  zuk_healer_damage             0.427    deaths_to_jad                 0.205  │
│  episode_return_normal         8.048    wins_normal                   0.000  │
│  min_zuk_hp_normal           326.781    score_normal                  0.728  │
│  zuk_objective_normal          0.728    phase_reached_normal          2.435  │
│  death_tick_normal           183.129    frac_min_hp_le_300_no…        0.449  │
╰──────────────────────────────────────────────────────────────────────────────╯

[0;0H╭──────────────────────────────────────────────────────────────────────────────╮
│  PufferLib 4.0         🐡         GPU: 0%      VRAM: 0.5/18G      RAM: 1.0G  │
│                                                                              │
│  Summary          Value    Evaluate   303ms  35%    Losses            Value  │
│  Env       osrs_inferno      GPU      246ms  28%    policy            0.011  │
│  Params          752.1K      Env       56ms   6%    value             0.016  │
│  Steps            29.8M    Train      558ms  64%    entropy           3.565  │
│  SPS             226.5K      Misc       0ms   0%    total             0.014  │
│  Epoch              455      Forwa…     0ms   0%    old_kl            0.009  │
│  Uptime    0d 0h 2m 11s                             kl                0.009  │
│  Remaini…  0d 0h 1m 29s                             clipfrac          0.360  │
│                                                     bc                0.000  │
│                                                                              │
│  User Stats                    Value    User Stats                    Value  │
│  episode_return                8.423    damage_dealt                927.287  │
│  damage_received              98.077    episode_length              190.310  │
│  wins                          0.000    wave                         68.000  │
│  idle_ticks                    1.485    brews_used                    2.775  │
│  blood_healed                  0.000    prayer_correct_rate           0.539  │
│  unavoidable_off_praye…        0.077    brews_remaining               9.225  │
│  restores_remaining            9.813    prayer_at_death              84.409  │
│  current_ranged               98.304    current_magic                89.141  │
│  behind_shield_pct             0.766    zuk_hp_remaining            308.392  │
│  min_zuk_hp_seen             295.166    hp_restored                  13.462  │
│  zuk_healer_damage             0.452    deaths_to_jad                 0.229  │
│  episode_return_normal         8.064    wins_normal                   0.000  │
│  min_zuk_hp_normal           327.256    score_normal                  0.727  │
│  zuk_objective_normal          0.727    phase_reached_normal          2.422  │
│  death_tick_normal           183.009    frac_min_hp_le_300_no…        0.443  │
╰──────────────────────────────────────────────────────────────────────────────╯

[0;0H╭──────────────────────────────────────────────────────────────────────────────╮
│  PufferLib 4.0        🐡          GPU: 0%      VRAM: 0.5/18G      RAM: 1.0G  │
│                                                                              │
│  Summary          Value    Evaluate   303ms  35%    Losses            Value  │
│  Env       osrs_inferno      GPU      246ms  28%    policy            0.014  │
│  Params          752.1K      Env       56ms   6%    value             0.016  │
│  Steps            30.0M    Train      559ms  64%    entropy           3.540  │
│  SPS             226.3K      Misc       0ms   0%    total             0.016  │
│  Epoch              458      Forwa…     0ms   0%    old_kl            0.010  │
│  Uptime    0d 0h 2m 11s                             kl                0.009  │
│  Remaini…  0d 0h 1m 28s                             clipfrac          0.357  │
│                                                     bc                0.000  │
│                                                                              │
│  User Stats                    Value    User Stats                    Value  │
│  episode_return                8.388    damage_dealt                924.624  │
│  damage_received              99.623    episode_length              190.542  │
│  wins                          0.000    wave                         68.000  │
│  idle_ticks                    1.719    brews_used                    2.850  │
│  blood_healed                  0.000    prayer_correct_rate           0.541  │
│  unavoidable_off_praye…        0.073    brews_remaining               9.150  │
│  restores_remaining            9.799    prayer_at_death              84.773  │
│  current_ranged               98.488    current_magic                89.320  │
│  behind_shield_pct             0.762    zuk_hp_remaining            312.274  │
│  min_zuk_hp_seen             297.515    hp_restored                  14.647  │
│  zuk_healer_damage             0.443    deaths_to_jad                 0.208  │
│  episode_return_normal         7.992    wins_normal                   0.000  │
│  min_zuk_hp_normal           332.328    score_normal                  0.723  │
│  zuk_objective_normal          0.723    phase_reached_normal          2.395  │
│  death_tick_normal           183.385    frac_min_hp_le_300_no…        0.417  │
╰──────────────────────────────────────────────────────────────────────────────╯

[0;0H╭──────────────────────────────────────────────────────────────────────────────╮
│  PufferLib 4.0       🐡           GPU: 0%      VRAM: 0.5/18G      RAM: 1.0G  │
│                                                                              │
│  Summary          Value    Evaluate   302ms  35%    Losses            Value  │
│  Env       osrs_inferno      GPU      246ms  28%    policy            0.012  │
│  Params          752.1K      Env       56ms   6%    value             0.013  │
│  Steps            30.2M    Train      556ms  64%    entropy           3.556  │
│  SPS             227.2K      Misc       0ms   0%    total             0.013  │
│  Epoch              461      Forwa…     0ms   0%    old_kl            0.008  │
│  Uptime    0d 0h 2m 12s                             kl                0.009  │
│  Remaini…  0d 0h 1m 27s                             clipfrac          0.353  │
│                                                     bc                0.000  │
│                                                                              │
│  User Stats                    Value    User Stats                    Value  │
│  episode_return                8.463    damage_dealt                931.172  │
│  damage_received              96.110    episode_length              190.176  │
│  wins                          0.000    wave                         68.000  │
│  idle_ticks                    1.523    brews_used                    2.708  │
│  blood_healed                  0.002    prayer_correct_rate           0.540  │
│  unavoidable_off_praye…        0.080    brews_remaining               9.292  │
│  restores_remaining            9.856    prayer_at_death              84.645  │
│  current_ranged               98.802    current_magic                89.383  │
│  behind_shield_pct             0.763    zuk_hp_remaining            304.546  │
│  min_zuk_hp_seen             290.479    hp_restored                  14.217  │
│  zuk_healer_damage             0.485    deaths_to_jad                 0.229  │
│  episode_return_normal         8.080    wins_normal                   0.000  │
│  min_zuk_hp_normal           324.626    score_normal                  0.729  │
│  zuk_objective_normal          0.729    phase_reached_normal          2.444  │
│  death_tick_normal           182.511    frac_min_hp_le_300_no…        0.456  │
╰──────────────────────────────────────────────────────────────────────────────╯

[0;0H╭──────────────────────────────────────────────────────────────────────────────╮
│  PufferLib 4.0      🐡            GPU: 0%      VRAM: 0.5/18G      RAM: 1.0G  │
│                                                                              │
│  Summary          Value    Evaluate   299ms  34%    Losses            Value  │
│  Env       osrs_inferno      GPU      244ms  28%    policy            0.016  │
│  Params          752.1K      Env       55ms   6%    value             0.013  │
│  Steps            30.4M    Train      558ms  65%    entropy           3.525  │
│  SPS             227.3K      Misc       0ms   0%    total             0.017  │
│  Epoch              464      Forwa…     0ms   0%    old_kl            0.009  │
│  Uptime    0d 0h 2m 13s                             kl                0.009  │
│  Remaini…  0d 0h 1m 26s                             clipfrac          0.348  │
│                                                     bc                0.000  │
│                                                                              │
│  User Stats                    Value    User Stats                    Value  │
│  episode_return                8.476    damage_dealt                930.026  │
│  damage_received              99.248    episode_length              191.372  │
│  wins                          0.000    wave                         68.000  │
│  idle_ticks                    1.446    brews_used                    2.777  │
│  blood_healed                  0.000    prayer_correct_rate           0.542  │
│  unavoidable_off_praye…        0.084    brews_remaining               9.223  │
│  restores_remaining            9.803    prayer_at_death              85.092  │
│  current_ranged               99.513    current_magic                90.230  │
│  behind_shield_pct             0.760    zuk_hp_remaining            303.340  │
│  min_zuk_hp_seen             290.493    hp_restored                  12.837  │
│  zuk_healer_damage             0.468    deaths_to_jad                 0.216  │
│  episode_return_normal         8.075    wins_normal                   0.000  │
│  min_zuk_hp_normal           326.552    score_normal                  0.728  │
│  zuk_objective_normal          0.728    phase_reached_normal          2.429  │
│  death_tick_normal           183.319    frac_min_hp_le_300_no…        0.446  │
╰──────────────────────────────────────────────────────────────────────────────╯

[0;0H╭──────────────────────────────────────────────────────────────────────────────╮
│  PufferLib 4.0     🐡             GPU: 0%      VRAM: 0.5/18G      RAM: 1.0G  │
│                                                                              │
│  Summary          Value    Evaluate   303ms  35%    Losses            Value  │
│  Env       osrs_inferno      GPU      247ms  28%    policy            0.006  │
│  Params          752.1K      Env       56ms   6%    value             0.012  │
│  Steps            30.6M    Train      556ms  64%    entropy           3.484  │
│  SPS             226.9K      Misc       0ms   0%    total             0.007  │
│  Epoch              467      Forwa…     0ms   0%    old_kl            0.008  │
│  Uptime    0d 0h 2m 14s                             kl                0.008  │
│  Remaini…  0d 0h 1m 25s                             clipfrac          0.344  │
│                                                     bc                0.000  │
│                                                                              │
│  User Stats                    Value    User Stats                    Value  │
│  episode_return                8.459    damage_dealt                930.999  │
│  damage_received              98.483    episode_length              191.116  │
│  wins                          0.000    wave                         68.000  │
│  idle_ticks                    1.477    brews_used                    2.755  │
│  blood_healed                  0.000    prayer_correct_rate           0.540  │
│  unavoidable_off_praye…        0.084    brews_remaining               9.245  │
│  restores_remaining            9.814    prayer_at_death              85.002  │
│  current_ranged               98.953    current_magic                89.830  │
│  behind_shield_pct             0.763    zuk_hp_remaining            305.201  │
│  min_zuk_hp_seen             290.383    hp_restored                  14.762  │
│  zuk_healer_damage             0.522    deaths_to_jad                 0.222  │
│  episode_return_normal         8.074    wins_normal                   0.000  │
│  min_zuk_hp_normal           324.455    score_normal                  0.730  │
│  zuk_objective_normal          0.730    phase_reached_normal          2.436  │
│  death_tick_normal           183.715    frac_min_hp_le_300_no…        0.449  │
╰──────────────────────────────────────────────────────────────────────────────╯

[0;0H╭──────────────────────────────────────────────────────────────────────────────╮
│  PufferLib 4.0    🐡              GPU: 0%      VRAM: 0.5/18G      RAM: 1.0G  │
│                                                                              │
│  Summary          Value    Evaluate   303ms  35%    Losses            Value  │
│  Env       osrs_inferno      GPU      246ms  28%    policy           -0.002  │
│  Params          752.1K      Env       56ms   6%    value             0.012  │
│  Steps            30.8M    Train      556ms  64%    entropy           3.470  │
│  SPS             226.9K      Misc       0ms   0%    total            -0.001  │
│  Epoch              470      Forwa…     0ms   0%    old_kl            0.008  │
│  Uptime    0d 0h 2m 15s                             kl                0.008  │
│  Remaini…  0d 0h 1m 24s                             clipfrac          0.343  │
│                                                     bc                0.000  │
│                                                                              │
│  User Stats                    Value    User Stats                    Value  │
│  episode_return                8.515    damage_dealt                934.992  │
│  damage_received             100.943    episode_length              191.701  │
│  wins                          0.000    wave                         68.000  │
│  idle_ticks                    1.407    brews_used                    2.857  │
│  blood_healed                  0.000    prayer_correct_rate           0.542  │
│  unavoidable_off_praye…        0.081    brews_remaining               9.143  │
│  restores_remaining            9.776    prayer_at_death              85.939  │
│  current_ranged               99.713    current_magic                90.431  │
│  behind_shield_pct             0.760    zuk_hp_remaining            300.506  │
│  min_zuk_hp_seen             284.955    hp_restored                  14.563  │
│  zuk_healer_damage             0.555    deaths_to_jad                 0.227  │
│  episode_return_normal         8.097    wins_normal                   0.000  │
│  min_zuk_hp_normal           322.140    score_normal                  0.732  │
│  zuk_objective_normal          0.732    phase_reached_normal          2.447  │
│  death_tick_normal           183.700    frac_min_hp_le_300_no…        0.464  │
╰──────────────────────────────────────────────────────────────────────────────╯

[0;0H╭──────────────────────────────────────────────────────────────────────────────╮
│  PufferLib 4.0   🐡               GPU: 0%      VRAM: 0.5/18G      RAM: 1.0G  │
│                                                                              │
│  Summary          Value    Evaluate   300ms  35%    Losses            Value  │
│  Env       osrs_inferno      GPU      245ms  28%    policy            0.015  │
│  Params          752.1K      Env       55ms   6%    value             0.012  │
│  Steps            31.0M    Train      557ms  64%    entropy           3.455  │
│  SPS             227.3K      Misc       0ms   0%    total             0.016  │
│  Epoch              473      Forwa…     0ms   0%    old_kl            0.009  │
│  Uptime    0d 0h 2m 16s                             kl                0.009  │
│  Remaini…  0d 0h 1m 23s                             clipfrac          0.346  │
│                                                     bc                0.000  │
│                                                                              │
│  User Stats                    Value    User Stats                    Value  │
│  episode_return                8.512    damage_dealt                936.871  │
│  damage_received             100.171    episode_length              191.417  │
│  wins                          0.000    wave                         68.000  │
│  idle_ticks                    1.445    brews_used                    2.746  │
│  blood_healed                  0.000    prayer_correct_rate           0.542  │
│  unavoidable_off_praye…        0.084    brews_remaining               9.254  │
│  restores_remaining            9.825    prayer_at_death              85.532  │
│  current_ranged               99.739    current_magic                90.476  │
│  behind_shield_pct             0.759    zuk_hp_remaining            300.221  │
│  min_zuk_hp_seen             285.495    hp_restored                  14.181  │
│  zuk_healer_damage             0.447    deaths_to_jad                 0.215  │
│  episode_return_normal         8.105    wins_normal                   0.000  │
│  min_zuk_hp_normal           321.156    score_normal                  0.732  │
│  zuk_objective_normal          0.732    phase_reached_normal          2.435  │
│  death_tick_normal           183.815    frac_min_hp_le_300_no…        0.445  │
╰──────────────────────────────────────────────────────────────────────────────╯

[0;0H╭──────────────────────────────────────────────────────────────────────────────╮
│  PufferLib 4.0  🐡                GPU: 0%      VRAM: 0.5/18G      RAM: 1.0G  │
│                                                                              │
│  Summary          Value    Evaluate   302ms  35%    Losses            Value  │
│  Env       osrs_inferno      GPU      247ms  28%    policy            0.008  │
│  Params          752.1K      Env       55ms   6%    value             0.012  │
│  Steps            31.2M    Train      558ms  64%    entropy           3.437  │
│  SPS             226.4K      Misc       0ms   0%    total             0.009  │
│  Epoch              476      Forwa…     0ms   0%    old_kl            0.009  │
│  Uptime    0d 0h 2m 17s                             kl                0.008  │
│  Remaini…  0d 0h 1m 23s                             clipfrac          0.337  │
│                                                     bc                0.000  │
│                                                                              │
│  User Stats                    Value    User Stats                    Value  │
│  episode_return                8.467    damage_dealt                931.092  │
│  damage_received              96.508    episode_length              190.859  │
│  wins                          0.000    wave                         68.000  │
│  idle_ticks                    1.414    brews_used                    2.680  │
│  blood_healed                  0.000    prayer_correct_rate           0.541  │
│  unavoidable_off_praye…        0.086    brews_remaining               9.320  │
│  restores_remaining            9.858    prayer_at_death              85.356  │
│  current_ranged               99.949    current_magic                90.349  │
│  behind_shield_pct             0.761    zuk_hp_remaining            303.962  │
│  min_zuk_hp_seen             290.173    hp_restored                  14.050  │
│  zuk_healer_damage             0.450    deaths_to_jad                 0.204  │
│  episode_return_normal         8.052    wins_normal                   0.000  │
│  min_zuk_hp_normal           327.084    score_normal                  0.727  │
│  zuk_objective_normal          0.727    phase_reached_normal          2.416  │
│  death_tick_normal           183.042    frac_min_hp_le_300_no…        0.428  │
╰──────────────────────────────────────────────────────────────────────────────╯

[0;0H╭──────────────────────────────────────────────────────────────────────────────╮
│  PufferLib 4.0 🐡                 GPU: 0%      VRAM: 0.5/18G      RAM: 1.0G  │
│                                                                              │
│  Summary          Value    Evaluate   296ms  34%    Losses            Value  │
│  Env       osrs_inferno      GPU      241ms  28%    policy           -0.003  │
│  Params          752.1K      Env       55ms   6%    value             0.011  │
│  Steps            31.4M    Train      558ms  65%    entropy           3.409  │
│  SPS             228.2K      Misc       0ms   0%    total            -0.002  │
│  Epoch              479      Forwa…     0ms   0%    old_kl            0.009  │
│  Uptime    0d 0h 2m 18s                             kl                0.008  │
│  Remaini…  0d 0h 1m 21s                             clipfrac          0.341  │
│                                                     bc                0.000  │
│                                                                              │
│  User Stats                    Value    User Stats                    Value  │
│  episode_return                8.489    damage_dealt                932.657  │
│  damage_received              96.546    episode_length              190.675  │
│  wins                          0.000    wave                         68.000  │
│  idle_ticks                    1.373    brews_used                    2.655  │
│  blood_healed                  0.000    prayer_correct_rate           0.543  │
│  unavoidable_off_praye…        0.081    brews_remaining               9.345  │
│  restores_remaining            9.920    prayer_at_death              85.057  │
│  current_ranged               99.713    current_magic                90.241  │
│  behind_shield_pct             0.760    zuk_hp_remaining            302.795  │
│  min_zuk_hp_seen             288.710    hp_restored                  13.211  │
│  zuk_healer_damage             0.315    deaths_to_jad                 0.216  │
│  episode_return_normal         8.139    wins_normal                   0.000  │
│  min_zuk_hp_normal           319.846    score_normal                  0.733  │
│  zuk_objective_normal          0.733    phase_reached_normal          2.436  │
│  death_tick_normal           184.054    frac_min_hp_le_300_no…        0.439  │
╰──────────────────────────────────────────────────────────────────────────────╯

[0;0H╭──────────────────────────────────────────────────────────────────────────────╮
│  PufferLib 4.0          🐡        GPU: 0%      VRAM: 0.5/18G      RAM: 1.0G  │
│                                                                              │
│  Summary          Value    Evaluate   302ms  35%    Losses            Value  │
│  Env       osrs_inferno      GPU      246ms  28%    policy           -0.001  │
│  Params          752.1K      Env       56ms   6%    value             0.011  │
│  Steps            31.6M    Train      560ms  64%    entropy           3.370  │
│  SPS             226.3K      Misc       0ms   0%    total            -0.001  │
│  Epoch              482      Forwa…     0ms   0%    old_kl            0.008  │
│  Uptime    0d 0h 2m 18s                             kl                0.008  │
│  Remaini…  0d 0h 1m 21s                             clipfrac          0.339  │
│                                                     bc                0.000  │
│                                                                              │
│  User Stats                    Value    User Stats                    Value  │
│  episode_return                8.509    damage_dealt                935.130  │
│  damage_received              94.963    episode_length              190.664  │
│  wins                          0.000    wave                         68.000  │
│  idle_ticks                    1.310    brews_used                    2.596  │
│  blood_healed                  0.000    prayer_correct_rate           0.543  │
│  unavoidable_off_praye…        0.084    brews_remaining               9.404  │
│  restores_remaining            9.968    prayer_at_death              84.906  │
│  current_ranged               99.756    current_magic                90.315  │
│  behind_shield_pct             0.762    zuk_hp_remaining            300.631  │
│  min_zuk_hp_seen             286.976    hp_restored                  12.967  │
│  zuk_healer_damage             0.583    deaths_to_jad                 0.223  │
│  episode_return_normal         8.137    wins_normal                   0.000  │
│  min_zuk_hp_normal           319.919    score_normal                  0.733  │
│  zuk_objective_normal          0.733    phase_reached_normal          2.452  │
│  death_tick_normal           183.844    frac_min_hp_le_300_no…        0.464  │
╰──────────────────────────────────────────────────────────────────────────────╯

[0;0H╭──────────────────────────────────────────────────────────────────────────────╮
│  PufferLib 4.0         🐡         GPU: 0%      VRAM: 0.5/18G      RAM: 1.0G  │
│                                                                              │
│  Summary          Value    Evaluate   302ms  35%    Losses            Value  │
│  Env       osrs_inferno      GPU      247ms  28%    policy           -0.012  │
│  Params          752.1K      Env       55ms   6%    value             0.013  │
│  Steps            31.8M    Train      554ms  64%    entropy           3.350  │
│  SPS             227.6K      Misc       0ms   0%    total            -0.010  │
│  Epoch              485      Forwa…     0ms   0%    old_kl            0.009  │
│  Uptime    0d 0h 2m 19s                             kl                0.008  │
│  Remaini…  0d 0h 1m 20s                             clipfrac          0.331  │
│                                                     bc                0.000  │
│                                                                              │
│  User Stats                    Value    User Stats                    Value  │
│  episode_return                8.484    damage_dealt                933.211  │
│  damage_received              97.343    episode_length              191.108  │
│  wins                          0.000    wave                         68.000  │
│  idle_ticks                    1.344    brews_used                    2.637  │
│  blood_healed                  0.000    prayer_correct_rate           0.543  │
│  unavoidable_off_praye…        0.088    brews_remaining               9.363  │
│  restores_remaining            9.991    prayer_at_death              85.191  │
│  current_ranged              100.071    current_magic                90.627  │
│  behind_shield_pct             0.760    zuk_hp_remaining            303.061  │
│  min_zuk_hp_seen             288.483    hp_restored                  13.950  │
│  zuk_healer_damage             0.426    deaths_to_jad                 0.218  │
│  episode_return_normal         8.097    wins_normal                   0.000  │
│  min_zuk_hp_normal           322.127    score_normal                  0.732  │
│  zuk_objective_normal          0.732    phase_reached_normal          2.434  │
│  death_tick_normal           183.811    frac_min_hp_le_300_no…        0.447  │
╰──────────────────────────────────────────────────────────────────────────────╯

[0;0H╭──────────────────────────────────────────────────────────────────────────────╮
│  PufferLib 4.0        🐡          GPU: 0%      VRAM: 0.5/18G      RAM: 1.0G  │
│                                                                              │
│  Summary          Value    Evaluate   299ms  34%    Losses            Value  │
│  Env       osrs_inferno      GPU      244ms  28%    policy           -0.001  │
│  Params          752.1K      Env       55ms   6%    value             0.011  │
│  Steps            32.0M    Train      557ms  65%    entropy           3.332  │
│  SPS             227.5K      Misc       0ms   0%    total            -0.001  │
│  Epoch              488      Forwa…     0ms   0%    old_kl            0.007  │
│  Uptime    0d 0h 2m 20s                             kl                0.007  │
│  Remaini…  0d 0h 1m 19s                             clipfrac          0.332  │
│                                                     bc                0.000  │
│                                                                              │
│  User Stats                    Value    User Stats                    Value  │
│  episode_return                8.444    damage_dealt                930.232  │
│  damage_received              94.447    episode_length              190.069  │
│  wins                          0.000    wave                         68.000  │
│  idle_ticks                    1.487    brews_used                    2.576  │
│  blood_healed                  0.000    prayer_correct_rate           0.542  │
│  unavoidable_off_praye…        0.084    brews_remaining               9.424  │
│  restores_remaining           10.044    prayer_at_death              85.373  │
│  current_ranged               99.652    current_magic                90.353  │
│  behind_shield_pct             0.763    zuk_hp_remaining            306.360  │
│  min_zuk_hp_seen             292.415    hp_restored                  14.112  │
│  zuk_healer_damage             0.500    deaths_to_jad                 0.206  │
│  episode_return_normal         8.120    wins_normal                   0.000  │
│  min_zuk_hp_normal           320.058    score_normal                  0.733  │
│  zuk_objective_normal          0.733    phase_reached_normal          2.443  │
│  death_tick_normal           183.338    frac_min_hp_le_300_no…        0.450  │
╰──────────────────────────────────────────────────────────────────────────────╯

[0;0H╭──────────────────────────────────────────────────────────────────────────────╮
│  PufferLib 4.0       🐡           GPU: 0%      VRAM: 0.5/18G      RAM: 1.0G  │
│                                                                              │
│  Summary          Value    Evaluate   303ms  35%    Losses            Value  │
│  Env       osrs_inferno      GPU      247ms  28%    policy            0.001  │
│  Params          752.1K      Env       55ms   6%    value             0.018  │
│  Steps            32.2M    Train      558ms  64%    entropy           3.309  │
│  SPS             226.3K      Misc       0ms   0%    total             0.005  │
│  Epoch              491      Forwa…     0ms   0%    old_kl            0.008  │
│  Uptime    0d 0h 2m 21s                             kl                0.008  │
│  Remaini…  0d 0h 1m 18s                             clipfrac          0.325  │
│                                                     bc                0.000  │
│                                                                              │
│  User Stats                    Value    User Stats                    Value  │
│  episode_return                8.481    damage_dealt                932.661  │
│  damage_received              96.692    episode_length              190.314  │
│  wins                          0.000    wave                         68.000  │
│  idle_ticks                    1.373    brews_used                    2.668  │
│  blood_healed                  0.000    prayer_correct_rate           0.540  │
│  unavoidable_off_praye…        0.091    brews_remaining               9.332  │
│  restores_remaining           10.049    prayer_at_death              85.105  │
│  current_ranged              100.262    current_magic                90.531  │
│  behind_shield_pct             0.764    zuk_hp_remaining            303.428  │
│  min_zuk_hp_seen             288.479    hp_restored                  14.389  │
│  zuk_healer_damage             0.491    deaths_to_jad                 0.194  │
│  episode_return_normal         8.125    wins_normal                   0.000  │
│  min_zuk_hp_normal           318.817    score_normal                  0.734  │
│  zuk_objective_normal          0.734    phase_reached_normal          2.456  │
│  death_tick_normal           183.097    frac_min_hp_le_300_no…        0.466  │
╰──────────────────────────────────────────────────────────────────────────────╯

[0;0H╭──────────────────────────────────────────────────────────────────────────────╮
│  PufferLib 4.0      🐡            GPU: 0%      VRAM: 0.5/18G      RAM: 1.0G  │
│                                                                              │
│  Summary          Value    Evaluate   297ms  34%    Losses            Value  │
│  Env       osrs_inferno      GPU      243ms  28%    policy           -0.002  │
│  Params          752.1K      Env       54ms   6%    value             0.024  │
│  Steps            32.4M    Train      556ms  65%    entropy           3.289  │
│  SPS             228.3K      Misc       0ms   0%    total             0.005  │
│  Epoch              494      Forwa…     0ms   0%    old_kl            0.007  │
│  Uptime    0d 0h 2m 22s                             kl                0.007  │
│  Remaini…  0d 0h 1m 17s                             clipfrac          0.330  │
│                                                     bc                0.000  │
│                                                                              │
│  User Stats                    Value    User Stats                    Value  │
│  episode_return                8.500    damage_dealt                931.902  │
│  damage_received              98.852    episode_length              190.883  │
│  wins                          0.000    wave                         68.000  │
│  idle_ticks                    1.432    brews_used                    2.735  │
│  blood_healed                  0.000    prayer_correct_rate           0.544  │
│  unavoidable_off_praye…        0.086    brews_remaining               9.265  │
│  restores_remaining           10.078    prayer_at_death              84.338  │
│  current_ranged              100.095    current_magic                90.285  │
│  behind_shield_pct             0.763    zuk_hp_remaining            301.623  │
│  min_zuk_hp_seen             288.479    hp_restored                  12.336  │
│  zuk_healer_damage             0.427    deaths_to_jad                 0.219  │
│  episode_return_normal         8.115    wins_normal                   0.000  │
│  min_zuk_hp_normal           322.731    score_normal                  0.731  │
│  zuk_objective_normal          0.731    phase_reached_normal          2.424  │
│  death_tick_normal           183.294    frac_min_hp_le_300_no…        0.437  │
╰──────────────────────────────────────────────────────────────────────────────╯

[0;0H╭──────────────────────────────────────────────────────────────────────────────╮
│  PufferLib 4.0     🐡             GPU: 0%      VRAM: 0.5/18G      RAM: 1.0G  │
│                                                                              │
│  Summary          Value    Evaluate   301ms  35%    Losses            Value  │
│  Env       osrs_inferno      GPU      245ms  28%    policy            0.001  │
│  Params          752.1K      Env       56ms   6%    value             0.013  │
│  Steps            32.6M    Train      558ms  64%    entropy           3.250  │
│  SPS             226.8K      Misc       0ms   0%    total             0.002  │
│  Epoch              497      Forwa…     0ms   0%    old_kl            0.007  │
│  Uptime    0d 0h 2m 23s                             kl                0.007  │
│  Remaini…  0d 0h 1m 16s                             clipfrac          0.326  │
│                                                     bc                0.000  │
│                                                                              │
│  User Stats                    Value    User Stats                    Value  │
│  episode_return                8.512    damage_dealt                932.523  │
│  damage_received              97.984    episode_length              190.948  │
│  wins                          0.000    wave                         68.000  │
│  idle_ticks                    1.305    brews_used                    2.711  │
│  blood_healed                  0.000    prayer_correct_rate           0.547  │
│  unavoidable_off_praye…        0.084    brews_remaining               9.289  │
│  restores_remaining           10.065    prayer_at_death              84.833  │
│  current_ranged               99.909    current_magic                90.179  │
│  behind_shield_pct             0.763    zuk_hp_remaining            300.480  │
│  min_zuk_hp_seen             289.402    hp_restored                  10.011  │
│  zuk_healer_damage             0.430    deaths_to_jad                 0.193  │
│  episode_return_normal         8.165    wins_normal                   0.000  │
│  min_zuk_hp_normal           320.545    score_normal                  0.733  │
│  zuk_objective_normal          0.733    phase_reached_normal          2.438  │
│  death_tick_normal           184.085    frac_min_hp_le_300_no…        0.452  │
╰──────────────────────────────────────────────────────────────────────────────╯

[0;0H╭──────────────────────────────────────────────────────────────────────────────╮
│  PufferLib 4.0    🐡              GPU: 0%      VRAM: 0.5/18G      RAM: 1.0G  │
│                                                                              │
│  Summary          Value    Evaluate   302ms  35%    Losses            Value  │
│  Env       osrs_inferno      GPU      246ms  28%    policy           -0.007  │
│  Params          752.1K      Env       56ms   6%    value             0.010  │
│  Steps            32.8M    Train      557ms  64%    entropy           3.244  │
│  SPS             227.0K      Misc       0ms   0%    total            -0.008  │
│  Epoch              500      Forwa…     0ms   0%    old_kl            0.008  │
│  Uptime    0d 0h 2m 24s                             kl                0.008  │
│  Remaini…  0d 0h 1m 15s                             clipfrac          0.322  │
│                                                     bc                0.000  │
│                                                                              │
│  User Stats                    Value    User Stats                    Value  │
│  episode_return                8.484    damage_dealt                932.931  │
│  damage_received              97.242    episode_length              190.856  │
│  wins                          0.000    wave                         68.000  │
│  idle_ticks                    1.435    brews_used                    2.720  │
│  blood_healed                  0.000    prayer_correct_rate           0.545  │
│  unavoidable_off_praye…        0.086    brews_remaining               9.280  │
│  restores_remaining           10.082    prayer_at_death              85.356  │
│  current_ranged               99.897    current_magic                89.991  │
│  behind_shield_pct             0.762    zuk_hp_remaining            302.613  │
│  min_zuk_hp_seen             289.467    hp_restored                  12.959  │
│  zuk_healer_damage             0.478    deaths_to_jad                 0.203  │
│  episode_return_normal         8.127    wins_normal                   0.000  │
│  min_zuk_hp_normal           320.719    score_normal                  0.733  │
│  zuk_objective_normal          0.733    phase_reached_normal          2.430  │
│  death_tick_normal           184.055    frac_min_hp_le_300_no…        0.442  │
╰──────────────────────────────────────────────────────────────────────────────╯

[0;0H╭──────────────────────────────────────────────────────────────────────────────╮
│  PufferLib 4.0   🐡               GPU: 0%      VRAM: 0.5/18G      RAM: 1.0G  │
│                                                                              │
│  Summary          Value    Evaluate   300ms  34%    Losses            Value  │
│  Env       osrs_inferno      GPU      244ms  28%    policy            0.002  │
│  Params          752.1K      Env       56ms   6%    value             0.010  │
│  Steps            33.0M    Train      558ms  65%    entropy           3.205  │
│  SPS             227.2K      Misc       0ms   0%    total             0.002  │
│  Epoch              503      Forwa…     0ms   0%    old_kl            0.007  │
│  Uptime    0d 0h 2m 24s                             kl                0.007  │
│  Remaini…  0d 0h 1m 14s                             clipfrac          0.327  │
│                                                     bc                0.000  │
│                                                                              │
│  User Stats                    Value    User Stats                    Value  │
│  episode_return                8.512    damage_dealt                935.771  │
│  damage_received              97.631    episode_length              190.700  │
│  wins                          0.000    wave                         68.000  │
│  idle_ticks                    1.566    brews_used                    2.653  │
│  blood_healed                  0.000    prayer_correct_rate           0.543  │
│  unavoidable_off_praye…        0.084    brews_remaining               9.347  │
│  restores_remaining           10.106    prayer_at_death              85.089  │
│  current_ranged               99.893    current_magic                89.952  │
│  behind_shield_pct             0.760    zuk_hp_remaining            299.827  │
│  min_zuk_hp_seen             286.505    hp_restored                  13.058  │
│  zuk_healer_damage             0.399    deaths_to_jad                 0.203  │
│  episode_return_normal         8.156    wins_normal                   0.000  │
│  min_zuk_hp_normal           317.024    score_normal                  0.736  │
│  zuk_objective_normal          0.736    phase_reached_normal          2.491  │
│  death_tick_normal           183.653    frac_min_hp_le_300_no…        0.498  │
╰──────────────────────────────────────────────────────────────────────────────╯

[0;0H╭──────────────────────────────────────────────────────────────────────────────╮
│  PufferLib 4.0  🐡                GPU: 0%      VRAM: 0.5/18G      RAM: 1.0G  │
│                                                                              │
│  Summary          Value    Evaluate   300ms  34%    Losses            Value  │
│  Env       osrs_inferno      GPU      244ms  28%    policy            0.009  │
│  Params          752.1K      Env       55ms   6%    value             0.013  │
│  Steps            33.2M    Train      557ms  65%    entropy           3.175  │
│  SPS             227.3K      Misc       0ms   0%    total             0.011  │
│  Epoch              506      Forwa…     0ms   0%    old_kl            0.008  │
│  Uptime    0d 0h 2m 25s                             kl                0.008  │
│  Remaini…  0d 0h 1m 14s                             clipfrac          0.313  │
│                                                     bc                0.000  │
│                                                                              │
│  User Stats                    Value    User Stats                    Value  │
│  episode_return                8.491    damage_dealt                930.750  │
│  damage_received              96.689    episode_length              190.545  │
│  wins                          0.000    wave                         68.000  │
│  idle_ticks                    1.562    brews_used                    2.701  │
│  blood_healed                  0.000    prayer_correct_rate           0.546  │
│  unavoidable_off_praye…        0.083    brews_remaining               9.299  │
│  restores_remaining           10.062    prayer_at_death              85.873  │
│  current_ranged              100.640    current_magic                90.904  │
│  behind_shield_pct             0.759    zuk_hp_remaining            302.122  │
│  min_zuk_hp_seen             290.350    hp_restored                  11.177  │
│  zuk_healer_damage             0.468    deaths_to_jad                 0.200  │
│  episode_return_normal         8.103    wins_normal                   0.000  │
│  min_zuk_hp_normal           324.207    score_normal                  0.730  │
│  zuk_objective_normal          0.730    phase_reached_normal          2.442  │
│  death_tick_normal           183.001    frac_min_hp_le_300_no…        0.453  │
╰──────────────────────────────────────────────────────────────────────────────╯

[0;0H╭──────────────────────────────────────────────────────────────────────────────╮
│  PufferLib 4.0 🐡                 GPU: 0%      VRAM: 0.5/18G      RAM: 1.0G  │
│                                                                              │
│  Summary          Value    Evaluate   303ms  35%    Losses            Value  │
│  Env       osrs_inferno      GPU      247ms  28%    policy            0.006  │
│  Params          752.1K      Env       55ms   6%    value             0.010  │
│  Steps            33.4M    Train      557ms  64%    entropy           3.150  │
│  SPS             226.8K      Misc       0ms   0%    total             0.006  │
│  Epoch              509      Forwa…     0ms   0%    old_kl            0.007  │
│  Uptime    0d 0h 2m 26s                             kl                0.007  │
│  Remaini…  0d 0h 1m 13s                             clipfrac          0.313  │
│                                                     bc                0.000  │
│                                                                              │
│  User Stats                    Value    User Stats                    Value  │
│  episode_return                8.508    damage_dealt                931.384  │
│  damage_received              97.179    episode_length              190.549  │
│  wins                          0.000    wave                         68.000  │
│  idle_ticks                    1.460    brews_used                    2.676  │
│  blood_healed                  0.000    prayer_correct_rate           0.546  │
│  unavoidable_off_praye…        0.087    brews_remaining               9.324  │
│  restores_remaining           10.125    prayer_at_death              85.026  │
│  current_ranged              100.036    current_magic                90.125  │
│  behind_shield_pct             0.759    zuk_hp_remaining            300.032  │
│  min_zuk_hp_seen             289.240    hp_restored                  10.697  │
│  zuk_healer_damage             0.467    deaths_to_jad                 0.171  │
│  episode_return_normal         8.145    wins_normal                   0.000  │
│  min_zuk_hp_normal           321.232    score_normal                  0.732  │
│  zuk_objective_normal          0.732    phase_reached_normal          2.442  │
│  death_tick_normal           183.509    frac_min_hp_le_300_no…        0.455  │
╰──────────────────────────────────────────────────────────────────────────────╯

[0;0H╭──────────────────────────────────────────────────────────────────────────────╮
│  PufferLib 4.0          🐡        GPU: 0%      VRAM: 0.5/18G      RAM: 1.0G  │
│                                                                              │
│  Summary          Value    Evaluate   302ms  35%    Losses            Value  │
│  Env       osrs_inferno      GPU      247ms  28%    policy            0.004  │
│  Params          752.1K      Env       56ms   6%    value             0.012  │
│  Steps            33.6M    Train      559ms  64%    entropy           3.118  │
│  SPS             226.4K      Misc       0ms   0%    total             0.006  │
│  Epoch              512      Forwa…     0ms   0%    old_kl            0.008  │
│  Uptime    0d 0h 2m 27s                             kl                0.008  │
│  Remaini…  0d 0h 1m 12s                             clipfrac          0.327  │
│                                                     bc                0.000  │
│                                                                              │
│  User Stats                    Value    User Stats                    Value  │
│  episode_return                8.442    damage_dealt                925.551  │
│  damage_received              93.495    episode_length              190.442  │
│  wins                          0.000    wave                         68.000  │
│  idle_ticks                    1.525    brews_used                    2.549  │
│  blood_healed                  0.000    prayer_correct_rate           0.546  │
│  unavoidable_off_praye…        0.080    brews_remaining               9.451  │
│  restores_remaining           10.134    prayer_at_death              85.288  │
│  current_ranged              100.901    current_magic                91.098  │
│  behind_shield_pct             0.762    zuk_hp_remaining            306.957  │
│  min_zuk_hp_seen             295.369    hp_restored                  11.192  │
│  zuk_healer_damage             0.645    deaths_to_jad                 0.192  │
│  episode_return_normal         8.062    wins_normal                   0.000  │
│  min_zuk_hp_normal           329.044    score_normal                  0.726  │
│  zuk_objective_normal          0.726    phase_reached_normal          2.403  │
│  death_tick_normal           183.724    frac_min_hp_le_300_no…        0.423  │
╰──────────────────────────────────────────────────────────────────────────────╯

[0;0H╭──────────────────────────────────────────────────────────────────────────────╮
│  PufferLib 4.0         🐡         GPU: 0%      VRAM: 0.5/18G      RAM: 1.0G  │
│                                                                              │
│  Summary          Value    Evaluate   298ms  34%    Losses            Value  │
│  Env       osrs_inferno      GPU      242ms  28%    policy           -0.009  │
│  Params          752.1K      Env       55ms   6%    value             0.012  │
│  Steps            33.8M    Train      559ms  65%    entropy           3.097  │
│  SPS             227.5K      Misc       0ms   0%    total            -0.008  │
│  Epoch              515      Forwa…     0ms   0%    old_kl            0.007  │
│  Uptime    0d 0h 2m 28s                             kl                0.007  │
│  Remaini…  0d 0h 1m 11s                             clipfrac          0.308  │
│                                                     bc                0.000  │
│                                                                              │
│  User Stats                    Value    User Stats                    Value  │
│  episode_return                8.502    damage_dealt                935.858  │
│  damage_received              97.299    episode_length              190.567  │
│  wins                          0.000    wave                         68.000  │
│  idle_ticks                    1.651    brews_used                    2.694  │
│  blood_healed                  0.000    prayer_correct_rate           0.548  │
│  unavoidable_off_praye…        0.076    brews_remaining               9.306  │
│  restores_remaining           10.105    prayer_at_death              85.527  │
│  current_ranged              100.541    current_magic                90.755  │
│  behind_shield_pct             0.757    zuk_hp_remaining            302.146  │
│  min_zuk_hp_seen             287.053    hp_restored                  13.684  │
│  zuk_healer_damage             0.738    deaths_to_jad                 0.163  │
│  episode_return_normal         8.130    wins_normal                   0.000  │
│  min_zuk_hp_normal           318.745    score_normal                  0.734  │
│  zuk_objective_normal          0.734    phase_reached_normal          2.446  │
│  death_tick_normal           183.392    frac_min_hp_le_300_no…        0.465  │
╰──────────────────────────────────────────────────────────────────────────────╯

[0;0H╭──────────────────────────────────────────────────────────────────────────────╮
│  PufferLib 4.0        🐡          GPU: 0%      VRAM: 0.5/18G      RAM: 1.0G  │
│                                                                              │
│  Summary          Value    Evaluate   303ms  35%    Losses            Value  │
│  Env       osrs_inferno      GPU      246ms  28%    policy            0.005  │
│  Params          752.1K      Env       56ms   6%    value             0.012  │
│  Steps            33.9M    Train      557ms  64%    entropy           3.071  │
│  SPS             226.8K      Misc       0ms   0%    total             0.006  │
│  Epoch              518      Forwa…     0ms   0%    old_kl            0.007  │
│  Uptime    0d 0h 2m 29s                             kl                0.007  │
│  Remaini…  0d 0h 1m 10s                             clipfrac          0.319  │
│                                                     bc                0.000  │
│                                                                              │
│  User Stats                    Value    User Stats                    Value  │
│  episode_return                8.513    damage_dealt                931.639  │
│  damage_received              96.091    episode_length              190.645  │
│  wins                          0.000    wave                         68.000  │
│  idle_ticks                    1.495    brews_used                    2.587  │
│  blood_healed                  0.000    prayer_correct_rate           0.547  │
│  unavoidable_off_praye…        0.086    brews_remaining               9.413  │
│  restores_remaining           10.139    prayer_at_death              85.315  │
│  current_ranged              101.520    current_magic                91.490  │
│  behind_shield_pct             0.761    zuk_hp_remaining            300.093  │
│  min_zuk_hp_seen             289.888    hp_restored                   9.539  │
│  zuk_healer_damage             0.654    deaths_to_jad                 0.163  │
│  episode_return_normal         8.126    wins_normal                   0.000  │
│  min_zuk_hp_normal           324.040    score_normal                  0.730  │
│  zuk_objective_normal          0.730    phase_reached_normal          2.434  │
│  death_tick_normal           182.660    frac_min_hp_le_300_no…        0.455  │
╰──────────────────────────────────────────────────────────────────────────────╯

[0;0H╭──────────────────────────────────────────────────────────────────────────────╮
│  PufferLib 4.0       🐡           GPU: 0%      VRAM: 0.5/18G      RAM: 1.0G  │
│                                                                              │
│  Summary          Value    Evaluate   302ms  35%    Losses            Value  │
│  Env       osrs_inferno      GPU      246ms  28%    policy           -0.012  │
│  Params          752.1K      Env       55ms   6%    value             0.012  │
│  Steps            34.1M    Train      557ms  64%    entropy           3.081  │
│  SPS             226.8K      Misc       0ms   0%    total            -0.011  │
│  Epoch              521      Forwa…     0ms   0%    old_kl            0.007  │
│  Uptime    0d 0h 2m 30s                             kl                0.007  │
│  Remaini…   0d 0h 1m 9s                             clipfrac          0.307  │
│                                                     bc                0.000  │
│                                                                              │
│  User Stats                    Value    User Stats                    Value  │
│  episode_return                8.540    damage_dealt                936.894  │
│  damage_received              97.950    episode_length              190.829  │
│  wins                          0.000    wave                         68.000  │
│  idle_ticks                    1.479    brews_used                    2.672  │
│  blood_healed                  0.000    prayer_correct_rate           0.547  │
│  unavoidable_off_praye…        0.084    brews_remaining               9.328  │
│  restores_remaining           10.109    prayer_at_death              85.176  │
│  current_ranged              100.800    current_magic                90.920  │
│  behind_shield_pct             0.761    zuk_hp_remaining            297.654  │
│  min_zuk_hp_seen             284.605    hp_restored                  12.166  │
│  zuk_healer_damage             0.621    deaths_to_jad                 0.157  │
│  episode_return_normal         8.185    wins_normal                   0.000  │
│  min_zuk_hp_normal           314.281    score_normal                  0.738  │
│  zuk_objective_normal          0.738    phase_reached_normal          2.473  │
│  death_tick_normal           183.761    frac_min_hp_le_300_no…        0.482  │
╰──────────────────────────────────────────────────────────────────────────────╯

[0;0H╭──────────────────────────────────────────────────────────────────────────────╮
│  PufferLib 4.0      🐡            GPU: 0%      VRAM: 0.5/18G      RAM: 1.0G  │
│                                                                              │
│  Summary          Value    Evaluate   303ms  35%    Losses            Value  │
│  Env       osrs_inferno      GPU      246ms  28%    policy           -0.008  │
│  Params          752.1K      Env       56ms   6%    value             0.011  │
│  Steps            34.3M    Train      558ms  64%    entropy           3.054  │
│  SPS             226.4K      Misc       0ms   0%    total            -0.007  │
│  Epoch              524      Forwa…     0ms   0%    old_kl            0.007  │
│  Uptime    0d 0h 2m 31s                             kl                0.007  │
│  Remaini…   0d 0h 1m 9s                             clipfrac          0.304  │
│                                                     bc                0.000  │
│                                                                              │
│  User Stats                    Value    User Stats                    Value  │
│  episode_return                8.573    damage_dealt                936.096  │
│  damage_received              95.737    episode_length              191.249  │
│  wins                          0.000    wave                         68.000  │
│  idle_ticks                    1.395    brews_used                    2.631  │
│  blood_healed                  0.000    prayer_correct_rate           0.549  │
│  unavoidable_off_praye…        0.083    brews_remaining               9.369  │
│  restores_remaining           10.157    prayer_at_death              84.642  │
│  current_ranged              100.459    current_magic                90.514  │
│  behind_shield_pct             0.763    zuk_hp_remaining            293.743  │
│  min_zuk_hp_seen             284.812    hp_restored                   8.552  │
│  zuk_healer_damage             0.468    deaths_to_jad                 0.154  │
│  episode_return_normal         8.236    wins_normal                   0.000  │
│  min_zuk_hp_normal           314.618    score_normal                  0.738  │
│  zuk_objective_normal          0.738    phase_reached_normal          2.458  │
│  death_tick_normal           183.989    frac_min_hp_le_300_no…        0.467  │
╰──────────────────────────────────────────────────────────────────────────────╯

[0;0H╭──────────────────────────────────────────────────────────────────────────────╮
│  PufferLib 4.0     🐡             GPU: 0%      VRAM: 0.5/18G      RAM: 1.0G  │
│                                                                              │
│  Summary          Value    Evaluate   301ms  35%    Losses            Value  │
│  Env       osrs_inferno      GPU      245ms  28%    policy            0.002  │
│  Params          752.1K      Env       56ms   6%    value             0.011  │
│  Steps            34.5M    Train      557ms  64%    entropy           3.033  │
│  SPS             227.1K      Misc       0ms   0%    total             0.003  │
│  Epoch              527      Forwa…     0ms   0%    old_kl            0.007  │
│  Uptime    0d 0h 2m 31s                             kl                0.007  │
│  Remaini…   0d 0h 1m 8s                             clipfrac          0.299  │
│                                                     bc                0.000  │
│                                                                              │
│  User Stats                    Value    User Stats                    Value  │
│  episode_return                8.510    damage_dealt                933.492  │
│  damage_received              97.545    episode_length              191.018  │
│  wins                          0.000    wave                         68.000  │
│  idle_ticks                    1.528    brews_used                    2.667  │
│  blood_healed                  0.000    prayer_correct_rate           0.547  │
│  unavoidable_off_praye…        0.083    brews_remaining               9.333  │
│  restores_remaining           10.182    prayer_at_death              84.235  │
│  current_ranged              100.975    current_magic                90.863  │
│  behind_shield_pct             0.763    zuk_hp_remaining            300.220  │
│  min_zuk_hp_seen             288.349    hp_restored                  11.336  │
│  zuk_healer_damage             0.665    deaths_to_jad                 0.157  │
│  episode_return_normal         8.121    wins_normal                   0.000  │
│  min_zuk_hp_normal           321.894    score_normal                  0.732  │
│  zuk_objective_normal          0.732    phase_reached_normal          2.423  │
│  death_tick_normal           183.363    frac_min_hp_le_300_no…        0.437  │
╰──────────────────────────────────────────────────────────────────────────────╯

[0;0H╭──────────────────────────────────────────────────────────────────────────────╮
│  PufferLib 4.0    🐡              GPU: 0%      VRAM: 0.5/18G      RAM: 1.0G  │
│                                                                              │
│  Summary          Value    Evaluate   301ms  35%    Losses            Value  │
│  Env       osrs_inferno      GPU      245ms  28%    policy            0.003  │
│  Params          752.1K      Env       56ms   6%    value             0.010  │
│  Steps            34.7M    Train      559ms  64%    entropy           3.000  │
│  SPS             226.5K      Misc       0ms   0%    total             0.004  │
│  Epoch              530      Forwa…     0ms   0%    old_kl            0.006  │
│  Uptime    0d 0h 2m 32s                             kl                0.007  │
│  Remaini…   0d 0h 1m 7s                             clipfrac          0.311  │
│                                                     bc                0.000  │
│                                                                              │
│  User Stats                    Value    User Stats                    Value  │
│  episode_return                8.535    damage_dealt                934.979  │
│  damage_received              98.446    episode_length              191.220  │
│  wins                          0.000    wave                         68.000  │
│  idle_ticks                    1.489    brews_used                    2.734  │
│  blood_healed                  0.000    prayer_correct_rate           0.549  │
│  unavoidable_off_praye…        0.083    brews_remaining               9.266  │
│  restores_remaining           10.128    prayer_at_death              85.064  │
│  current_ranged              101.039    current_magic                90.885  │
│  behind_shield_pct             0.763    zuk_hp_remaining            297.373  │
│  min_zuk_hp_seen             286.577    hp_restored                  10.621  │
│  zuk_healer_damage             0.639    deaths_to_jad                 0.142  │
│  episode_return_normal         8.126    wins_normal                   0.000  │
│  min_zuk_hp_normal           322.022    score_normal                  0.732  │
│  zuk_objective_normal          0.732    phase_reached_normal          2.448  │
│  death_tick_normal           183.380    frac_min_hp_le_300_no…        0.459  │
╰──────────────────────────────────────────────────────────────────────────────╯

[0;0H╭──────────────────────────────────────────────────────────────────────────────╮
│  PufferLib 4.0   🐡               GPU: 0%      VRAM: 0.5/18G      RAM: 1.0G  │
│                                                                              │
│  Summary          Value    Evaluate   301ms  35%    Losses            Value  │
│  Env       osrs_inferno      GPU      245ms  28%    policy           -0.019  │
│  Params          752.1K      Env       56ms   6%    value             0.010  │
│  Steps            34.9M    Train      558ms  64%    entropy           2.963  │
│  SPS             226.8K      Misc       0ms   0%    total            -0.018  │
│  Epoch              533      Forwa…     0ms   0%    old_kl            0.007  │
│  Uptime    0d 0h 2m 33s                             kl                0.007  │
│  Remaini…   0d 0h 1m 6s                             clipfrac          0.293  │
│                                                     bc                0.000  │
│                                                                              │
│  User Stats                    Value    User Stats                    Value  │
│  episode_return                8.475    damage_dealt                927.982  │
│  damage_received              95.260    episode_length              191.258  │
│  wins                          0.000    wave                         68.000  │
│  idle_ticks                    1.497    brews_used                    2.608  │
│  blood_healed                  0.000    prayer_correct_rate           0.550  │
│  unavoidable_off_praye…        0.083    brews_remaining               9.392  │
│  restores_remaining           10.189    prayer_at_death              84.589  │
│  current_ranged              100.932    current_magic                90.865  │
│  behind_shield_pct             0.767    zuk_hp_remaining            303.191  │
│  min_zuk_hp_seen             293.633    hp_restored                   9.457  │
│  zuk_healer_damage             0.446    deaths_to_jad                 0.174  │
│  episode_return_normal         8.112    wins_normal                   0.000  │
│  min_zuk_hp_normal           325.803    score_normal                  0.728  │
│  zuk_objective_normal          0.728    phase_reached_normal          2.413  │
│  death_tick_normal           184.341    frac_min_hp_le_300_no…        0.430  │
╰──────────────────────────────────────────────────────────────────────────────╯

[0;0H╭──────────────────────────────────────────────────────────────────────────────╮
│  PufferLib 4.0  🐡                GPU: 0%      VRAM: 0.5/18G      RAM: 1.0G  │
│                                                                              │
│  Summary          Value    Evaluate   300ms  34%    Losses            Value  │
│  Env       osrs_inferno      GPU      244ms  28%    policy            0.004  │
│  Params          752.1K      Env       56ms   6%    value             0.011  │
│  Steps            35.1M    Train      561ms  65%    entropy           2.929  │
│  SPS             226.3K      Misc       0ms   0%    total             0.005  │
│  Epoch              536      Forwa…     0ms   0%    old_kl            0.006  │
│  Uptime    0d 0h 2m 34s                             kl                0.007  │
│  Remaini…   0d 0h 1m 5s                             clipfrac          0.300  │
│                                                     bc                0.000  │
│                                                                              │
│  User Stats                    Value    User Stats                    Value  │
│  episode_return                8.515    damage_dealt                930.817  │
│  damage_received              99.501    episode_length              191.155  │
│  wins                          0.000    wave                         68.000  │
│  idle_ticks                    1.444    brews_used                    2.811  │
│  blood_healed                  0.000    prayer_correct_rate           0.549  │
│  unavoidable_off_praye…        0.084    brews_remaining               9.189  │
│  restores_remaining           10.177    prayer_at_death              84.722  │
│  current_ranged              100.356    current_magic                90.308  │
│  behind_shield_pct             0.765    zuk_hp_remaining            299.893  │
│  min_zuk_hp_seen             290.444    hp_restored                   8.758  │
│  zuk_healer_damage             0.620    deaths_to_jad                 0.152  │
│  episode_return_normal         8.121    wins_normal                   0.000  │
│  min_zuk_hp_normal           325.834    score_normal                  0.728  │
│  zuk_objective_normal          0.728    phase_reached_normal          2.416  │
│  death_tick_normal           183.648    frac_min_hp_le_300_no…        0.438  │
╰──────────────────────────────────────────────────────────────────────────────╯

[0;0H╭──────────────────────────────────────────────────────────────────────────────╮
│  PufferLib 4.0 🐡                 GPU: 0%      VRAM: 0.5/18G      RAM: 1.0G  │
│                                                                              │
│  Summary          Value    Evaluate   301ms  34%    Losses            Value  │
│  Env       osrs_inferno      GPU      244ms  28%    policy           -0.002  │
│  Params          752.1K      Env       56ms   6%    value             0.011  │
│  Steps            35.3M    Train      559ms  65%    entropy           2.921  │
│  SPS             226.7K      Misc       0ms   0%    total            -0.001  │
│  Epoch              539      Forwa…     0ms   0%    old_kl            0.006  │
│  Uptime    0d 0h 2m 35s                             kl                0.006  │
│  Remaini…   0d 0h 1m 4s                             clipfrac          0.294  │
│                                                     bc                0.000  │
│                                                                              │
│  User Stats                    Value    User Stats                    Value  │
│  episode_return                8.509    damage_dealt                930.032  │
│  damage_received              96.387    episode_length              190.776  │
│  wins                          0.000    wave                         68.000  │
│  idle_ticks                    1.464    brews_used                    2.660  │
│  blood_healed                  0.000    prayer_correct_rate           0.550  │
│  unavoidable_off_praye…        0.080    brews_remaining               9.340  │
│  restores_remaining           10.242    prayer_at_death              84.433  │
│  current_ranged               99.798    current_magic                89.829  │
│  behind_shield_pct             0.765    zuk_hp_remaining            300.430  │
│  min_zuk_hp_seen             291.048    hp_restored                   8.821  │
│  zuk_healer_damage             0.515    deaths_to_jad                 0.149  │
│  episode_return_normal         8.128    wins_normal                   0.000  │
│  min_zuk_hp_normal           325.309    score_normal                  0.729  │
│  zuk_objective_normal          0.729    phase_reached_normal          2.413  │
│  death_tick_normal           183.522    frac_min_hp_le_300_no…        0.431  │
╰──────────────────────────────────────────────────────────────────────────────╯

[0;0H╭──────────────────────────────────────────────────────────────────────────────╮
│  PufferLib 4.0          🐡        GPU: 0%      VRAM: 0.5/18G      RAM: 1.0G  │
│                                                                              │
│  Summary          Value    Evaluate   303ms  35%    Losses            Value  │
│  Env       osrs_inferno      GPU      247ms  28%    policy            0.009  │
│  Params          752.1K      Env       56ms   6%    value             0.010  │
│  Steps            35.5M    Train      559ms  64%    entropy           2.914  │
│  SPS             226.1K      Misc       0ms   0%    total             0.010  │
│  Epoch              542      Forwa…     0ms   0%    old_kl            0.007  │
│  Uptime    0d 0h 2m 36s                             kl                0.006  │
│  Remaini…   0d 0h 1m 4s                             clipfrac          0.292  │
│                                                     bc                0.000  │
│                                                                              │
│  User Stats                    Value    User Stats                    Value  │
│  episode_return                8.575    damage_dealt                937.314  │
│  damage_received             102.754    episode_length              192.165  │
│  wins                          0.000    wave                         68.000  │
│  idle_ticks                    1.521    brews_used                    2.900  │
│  blood_healed                  0.000    prayer_correct_rate           0.550  │
│  unavoidable_off_praye…        0.085    brews_remaining               9.100  │
│  restores_remaining           10.170    prayer_at_death              84.696  │
│  current_ranged               99.477    current_magic                89.586  │
│  behind_shield_pct             0.761    zuk_hp_remaining            294.201  │
│  min_zuk_hp_seen             282.857    hp_restored                  10.290  │
│  zuk_healer_damage             0.691    deaths_to_jad                 0.131  │
│  episode_return_normal         8.177    wins_normal                   0.000  │
│  min_zuk_hp_normal           317.494    score_normal                  0.735  │
│  zuk_objective_normal          0.735    phase_reached_normal          2.457  │
│  death_tick_normal           184.529    frac_min_hp_le_300_no…        0.469  │
╰──────────────────────────────────────────────────────────────────────────────╯

[0;0H╭──────────────────────────────────────────────────────────────────────────────╮
│  PufferLib 4.0         🐡         GPU: 0%      VRAM: 0.5/18G      RAM: 1.0G  │
│                                                                              │
│  Summary          Value    Evaluate   302ms  35%    Losses            Value  │
│  Env       osrs_inferno      GPU      246ms  28%    policy            0.001  │
│  Params          752.1K      Env       56ms   6%    value             0.012  │
│  Steps            35.7M    Train      555ms  64%    entropy           2.883  │
│  SPS             227.4K      Misc       0ms   0%    total             0.003  │
│  Epoch              545      Forwa…     0ms   0%    old_kl            0.007  │
│  Uptime    0d 0h 2m 37s                             kl                0.007  │
│  Remaini…   0d 0h 1m 2s                             clipfrac          0.288  │
│                                                     bc                0.000  │
│                                                                              │
│  User Stats                    Value    User Stats                    Value  │
│  episode_return                8.517    damage_dealt                930.429  │
│  damage_received              95.357    episode_length              190.191  │
│  wins                          0.000    wave                         68.000  │
│  idle_ticks                    1.438    brews_used                    2.748  │
│  blood_healed                  0.000    prayer_correct_rate           0.550  │
│  unavoidable_off_praye…        0.076    brews_remaining               9.252  │
│  restores_remaining           10.242    prayer_at_death              84.551  │
│  current_ranged               99.607    current_magic                89.634  │
│  behind_shield_pct             0.765    zuk_hp_remaining            299.054  │
│  min_zuk_hp_seen             289.740    hp_restored                   9.332  │
│  zuk_healer_damage             0.560    deaths_to_jad                 0.125  │
│  episode_return_normal         8.143    wins_normal                   0.000  │
│  min_zuk_hp_normal           322.830    score_normal                  0.731  │
│  zuk_objective_normal          0.731    phase_reached_normal          2.431  │
│  death_tick_normal           182.562    frac_min_hp_le_300_no…        0.453  │
╰──────────────────────────────────────────────────────────────────────────────╯

[0;0H╭──────────────────────────────────────────────────────────────────────────────╮
│  PufferLib 4.0        🐡          GPU: 0%      VRAM: 0.5/18G      RAM: 1.0G  │
│                                                                              │
│  Summary          Value    Evaluate   304ms  35%    Losses            Value  │
│  Env       osrs_inferno      GPU      247ms  28%    policy            0.010  │
│  Params          752.1K      Env       56ms   6%    value             0.011  │
│  Steps            35.9M    Train      559ms  64%    entropy           2.866  │
│  SPS             225.9K      Misc       0ms   0%    total             0.011  │
│  Epoch              548      Forwa…     0ms   0%    old_kl            0.007  │
│  Uptime    0d 0h 2m 37s                             kl                0.006  │
│  Remaini…   0d 0h 1m 2s                             clipfrac          0.291  │
│                                                     bc                0.000  │
│                                                                              │
│  User Stats                    Value    User Stats                    Value  │
│  episode_return                8.590    damage_dealt                936.892  │
│  damage_received              98.486    episode_length              191.614  │
│  wins                          0.000    wave                         68.000  │
│  idle_ticks                    1.205    brews_used                    2.779  │
│  blood_healed                  0.000    prayer_correct_rate           0.551  │
│  unavoidable_off_praye…        0.088    brews_remaining               9.221  │
│  restores_remaining           10.214    prayer_at_death              84.629  │
│  current_ranged               99.231    current_magic                89.144  │
│  behind_shield_pct             0.764    zuk_hp_remaining            292.323  │
│  min_zuk_hp_seen             283.139    hp_restored                   8.499  │
│  zuk_healer_damage             0.669    deaths_to_jad                 0.139  │
│  episode_return_normal         8.206    wins_normal                   0.000  │
│  min_zuk_hp_normal           317.133    score_normal                  0.736  │
│  zuk_objective_normal          0.736    phase_reached_normal          2.425  │
│  death_tick_normal           184.154    frac_min_hp_le_300_no…        0.436  │
╰──────────────────────────────────────────────────────────────────────────────╯

[0;0H╭──────────────────────────────────────────────────────────────────────────────╮
│  PufferLib 4.0       🐡           GPU: 0%      VRAM: 0.5/18G      RAM: 1.0G  │
│                                                                              │
│  Summary          Value    Evaluate   303ms  35%    Losses            Value  │
│  Env       osrs_inferno      GPU      246ms  28%    policy            0.009  │
│  Params          752.1K      Env       57ms   6%    value             0.010  │
│  Steps            36.1M    Train      558ms  64%    entropy           2.820  │
│  SPS             226.5K      Misc       0ms   0%    total             0.010  │
│  Epoch              551      Forwa…     0ms   0%    old_kl            0.007  │
│  Uptime    0d 0h 2m 38s                             kl                0.007  │
│  Remaini…   0d 0h 1m 1s                             clipfrac          0.287  │
│                                                     bc                0.000  │
│                                                                              │
│  User Stats                    Value    User Stats                    Value  │
│  episode_return                8.596    damage_dealt                937.186  │
│  damage_received             103.052    episode_length              191.338  │
│  wins                          0.000    wave                         68.000  │
│  idle_ticks                    1.357    brews_used                    3.019  │
│  blood_healed                  0.000    prayer_correct_rate           0.550  │
│  unavoidable_off_praye…        0.083    brews_remaining               8.981  │
│  restores_remaining           10.181    prayer_at_death              84.445  │
│  current_ranged               98.710    current_magic                88.859  │
│  behind_shield_pct             0.761    zuk_hp_remaining            291.608  │
│  min_zuk_hp_seen             282.227    hp_restored                   8.931  │
│  zuk_healer_damage             0.536    deaths_to_jad                 0.137  │
│  episode_return_normal         8.185    wins_normal                   0.000  │
│  min_zuk_hp_normal           318.852    score_normal                  0.734  │
│  zuk_objective_normal          0.734    phase_reached_normal          2.425  │
│  death_tick_normal           183.251    frac_min_hp_le_300_no…        0.437  │
╰──────────────────────────────────────────────────────────────────────────────╯

[0;0H╭──────────────────────────────────────────────────────────────────────────────╮
│  PufferLib 4.0      🐡            GPU: 0%      VRAM: 0.5/18G      RAM: 1.0G  │
│                                                                              │
│  Summary          Value    Evaluate   302ms  35%    Losses            Value  │
│  Env       osrs_inferno      GPU      246ms  28%    policy            0.024  │
│  Params          752.1K      Env       56ms   6%    value             0.015  │
│  Steps            36.3M    Train      558ms  64%    entropy           2.792  │
│  SPS             226.6K      Misc       0ms   0%    total             0.027  │
│  Epoch              554      Forwa…     0ms   0%    old_kl            0.008  │
│  Uptime    0d 0h 2m 39s                             kl                0.007  │
│  Remaini…   0d 0h 1m 0s                             clipfrac          0.293  │
│                                                     bc                0.000  │
│                                                                              │
│  User Stats                    Value    User Stats                    Value  │
│  episode_return                8.503    damage_dealt                927.895  │
│  damage_received              97.309    episode_length              189.591  │
│  wins                          0.000    wave                         68.000  │
│  idle_ticks                    1.366    brews_used                    2.770  │
│  blood_healed                  0.000    prayer_correct_rate           0.548  │
│  unavoidable_off_praye…        0.086    brews_remaining               9.230  │
│  restores_remaining           10.258    prayer_at_death              84.812  │
│  current_ranged               98.928    current_magic                88.953  │
│  behind_shield_pct             0.768    zuk_hp_remaining            302.378  │
│  min_zuk_hp_seen             291.711    hp_restored                   9.194  │
│  zuk_healer_damage             0.561    deaths_to_jad                 0.134  │
│  episode_return_normal         8.108    wins_normal                   0.000  │
│  min_zuk_hp_normal           326.957    score_normal                  0.728  │
│  zuk_objective_normal          0.728    phase_reached_normal          2.407  │
│  death_tick_normal           181.900    frac_min_hp_le_300_no…        0.434  │
╰──────────────────────────────────────────────────────────────────────────────╯

[0;0H╭──────────────────────────────────────────────────────────────────────────────╮
│  PufferLib 4.0     🐡             GPU: 0%      VRAM: 0.5/18G      RAM: 1.0G  │
│                                                                              │
│  Summary          Value    Evaluate   300ms  34%    Losses            Value  │
│  Env       osrs_inferno      GPU      245ms  28%    policy           -0.001  │
│  Params          752.1K      Env       55ms   6%    value             0.015  │
│  Steps            36.5M    Train      558ms  65%    entropy           2.787  │
│  SPS             227.1K      Misc       0ms   0%    total             0.002  │
│  Epoch              557      Forwa…     0ms   0%    old_kl            0.007  │
│  Uptime    0d 0h 2m 40s                             kl                0.008  │
│  Remaini…  0d 0h 0m 59s                             clipfrac          0.296  │
│                                                     bc                0.000  │
│                                                                              │
│  User Stats                    Value    User Stats                    Value  │
│  episode_return                8.536    damage_dealt                931.553  │
│  damage_received              99.137    episode_length              190.025  │
│  wins                          0.000    wave                         68.000  │
│  idle_ticks                    1.406    brews_used                    2.801  │
│  blood_healed                  0.000    prayer_correct_rate           0.551  │
│  unavoidable_off_praye…        0.077    brews_remaining               9.199  │
│  restores_remaining           10.208    prayer_at_death              84.868  │
│  current_ranged               99.940    current_magic                89.954  │
│  behind_shield_pct             0.763    zuk_hp_remaining            298.200  │
│  min_zuk_hp_seen             289.033    hp_restored                   8.532  │
│  zuk_healer_damage             0.552    deaths_to_jad                 0.143  │
│  episode_return_normal         8.154    wins_normal                   0.000  │
│  min_zuk_hp_normal           323.886    score_normal                  0.730  │
│  zuk_objective_normal          0.730    phase_reached_normal          2.438  │
│  death_tick_normal           182.296    frac_min_hp_le_300_no…        0.473  │
╰──────────────────────────────────────────────────────────────────────────────╯

[0;0H╭──────────────────────────────────────────────────────────────────────────────╮
│  PufferLib 4.0    🐡              GPU: 0%      VRAM: 0.5/18G      RAM: 1.0G  │
│                                                                              │
│  Summary          Value    Evaluate   302ms  35%    Losses            Value  │
│  Env       osrs_inferno      GPU      246ms  28%    policy            0.015  │
│  Params          752.1K      Env       55ms   6%    value             0.022  │
│  Steps            36.7M    Train      558ms  64%    entropy           2.788  │
│  SPS             226.8K      Misc       0ms   0%    total             0.022  │
│  Epoch              560      Forwa…     0ms   0%    old_kl            0.007  │
│  Uptime    0d 0h 2m 41s                             kl                0.007  │
│  Remaini…  0d 0h 0m 58s                             clipfrac          0.284  │
│                                                     bc                0.000  │
│                                                                              │
│  User Stats                    Value    User Stats                    Value  │
│  episode_return                8.463    damage_dealt                923.498  │
│  damage_received             102.962    episode_length              189.345  │
│  wins                          0.000    wave                         68.000  │
│  idle_ticks                    1.284    brews_used                    2.980  │
│  blood_healed                  0.001    prayer_correct_rate           0.550  │
│  unavoidable_off_praye…        0.085    brews_remaining               9.020  │
│  restores_remaining           10.161    prayer_at_death              84.874  │
│  current_ranged               99.862    current_magic                89.933  │
│  behind_shield_pct             0.764    zuk_hp_remaining            305.029  │
│  min_zuk_hp_seen             296.484    hp_restored                   8.684  │
│  zuk_healer_damage             0.504    deaths_to_jad                 0.121  │
│  episode_return_normal         7.998    wins_normal                   0.000  │
│  min_zuk_hp_normal           338.993    score_normal                  0.718  │
│  zuk_objective_normal          0.718    phase_reached_normal          2.358  │
│  death_tick_normal           180.297    frac_min_hp_le_300_no…        0.410  │
╰──────────────────────────────────────────────────────────────────────────────╯

[0;0H╭──────────────────────────────────────────────────────────────────────────────╮
│  PufferLib 4.0   🐡               GPU: 0%      VRAM: 0.5/18G      RAM: 1.0G  │
│                                                                              │
│  Summary          Value    Evaluate   301ms  35%    Losses            Value  │
│  Env       osrs_inferno      GPU      245ms  28%    policy            0.014  │
│  Params          752.1K      Env       56ms   6%    value             0.028  │
│  Steps            36.9M    Train      558ms  64%    entropy           2.772  │
│  SPS             226.9K      Misc       0ms   0%    total             0.024  │
│  Epoch              563      Forwa…     0ms   0%    old_kl            0.008  │
│  Uptime    0d 0h 2m 42s                             kl                0.007  │
│  Remaini…  0d 0h 0m 57s                             clipfrac          0.294  │
│                                                     bc                0.000  │
│                                                                              │
│  User Stats                    Value    User Stats                    Value  │
│  episode_return                8.456    damage_dealt                922.358  │
│  damage_received              96.777    episode_length              188.825  │
│  wins                          0.000    wave                         68.000  │
│  idle_ticks                    1.234    brews_used                    2.731  │
│  blood_healed                  0.000    prayer_correct_rate           0.551  │
│  unavoidable_off_praye…        0.086    brews_remaining               9.269  │
│  restores_remaining           10.233    prayer_at_death              84.776  │
│  current_ranged               99.556    current_magic                89.544  │
│  behind_shield_pct             0.766    zuk_hp_remaining            306.304  │
│  min_zuk_hp_seen             298.020    hp_restored                   7.847  │
│  zuk_healer_damage             0.481    deaths_to_jad                 0.135  │
│  episode_return_normal         8.073    wins_normal                   0.000  │
│  min_zuk_hp_normal           333.333    score_normal                  0.722  │
│  zuk_objective_normal          0.722    phase_reached_normal          2.376  │
│  death_tick_normal           181.118    frac_min_hp_le_300_no…        0.427  │
╰──────────────────────────────────────────────────────────────────────────────╯

[0;0H╭──────────────────────────────────────────────────────────────────────────────╮
│  PufferLib 4.0  🐡                GPU: 0%      VRAM: 0.5/18G      RAM: 1.0G  │
│                                                                              │
│  Summary          Value    Evaluate   301ms  35%    Losses            Value  │
│  Env       osrs_inferno      GPU      245ms  28%    policy            0.008  │
│  Params          752.1K      Env       55ms   6%    value             0.014  │
│  Steps            37.1M    Train      557ms  64%    entropy           2.760  │
│  SPS             227.2K      Misc       0ms   0%    total             0.011  │
│  Epoch              566      Forwa…     0ms   0%    old_kl            0.007  │
│  Uptime    0d 0h 2m 43s                             kl                0.007  │
│  Remaini…  0d 0h 0m 56s                             clipfrac          0.280  │
│                                                     bc                0.000  │
│                                                                              │
│  User Stats                    Value    User Stats                    Value  │
│  episode_return                8.519    damage_dealt                930.732  │
│  damage_received              94.632    episode_length              188.861  │
│  wins                          0.000    wave                         68.000  │
│  idle_ticks                    1.304    brews_used                    2.598  │
│  blood_healed                  0.000    prayer_correct_rate           0.548  │
│  unavoidable_off_praye…        0.084    brews_remaining               9.402  │
│  restores_remaining           10.245    prayer_at_death              84.917  │
│  current_ranged              100.724    current_magic                90.421  │
│  behind_shield_pct             0.770    zuk_hp_remaining            300.389  │
│  min_zuk_hp_seen             289.591    hp_restored                   9.737  │
│  zuk_healer_damage             0.687    deaths_to_jad                 0.114  │
│  episode_return_normal         8.147    wins_normal                   0.000  │
│  min_zuk_hp_normal           322.449    score_normal                  0.731  │
│  zuk_objective_normal          0.731    phase_reached_normal          2.420  │
│  death_tick_normal           181.063    frac_min_hp_le_300_no…        0.448  │
╰──────────────────────────────────────────────────────────────────────────────╯

[0;0H╭──────────────────────────────────────────────────────────────────────────────╮
│  PufferLib 4.0 🐡                 GPU: 0%      VRAM: 0.5/18G      RAM: 1.0G  │
│                                                                              │
│  Summary          Value    Evaluate   303ms  35%    Losses            Value  │
│  Env       osrs_inferno      GPU      247ms  28%    policy           -0.002  │
│  Params          752.1K      Env       56ms   6%    value             0.012  │
│  Steps            37.3M    Train      554ms  64%    entropy           2.759  │
│  SPS             227.3K      Misc       0ms   0%    total            -0.000  │
│  Epoch              569      Forwa…     0ms   0%    old_kl            0.006  │
│  Uptime    0d 0h 2m 44s                             kl                0.006  │
│  Remaini…  0d 0h 0m 55s                             clipfrac          0.276  │
│                                                     bc                0.000  │
│                                                                              │
│  User Stats                    Value    User Stats                    Value  │
│  episode_return                8.540    damage_dealt                933.997  │
│  damage_received              95.194    episode_length              190.862  │
│  wins                          0.000    wave                         68.000  │
│  idle_ticks                    1.184    brews_used                    2.593  │
│  blood_healed                  0.000    prayer_correct_rate           0.551  │
│  unavoidable_off_praye…        0.084    brews_remaining               9.407  │
│  restores_remaining           10.265    prayer_at_death              84.672  │
│  current_ranged              100.143    current_magic                89.651  │
│  behind_shield_pct             0.768    zuk_hp_remaining            297.232  │
│  min_zuk_hp_seen             287.171    hp_restored                   9.694  │
│  zuk_healer_damage             0.590    deaths_to_jad                 0.115  │
│  episode_return_normal         8.194    wins_normal                   0.000  │
│  min_zuk_hp_normal           317.210    score_normal                  0.736  │
│  zuk_objective_normal          0.736    phase_reached_normal          2.445  │
│  death_tick_normal           184.369    frac_min_hp_le_300_no…        0.460  │
╰──────────────────────────────────────────────────────────────────────────────╯

[0;0H╭──────────────────────────────────────────────────────────────────────────────╮
│  PufferLib 4.0          🐡        GPU: 0%      VRAM: 0.5/18G      RAM: 1.0G  │
│                                                                              │
│  Summary          Value    Evaluate   302ms  35%    Losses            Value  │
│  Env       osrs_inferno      GPU      246ms  28%    policy           -0.012  │
│  Params          752.1K      Env       56ms   6%    value             0.013  │
│  Steps            37.5M    Train      557ms  64%    entropy           2.742  │
│  SPS             226.7K      Misc       0ms   0%    total            -0.010  │
│  Epoch              572      Forwa…     0ms   0%    old_kl            0.007  │
│  Uptime    0d 0h 2m 44s                             kl                0.008  │
│  Remaini…  0d 0h 0m 55s                             clipfrac          0.284  │
│                                                     bc                0.000  │
│                                                                              │
│  User Stats                    Value    User Stats                    Value  │
│  episode_return                8.510    damage_dealt                929.487  │
│  damage_received              96.883    episode_length              189.803  │
│  wins                          0.000    wave                         68.000  │
│  idle_ticks                    1.274    brews_used                    2.648  │
│  blood_healed                  0.000    prayer_correct_rate           0.550  │
│  unavoidable_off_praye…        0.088    brews_remaining               9.352  │
│  restores_remaining           10.244    prayer_at_death              84.736  │
│  current_ranged              100.586    current_magic                90.216  │
│  behind_shield_pct             0.768    zuk_hp_remaining            300.461  │
│  min_zuk_hp_seen             290.966    hp_restored                   9.272  │
│  zuk_healer_damage             0.575    deaths_to_jad                 0.117  │
│  episode_return_normal         8.101    wins_normal                   0.000  │
│  min_zuk_hp_normal           327.991    score_normal                  0.727  │
│  zuk_objective_normal          0.727    phase_reached_normal          2.392  │
│  death_tick_normal           181.996    frac_min_hp_le_300_no…        0.432  │
╰──────────────────────────────────────────────────────────────────────────────╯

[0;0H╭──────────────────────────────────────────────────────────────────────────────╮
│  PufferLib 4.0         🐡         GPU: 0%      VRAM: 0.5/18G      RAM: 1.0G  │
│                                                                              │
│  Summary          Value    Evaluate   299ms  34%    Losses            Value  │
│  Env       osrs_inferno      GPU      244ms  28%    policy           -0.002  │
│  Params          752.1K      Env       55ms   6%    value             0.010  │
│  Steps            37.7M    Train      557ms  65%    entropy           2.706  │
│  SPS             227.7K      Misc       0ms   0%    total            -0.001  │
│  Epoch              575      Forwa…     0ms   0%    old_kl            0.007  │
│  Uptime    0d 0h 2m 45s                             kl                0.007  │
│  Remaini…  0d 0h 0m 54s                             clipfrac          0.275  │
│                                                     bc                0.000  │
│                                                                              │
│  User Stats                    Value    User Stats                    Value  │
│  episode_return                8.601    damage_dealt                938.034  │
│  damage_received              97.113    episode_length              190.500  │
│  wins                          0.000    wave                         68.000  │
│  idle_ticks                    1.194    brews_used                    2.671  │
│  blood_healed                  0.000    prayer_correct_rate           0.549  │
│  unavoidable_off_praye…        0.085    brews_remaining               9.329  │
│  restores_remaining           10.243    prayer_at_death              84.506  │
│  current_ranged              100.580    current_magic                90.203  │
│  behind_shield_pct             0.769    zuk_hp_remaining            291.106  │
│  min_zuk_hp_seen             281.884    hp_restored                   8.767  │
│  zuk_healer_damage             0.563    deaths_to_jad                 0.114  │
│  episode_return_normal         8.246    wins_normal                   0.000  │
│  min_zuk_hp_normal           313.444    score_normal                  0.739  │
│  zuk_objective_normal          0.739    phase_reached_normal          2.459  │
│  death_tick_normal           183.503    frac_min_hp_le_300_no…        0.474  │
╰──────────────────────────────────────────────────────────────────────────────╯

[0;0H╭──────────────────────────────────────────────────────────────────────────────╮
│  PufferLib 4.0        🐡          GPU: 0%      VRAM: 0.5/18G      RAM: 1.0G  │
│                                                                              │
│  Summary          Value    Evaluate   302ms  35%    Losses            Value  │
│  Env       osrs_inferno      GPU      246ms  28%    policy           -0.013  │
│  Params          752.1K      Env       55ms   6%    value             0.012  │
│  Steps            37.9M    Train      560ms  64%    entropy           2.684  │
│  SPS             226.1K      Misc       0ms   0%    total            -0.011  │
│  Epoch              578      Forwa…     0ms   0%    old_kl            0.006  │
│  Uptime    0d 0h 2m 46s                             kl                0.006  │
│  Remaini…  0d 0h 0m 53s                             clipfrac          0.274  │
│                                                     bc                0.000  │
│                                                                              │
│  User Stats                    Value    User Stats                    Value  │
│  episode_return                8.607    damage_dealt                937.625  │
│  damage_received              99.376    episode_length              191.323  │
│  wins                          0.000    wave                         68.000  │
│  idle_ticks                    1.242    brews_used                    2.687  │
│  blood_healed                  0.000    prayer_correct_rate           0.552  │
│  unavoidable_off_praye…        0.088    brews_remaining               9.313  │
│  restores_remaining           10.244    prayer_at_death              84.470  │
│  current_ranged              101.400    current_magic                90.692  │
│  behind_shield_pct             0.767    zuk_hp_remaining            290.239  │
│  min_zuk_hp_seen             282.153    hp_restored                   7.965  │
│  zuk_healer_damage             0.457    deaths_to_jad                 0.108  │
│  episode_return_normal         8.201    wins_normal                   0.000  │
│  min_zuk_hp_normal           318.756    score_normal                  0.734  │
│  zuk_objective_normal          0.734    phase_reached_normal          2.428  │
│  death_tick_normal           183.031    frac_min_hp_le_300_no…        0.449  │
╰──────────────────────────────────────────────────────────────────────────────╯

[0;0H╭──────────────────────────────────────────────────────────────────────────────╮
│  PufferLib 4.0       🐡           GPU: 0%      VRAM: 0.5/18G      RAM: 1.0G  │
│                                                                              │
│  Summary          Value    Evaluate   301ms  34%    Losses            Value  │
│  Env       osrs_inferno      GPU      246ms  28%    policy            0.002  │
│  Params          752.1K      Env       55ms   6%    value             0.013  │
│  Steps            38.1M    Train      560ms  65%    entropy           2.665  │
│  SPS             226.3K      Misc       0ms   0%    total             0.005  │
│  Epoch              581      Forwa…     0ms   0%    old_kl            0.006  │
│  Uptime    0d 0h 2m 47s                             kl                0.007  │
│  Remaini…  0d 0h 0m 52s                             clipfrac          0.266  │
│                                                     bc                0.000  │
│                                                                              │
│  User Stats                    Value    User Stats                    Value  │
│  episode_return                8.536    damage_dealt                932.636  │
│  damage_received              95.129    episode_length              190.100  │
│  wins                          0.000    wave                         68.000  │
│  idle_ticks                    1.355    brews_used                    2.538  │
│  blood_healed                  0.000    prayer_correct_rate           0.549  │
│  unavoidable_off_praye…        0.088    brews_remaining               9.462  │
│  restores_remaining           10.296    prayer_at_death              83.983  │
│  current_ranged              101.301    current_magic                90.707  │
│  behind_shield_pct             0.769    zuk_hp_remaining            297.751  │
│  min_zuk_hp_seen             287.903    hp_restored                   9.399  │
│  zuk_healer_damage             0.741    deaths_to_jad                 0.109  │
│  episode_return_normal         8.154    wins_normal                   0.000  │
│  min_zuk_hp_normal           322.203    score_normal                  0.731  │
│  zuk_objective_normal          0.731    phase_reached_normal          2.419  │
│  death_tick_normal           182.906    frac_min_hp_le_300_no…        0.437  │
╰──────────────────────────────────────────────────────────────────────────────╯

[0;0H╭──────────────────────────────────────────────────────────────────────────────╮
│  PufferLib 4.0      🐡            GPU: 0%      VRAM: 0.5/18G      RAM: 1.0G  │
│                                                                              │
│  Summary          Value    Evaluate   302ms  35%    Losses            Value  │
│  Env       osrs_inferno      GPU      246ms  28%    policy            0.009  │
│  Params          752.1K      Env       55ms   6%    value             0.012  │
│  Steps            38.3M    Train      557ms  64%    entropy           2.670  │
│  SPS             227.1K      Misc       0ms   0%    total             0.011  │
│  Epoch              584      Forwa…     0ms   0%    old_kl            0.006  │
│  Uptime    0d 0h 2m 48s                             kl                0.006  │
│  Remaini…  0d 0h 0m 51s                             clipfrac          0.267  │
│                                                     bc                0.000  │
│                                                                              │
│  User Stats                    Value    User Stats                    Value  │
│  episode_return                8.528    damage_dealt                932.324  │
│  damage_received              94.694    episode_length              189.814  │
│  wins                          0.000    wave                         68.000  │
│  idle_ticks                    1.219    brews_used                    2.533  │
│  blood_healed                  0.000    prayer_correct_rate           0.550  │
│  unavoidable_off_praye…        0.089    brews_remaining               9.467  │
│  restores_remaining           10.300    prayer_at_death              84.310  │
│  current_ranged              100.853    current_magic                90.350  │
│  behind_shield_pct             0.769    zuk_hp_remaining            299.061  │
│  min_zuk_hp_seen             288.998    hp_restored                   9.283  │
│  zuk_healer_damage             0.722    deaths_to_jad                 0.099  │
│  episode_return_normal         8.171    wins_normal                   0.000  │
│  min_zuk_hp_normal           321.116    score_normal                  0.732  │
│  zuk_objective_normal          0.732    phase_reached_normal          2.426  │
│  death_tick_normal           182.999    frac_min_hp_le_300_no…        0.459  │
╰──────────────────────────────────────────────────────────────────────────────╯

[0;0H╭──────────────────────────────────────────────────────────────────────────────╮
│  PufferLib 4.0     🐡             GPU: 0%      VRAM: 0.5/18G      RAM: 1.0G  │
│                                                                              │
│  Summary          Value    Evaluate   303ms  35%    Losses            Value  │
│  Env       osrs_inferno      GPU      247ms  28%    policy            0.005  │
│  Params          752.1K      Env       56ms   6%    value             0.013  │
│  Steps            38.5M    Train      557ms  64%    entropy           2.645  │
│  SPS             226.8K      Misc       0ms   0%    total             0.007  │
│  Epoch              587      Forwa…     0ms   0%    old_kl            0.007  │
│  Uptime    0d 0h 2m 49s                             kl                0.007  │
│  Remaini…  0d 0h 0m 50s                             clipfrac          0.261  │
│                                                     bc                0.000  │
│                                                                              │
│  User Stats                    Value    User Stats                    Value  │
│  episode_return                8.527    damage_dealt                930.610  │
│  damage_received              96.381    episode_length              190.205  │
│  wins                          0.000    wave                         68.000  │
│  idle_ticks                    1.253    brews_used                    2.588  │
│  blood_healed                  0.000    prayer_correct_rate           0.551  │
│  unavoidable_off_praye…        0.084    brews_remaining               9.412  │
│  restores_remaining           10.282    prayer_at_death              84.080  │
│  current_ranged              101.085    current_magic                90.413  │
│  behind_shield_pct             0.766    zuk_hp_remaining            299.306  │
│  min_zuk_hp_seen             289.523    hp_restored                   8.806  │
│  zuk_healer_damage             0.720    deaths_to_jad                 0.102  │
│  episode_return_normal         8.167    wins_normal                   0.000  │
│  min_zuk_hp_normal           321.511    score_normal                  0.732  │
│  zuk_objective_normal          0.732    phase_reached_normal          2.413  │
│  death_tick_normal           183.183    frac_min_hp_le_300_no…        0.433  │
╰──────────────────────────────────────────────────────────────────────────────╯

[0;0H╭──────────────────────────────────────────────────────────────────────────────╮
│  PufferLib 4.0    🐡              GPU: 0%      VRAM: 0.5/18G      RAM: 1.0G  │
│                                                                              │
│  Summary          Value    Evaluate   304ms  35%    Losses            Value  │
│  Env       osrs_inferno      GPU      248ms  28%    policy            0.005  │
│  Params          752.1K      Env       56ms   6%    value             0.010  │
│  Steps            38.7M    Train      559ms  64%    entropy           2.647  │
│  SPS             225.7K      Misc       0ms   0%    total             0.006  │
│  Epoch              590      Forwa…     0ms   0%    old_kl            0.008  │
│  Uptime    0d 0h 2m 50s                             kl                0.007  │
│  Remaini…  0d 0h 0m 50s                             clipfrac          0.265  │
│                                                     bc                0.000  │
│                                                                              │
│  User Stats                    Value    User Stats                    Value  │
│  episode_return                8.595    damage_dealt                938.527  │
│  damage_received              97.402    episode_length              190.121  │
│  wins                          0.000    wave                         68.000  │
│  idle_ticks                    1.212    brews_used                    2.658  │
│  blood_healed                  0.000    prayer_correct_rate           0.549  │
│  unavoidable_off_praye…        0.085    brews_remaining               9.342  │
│  restores_remaining           10.231    prayer_at_death              84.116  │
│  current_ranged              100.898    current_magic                90.620  │
│  behind_shield_pct             0.768    zuk_hp_remaining            291.636  │
│  min_zuk_hp_seen             281.822    hp_restored                   9.558  │
│  zuk_healer_damage             0.677    deaths_to_jad                 0.108  │
│  episode_return_normal         8.250    wins_normal                   0.000  │
│  min_zuk_hp_normal           311.801    score_normal                  0.740  │
│  zuk_objective_normal          0.740    phase_reached_normal          2.448  │
│  death_tick_normal           183.315    frac_min_hp_le_300_no…        0.461  │
╰──────────────────────────────────────────────────────────────────────────────╯

[0;0H╭──────────────────────────────────────────────────────────────────────────────╮
│  PufferLib 4.0   🐡               GPU: 0%      VRAM: 0.5/18G      RAM: 1.0G  │
│                                                                              │
│  Summary          Value    Evaluate   302ms  35%    Losses            Value  │
│  Env       osrs_inferno      GPU      246ms  28%    policy            0.014  │
│  Params          752.1K      Env       56ms   6%    value             0.012  │
│  Steps            38.9M    Train      556ms  64%    entropy           2.648  │
│  SPS             227.2K      Misc       0ms   0%    total             0.015  │
│  Epoch              593      Forwa…     0ms   0%    old_kl            0.008  │
│  Uptime    0d 0h 2m 50s                             kl                0.007  │
│  Remaini…  0d 0h 0m 49s                             clipfrac          0.267  │
│                                                     bc                0.000  │
│                                                                              │
│  User Stats                    Value    User Stats                    Value  │
│  episode_return                8.564    damage_dealt                934.220  │
│  damage_received              96.353    episode_length              190.544  │
│  wins                          0.000    wave                         68.000  │
│  idle_ticks                    1.249    brews_used                    2.582  │
│  blood_healed                  0.000    prayer_correct_rate           0.552  │
│  unavoidable_off_praye…        0.089    brews_remaining               9.418  │
│  restores_remaining           10.270    prayer_at_death              84.114  │
│  current_ranged              101.015    current_magic                90.340  │
│  behind_shield_pct             0.768    zuk_hp_remaining            295.051  │
│  min_zuk_hp_seen             285.294    hp_restored                   8.981  │
│  zuk_healer_damage             0.482    deaths_to_jad                 0.101  │
│  episode_return_normal         8.226    wins_normal                   0.000  │
│  min_zuk_hp_normal           314.848    score_normal                  0.738  │
│  zuk_objective_normal          0.738    phase_reached_normal          2.435  │
│  death_tick_normal           183.605    frac_min_hp_le_300_no…        0.456  │
╰──────────────────────────────────────────────────────────────────────────────╯

[0;0H╭──────────────────────────────────────────────────────────────────────────────╮
│  PufferLib 4.0  🐡                GPU: 0%      VRAM: 0.5/18G      RAM: 1.0G  │
│                                                                              │
│  Summary          Value    Evaluate   303ms  35%    Losses            Value  │
│  Env       osrs_inferno      GPU      246ms  28%    policy            0.016  │
│  Params          752.1K      Env       56ms   6%    value             0.013  │
│  Steps            39.1M    Train      559ms  64%    entropy           2.648  │
│  SPS             226.2K      Misc       0ms   0%    total             0.018  │
│  Epoch              596      Forwa…     0ms   0%    old_kl            0.007  │
│  Uptime    0d 0h 2m 51s                             kl                0.009  │
│  Remaini…  0d 0h 0m 48s                             clipfrac          0.272  │
│                                                     bc                0.000  │
│                                                                              │
│  User Stats                    Value    User Stats                    Value  │
│  episode_return                8.527    damage_dealt                932.923  │
│  damage_received              99.646    episode_length              190.145  │
│  wins                          0.000    wave                         68.000  │
│  idle_ticks                    1.406    brews_used                    2.768  │
│  blood_healed                  0.000    prayer_correct_rate           0.551  │
│  unavoidable_off_praye…        0.085    brews_remaining               9.232  │
│  restores_remaining           10.202    prayer_at_death              84.252  │
│  current_ranged              101.091    current_magic                90.623  │
│  behind_shield_pct             0.765    zuk_hp_remaining            298.281  │
│  min_zuk_hp_seen             288.058    hp_restored                  10.099  │
│  zuk_healer_damage             0.570    deaths_to_jad                 0.103  │
│  episode_return_normal         8.167    wins_normal                   0.000  │
│  min_zuk_hp_normal           319.127    score_normal                  0.734  │
│  zuk_objective_normal          0.734    phase_reached_normal          2.434  │
│  death_tick_normal           182.988    frac_min_hp_le_300_no…        0.453  │
╰──────────────────────────────────────────────────────────────────────────────╯

[0;0H╭──────────────────────────────────────────────────────────────────────────────╮
│  PufferLib 4.0 🐡                 GPU: 0%      VRAM: 0.5/18G      RAM: 1.0G  │
│                                                                              │
│  Summary          Value    Evaluate   301ms  34%    Losses            Value  │
│  Env       osrs_inferno      GPU      245ms  28%    policy           -0.008  │
│  Params          752.1K      Env       56ms   6%    value             0.014  │
│  Steps            39.3M    Train      560ms  65%    entropy           2.627  │
│  SPS             226.4K      Misc       0ms   0%    total            -0.005  │
│  Epoch              599      Forwa…     0ms   0%    old_kl            0.007  │
│  Uptime    0d 0h 2m 52s                             kl                0.007  │
│  Remaini…  0d 0h 0m 47s                             clipfrac          0.259  │
│                                                     bc                0.000  │
│                                                                              │
│  User Stats                    Value    User Stats                    Value  │
│  episode_return                8.505    damage_dealt                929.240  │
│  damage_received              95.958    episode_length              189.313  │
│  wins                          0.000    wave                         68.000  │
│  idle_ticks                    1.274    brews_used                    2.580  │
│  blood_healed                  0.000    prayer_correct_rate           0.549  │
│  unavoidable_off_praye…        0.091    brews_remaining               9.420  │
│  restores_remaining           10.242    prayer_at_death              84.512  │
│  current_ranged              101.369    current_magic                90.896  │
│  behind_shield_pct             0.769    zuk_hp_remaining            300.528  │
│  min_zuk_hp_seen             291.363    hp_restored                   9.028  │
│  zuk_healer_damage             0.525    deaths_to_jad                 0.110  │
│  episode_return_normal         8.151    wins_normal                   0.000  │
│  min_zuk_hp_normal           322.723    score_normal                  0.731  │
│  zuk_objective_normal          0.731    phase_reached_normal          2.430  │
│  death_tick_normal           181.941    frac_min_hp_le_300_no…        0.456  │
╰──────────────────────────────────────────────────────────────────────────────╯

[0;0H╭──────────────────────────────────────────────────────────────────────────────╮
│  PufferLib 4.0          🐡        GPU: 0%      VRAM: 0.5/18G      RAM: 1.0G  │
│                                                                              │
│  Summary          Value    Evaluate   302ms  35%    Losses            Value  │
│  Env       osrs_inferno      GPU      245ms  28%    policy           -0.010  │
│  Params          752.1K      Env       56ms   6%    value             0.019  │
│  Steps            39.5M    Train      559ms  64%    entropy           2.620  │
│  SPS             226.3K      Misc       0ms   0%    total            -0.004  │
│  Epoch              602      Forwa…     0ms   0%    old_kl            0.007  │
│  Uptime    0d 0h 2m 53s                             kl                0.006  │
│  Remaini…  0d 0h 0m 46s                             clipfrac          0.272  │
│                                                     bc                0.000  │
│                                                                              │
│  User Stats                    Value    User Stats                    Value  │
│  episode_return                8.450    damage_dealt                920.796  │
│  damage_received              98.329    episode_length              188.978  │
│  wins                          0.000    wave                         68.000  │
│  idle_ticks                    1.266    brews_used                    2.722  │
│  blood_healed                  0.000    prayer_correct_rate           0.551  │
│  unavoidable_off_praye…        0.085    brews_remaining               9.278  │
│  restores_remaining           10.278    prayer_at_death              83.436  │
│  current_ranged              100.413    current_magic                89.778  │
│  behind_shield_pct             0.766    zuk_hp_remaining            306.567  │
│  min_zuk_hp_seen             298.666    hp_restored                   7.905  │
│  zuk_healer_damage             0.511    deaths_to_jad                 0.098  │
│  episode_return_normal         8.038    wins_normal                   0.000  │
│  min_zuk_hp_normal           337.117    score_normal                  0.719  │
│  zuk_objective_normal          0.719    phase_reached_normal          2.364  │
│  death_tick_normal           180.302    frac_min_hp_le_300_no…        0.422  │
╰──────────────────────────────────────────────────────────────────────────────╯

[0;0H╭──────────────────────────────────────────────────────────────────────────────╮
│  PufferLib 4.0         🐡         GPU: 0%      VRAM: 0.5/18G      RAM: 1.0G  │
│                                                                              │
│  Summary          Value    Evaluate   302ms  35%    Losses            Value  │
│  Env       osrs_inferno      GPU      246ms  28%    policy            0.007  │
│  Params          752.1K      Env       56ms   6%    value             0.014  │
│  Steps            39.6M    Train      558ms  64%    entropy           2.578  │
│  SPS             226.8K      Misc       0ms   0%    total             0.010  │
│  Epoch              605      Forwa…     0ms   0%    old_kl            0.007  │
│  Uptime    0d 0h 2m 54s                             kl                0.006  │
│  Remaini…  0d 0h 0m 45s                             clipfrac          0.260  │
│                                                     bc                0.000  │
│                                                                              │
│  User Stats                    Value    User Stats                    Value  │
│  episode_return                8.540    damage_dealt                931.686  │
│  damage_received              99.349    episode_length              188.988  │
│  wins                          0.000    wave                         68.000  │
│  idle_ticks                    1.341    brews_used                    2.686  │
│  blood_healed                  0.000    prayer_correct_rate           0.549  │
│  unavoidable_off_praye…        0.089    brews_remaining               9.314  │
│  restores_remaining           10.260    prayer_at_death              83.711  │
│  current_ranged              100.751    current_magic                90.286  │
│  behind_shield_pct             0.767    zuk_hp_remaining            297.153  │
│  min_zuk_hp_seen             288.071    hp_restored                   8.943  │
│  zuk_healer_damage             0.581    deaths_to_jad                 0.098  │
│  episode_return_normal         8.192    wins_normal                   0.000  │
│  min_zuk_hp_normal           319.346    score_normal                  0.734  │
│  zuk_objective_normal          0.734    phase_reached_normal          2.443  │
│  death_tick_normal           181.490    frac_min_hp_le_300_no…        0.474  │
╰──────────────────────────────────────────────────────────────────────────────╯

[0;0H╭──────────────────────────────────────────────────────────────────────────────╮
│  PufferLib 4.0        🐡          GPU: 0%      VRAM: 0.5/18G      RAM: 1.0G  │
│                                                                              │
│  Summary          Value    Evaluate   303ms  35%    Losses            Value  │
│  Env       osrs_inferno      GPU      247ms  28%    policy           -0.019  │
│  Params          752.1K      Env       56ms   6%    value             0.011  │
│  Steps            39.8M    Train      561ms  64%    entropy           2.548  │
│  SPS             225.6K      Misc       0ms   0%    total            -0.018  │
│  Epoch              608      Forwa…     0ms   0%    old_kl            0.006  │
│  Uptime    0d 0h 2m 55s                             kl                0.006  │
│  Remaini…  0d 0h 0m 45s                             clipfrac          0.249  │
│                                                     bc                0.000  │
│                                                                              │
│  User Stats                    Value    User Stats                    Value  │
│  episode_return                8.582    damage_dealt                936.444  │
│  damage_received              96.683    episode_length              190.466  │
│  wins                          0.000    wave                         68.000  │
│  idle_ticks                    1.303    brews_used                    2.524  │
│  blood_healed                  0.000    prayer_correct_rate           0.552  │
│  unavoidable_off_praye…        0.084    brews_remaining               9.476  │
│  restores_remaining           10.281    prayer_at_death              83.662  │
│  current_ranged              101.711    current_magic                90.759  │
│  behind_shield_pct             0.769    zuk_hp_remaining            292.601  │
│  min_zuk_hp_seen             283.538    hp_restored                   9.004  │
│  zuk_healer_damage             0.493    deaths_to_jad                 0.100  │
│  episode_return_normal         8.244    wins_normal                   0.000  │
│  min_zuk_hp_normal           313.455    score_normal                  0.739  │
│  zuk_objective_normal          0.739    phase_reached_normal          2.457  │
│  death_tick_normal           182.793    frac_min_hp_le_300_no…        0.478  │
╰──────────────────────────────────────────────────────────────────────────────╯

[0;0H╭──────────────────────────────────────────────────────────────────────────────╮
│  PufferLib 4.0       🐡           GPU: 0%      VRAM: 0.5/18G      RAM: 1.0G  │
│                                                                              │
│  Summary          Value    Evaluate   302ms  35%    Losses            Value  │
│  Env       osrs_inferno      GPU      246ms  28%    policy            0.002  │
│  Params          752.1K      Env       56ms   6%    value             0.011  │
│  Steps            40.0M    Train      555ms  64%    entropy           2.515  │
│  SPS             227.4K      Misc       0ms   0%    total             0.003  │
│  Epoch              611      Forwa…     0ms   0%    old_kl            0.007  │
│  Uptime    0d 0h 2m 56s                             kl                0.007  │
│  Remaini…  0d 0h 0m 43s                             clipfrac          0.258  │
│                                                     bc                0.000  │
│                                                                              │
│  User Stats                    Value    User Stats                    Value  │
│  episode_return                8.604    damage_dealt                936.684  │
│  damage_received             100.410    episode_length              190.969  │
│  wins                          0.000    wave                         68.000  │
│  idle_ticks                    1.235    brews_used                    2.718  │
│  blood_healed                  0.000    prayer_correct_rate           0.552  │
│  unavoidable_off_praye…        0.087    brews_remaining               9.282  │
│  restores_remaining           10.175    prayer_at_death              84.285  │
│  current_ranged              101.605    current_magic                91.004  │
│  behind_shield_pct             0.766    zuk_hp_remaining            290.694  │
│  min_zuk_hp_seen             282.376    hp_restored                   7.848  │
│  zuk_healer_damage             0.418    deaths_to_jad                 0.091  │
│  episode_return_normal         8.239    wins_normal                   0.000  │
│  min_zuk_hp_normal           315.065    score_normal                  0.737  │
│  zuk_objective_normal          0.737    phase_reached_normal          2.435  │
│  death_tick_normal           183.448    frac_min_hp_le_300_no…        0.444  │
╰──────────────────────────────────────────────────────────────────────────────╯

[0;0H╭──────────────────────────────────────────────────────────────────────────────╮
│  PufferLib 4.0      🐡            GPU: 0%      VRAM: 0.5/18G      RAM: 1.0G  │
│                                                                              │
│  Summary          Value    Evaluate   302ms  35%    Losses            Value  │
│  Env       osrs_inferno      GPU      245ms  28%    policy            0.005  │
│  Params          752.1K      Env       56ms   6%    value             0.010  │
│  Steps            40.2M    Train      559ms  64%    entropy           2.498  │
│  SPS             226.4K      Misc       0ms   0%    total             0.006  │
│  Epoch              614      Forwa…     0ms   0%    old_kl            0.006  │
│  Uptime    0d 0h 2m 57s                             kl                0.010  │
│  Remaini…  0d 0h 0m 43s                             clipfrac          0.244  │
│                                                     bc                0.000  │
│                                                                              │
│  User Stats                    Value    User Stats                    Value  │
│  episode_return                8.579    damage_dealt                936.236  │
│  damage_received              98.581    episode_length              190.902  │
│  wins                          0.000    wave                         68.000  │
│  idle_ticks                    1.265    brews_used                    2.530  │
│  blood_healed                  0.000    prayer_correct_rate           0.555  │
│  unavoidable_off_praye…        0.083    brews_remaining               9.470  │
│  restores_remaining           10.246    prayer_at_death              84.206  │
│  current_ranged              101.762    current_magic                90.912  │
│  behind_shield_pct             0.767    zuk_hp_remaining            292.807  │
│  min_zuk_hp_seen             283.925    hp_restored                   8.711  │
│  zuk_healer_damage             0.588    deaths_to_jad                 0.096  │
│  episode_return_normal         8.247    wins_normal                   0.000  │
│  min_zuk_hp_normal           313.031    score_normal                  0.739  │
│  zuk_objective_normal          0.739    phase_reached_normal          2.437  │
│  death_tick_normal           183.589    frac_min_hp_le_300_no…        0.441  │
╰──────────────────────────────────────────────────────────────────────────────╯

[0;0H╭──────────────────────────────────────────────────────────────────────────────╮
│  PufferLib 4.0     🐡             GPU: 0%      VRAM: 0.5/18G      RAM: 1.0G  │
│                                                                              │
│  Summary          Value    Evaluate   302ms  35%    Losses            Value  │
│  Env       osrs_inferno      GPU      246ms  28%    policy            0.009  │
│  Params          752.1K      Env       56ms   6%    value             0.009  │
│  Steps            40.4M    Train      557ms  64%    entropy           2.483  │
│  SPS             226.6K      Misc       0ms   0%    total             0.010  │
│  Epoch              617      Forwa…     0ms   0%    old_kl            0.006  │
│  Uptime    0d 0h 2m 57s                             kl                0.006  │
│  Remaini…  0d 0h 0m 42s                             clipfrac          0.248  │
│                                                     bc                0.000  │
│                                                                              │
│  User Stats                    Value    User Stats                    Value  │
│  episode_return                8.635    damage_dealt                940.235  │
│  damage_received              99.358    episode_length              190.490  │
│  wins                          0.000    wave                         68.000  │
│  idle_ticks                    1.247    brews_used                    2.558  │
│  blood_healed                  0.000    prayer_correct_rate           0.553  │
│  unavoidable_off_praye…        0.088    brews_remaining               9.442  │
│  restores_remaining           10.217    prayer_at_death              84.261  │
│  current_ranged              102.368    current_magic                91.474  │
│  behind_shield_pct             0.767    zuk_hp_remaining            287.416  │
│  min_zuk_hp_seen             279.133    hp_restored                   8.019  │
│  zuk_healer_damage             0.638    deaths_to_jad                 0.082  │
│  episode_return_normal         8.293    wins_normal                   0.000  │
│  min_zuk_hp_normal           309.409    score_normal                  0.742  │
│  zuk_objective_normal          0.742    phase_reached_normal          2.449  │
│  death_tick_normal           182.303    frac_min_hp_le_300_no…        0.459  │
╰──────────────────────────────────────────────────────────────────────────────╯

[0;0H╭──────────────────────────────────────────────────────────────────────────────╮
│  PufferLib 4.0    🐡              GPU: 0%      VRAM: 0.5/18G      RAM: 1.0G  │
│                                                                              │
│  Summary          Value    Evaluate   303ms  35%    Losses            Value  │
│  Env       osrs_inferno      GPU      246ms  28%    policy            0.002  │
│  Params          752.1K      Env       57ms   6%    value             0.010  │
│  Steps            40.6M    Train      555ms  64%    entropy           2.473  │
│  SPS             227.0K      Misc       0ms   0%    total             0.003  │
│  Epoch              620      Forwa…     0ms   0%    old_kl            0.006  │
│  Uptime    0d 0h 2m 58s                             kl                0.006  │
│  Remaini…  0d 0h 0m 41s                             clipfrac          0.258  │
│                                                     bc                0.000  │
│                                                                              │
│  User Stats                    Value    User Stats                    Value  │
│  episode_return                8.573    damage_dealt                933.548  │
│  damage_received              96.426    episode_length              189.324  │
│  wins                          0.000    wave                         68.000  │
│  idle_ticks                    1.161    brews_used                    2.480  │
│  blood_healed                  0.000    prayer_correct_rate           0.553  │
│  unavoidable_off_praye…        0.085    brews_remaining               9.520  │
│  restores_remaining           10.212    prayer_at_death              84.481  │
│  current_ranged              102.007    current_magic                91.440  │
│  behind_shield_pct             0.767    zuk_hp_remaining            293.785  │
│  min_zuk_hp_seen             286.514    hp_restored                   6.895  │
│  zuk_healer_damage             0.507    deaths_to_jad                 0.088  │
│  episode_return_normal         8.259    wins_normal                   0.000  │
│  min_zuk_hp_normal           315.088    score_normal                  0.737  │
│  zuk_objective_normal          0.737    phase_reached_normal          2.442  │
│  death_tick_normal           182.223    frac_min_hp_le_300_no…        0.456  │
╰──────────────────────────────────────────────────────────────────────────────╯

[0;0H╭──────────────────────────────────────────────────────────────────────────────╮
│  PufferLib 4.0   🐡               GPU: 0%      VRAM: 0.5/18G      RAM: 1.0G  │
│                                                                              │
│  Summary          Value    Evaluate   303ms  35%    Losses            Value  │
│  Env       osrs_inferno      GPU      246ms  28%    policy           -0.001  │
│  Params          752.1K      Env       56ms   6%    value             0.011  │
│  Steps            40.8M    Train      559ms  64%    entropy           2.456  │
│  SPS             226.3K      Misc       0ms   0%    total             0.000  │
│  Epoch              623      Forwa…     0ms   0%    old_kl            0.007  │
│  Uptime    0d 0h 2m 59s                             kl                0.007  │
│  Remaini…  0d 0h 0m 40s                             clipfrac          0.244  │
│                                                     bc                0.000  │
│                                                                              │
│  User Stats                    Value    User Stats                    Value  │
│  episode_return                8.590    damage_dealt                934.650  │
│  damage_received              99.599    episode_length              190.001  │
│  wins                          0.000    wave                         68.000  │
│  idle_ticks                    1.115    brews_used                    2.553  │
│  blood_healed                  0.000    prayer_correct_rate           0.552  │
│  unavoidable_off_praye…        0.087    brews_remaining               9.447  │
│  restores_remaining           10.171    prayer_at_death              84.227  │
│  current_ranged              102.527    current_magic                91.864  │
│  behind_shield_pct             0.768    zuk_hp_remaining            291.489  │
│  min_zuk_hp_seen             284.502    hp_restored                   7.180  │
│  zuk_healer_damage             0.476    deaths_to_jad                 0.091  │
│  episode_return_normal         8.256    wins_normal                   0.000  │
│  min_zuk_hp_normal           314.398    score_normal                  0.738  │
│  zuk_objective_normal          0.738    phase_reached_normal          2.450  │
│  death_tick_normal           182.606    frac_min_hp_le_300_no…        0.467  │
╰──────────────────────────────────────────────────────────────────────────────╯

[0;0H╭──────────────────────────────────────────────────────────────────────────────╮
│  PufferLib 4.0  🐡                GPU: 0%      VRAM: 0.5/18G      RAM: 1.0G  │
│                                                                              │
│  Summary          Value    Evaluate   302ms  35%    Losses            Value  │
│  Env       osrs_inferno      GPU      246ms  28%    policy           -0.004  │
│  Params          752.1K      Env       55ms   6%    value             0.015  │
│  Steps            41.0M    Train      556ms  64%    entropy           2.454  │
│  SPS             227.0K      Misc       0ms   0%    total            -0.000  │
│  Epoch              626      Forwa…     0ms   0%    old_kl            0.007  │
│  Uptime     0d 0h 3m 0s                             kl                0.006  │
│  Remaini…  0d 0h 0m 39s                             clipfrac          0.251  │
│                                                     bc                0.000  │
│                                                                              │
│  User Stats                    Value    User Stats                    Value  │
│  episode_return                8.532    damage_dealt                928.516  │
│  damage_received              97.105    episode_length              188.949  │
│  wins                          0.000    wave                         68.000  │
│  idle_ticks                    1.149    brews_used                    2.515  │
│  blood_healed                  0.000    prayer_correct_rate           0.554  │
│  unavoidable_off_praye…        0.088    brews_remaining               9.485  │
│  restores_remaining           10.194    prayer_at_death              84.333  │
│  current_ranged              103.442    current_magic                92.493  │
│  behind_shield_pct             0.767    zuk_hp_remaining            297.673  │
│  min_zuk_hp_seen             291.036    hp_restored                   6.957  │
│  zuk_healer_damage             0.574    deaths_to_jad                 0.090  │
│  episode_return_normal         8.154    wins_normal                   0.000  │
│  min_zuk_hp_normal           325.873    score_normal                  0.728  │
│  zuk_objective_normal          0.728    phase_reached_normal          2.397  │
│  death_tick_normal           180.188    frac_min_hp_le_300_no…        0.444  │
╰──────────────────────────────────────────────────────────────────────────────╯

[0;0H╭──────────────────────────────────────────────────────────────────────────────╮
│  PufferLib 4.0 🐡                 GPU: 0%      VRAM: 0.5/18G      RAM: 1.0G  │
│                                                                              │
│  Summary          Value    Evaluate   301ms  34%    Losses            Value  │
│  Env       osrs_inferno      GPU      246ms  28%    policy           -0.021  │
│  Params          752.1K      Env       55ms   6%    value             0.013  │
│  Steps            41.2M    Train      560ms  65%    entropy           2.448  │
│  SPS             226.3K      Misc       0ms   0%    total            -0.019  │
│  Epoch              629      Forwa…     0ms   0%    old_kl            0.006  │
│  Uptime     0d 0h 3m 1s                             kl                0.006  │
│  Remaini…  0d 0h 0m 38s                             clipfrac          0.245  │
│                                                     bc                0.000  │
│                                                                              │
│  User Stats                    Value    User Stats                    Value  │
│  episode_return                8.505    damage_dealt                926.722  │
│  damage_received              97.316    episode_length              189.410  │
│  wins                          0.000    wave                         68.000  │
│  idle_ticks                    1.127    brews_used                    2.490  │
│  blood_healed                  0.000    prayer_correct_rate           0.554  │
│  unavoidable_off_praye…        0.086    brews_remaining               9.510  │
│  restores_remaining           10.174    prayer_at_death              84.590  │
│  current_ranged              103.508    current_magic                92.597  │
│  behind_shield_pct             0.767    zuk_hp_remaining            300.483  │
│  min_zuk_hp_seen             292.684    hp_restored                   8.008  │
│  zuk_healer_damage             0.526    deaths_to_jad                 0.083  │
│  episode_return_normal         8.127    wins_normal                   0.000  │
│  min_zuk_hp_normal           326.767    score_normal                  0.728  │
│  zuk_objective_normal          0.728    phase_reached_normal          2.411  │
│  death_tick_normal           180.846    frac_min_hp_le_300_no…        0.447  │
╰──────────────────────────────────────────────────────────────────────────────╯

[0;0H╭──────────────────────────────────────────────────────────────────────────────╮
│  PufferLib 4.0          🐡        GPU: 0%      VRAM: 0.5/18G      RAM: 1.0G  │
│                                                                              │
│  Summary          Value    Evaluate   300ms  34%    Losses            Value  │
│  Env       osrs_inferno      GPU      244ms  28%    policy            0.006  │
│  Params          752.1K      Env       56ms   6%    value             0.011  │
│  Steps            41.4M    Train      561ms  65%    entropy           2.404  │
│  SPS             226.5K      Misc       0ms   0%    total             0.008  │
│  Epoch              632      Forwa…     0ms   0%    old_kl            0.006  │
│  Uptime     0d 0h 3m 2s                             kl                0.006  │
│  Remaini…  0d 0h 0m 37s                             clipfrac          0.249  │
│                                                     bc                0.000  │
│                                                                              │
│  User Stats                    Value    User Stats                    Value  │
│  episode_return                8.587    damage_dealt                934.832  │
│  damage_received              99.377    episode_length              190.156  │
│  wins                          0.000    wave                         68.000  │
│  idle_ticks                    1.210    brews_used                    2.582  │
│  blood_healed                  0.000    prayer_correct_rate           0.556  │
│  unavoidable_off_praye…        0.081    brews_remaining               9.418  │
│  restores_remaining           10.155    prayer_at_death              84.486  │
│  current_ranged              102.711    current_magic                91.948  │
│  behind_shield_pct             0.764    zuk_hp_remaining            293.029  │
│  min_zuk_hp_seen             284.467    hp_restored                   7.615  │
│  zuk_healer_damage             0.512    deaths_to_jad                 0.069  │
│  episode_return_normal         8.223    wins_normal                   0.000  │
│  min_zuk_hp_normal           317.215    score_normal                  0.736  │
│  zuk_objective_normal          0.736    phase_reached_normal          2.407  │
│  death_tick_normal           182.284    frac_min_hp_le_300_no…        0.425  │
╰──────────────────────────────────────────────────────────────────────────────╯

[0;0H╭──────────────────────────────────────────────────────────────────────────────╮
│  PufferLib 4.0         🐡         GPU: 0%      VRAM: 0.5/18G      RAM: 1.0G  │
│                                                                              │
│  Summary          Value    Evaluate   302ms  35%    Losses            Value  │
│  Env       osrs_inferno      GPU      246ms  28%    policy           -0.011  │
│  Params          752.1K      Env       55ms   6%    value             0.009  │
│  Steps            41.6M    Train      557ms  64%    entropy           2.391  │
│  SPS             226.9K      Misc       0ms   0%    total            -0.011  │
│  Epoch              635      Forwa…     0ms   0%    old_kl            0.007  │
│  Uptime     0d 0h 3m 3s                             kl                0.007  │
│  Remaini…  0d 0h 0m 36s                             clipfrac          0.240  │
│                                                     bc                0.000  │
│                                                                              │
│  User Stats                    Value    User Stats                    Value  │
│  episode_return                8.585    damage_dealt                934.242  │
│  damage_received             100.150    episode_length              191.981  │
│  wins                          0.000    wave                         68.000  │
│  idle_ticks                    1.042    brews_used                    2.592  │
│  blood_healed                  0.000    prayer_correct_rate           0.556  │
│  unavoidable_off_praye…        0.092    brews_remaining               9.408  │
│  restores_remaining           10.181    prayer_at_death              83.965  │
│  current_ranged              101.927    current_magic                91.380  │
│  behind_shield_pct             0.762    zuk_hp_remaining            291.448  │
│  min_zuk_hp_seen             285.419    hp_restored                   6.530  │
│  zuk_healer_damage             0.430    deaths_to_jad                 0.090  │
│  episode_return_normal         8.233    wins_normal                   0.000  │
│  min_zuk_hp_normal           317.613    score_normal                  0.735  │
│  zuk_objective_normal          0.735    phase_reached_normal          2.419  │
│  death_tick_normal           184.542    frac_min_hp_le_300_no…        0.431  │
╰──────────────────────────────────────────────────────────────────────────────╯

[0;0H╭──────────────────────────────────────────────────────────────────────────────╮
│  PufferLib 4.0        🐡          GPU: 0%      VRAM: 0.5/18G      RAM: 1.0G  │
│                                                                              │
│  Summary          Value    Evaluate   301ms  35%    Losses            Value  │
│  Env       osrs_inferno      GPU      245ms  28%    policy            0.003  │
│  Params          752.1K      Env       55ms   6%    value             0.010  │
│  Steps            41.8M    Train      558ms  64%    entropy           2.354  │
│  SPS             226.9K      Misc       0ms   0%    total             0.005  │
│  Epoch              638      Forwa…     0ms   0%    old_kl            0.006  │
│  Uptime     0d 0h 3m 3s                             kl                0.009  │
│  Remaini…  0d 0h 0m 36s                             clipfrac          0.241  │
│                                                     bc                0.000  │
│                                                                              │
│  User Stats                    Value    User Stats                    Value  │
│  episode_return                8.584    damage_dealt                937.034  │
│  damage_received              99.194    episode_length              190.726  │
│  wins                          0.000    wave                         68.000  │
│  idle_ticks                    1.223    brews_used                    2.515  │
│  blood_healed                  0.000    prayer_correct_rate           0.554  │
│  unavoidable_off_praye…        0.081    brews_remaining               9.485  │
│  restores_remaining           10.187    prayer_at_death              84.219  │
│  current_ranged              102.872    current_magic                92.015  │
│  behind_shield_pct             0.762    zuk_hp_remaining            293.142  │
│  min_zuk_hp_seen             283.045    hp_restored                   9.194  │
│  zuk_healer_damage             0.696    deaths_to_jad                 0.091  │
│  episode_return_normal         8.247    wins_normal                   0.000  │
│  min_zuk_hp_normal           312.435    score_normal                  0.740  │
│  zuk_objective_normal          0.740    phase_reached_normal          2.437  │
│  death_tick_normal           183.202    frac_min_hp_le_300_no…        0.447  │
╰──────────────────────────────────────────────────────────────────────────────╯

[0;0H╭──────────────────────────────────────────────────────────────────────────────╮
│  PufferLib 4.0       🐡           GPU: 0%      VRAM: 0.5/18G      RAM: 1.0G  │
│                                                                              │
│  Summary          Value    Evaluate   300ms  34%    Losses            Value  │
│  Env       osrs_inferno      GPU      245ms  28%    policy            0.005  │
│  Params          752.1K      Env       55ms   6%    value             0.009  │
│  Steps            42.0M    Train      557ms  65%    entropy           2.338  │
│  SPS             227.3K      Misc       0ms   0%    total             0.006  │
│  Epoch              641      Forwa…     0ms   0%    old_kl            0.007  │
│  Uptime     0d 0h 3m 4s                             kl                0.007  │
│  Remaini…  0d 0h 0m 35s                             clipfrac          0.234  │
│                                                     bc                0.000  │
│                                                                              │
│  User Stats                    Value    User Stats                    Value  │
│  episode_return                8.584    damage_dealt                934.943  │
│  damage_received              97.277    episode_length              190.518  │
│  wins                          0.000    wave                         68.000  │
│  idle_ticks                    1.138    brews_used                    2.404  │
│  blood_healed                  0.000    prayer_correct_rate           0.556  │
│  unavoidable_off_praye…        0.084    brews_remaining               9.596  │
│  restores_remaining           10.223    prayer_at_death              84.356  │
│  current_ranged              103.014    current_magic                92.097  │
│  behind_shield_pct             0.764    zuk_hp_remaining            292.417  │
│  min_zuk_hp_seen             285.072    hp_restored                   7.066  │
│  zuk_healer_damage             0.523    deaths_to_jad                 0.085  │
│  episode_return_normal         8.273    wins_normal                   0.000  │
│  min_zuk_hp_normal           312.808    score_normal                  0.739  │
│  zuk_objective_normal          0.739    phase_reached_normal          2.449  │
│  death_tick_normal           182.834    frac_min_hp_le_300_no…        0.460  │
╰──────────────────────────────────────────────────────────────────────────────╯

[0;0H╭──────────────────────────────────────────────────────────────────────────────╮
│  PufferLib 4.0      🐡            GPU: 0%      VRAM: 0.5/18G      RAM: 1.0G  │
│                                                                              │
│  Summary          Value    Evaluate   297ms  34%    Losses            Value  │
│  Env       osrs_inferno      GPU      242ms  28%    policy            0.010  │
│  Params          752.1K      Env       55ms   6%    value             0.010  │
│  Steps            42.2M    Train      560ms  65%    entropy           2.325  │
│  SPS             227.4K      Misc       0ms   0%    total             0.012  │
│  Epoch              644      Forwa…     0ms   0%    old_kl            0.008  │
│  Uptime     0d 0h 3m 5s                             kl                0.006  │
│  Remaini…  0d 0h 0m 34s                             clipfrac          0.242  │
│                                                     bc                0.000  │
│                                                                              │
│  User Stats                    Value    User Stats                    Value  │
│  episode_return                8.612    damage_dealt                938.749  │
│  damage_received              99.807    episode_length              191.585  │
│  wins                          0.000    wave                         68.000  │
│  idle_ticks                    1.161    brews_used                    2.572  │
│  blood_healed                  0.000    prayer_correct_rate           0.556  │
│  unavoidable_off_praye…        0.084    brews_remaining               9.428  │
│  restores_remaining           10.182    prayer_at_death              84.070  │
│  current_ranged              102.763    current_magic                92.020  │
│  behind_shield_pct             0.761    zuk_hp_remaining            289.070  │
│  min_zuk_hp_seen             281.860    hp_restored                   7.488  │
│  zuk_healer_damage             0.577    deaths_to_jad                 0.094  │
│  episode_return_normal         8.295    wins_normal                   0.000  │
│  min_zuk_hp_normal           310.177    score_normal                  0.742  │
│  zuk_objective_normal          0.742    phase_reached_normal          2.454  │
│  death_tick_normal           183.997    frac_min_hp_le_300_no…        0.461  │
╰──────────────────────────────────────────────────────────────────────────────╯

[0;0H╭──────────────────────────────────────────────────────────────────────────────╮
│  PufferLib 4.0     🐡             GPU: 0%      VRAM: 0.5/18G      RAM: 1.0G  │
│                                                                              │
│  Summary          Value    Evaluate   301ms  34%    Losses            Value  │
│  Env       osrs_inferno      GPU      246ms  28%    policy           -0.001  │
│  Params          752.1K      Env       55ms   6%    value             0.010  │
│  Steps            42.4M    Train      560ms  65%    entropy           2.326  │
│  SPS             226.4K      Misc       0ms   0%    total             0.000  │
│  Epoch              647      Forwa…     0ms   0%    old_kl            0.008  │
│  Uptime     0d 0h 3m 6s                             kl                0.007  │
│  Remaini…  0d 0h 0m 33s                             clipfrac          0.243  │
│                                                     bc                0.000  │
│                                                                              │
│  User Stats                    Value    User Stats                    Value  │
│  episode_return                8.555    damage_dealt                932.399  │
│  damage_received              98.979    episode_length              191.446  │
│  wins                          0.000    wave                         68.000  │
│  idle_ticks                    1.229    brews_used                    2.569  │
│  blood_healed                  0.000    prayer_correct_rate           0.555  │
│  unavoidable_off_praye…        0.088    brews_remaining               9.431  │
│  restores_remaining           10.185    prayer_at_death              84.135  │
│  current_ranged              102.792    current_magic                92.058  │
│  behind_shield_pct             0.763    zuk_hp_remaining            295.062  │
│  min_zuk_hp_seen             286.866    hp_restored                   8.203  │
│  zuk_healer_damage             0.576    deaths_to_jad                 0.080  │
│  episode_return_normal         8.238    wins_normal                   0.000  │
│  min_zuk_hp_normal           314.395    score_normal                  0.738  │
│  zuk_objective_normal          0.738    phase_reached_normal          2.459  │
│  death_tick_normal           183.038    frac_min_hp_le_300_no…        0.477  │
╰──────────────────────────────────────────────────────────────────────────────╯

[0;0H╭──────────────────────────────────────────────────────────────────────────────╮
│  PufferLib 4.0    🐡              GPU: 0%      VRAM: 0.5/18G      RAM: 1.0G  │
│                                                                              │
│  Summary          Value    Evaluate   300ms  35%    Losses            Value  │
│  Env       osrs_inferno      GPU      245ms  28%    policy           -0.005  │
│  Params          752.1K      Env       55ms   6%    value             0.008  │
│  Steps            42.6M    Train      554ms  64%    entropy           2.313  │
│  SPS             228.2K      Misc       0ms   0%    total            -0.005  │
│  Epoch              650      Forwa…     0ms   0%    old_kl            0.006  │
│  Uptime     0d 0h 3m 7s                             kl                0.006  │
│  Remaini…  0d 0h 0m 32s                             clipfrac          0.230  │
│                                                     bc                0.000  │
│                                                                              │
│  User Stats                    Value    User Stats                    Value  │
│  episode_return                8.554    damage_dealt                934.764  │
│  damage_received              96.391    episode_length              190.362  │
│  wins                          0.000    wave                         68.000  │
│  idle_ticks                    1.110    brews_used                    2.441  │
│  blood_healed                  0.000    prayer_correct_rate           0.556  │
│  unavoidable_off_praye…        0.084    brews_remaining               9.559  │
│  restores_remaining           10.213    prayer_at_death              84.038  │
│  current_ranged              102.780    current_magic                92.087  │
│  behind_shield_pct             0.764    zuk_hp_remaining            294.694  │
│  min_zuk_hp_seen             286.708    hp_restored                   8.436  │
│  zuk_healer_damage             0.543    deaths_to_jad                 0.077  │
│  episode_return_normal         8.243    wins_normal                   0.000  │
│  min_zuk_hp_normal           313.953    score_normal                  0.738  │
│  zuk_objective_normal          0.738    phase_reached_normal          2.453  │
│  death_tick_normal           183.126    frac_min_hp_le_300_no…        0.460  │
╰──────────────────────────────────────────────────────────────────────────────╯

[0;0H╭──────────────────────────────────────────────────────────────────────────────╮
│  PufferLib 4.0   🐡               GPU: 0%      VRAM: 0.5/18G      RAM: 1.0G  │
│                                                                              │
│  Summary          Value    Evaluate   302ms  35%    Losses            Value  │
│  Env       osrs_inferno      GPU      247ms  28%    policy            0.023  │
│  Params          752.1K      Env       55ms   6%    value             0.011  │
│  Steps            42.8M    Train      559ms  64%    entropy           2.316  │
│  SPS             226.4K      Misc       0ms   0%    total             0.025  │
│  Epoch              653      Forwa…     0ms   0%    old_kl            0.006  │
│  Uptime     0d 0h 3m 8s                             kl                0.006  │
│  Remaini…  0d 0h 0m 31s                             clipfrac          0.237  │
│                                                     bc                0.000  │
│                                                                              │
│  User Stats                    Value    User Stats                    Value  │
│  episode_return                8.559    damage_dealt                930.906  │
│  damage_received             101.181    episode_length              191.843  │
│  wins                          0.000    wave                         68.000  │
│  idle_ticks                    1.148    brews_used                    2.649  │
│  blood_healed                  0.000    prayer_correct_rate           0.557  │
│  unavoidable_off_praye…        0.084    brews_remaining               9.351  │
│  restores_remaining           10.130    prayer_at_death              84.482  │
│  current_ranged              102.682    current_magic                92.153  │
│  behind_shield_pct             0.759    zuk_hp_remaining            294.809  │
│  min_zuk_hp_seen             287.914    hp_restored                   6.832  │
│  zuk_healer_damage             0.480    deaths_to_jad                 0.079  │
│  episode_return_normal         8.220    wins_normal                   0.000  │
│  min_zuk_hp_normal           318.081    score_normal                  0.735  │
│  zuk_objective_normal          0.735    phase_reached_normal          2.447  │
│  death_tick_normal           183.811    frac_min_hp_le_300_no…        0.463  │
╰──────────────────────────────────────────────────────────────────────────────╯

[0;0H╭──────────────────────────────────────────────────────────────────────────────╮
│  PufferLib 4.0  🐡                GPU: 0%      VRAM: 0.5/18G      RAM: 1.0G  │
│                                                                              │
│  Summary          Value    Evaluate   300ms  34%    Losses            Value  │
│  Env       osrs_inferno      GPU      244ms  28%    policy            0.007  │
│  Params          752.1K      Env       55ms   6%    value             0.009  │
│  Steps            43.0M    Train      557ms  65%    entropy           2.299  │
│  SPS             227.4K      Misc       0ms   0%    total             0.008  │
│  Epoch              656      Forwa…     0ms   0%    old_kl            0.007  │
│  Uptime     0d 0h 3m 9s                             kl                0.007  │
│  Remaini…  0d 0h 0m 30s                             clipfrac          0.243  │
│                                                     bc                0.000  │
│                                                                              │
│  User Stats                    Value    User Stats                    Value  │
│  episode_return                8.610    damage_dealt                938.714  │
│  damage_received             100.014    episode_length              191.131  │
│  wins                          0.000    wave                         68.000  │
│  idle_ticks                    1.178    brews_used                    2.599  │
│  blood_healed                  0.000    prayer_correct_rate           0.554  │
│  unavoidable_off_praye…        0.086    brews_remaining               9.401  │
│  restores_remaining           10.185    prayer_at_death              83.985  │
│  current_ranged              103.062    current_magic                92.247  │
│  behind_shield_pct             0.761    zuk_hp_remaining            290.583  │
│  min_zuk_hp_seen             280.985    hp_restored                   8.820  │
│  zuk_healer_damage             0.745    deaths_to_jad                 0.073  │
│  episode_return_normal         8.290    wins_normal                   0.000  │
│  min_zuk_hp_normal           308.741    score_normal                  0.743  │
│  zuk_objective_normal          0.743    phase_reached_normal          2.488  │
│  death_tick_normal           182.386    frac_min_hp_le_300_no…        0.501  │
╰──────────────────────────────────────────────────────────────────────────────╯

[0;0H╭──────────────────────────────────────────────────────────────────────────────╮
│  PufferLib 4.0 🐡                 GPU: 0%      VRAM: 0.5/18G      RAM: 1.0G  │
│                                                                              │
│  Summary          Value    Evaluate   301ms  35%    Losses            Value  │
│  Env       osrs_inferno      GPU      245ms  28%    policy           -0.013  │
│  Params          752.1K      Env       56ms   6%    value             0.010  │
│  Steps            43.2M    Train      557ms  64%    entropy           2.285  │
│  SPS             227.1K      Misc       0ms   0%    total            -0.011  │
│  Epoch              659      Forwa…     0ms   0%    old_kl            0.006  │
│  Uptime    0d 0h 3m 10s                             kl                0.006  │
│  Remaini…  0d 0h 0m 30s                             clipfrac          0.233  │
│                                                     bc                0.000  │
│                                                                              │
│  User Stats                    Value    User Stats                    Value  │
│  episode_return                8.591    damage_dealt                937.607  │
│  damage_received             101.705    episode_length              191.141  │
│  wins                          0.000    wave                         68.000  │
│  idle_ticks                    1.250    brews_used                    2.639  │
│  blood_healed                  0.000    prayer_correct_rate           0.555  │
│  unavoidable_off_praye…        0.085    brews_remaining               9.361  │
│  restores_remaining           10.143    prayer_at_death              84.386  │
│  current_ranged              102.964    current_magic                92.323  │
│  behind_shield_pct             0.761    zuk_hp_remaining            291.918  │
│  min_zuk_hp_seen             282.012    hp_restored                   9.680  │
│  zuk_healer_damage             0.659    deaths_to_jad                 0.070  │
│  episode_return_normal         8.266    wins_normal                   0.000  │
│  min_zuk_hp_normal           309.681    score_normal                  0.742  │
│  zuk_objective_normal          0.742    phase_reached_normal          2.480  │
│  death_tick_normal           182.861    frac_min_hp_le_300_no…        0.493  │
╰──────────────────────────────────────────────────────────────────────────────╯

[0;0H╭──────────────────────────────────────────────────────────────────────────────╮
│  PufferLib 4.0          🐡        GPU: 0%      VRAM: 0.5/18G      RAM: 1.0G  │
│                                                                              │
│  Summary          Value    Evaluate   302ms  35%    Losses            Value  │
│  Env       osrs_inferno      GPU      246ms  28%    policy            0.001  │
│  Params          752.1K      Env       56ms   6%    value             0.013  │
│  Steps            43.4M    Train      560ms  64%    entropy           2.275  │
│  SPS             226.1K      Misc       0ms   0%    total             0.004  │
│  Epoch              662      Forwa…     0ms   0%    old_kl            0.007  │
│  Uptime    0d 0h 3m 10s                             kl                0.007  │
│  Remaini…  0d 0h 0m 29s                             clipfrac          0.231  │
│                                                     bc                0.000  │
│                                                                              │
│  User Stats                    Value    User Stats                    Value  │
│  episode_return                8.560    damage_dealt                932.875  │
│  damage_received              98.268    episode_length              190.218  │
│  wins                          0.000    wave                         68.000  │
│  idle_ticks                    1.214    brews_used                    2.494  │
│  blood_healed                  0.000    prayer_correct_rate           0.555  │
│  unavoidable_off_praye…        0.083    brews_remaining               9.506  │
│  restores_remaining           10.202    prayer_at_death              84.369  │
│  current_ranged              103.218    current_magic                92.441  │
│  behind_shield_pct             0.761    zuk_hp_remaining            296.463  │
│  min_zuk_hp_seen             285.920    hp_restored                   9.146  │
│  zuk_healer_damage             0.720    deaths_to_jad                 0.077  │
│  episode_return_normal         8.224    wins_normal                   0.000  │
│  min_zuk_hp_normal           315.126    score_normal                  0.737  │
│  zuk_objective_normal          0.737    phase_reached_normal          2.449  │
│  death_tick_normal           181.842    frac_min_hp_le_300_no…        0.473  │
╰──────────────────────────────────────────────────────────────────────────────╯

[0;0H╭──────────────────────────────────────────────────────────────────────────────╮
│  PufferLib 4.0         🐡         GPU: 0%      VRAM: 0.5/18G      RAM: 1.0G  │
│                                                                              │
│  Summary          Value    Evaluate   303ms  35%    Losses            Value  │
│  Env       osrs_inferno      GPU      246ms  28%    policy            0.011  │
│  Params          752.1K      Env       57ms   6%    value             0.011  │
│  Steps            43.6M    Train      559ms  64%    entropy           2.269  │
│  SPS             226.2K      Misc       0ms   0%    total             0.013  │
│  Epoch              665      Forwa…     0ms   0%    old_kl            0.007  │
│  Uptime    0d 0h 3m 11s                             kl                0.006  │
│  Remaini…  0d 0h 0m 28s                             clipfrac          0.233  │
│                                                     bc                0.000  │
│                                                                              │
│  User Stats                    Value    User Stats                    Value  │
│  episode_return                8.589    damage_dealt                938.949  │
│  damage_received             100.876    episode_length              190.711  │
│  wins                          0.000    wave                         68.000  │
│  idle_ticks                    1.315    brews_used                    2.603  │
│  blood_healed                  0.000    prayer_correct_rate           0.553  │
│  unavoidable_off_praye…        0.085    brews_remaining               9.397  │
│  restores_remaining           10.167    prayer_at_death              83.930  │
│  current_ranged              103.034    current_magic                92.548  │
│  behind_shield_pct             0.761    zuk_hp_remaining            292.580  │
│  min_zuk_hp_seen             281.092    hp_restored                  10.754  │
│  zuk_healer_damage             0.763    deaths_to_jad                 0.070  │
│  episode_return_normal         8.241    wins_normal                   0.000  │
│  min_zuk_hp_normal           310.151    score_normal                  0.742  │
│  zuk_objective_normal          0.742    phase_reached_normal          2.496  │
│  death_tick_normal           181.994    frac_min_hp_le_300_no…        0.512  │
╰──────────────────────────────────────────────────────────────────────────────╯

[0;0H╭──────────────────────────────────────────────────────────────────────────────╮
│  PufferLib 4.0        🐡          GPU: 0%      VRAM: 0.5/18G      RAM: 1.0G  │
│                                                                              │
│  Summary          Value    Evaluate   302ms  35%    Losses            Value  │
│  Env       osrs_inferno      GPU      246ms  28%    policy           -0.010  │
│  Params          752.1K      Env       56ms   6%    value             0.012  │
│  Steps            43.8M    Train      558ms  64%    entropy           2.248  │
│  SPS             226.7K      Misc       0ms   0%    total            -0.007  │
│  Epoch              668      Forwa…     0ms   0%    old_kl            0.006  │
│  Uptime    0d 0h 3m 12s                             kl                0.007  │
│  Remaini…  0d 0h 0m 27s                             clipfrac          0.229  │
│                                                     bc                0.000  │
│                                                                              │
│  User Stats                    Value    User Stats                    Value  │
│  episode_return                8.549    damage_dealt                934.078  │
│  damage_received              99.086    episode_length              190.449  │
│  wins                          0.000    wave                         68.000  │
│  idle_ticks                    1.364    brews_used                    2.521  │
│  blood_healed                  0.000    prayer_correct_rate           0.555  │
│  unavoidable_off_praye…        0.087    brews_remaining               9.479  │
│  restores_remaining           10.208    prayer_at_death              83.864  │
│  current_ranged              102.515    current_magic                92.052  │
│  behind_shield_pct             0.761    zuk_hp_remaining            297.036  │
│  min_zuk_hp_seen             286.209    hp_restored                   9.813  │
│  zuk_healer_damage             0.757    deaths_to_jad                 0.078  │
│  episode_return_normal         8.217    wins_normal                   0.000  │
│  min_zuk_hp_normal           314.777    score_normal                  0.738  │
│  zuk_objective_normal          0.738    phase_reached_normal          2.457  │
│  death_tick_normal           181.905    frac_min_hp_le_300_no…        0.477  │
╰──────────────────────────────────────────────────────────────────────────────╯

[0;0H╭──────────────────────────────────────────────────────────────────────────────╮
│  PufferLib 4.0       🐡           GPU: 0%      VRAM: 0.5/18G      RAM: 1.0G  │
│                                                                              │
│  Summary          Value    Evaluate   303ms  35%    Losses            Value  │
│  Env       osrs_inferno      GPU      247ms  28%    policy           -0.004  │
│  Params          752.1K      Env       56ms   6%    value             0.012  │
│  Steps            44.0M    Train      557ms  64%    entropy           2.239  │
│  SPS             226.5K      Misc       0ms   0%    total            -0.001  │
│  Epoch              671      Forwa…     0ms   0%    old_kl            0.007  │
│  Uptime    0d 0h 3m 13s                             kl                0.006  │
│  Remaini…  0d 0h 0m 26s                             clipfrac          0.229  │
│                                                     bc                0.000  │
│                                                                              │
│  User Stats                    Value    User Stats                    Value  │
│  episode_return                8.531    damage_dealt                932.035  │
│  damage_received              94.173    episode_length              191.615  │
│  wins                          0.000    wave                         68.000  │
│  idle_ticks                    1.329    brews_used                    2.324  │
│  blood_healed                  0.000    prayer_correct_rate           0.556  │
│  unavoidable_off_praye…        0.086    brews_remaining               9.676  │
│  restores_remaining           10.246    prayer_at_death              83.729  │
│  current_ranged              103.093    current_magic                92.427  │
│  behind_shield_pct             0.762    zuk_hp_remaining            298.977  │
│  min_zuk_hp_seen             287.974    hp_restored                   9.744  │
│  zuk_healer_damage             0.878    deaths_to_jad                 0.081  │
│  episode_return_normal         8.244    wins_normal                   0.000  │
│  min_zuk_hp_normal           312.225    score_normal                  0.740  │
│  zuk_objective_normal          0.740    phase_reached_normal          2.485  │
│  death_tick_normal           184.043    frac_min_hp_le_300_no…        0.502  │
╰──────────────────────────────────────────────────────────────────────────────╯

[0;0H╭──────────────────────────────────────────────────────────────────────────────╮
│  PufferLib 4.0      🐡            GPU: 0%      VRAM: 0.5/18G      RAM: 1.0G  │
│                                                                              │
│  Summary          Value    Evaluate   301ms  35%    Losses            Value  │
│  Env       osrs_inferno      GPU      245ms  28%    policy           -0.004  │
│  Params          752.1K      Env       56ms   6%    value             0.010  │
│  Steps            44.2M    Train      556ms  64%    entropy           2.244  │
│  SPS             227.4K      Misc       0ms   0%    total            -0.002  │
│  Epoch              674      Forwa…     0ms   0%    old_kl            0.006  │
│  Uptime    0d 0h 3m 14s                             kl                0.006  │
│  Remaini…  0d 0h 0m 25s                             clipfrac          0.232  │
│                                                     bc                0.000  │
│                                                                              │
│  User Stats                    Value    User Stats                    Value  │
│  episode_return                8.537    damage_dealt                933.144  │
│  damage_received              94.081    episode_length              190.599  │
│  wins                          0.000    wave                         68.000  │
│  idle_ticks                    1.352    brews_used                    2.322  │
│  blood_healed                  0.000    prayer_correct_rate           0.556  │
│  unavoidable_off_praye…        0.081    brews_remaining               9.678  │
│  restores_remaining           10.229    prayer_at_death              84.482  │
│  current_ranged              103.031    current_magic                92.506  │
│  behind_shield_pct             0.763    zuk_hp_remaining            298.072  │
│  min_zuk_hp_seen             287.239    hp_restored                   9.727  │
│  zuk_healer_damage             0.808    deaths_to_jad                 0.085  │
│  episode_return_normal         8.280    wins_normal                   0.000  │
│  min_zuk_hp_normal           308.602    score_normal                  0.743  │
│  zuk_objective_normal          0.743    phase_reached_normal          2.473  │
│  death_tick_normal           183.159    frac_min_hp_le_300_no…        0.483  │
╰──────────────────────────────────────────────────────────────────────────────╯

[0;0H╭──────────────────────────────────────────────────────────────────────────────╮
│  PufferLib 4.0     🐡             GPU: 0%      VRAM: 0.5/18G      RAM: 1.0G  │
│                                                                              │
│  Summary          Value    Evaluate   303ms  35%    Losses            Value  │
│  Env       osrs_inferno      GPU      247ms  28%    policy            0.015  │
│  Params          752.1K      Env       56ms   6%    value             0.010  │
│  Steps            44.4M    Train      558ms  64%    entropy           2.237  │
│  SPS             226.3K      Misc       0ms   0%    total             0.017  │
│  Epoch              677      Forwa…     0ms   0%    old_kl            0.007  │
│  Uptime    0d 0h 3m 15s                             kl                0.007  │
│  Remaini…  0d 0h 0m 24s                             clipfrac          0.232  │
│                                                     bc                0.000  │
│                                                                              │
│  User Stats                    Value    User Stats                    Value  │
│  episode_return                8.559    damage_dealt                935.728  │
│  damage_received              95.961    episode_length              190.843  │
│  wins                          0.000    wave                         68.000  │
│  idle_ticks                    1.301    brews_used                    2.419  │
│  blood_healed                  0.000    prayer_correct_rate           0.556  │
│  unavoidable_off_praye…        0.083    brews_remaining               9.581  │
│  restores_remaining           10.197    prayer_at_death              84.197  │
│  current_ranged              103.150    current_magic                92.670  │
│  behind_shield_pct             0.760    zuk_hp_remaining            295.751  │
│  min_zuk_hp_seen             284.387    hp_restored                  10.340  │
│  zuk_healer_damage             0.601    deaths_to_jad                 0.078  │
│  episode_return_normal         8.269    wins_normal                   0.000  │
│  min_zuk_hp_normal           308.576    score_normal                  0.743  │
│  zuk_objective_normal          0.743    phase_reached_normal          2.496  │
│  death_tick_normal           183.454    frac_min_hp_le_300_no…        0.501  │
╰──────────────────────────────────────────────────────────────────────────────╯

[0;0H╭──────────────────────────────────────────────────────────────────────────────╮
│  PufferLib 4.0    🐡              GPU: 0%      VRAM: 0.5/18G      RAM: 1.0G  │
│                                                                              │
│  Summary          Value    Evaluate   302ms  35%    Losses            Value  │
│  Env       osrs_inferno      GPU      246ms  28%    policy           -0.021  │
│  Params          752.1K      Env       56ms   6%    value             0.009  │
│  Steps            44.6M    Train      559ms  64%    entropy           2.227  │
│  SPS             226.3K      Misc       0ms   0%    total            -0.020  │
│  Epoch              680      Forwa…     0ms   0%    old_kl            0.006  │
│  Uptime    0d 0h 3m 16s                             kl                0.006  │
│  Remaini…  0d 0h 0m 24s                             clipfrac          0.231  │
│                                                     bc                0.000  │
│                                                                              │
│  User Stats                    Value    User Stats                    Value  │
│  episode_return                8.610    damage_dealt                937.818  │
│  damage_received              98.471    episode_length              191.605  │
│  wins                          0.000    wave                         68.000  │
│  idle_ticks                    1.215    brews_used                    2.449  │
│  blood_healed                  0.000    prayer_correct_rate           0.557  │
│  unavoidable_off_praye…        0.083    brews_remaining               9.551  │
│  restores_remaining           10.172    prayer_at_death              84.598  │
│  current_ranged              103.127    current_magic                92.503  │
│  behind_shield_pct             0.758    zuk_hp_remaining            291.338  │
│  min_zuk_hp_seen             280.761    hp_restored                   9.029  │
│  zuk_healer_damage             0.622    deaths_to_jad                 0.085  │
│  episode_return_normal         8.341    wins_normal                   0.000  │
│  min_zuk_hp_normal           303.235    score_normal                  0.747  │
│  zuk_objective_normal          0.747    phase_reached_normal          2.501  │
│  death_tick_normal           183.448    frac_min_hp_le_300_no…        0.507  │
╰──────────────────────────────────────────────────────────────────────────────╯

[0;0H╭──────────────────────────────────────────────────────────────────────────────╮
│  PufferLib 4.0   🐡               GPU: 0%      VRAM: 0.5/18G      RAM: 1.0G  │
│                                                                              │
│  Summary          Value    Evaluate   302ms  35%    Losses            Value  │
│  Env       osrs_inferno      GPU      246ms  28%    policy            0.002  │
│  Params          752.1K      Env       56ms   6%    value             0.009  │
│  Steps            44.8M    Train      557ms  64%    entropy           2.213  │
│  SPS             226.8K      Misc       0ms   0%    total             0.003  │
│  Epoch              683      Forwa…     0ms   0%    old_kl            0.007  │
│  Uptime    0d 0h 3m 16s                             kl                0.006  │
│  Remaini…  0d 0h 0m 23s                             clipfrac          0.234  │
│                                                     bc                0.000  │
│                                                                              │
│  User Stats                    Value    User Stats                    Value  │
│  episode_return                8.554    damage_dealt                934.110  │
│  damage_received              96.873    episode_length              190.924  │
│  wins                          0.000    wave                         68.000  │
│  idle_ticks                    1.210    brews_used                    2.383  │
│  blood_healed                  0.000    prayer_correct_rate           0.556  │
│  unavoidable_off_praye…        0.089    brews_remaining               9.617  │
│  restores_remaining           10.219    prayer_at_death              83.825  │
│  current_ranged              103.075    current_magic                92.332  │
│  behind_shield_pct             0.759    zuk_hp_remaining            296.066  │
│  min_zuk_hp_seen             285.558    hp_restored                   9.852  │
│  zuk_healer_damage             0.843    deaths_to_jad                 0.083  │
│  episode_return_normal         8.282    wins_normal                   0.000  │
│  min_zuk_hp_normal           308.208    score_normal                  0.743  │
│  zuk_objective_normal          0.743    phase_reached_normal          2.491  │
│  death_tick_normal           183.043    frac_min_hp_le_300_no…        0.498  │
╰──────────────────────────────────────────────────────────────────────────────╯

[0;0H╭──────────────────────────────────────────────────────────────────────────────╮
│  PufferLib 4.0  🐡                GPU: 0%      VRAM: 0.5/18G      RAM: 1.0G  │
│                                                                              │
│  Summary          Value    Evaluate   304ms  35%    Losses            Value  │
│  Env       osrs_inferno      GPU      247ms  28%    policy           -0.007  │
│  Params          752.1K      Env       56ms   6%    value             0.009  │
│  Steps            45.0M    Train      557ms  64%    entropy           2.179  │
│  SPS             226.5K      Misc       0ms   0%    total            -0.006  │
│  Epoch              686      Forwa…     0ms   0%    old_kl            0.007  │
│  Uptime    0d 0h 3m 17s                             kl                0.007  │
│  Remaini…  0d 0h 0m 22s                             clipfrac          0.220  │
│                                                     bc                0.000  │
│                                                                              │
│  User Stats                    Value    User Stats                    Value  │
│  episode_return                8.602    damage_dealt                938.435  │
│  damage_received              99.449    episode_length              191.761  │
│  wins                          0.000    wave                         68.000  │
│  idle_ticks                    1.231    brews_used                    2.542  │
│  blood_healed                  0.000    prayer_correct_rate           0.557  │
│  unavoidable_off_praye…        0.083    brews_remaining               9.458  │
│  restores_remaining           10.097    prayer_at_death              85.004  │
│  current_ranged              103.591    current_magic                93.229  │
│  behind_shield_pct             0.755    zuk_hp_remaining            291.400  │
│  min_zuk_hp_seen             280.898    hp_restored                   9.624  │
│  zuk_healer_damage             0.793    deaths_to_jad                 0.086  │
│  episode_return_normal         8.292    wins_normal                   0.000  │
│  min_zuk_hp_normal           306.564    score_normal                  0.745  │
│  zuk_objective_normal          0.745    phase_reached_normal          2.473  │
│  death_tick_normal           183.626    frac_min_hp_le_300_no…        0.485  │
╰──────────────────────────────────────────────────────────────────────────────╯

[0;0H╭──────────────────────────────────────────────────────────────────────────────╮
│  PufferLib 4.0 🐡                 GPU: 0%      VRAM: 0.5/18G      RAM: 1.0G  │
│                                                                              │
│  Summary          Value    Evaluate   302ms  35%    Losses            Value  │
│  Env       osrs_inferno      GPU      246ms  28%    policy            0.003  │
│  Params          752.1K      Env       56ms   6%    value             0.009  │
│  Steps            45.2M    Train      557ms  64%    entropy           2.183  │
│  SPS             226.9K      Misc       0ms   0%    total             0.004  │
│  Epoch              689      Forwa…     0ms   0%    old_kl            0.006  │
│  Uptime    0d 0h 3m 18s                             kl                0.006  │
│  Remaini…  0d 0h 0m 21s                             clipfrac          0.223  │
│                                                     bc                0.000  │
│                                                                              │
│  User Stats                    Value    User Stats                    Value  │
│  episode_return                8.581    damage_dealt                936.924  │
│  damage_received              97.173    episode_length              191.094  │
│  wins                          0.000    wave                         68.000  │
│  idle_ticks                    1.252    brews_used                    2.399  │
│  blood_healed                  0.000    prayer_correct_rate           0.556  │
│  unavoidable_off_praye…        0.088    brews_remaining               9.601  │
│  restores_remaining           10.181    prayer_at_death              84.118  │
│  current_ranged              102.952    current_magic                92.445  │
│  behind_shield_pct             0.759    zuk_hp_remaining            292.783  │
│  min_zuk_hp_seen             283.300    hp_restored                   9.268  │
│  zuk_healer_damage             0.775    deaths_to_jad                 0.079  │
│  episode_return_normal         8.283    wins_normal                   0.000  │
│  min_zuk_hp_normal           308.691    score_normal                  0.743  │
│  zuk_objective_normal          0.743    phase_reached_normal          2.488  │
│  death_tick_normal           183.370    frac_min_hp_le_300_no…        0.496  │
╰──────────────────────────────────────────────────────────────────────────────╯

[0;0H╭──────────────────────────────────────────────────────────────────────────────╮
│  PufferLib 4.0          🐡        GPU: 0%      VRAM: 0.5/18G      RAM: 1.0G  │
│                                                                              │
│  Summary          Value    Evaluate   302ms  35%    Losses            Value  │
│  Env       osrs_inferno      GPU      246ms  28%    policy            0.003  │
│  Params          752.1K      Env       56ms   6%    value             0.009  │
│  Steps            45.4M    Train      559ms  64%    entropy           2.175  │
│  SPS             226.4K      Misc       0ms   0%    total             0.004  │
│  Epoch              692      Forwa…     0ms   0%    old_kl            0.006  │
│  Uptime    0d 0h 3m 19s                             kl                0.006  │
│  Remaini…  0d 0h 0m 20s                             clipfrac          0.222  │
│                                                     bc                0.000  │
│                                                                              │
│  User Stats                    Value    User Stats                    Value  │
│  episode_return                8.602    damage_dealt                939.448  │
│  damage_received              96.991    episode_length              191.642  │
│  wins                          0.000    wave                         68.000  │
│  idle_ticks                    1.223    brews_used                    2.413  │
│  blood_healed                  0.000    prayer_correct_rate           0.558  │
│  unavoidable_off_praye…        0.080    brews_remaining               9.587  │
│  restores_remaining           10.161    prayer_at_death              84.556  │
│  current_ranged              103.868    current_magic                93.026  │
│  behind_shield_pct             0.755    zuk_hp_remaining            291.151  │
│  min_zuk_hp_seen             281.039    hp_restored                   9.531  │
│  zuk_healer_damage             0.738    deaths_to_jad                 0.091  │
│  episode_return_normal         8.291    wins_normal                   0.000  │
│  min_zuk_hp_normal           307.735    score_normal                  0.744  │
│  zuk_objective_normal          0.744    phase_reached_normal          2.493  │
│  death_tick_normal           183.334    frac_min_hp_le_300_no…        0.502  │
╰──────────────────────────────────────────────────────────────────────────────╯

[0;0H╭──────────────────────────────────────────────────────────────────────────────╮
│  PufferLib 4.0         🐡         GPU: 0%      VRAM: 0.5/18G      RAM: 1.0G  │
│                                                                              │
│  Summary          Value    Evaluate   303ms  35%    Losses            Value  │
│  Env       osrs_inferno      GPU      246ms  28%    policy           -0.007  │
│  Params          752.1K      Env       56ms   6%    value             0.009  │
│  Steps            45.5M    Train      556ms  64%    entropy           2.160  │
│  SPS             227.0K      Misc       0ms   0%    total            -0.006  │
│  Epoch              695      Forwa…     0ms   0%    old_kl            0.008  │
│  Uptime    0d 0h 3m 20s                             kl                0.008  │
│  Remaini…  0d 0h 0m 19s                             clipfrac          0.228  │
│                                                     bc                0.000  │
│                                                                              │
│  User Stats                    Value    User Stats                    Value  │
│  episode_return                8.601    damage_dealt                936.982  │
│  damage_received              97.961    episode_length              191.686  │
│  wins                          0.000    wave                         68.000  │
│  idle_ticks                    1.139    brews_used                    2.334  │
│  blood_healed                  0.000    prayer_correct_rate           0.557  │
│  unavoidable_off_praye…        0.089    brews_remaining               9.666  │
│  restores_remaining           10.179    prayer_at_death              84.646  │
│  current_ranged              103.870    current_magic                93.024  │
│  behind_shield_pct             0.760    zuk_hp_remaining            291.447  │
│  min_zuk_hp_seen             282.671    hp_restored                   7.838  │
│  zuk_healer_damage             0.533    deaths_to_jad                 0.079  │
│  episode_return_normal         8.276    wins_normal                   0.000  │
│  min_zuk_hp_normal           311.245    score_normal                  0.741  │
│  zuk_objective_normal          0.741    phase_reached_normal          2.472  │
│  death_tick_normal           183.843    frac_min_hp_le_300_no…        0.484  │
╰──────────────────────────────────────────────────────────────────────────────╯

[0;0H╭──────────────────────────────────────────────────────────────────────────────╮
│  PufferLib 4.0        🐡          GPU: 0%      VRAM: 0.5/18G      RAM: 1.0G  │
│                                                                              │
│  Summary          Value    Evaluate   302ms  35%    Losses            Value  │
│  Env       osrs_inferno      GPU      246ms  28%    policy            0.006  │
│  Params          752.1K      Env       56ms   6%    value             0.009  │
│  Steps            45.7M    Train      560ms  64%    entropy           2.146  │
│  SPS             226.0K      Misc       0ms   0%    total             0.007  │
│  Epoch              698      Forwa…     0ms   0%    old_kl            0.007  │
│  Uptime    0d 0h 3m 21s                             kl                0.007  │
│  Remaini…  0d 0h 0m 18s                             clipfrac          0.219  │
│                                                     bc                0.000  │
│                                                                              │
│  User Stats                    Value    User Stats                    Value  │
│  episode_return                8.602    damage_dealt                938.129  │
│  damage_received              98.888    episode_length              191.741  │
│  wins                          0.000    wave                         68.000  │
│  idle_ticks                    1.078    brews_used                    2.433  │
│  blood_healed                  0.000    prayer_correct_rate           0.558  │
│  unavoidable_off_praye…        0.088    brews_remaining               9.567  │
│  restores_remaining           10.141    prayer_at_death              84.611  │
│  current_ranged              103.162    current_magic                92.642  │
│  behind_shield_pct             0.759    zuk_hp_remaining            290.832  │
│  min_zuk_hp_seen             282.417    hp_restored                   7.970  │
│  zuk_healer_damage             0.605    deaths_to_jad                 0.065  │
│  episode_return_normal         8.257    wins_normal                   0.000  │
│  min_zuk_hp_normal           312.944    score_normal                  0.739  │
│  zuk_objective_normal          0.739    phase_reached_normal          2.464  │
│  death_tick_normal           184.205    frac_min_hp_le_300_no…        0.469  │
╰──────────────────────────────────────────────────────────────────────────────╯

[0;0H╭──────────────────────────────────────────────────────────────────────────────╮
│  PufferLib 4.0       🐡           GPU: 0%      VRAM: 0.5/18G      RAM: 1.0G  │
│                                                                              │
│  Summary          Value    Evaluate   301ms  35%    Losses            Value  │
│  Env       osrs_inferno      GPU      246ms  28%    policy           -0.009  │
│  Params          752.1K      Env       55ms   6%    value             0.008  │
│  Steps            45.9M    Train      557ms  64%    entropy           2.167  │
│  SPS             227.0K      Misc       0ms   0%    total            -0.009  │
│  Epoch              701      Forwa…     0ms   0%    old_kl            0.007  │
│  Uptime    0d 0h 3m 22s                             kl                0.007  │
│  Remaini…  0d 0h 0m 17s                             clipfrac          0.220  │
│                                                     bc                0.000  │
│                                                                              │
│  User Stats                    Value    User Stats                    Value  │
│  episode_return                8.642    damage_dealt                943.746  │
│  damage_received              99.836    episode_length              191.594  │
│  wins                          0.000    wave                         68.000  │
│  idle_ticks                    1.139    brews_used                    2.457  │
│  blood_healed                  0.000    prayer_correct_rate           0.556  │
│  unavoidable_off_praye…        0.089    brews_remaining               9.543  │
│  restores_remaining           10.125    prayer_at_death              84.572  │
│  current_ranged              103.210    current_magic                92.878  │
│  behind_shield_pct             0.759    zuk_hp_remaining            287.298  │
│  min_zuk_hp_seen             277.078    hp_restored                   9.425  │
│  zuk_healer_damage             0.671    deaths_to_jad                 0.073  │
│  episode_return_normal         8.313    wins_normal                   0.000  │
│  min_zuk_hp_normal           305.177    score_normal                  0.746  │
│  zuk_objective_normal          0.746    phase_reached_normal          2.487  │
│  death_tick_normal           183.708    frac_min_hp_le_300_no…        0.493  │
╰──────────────────────────────────────────────────────────────────────────────╯

[0;0H╭──────────────────────────────────────────────────────────────────────────────╮
│  PufferLib 4.0      🐡            GPU: 0%      VRAM: 0.5/18G      RAM: 1.0G  │
│                                                                              │
│  Summary          Value    Evaluate   301ms  35%    Losses            Value  │
│  Env       osrs_inferno      GPU      245ms  28%    policy           -0.008  │
│  Params          752.1K      Env       56ms   6%    value             0.008  │
│  Steps            46.1M    Train      557ms  64%    entropy           2.137  │
│  SPS             227.1K      Misc       0ms   0%    total            -0.007  │
│  Epoch              704      Forwa…     0ms   0%    old_kl            0.007  │
│  Uptime    0d 0h 3m 23s                             kl                0.006  │
│  Remaini…  0d 0h 0m 17s                             clipfrac          0.215  │
│                                                     bc                0.000  │
│                                                                              │
│  User Stats                    Value    User Stats                    Value  │
│  episode_return                8.629    damage_dealt                941.791  │
│  damage_received              94.978    episode_length              190.525  │
│  wins                          0.000    wave                         68.000  │
│  idle_ticks                    1.070    brews_used                    2.336  │
│  blood_healed                  0.000    prayer_correct_rate           0.556  │
│  unavoidable_off_praye…        0.083    brews_remaining               9.664  │
│  restores_remaining           10.134    prayer_at_death              85.019  │
│  current_ranged              103.756    current_magic                93.418  │
│  behind_shield_pct             0.761    zuk_hp_remaining            288.527  │
│  min_zuk_hp_seen             279.016    hp_restored                   8.909  │
│  zuk_healer_damage             0.606    deaths_to_jad                 0.075  │
│  episode_return_normal         8.352    wins_normal                   0.000  │
│  min_zuk_hp_normal           302.518    score_normal                  0.748  │
│  zuk_objective_normal          0.748    phase_reached_normal          2.517  │
│  death_tick_normal           183.414    frac_min_hp_le_300_no…        0.524  │
╰──────────────────────────────────────────────────────────────────────────────╯

[0;0H╭──────────────────────────────────────────────────────────────────────────────╮
│  PufferLib 4.0     🐡             GPU: 0%      VRAM: 0.5/18G      RAM: 1.0G  │
│                                                                              │
│  Summary          Value    Evaluate   300ms  35%    Losses            Value  │
│  Env       osrs_inferno      GPU      245ms  28%    policy            0.006  │
│  Params          752.1K      Env       55ms   6%    value             0.011  │
│  Steps            46.3M    Train      558ms  64%    entropy           2.119  │
│  SPS             227.2K      Misc       0ms   0%    total             0.008  │
│  Epoch              707      Forwa…     0ms   0%    old_kl            0.007  │
│  Uptime    0d 0h 3m 23s                             kl                0.006  │
│  Remaini…  0d 0h 0m 16s                             clipfrac          0.217  │
│                                                     bc                0.000  │
│                                                                              │
│  User Stats                    Value    User Stats                    Value  │
│  episode_return                8.575    damage_dealt                937.639  │
│  damage_received              93.033    episode_length              190.758  │
│  wins                          0.000    wave                         68.000  │
│  idle_ticks                    1.196    brews_used                    2.293  │
│  blood_healed                  0.000    prayer_correct_rate           0.555  │
│  unavoidable_off_praye…        0.088    brews_remaining               9.707  │
│  restores_remaining           10.140    prayer_at_death              85.026  │
│  current_ranged              103.333    current_magic                93.172  │
│  behind_shield_pct             0.763    zuk_hp_remaining            293.385  │
│  min_zuk_hp_seen             284.008    hp_restored                   9.225  │
│  zuk_healer_damage             0.649    deaths_to_jad                 0.079  │
│  episode_return_normal         8.245    wins_normal                   0.000  │
│  min_zuk_hp_normal           312.962    score_normal                  0.739  │
│  zuk_objective_normal          0.739    phase_reached_normal          2.469  │
│  death_tick_normal           184.012    frac_min_hp_le_300_no…        0.484  │
╰──────────────────────────────────────────────────────────────────────────────╯

[0;0H╭──────────────────────────────────────────────────────────────────────────────╮
│  PufferLib 4.0    🐡              GPU: 0%      VRAM: 0.5/18G      RAM: 1.0G  │
│                                                                              │
│  Summary          Value    Evaluate   294ms  34%    Losses            Value  │
│  Env       osrs_inferno      GPU      240ms  28%    policy            0.011  │
│  Params          752.1K      Env       54ms   6%    value             0.009  │
│  Steps            46.5M    Train      557ms  65%    entropy           2.116  │
│  SPS             229.0K      Misc       0ms   0%    total             0.012  │
│  Epoch              710      Forwa…     0ms   0%    old_kl            0.006  │
│  Uptime    0d 0h 3m 24s                             kl                0.006  │
│  Remaini…  0d 0h 0m 15s                             clipfrac          0.215  │
│                                                     bc                0.000  │
│                                                                              │
│  User Stats                    Value    User Stats                    Value  │
│  episode_return                8.624    damage_dealt                940.791  │
│  damage_received              95.903    episode_length              191.328  │
│  wins                          0.000    wave                         68.000  │
│  idle_ticks                    1.039    brews_used                    2.360  │
│  blood_healed                  0.000    prayer_correct_rate           0.558  │
│  unavoidable_off_praye…        0.087    brews_remaining               9.640  │
│  restores_remaining           10.131    prayer_at_death              84.841  │
│  current_ranged              103.375    current_magic                93.075  │
│  behind_shield_pct             0.761    zuk_hp_remaining            288.674  │
│  min_zuk_hp_seen             280.901    hp_restored                   7.307  │
│  zuk_healer_damage             0.657    deaths_to_jad                 0.068  │
│  episode_return_normal         8.311    wins_normal                   0.000  │
│  min_zuk_hp_normal           308.886    score_normal                  0.743  │
│  zuk_objective_normal          0.743    phase_reached_normal          2.476  │
│  death_tick_normal           184.397    frac_min_hp_le_300_no…        0.480  │
╰──────────────────────────────────────────────────────────────────────────────╯

[0;0H╭──────────────────────────────────────────────────────────────────────────────╮
│  PufferLib 4.0   🐡               GPU: 0%      VRAM: 0.5/18G      RAM: 1.0G  │
│                                                                              │
│  Summary          Value    Evaluate   302ms  35%    Losses            Value  │
│  Env       osrs_inferno      GPU      246ms  28%    policy            0.002  │
│  Params          752.1K      Env       55ms   6%    value             0.010  │
│  Steps            46.7M    Train      557ms  64%    entropy           2.085  │
│  SPS             226.9K      Misc       0ms   0%    total             0.004  │
│  Epoch              713      Forwa…     0ms   0%    old_kl            0.006  │
│  Uptime    0d 0h 3m 25s                             kl                0.006  │
│  Remaini…  0d 0h 0m 14s                             clipfrac          0.222  │
│                                                     bc                0.000  │
│                                                                              │
│  User Stats                    Value    User Stats                    Value  │
│  episode_return                8.574    damage_dealt                935.793  │
│  damage_received              94.774    episode_length              191.160  │
│  wins                          0.000    wave                         68.000  │
│  idle_ticks                    1.118    brews_used                    2.250  │
│  blood_healed                  0.000    prayer_correct_rate           0.559  │
│  unavoidable_off_praye…        0.087    brews_remaining               9.750  │
│  restores_remaining           10.165    prayer_at_death              85.053  │
│  current_ranged              103.823    current_magic                93.253  │
│  behind_shield_pct             0.760    zuk_hp_remaining            293.908  │
│  min_zuk_hp_seen             285.501    hp_restored                   7.972  │
│  zuk_healer_damage             0.669    deaths_to_jad                 0.071  │
│  episode_return_normal         8.235    wins_normal                   0.000  │
│  min_zuk_hp_normal           315.964    score_normal                  0.737  │
│  zuk_objective_normal          0.737    phase_reached_normal          2.450  │
│  death_tick_normal           183.954    frac_min_hp_le_300_no…        0.471  │
╰──────────────────────────────────────────────────────────────────────────────╯

[0;0H╭──────────────────────────────────────────────────────────────────────────────╮
│  PufferLib 4.0  🐡                GPU: 0%      VRAM: 0.5/18G      RAM: 1.0G  │
│                                                                              │
│  Summary          Value    Evaluate   301ms  35%    Losses            Value  │
│  Env       osrs_inferno      GPU      246ms  28%    policy            0.015  │
│  Params          752.1K      Env       55ms   6%    value             0.013  │
│  Steps            46.9M    Train      558ms  64%    entropy           2.052  │
│  SPS             226.8K      Misc       0ms   0%    total             0.018  │
│  Epoch              716      Forwa…     0ms   0%    old_kl            0.006  │
│  Uptime    0d 0h 3m 26s                             kl                0.006  │
│  Remaini…  0d 0h 0m 13s                             clipfrac          0.221  │
│                                                     bc                0.000  │
│                                                                              │
│  User Stats                    Value    User Stats                    Value  │
│  episode_return                8.594    damage_dealt                938.185  │
│  damage_received              92.514    episode_length              190.545  │
│  wins                          0.000    wave                         68.000  │
│  idle_ticks                    1.100    brews_used                    2.164  │
│  blood_healed                  0.000    prayer_correct_rate           0.555  │
│  unavoidable_off_praye…        0.091    brews_remaining               9.836  │
│  restores_remaining           10.202    prayer_at_death              84.522  │
│  current_ranged              103.940    current_magic                93.314  │
│  behind_shield_pct             0.765    zuk_hp_remaining            291.888  │
│  min_zuk_hp_seen             283.011    hp_restored                   8.856  │
│  zuk_healer_damage             0.746    deaths_to_jad                 0.086  │
│  episode_return_normal         8.234    wins_normal                   0.000  │
│  min_zuk_hp_normal           315.292    score_normal                  0.737  │
│  zuk_objective_normal          0.737    phase_reached_normal          2.459  │
│  death_tick_normal           183.418    frac_min_hp_le_300_no…        0.481  │
╰──────────────────────────────────────────────────────────────────────────────╯

[0;0H╭──────────────────────────────────────────────────────────────────────────────╮
│  PufferLib 4.0 🐡                 GPU: 0%      VRAM: 0.5/18G      RAM: 1.0G  │
│                                                                              │
│  Summary          Value    Evaluate   301ms  34%    Losses            Value  │
│  Env       osrs_inferno      GPU      245ms  28%    policy           -0.008  │
│  Params          752.1K      Env       55ms   6%    value             0.018  │
│  Steps            47.1M    Train      558ms  65%    entropy           2.070  │
│  SPS             226.9K      Misc       0ms   0%    total            -0.002  │
│  Epoch              719      Forwa…     0ms   0%    old_kl            0.007  │
│  Uptime    0d 0h 3m 27s                             kl                0.007  │
│  Remaini…  0d 0h 0m 12s                             clipfrac          0.227  │
│                                                     bc                0.000  │
│                                                                              │
│  User Stats                    Value    User Stats                    Value  │
│  episode_return                8.529    damage_dealt                930.148  │
│  damage_received              94.357    episode_length              188.613  │
│  wins                          0.000    wave                         68.000  │
│  idle_ticks                    1.162    brews_used                    2.318  │
│  blood_healed                  0.000    prayer_correct_rate           0.557  │
│  unavoidable_off_praye…        0.085    brews_remaining               9.682  │
│  restores_remaining           10.173    prayer_at_death              85.156  │
│  current_ranged              104.195    current_magic                93.722  │
│  behind_shield_pct             0.760    zuk_hp_remaining            300.016  │
│  min_zuk_hp_seen             289.901    hp_restored                   8.974  │
│  zuk_healer_damage             0.683    deaths_to_jad                 0.077  │
│  episode_return_normal         8.156    wins_normal                   0.000  │
│  min_zuk_hp_normal           323.555    score_normal                  0.730  │
│  zuk_objective_normal          0.730    phase_reached_normal          2.438  │
│  death_tick_normal           180.176    frac_min_hp_le_300_no…        0.485  │
╰──────────────────────────────────────────────────────────────────────────────╯

[0;0H╭──────────────────────────────────────────────────────────────────────────────╮
│  PufferLib 4.0          🐡        GPU: 0%      VRAM: 0.5/18G      RAM: 1.0G  │
│                                                                              │
│  Summary          Value    Evaluate   301ms  35%    Losses            Value  │
│  Env       osrs_inferno      GPU      246ms  28%    policy           -0.008  │
│  Params          752.1K      Env       55ms   6%    value             0.018  │
│  Steps            47.3M    Train      558ms  64%    entropy           2.045  │
│  SPS             226.9K      Misc       0ms   0%    total            -0.002  │
│  Epoch              722      Forwa…     0ms   0%    old_kl            0.010  │
│  Uptime    0d 0h 3m 28s                             kl                0.008  │
│  Remaini…  0d 0h 0m 11s                             clipfrac          0.217  │
│                                                     bc                0.000  │
│                                                                              │
│  User Stats                    Value    User Stats                    Value  │
│  episode_return                8.543    damage_dealt                928.862  │
│  damage_received              94.388    episode_length              187.831  │
│  wins                          0.000    wave                         68.000  │
│  idle_ticks                    1.126    brews_used                    2.383  │
│  blood_healed                  0.000    prayer_correct_rate           0.558  │
│  unavoidable_off_praye…        0.083    brews_remaining               9.617  │
│  restores_remaining           10.139    prayer_at_death              85.678  │
│  current_ranged              104.025    current_magic                93.559  │
│  behind_shield_pct             0.759    zuk_hp_remaining            298.160  │
│  min_zuk_hp_seen             290.636    hp_restored                   6.933  │
│  zuk_healer_damage             0.671    deaths_to_jad                 0.070  │
│  episode_return_normal         8.157    wins_normal                   0.000  │
│  min_zuk_hp_normal           326.633    score_normal                  0.728  │
│  zuk_objective_normal          0.728    phase_reached_normal          2.407  │
│  death_tick_normal           179.602    frac_min_hp_le_300_no…        0.461  │
╰──────────────────────────────────────────────────────────────────────────────╯

[0;0H╭──────────────────────────────────────────────────────────────────────────────╮
│  PufferLib 4.0         🐡         GPU: 0%      VRAM: 0.5/18G      RAM: 1.0G  │
│                                                                              │
│  Summary          Value    Evaluate   301ms  34%    Losses            Value  │
│  Env       osrs_inferno      GPU      245ms  28%    policy           -0.003  │
│  Params          752.1K      Env       55ms   6%    value             0.017  │
│  Steps            47.5M    Train      559ms  65%    entropy           2.071  │
│  SPS             226.5K      Misc       0ms   0%    total             0.002  │
│  Epoch              725      Forwa…     0ms   0%    old_kl            0.007  │
│  Uptime    0d 0h 3m 29s                             kl                0.008  │
│  Remaini…  0d 0h 0m 10s                             clipfrac          0.217  │
│                                                     bc                0.000  │
│                                                                              │
│  User Stats                    Value    User Stats                    Value  │
│  episode_return                8.577    damage_dealt                935.913  │
│  damage_received              96.958    episode_length              189.931  │
│  wins                          0.000    wave                         68.000  │
│  idle_ticks                    1.216    brews_used                    2.372  │
│  blood_healed                  0.000    prayer_correct_rate           0.556  │
│  unavoidable_off_praye…        0.089    brews_remaining               9.628  │
│  restores_remaining           10.122    prayer_at_death              85.039  │
│  current_ranged              104.090    current_magic                93.663  │
│  behind_shield_pct             0.759    zuk_hp_remaining            294.843  │
│  min_zuk_hp_seen             284.218    hp_restored                   9.531  │
│  zuk_healer_damage             0.804    deaths_to_jad                 0.074  │
│  episode_return_normal         8.191    wins_normal                   0.000  │
│  min_zuk_hp_normal           318.615    score_normal                  0.734  │
│  zuk_objective_normal          0.734    phase_reached_normal          2.455  │
│  death_tick_normal           181.992    frac_min_hp_le_300_no…        0.484  │
╰──────────────────────────────────────────────────────────────────────────────╯

[0;0H╭──────────────────────────────────────────────────────────────────────────────╮
│  PufferLib 4.0        🐡          GPU: 0%      VRAM: 0.5/18G      RAM: 1.0G  │
│                                                                              │
│  Summary          Value    Evaluate   302ms  35%    Losses            Value  │
│  Env       osrs_inferno      GPU      246ms  28%    policy            0.010  │
│  Params          752.1K      Env       56ms   6%    value             0.017  │
│  Steps            47.7M    Train      558ms  64%    entropy           2.055  │
│  SPS             226.6K      Misc       0ms   0%    total             0.015  │
│  Epoch              728      Forwa…     0ms   0%    old_kl            0.006  │
│  Uptime    0d 0h 3m 29s                             kl                0.006  │
│  Remaini…  0d 0h 0m 10s                             clipfrac          0.219  │
│                                                     bc                0.000  │
│                                                                              │
│  User Stats                    Value    User Stats                    Value  │
│  episode_return                8.545    damage_dealt                930.716  │
│  damage_received              95.488    episode_length              189.648  │
│  wins                          0.000    wave                         68.000  │
│  idle_ticks                    1.064    brews_used                    2.303  │
│  blood_healed                  0.000    prayer_correct_rate           0.557  │
│  unavoidable_off_praye…        0.087    brews_remaining               9.697  │
│  restores_remaining           10.136    prayer_at_death              85.095  │
│  current_ranged              104.347    current_magic                93.862  │
│  behind_shield_pct             0.760    zuk_hp_remaining            297.673  │
│  min_zuk_hp_seen             288.380    hp_restored                   8.612  │
│  zuk_healer_damage             0.728    deaths_to_jad                 0.064  │
│  episode_return_normal         8.155    wins_normal                   0.000  │
│  min_zuk_hp_normal           323.499    score_normal                  0.730  │
│  zuk_objective_normal          0.730    phase_reached_normal          2.433  │
│  death_tick_normal           182.315    frac_min_hp_le_300_no…        0.467  │
╰──────────────────────────────────────────────────────────────────────────────╯

[0;0H╭──────────────────────────────────────────────────────────────────────────────╮
│  PufferLib 4.0       🐡           GPU: 0%      VRAM: 0.5/18G      RAM: 1.0G  │
│                                                                              │
│  Summary          Value    Evaluate   300ms  34%    Losses            Value  │
│  Env       osrs_inferno      GPU      245ms  28%    policy            0.020  │
│  Params          752.1K      Env       55ms   6%    value             0.013  │
│  Steps            47.9M    Train      558ms  65%    entropy           2.042  │
│  SPS             227.0K      Misc       0ms   0%    total             0.024  │
│  Epoch              731      Forwa…     0ms   0%    old_kl            0.007  │
│  Uptime    0d 0h 3m 30s                             kl                0.006  │
│  Remaini…   0d 0h 0m 9s                             clipfrac          0.217  │
│                                                     bc                0.000  │
│                                                                              │
│  User Stats                    Value    User Stats                    Value  │
│  episode_return                8.628    damage_dealt                939.919  │
│  damage_received              97.986    episode_length              190.874  │
│  wins                          0.000    wave                         68.000  │
│  idle_ticks                    1.092    brews_used                    2.361  │
│  blood_healed                  0.000    prayer_correct_rate           0.557  │
│  unavoidable_off_praye…        0.092    brews_remaining               9.639  │
│  restores_remaining           10.117    prayer_at_death              85.071  │
│  current_ranged              104.169    current_magic                93.743  │
│  behind_shield_pct             0.759    zuk_hp_remaining            289.043  │
│  min_zuk_hp_seen             280.367    hp_restored                   7.736  │
│  zuk_healer_damage             0.675    deaths_to_jad                 0.071  │
│  episode_return_normal         8.255    wins_normal                   0.000  │
│  min_zuk_hp_normal           313.691    score_normal                  0.739  │
│  zuk_objective_normal          0.739    phase_reached_normal          2.455  │
│  death_tick_normal           183.743    frac_min_hp_le_300_no…        0.466  │
╰──────────────────────────────────────────────────────────────────────────────╯

[0;0H╭──────────────────────────────────────────────────────────────────────────────╮
│  PufferLib 4.0      🐡            GPU: 0%      VRAM: 0.5/18G      RAM: 1.0G  │
│                                                                              │
│  Summary          Value    Evaluate   301ms  35%    Losses            Value  │
│  Env       osrs_inferno      GPU      244ms  28%    policy           -0.000  │
│  Params          752.1K      Env       56ms   6%    value             0.011  │
│  Steps            48.1M    Train      558ms  64%    entropy           2.033  │
│  SPS             226.8K      Misc       0ms   0%    total             0.002  │
│  Epoch              734      Forwa…     0ms   0%    old_kl            0.007  │
│  Uptime    0d 0h 3m 31s                             kl                0.007  │
│  Remaini…   0d 0h 0m 8s                             clipfrac          0.215  │
│                                                     bc                0.000  │
│                                                                              │
│  User Stats                    Value    User Stats                    Value  │
│  episode_return                8.577    damage_dealt                936.784  │
│  damage_received              92.681    episode_length              190.596  │
│  wins                          0.000    wave                         68.000  │
│  idle_ticks                    1.081    brews_used                    2.128  │
│  blood_healed                  0.000    prayer_correct_rate           0.557  │
│  unavoidable_off_praye…        0.088    brews_remaining               9.872  │
│  restores_remaining           10.237    prayer_at_death              84.234  │
│  current_ranged              104.763    current_magic                93.772  │
│  behind_shield_pct             0.764    zuk_hp_remaining            294.129  │
│  min_zuk_hp_seen             284.069    hp_restored                   9.254  │
│  zuk_healer_damage             0.622    deaths_to_jad                 0.081  │
│  episode_return_normal         8.239    wins_normal                   0.000  │
│  min_zuk_hp_normal           313.683    score_normal                  0.739  │
│  zuk_objective_normal          0.739    phase_reached_normal          2.483  │
│  death_tick_normal           183.552    frac_min_hp_le_300_no…        0.497  │
╰──────────────────────────────────────────────────────────────────────────────╯

[0;0H╭──────────────────────────────────────────────────────────────────────────────╮
│  PufferLib 4.0     🐡             GPU: 0%      VRAM: 0.5/18G      RAM: 1.0G  │
│                                                                              │
│  Summary          Value    Evaluate   303ms  35%    Losses            Value  │
│  Env       osrs_inferno      GPU      247ms  28%    policy            0.016  │
│  Params          752.1K      Env       56ms   6%    value             0.011  │
│  Steps            48.3M    Train      558ms  64%    entropy           2.056  │
│  SPS             226.4K      Misc       0ms   0%    total             0.018  │
│  Epoch              737      Forwa…     0ms   0%    old_kl            0.009  │
│  Uptime    0d 0h 3m 32s                             kl                0.008  │
│  Remaini…   0d 0h 0m 7s                             clipfrac          0.218  │
│                                                     bc                0.000  │
│                                                                              │
│  User Stats                    Value    User Stats                    Value  │
│  episode_return                8.602    damage_dealt                941.411  │
│  damage_received              89.130    episode_length              190.268  │
│  wins                          0.000    wave                         68.000  │
│  idle_ticks                    1.162    brews_used                    1.939  │
│  blood_healed                  0.000    prayer_correct_rate           0.557  │
│  unavoidable_off_praye…        0.090    brews_remaining              10.061  │
│  restores_remaining           10.230    prayer_at_death              84.608  │
│  current_ranged              104.807    current_magic                94.020  │
│  behind_shield_pct             0.765    zuk_hp_remaining            292.281  │
│  min_zuk_hp_seen             280.923    hp_restored                   9.873  │
│  zuk_healer_damage             0.807    deaths_to_jad                 0.082  │
│  episode_return_normal         8.281    wins_normal                   0.000  │
│  min_zuk_hp_normal           309.159    score_normal                  0.742  │
│  zuk_objective_normal          0.742    phase_reached_normal          2.490  │
│  death_tick_normal           184.294    frac_min_hp_le_300_no…        0.500  │
╰──────────────────────────────────────────────────────────────────────────────╯

[0;0H╭──────────────────────────────────────────────────────────────────────────────╮
│  PufferLib 4.0    🐡              GPU: 0%      VRAM: 0.5/18G      RAM: 1.0G  │
│                                                                              │
│  Summary          Value    Evaluate   301ms  35%    Losses            Value  │
│  Env       osrs_inferno      GPU      244ms  28%    policy            0.014  │
│  Params          752.1K      Env       56ms   6%    value             0.013  │
│  Steps            48.5M    Train      558ms  64%    entropy           2.024  │
│  SPS             227.0K      Misc       0ms   0%    total             0.017  │
│  Epoch              740      Forwa…     0ms   0%    old_kl            0.007  │
│  Uptime    0d 0h 3m 33s                             kl                0.006  │
│  Remaini…   0d 0h 0m 6s                             clipfrac          0.217  │
│                                                     bc                0.000  │
│                                                                              │
│  User Stats                    Value    User Stats                    Value  │
│  episode_return                8.626    damage_dealt                940.359  │
│  damage_received              95.273    episode_length              191.063  │
│  wins                          0.000    wave                         68.000  │
│  idle_ticks                    1.167    brews_used                    2.196  │
│  blood_healed                  0.004    prayer_correct_rate           0.557  │
│  unavoidable_off_praye…        0.089    brews_remaining               9.804  │
│  restores_remaining           10.150    prayer_at_death              85.067  │
│  current_ranged              104.951    current_magic                94.257  │
│  behind_shield_pct             0.762    zuk_hp_remaining            289.052  │
│  min_zuk_hp_seen             279.898    hp_restored                   8.603  │
│  zuk_healer_damage             0.799    deaths_to_jad                 0.074  │
│  episode_return_normal         8.278    wins_normal                   0.000  │
│  min_zuk_hp_normal           310.644    score_normal                  0.741  │
│  zuk_objective_normal          0.741    phase_reached_normal          2.484  │
│  death_tick_normal           184.211    frac_min_hp_le_300_no…        0.494  │
╰──────────────────────────────────────────────────────────────────────────────╯

[0;0H╭──────────────────────────────────────────────────────────────────────────────╮
│  PufferLib 4.0   🐡               GPU: 0%      VRAM: 0.5/18G      RAM: 1.0G  │
│                                                                              │
│  Summary          Value    Evaluate   304ms  35%    Losses            Value  │
│  Env       osrs_inferno      GPU      247ms  28%    policy            0.013  │
│  Params          752.1K      Env       56ms   6%    value             0.013  │
│  Steps            48.7M    Train      558ms  64%    entropy           2.015  │
│  SPS             226.2K      Misc       0ms   0%    total             0.017  │
│  Epoch              743      Forwa…     0ms   0%    old_kl            0.007  │
│  Uptime    0d 0h 3m 34s                             kl                0.006  │
│  Remaini…   0d 0h 0m 5s                             clipfrac          0.216  │
│                                                     bc                0.000  │
│                                                                              │
│  User Stats                    Value    User Stats                    Value  │
│  episode_return                8.619    damage_dealt                939.706  │
│  damage_received              92.866    episode_length              190.344  │
│  wins                          0.000    wave                         68.000  │
│  idle_ticks                    1.171    brews_used                    2.162  │
│  blood_healed                  0.000    prayer_correct_rate           0.558  │
│  unavoidable_off_praye…        0.084    brews_remaining               9.838  │
│  restores_remaining           10.197    prayer_at_death              84.527  │
│  current_ranged              105.031    current_magic                94.303  │
│  behind_shield_pct             0.762    zuk_hp_remaining            290.001  │
│  min_zuk_hp_seen             280.227    hp_restored                   8.945  │
│  zuk_healer_damage             0.778    deaths_to_jad                 0.076  │
│  episode_return_normal         8.252    wins_normal                   0.000  │
│  min_zuk_hp_normal           313.048    score_normal                  0.739  │
│  zuk_objective_normal          0.739    phase_reached_normal          2.466  │
│  death_tick_normal           183.239    frac_min_hp_le_300_no…        0.484  │
╰──────────────────────────────────────────────────────────────────────────────╯

[0;0H╭──────────────────────────────────────────────────────────────────────────────╮
│  PufferLib 4.0  🐡                GPU: 0%      VRAM: 0.5/18G      RAM: 1.0G  │
│                                                                              │
│  Summary          Value    Evaluate   302ms  35%    Losses            Value  │
│  Env       osrs_inferno      GPU      246ms  28%    policy           -0.001  │
│  Params          752.1K      Env       56ms   6%    value             0.014  │
│  Steps            48.9M    Train      559ms  64%    entropy           2.024  │
│  SPS             226.4K      Misc       0ms   0%    total             0.003  │
│  Epoch              746      Forwa…     0ms   0%    old_kl            0.007  │
│  Uptime    0d 0h 3m 35s                             kl                0.006  │
│  Remaini…   0d 0h 0m 4s                             clipfrac          0.218  │
│                                                     bc                0.000  │
│                                                                              │
│  User Stats                    Value    User Stats                    Value  │
│  episode_return                8.639    damage_dealt                940.737  │
│  damage_received              99.931    episode_length              191.173  │
│  wins                          0.000    wave                         68.000  │
│  idle_ticks                    1.153    brews_used                    2.453  │
│  blood_healed                  0.000    prayer_correct_rate           0.557  │
│  unavoidable_off_praye…        0.088    brews_remaining               9.547  │
│  restores_remaining           10.141    prayer_at_death              84.411  │
│  current_ranged              104.381    current_magic                93.780  │
│  behind_shield_pct             0.756    zuk_hp_remaining            288.106  │
│  min_zuk_hp_seen             278.831    hp_restored                   8.313  │
│  zuk_healer_damage             0.859    deaths_to_jad                 0.074  │
│  episode_return_normal         8.235    wins_normal                   0.000  │
│  min_zuk_hp_normal           315.035    score_normal                  0.737  │
│  zuk_objective_normal          0.737    phase_reached_normal          2.456  │
│  death_tick_normal           183.514    frac_min_hp_le_300_no…        0.475  │
╰──────────────────────────────────────────────────────────────────────────────╯

[0;0H╭──────────────────────────────────────────────────────────────────────────────╮
│  PufferLib 4.0 🐡                 GPU: 0%      VRAM: 0.5/18G      RAM: 1.0G  │
│                                                                              │
│  Summary          Value    Evaluate   302ms  35%    Losses            Value  │
│  Env       osrs_inferno      GPU      246ms  28%    policy           -0.022  │
│  Params          752.1K      Env       56ms   6%    value             0.012  │
│  Steps            49.1M    Train      558ms  64%    entropy           2.030  │
│  SPS             226.8K      Misc       0ms   0%    total            -0.019  │
│  Epoch              749      Forwa…     0ms   0%    old_kl            0.010  │
│  Uptime    0d 0h 3m 36s                             kl                0.009  │
│  Remaini…   0d 0h 0m 4s                             clipfrac          0.228  │
│                                                     bc                0.000  │
│                                                                              │
│  User Stats                    Value    User Stats                    Value  │
│  episode_return                8.595    damage_dealt                936.001  │
│  damage_received              97.071    episode_length              190.061  │
│  wins                          0.000    wave                         68.000  │
│  idle_ticks                    1.080    brews_used                    2.398  │
│  blood_healed                  0.000    prayer_correct_rate           0.558  │
│  unavoidable_off_praye…        0.090    brews_remaining               9.602  │
│  restores_remaining           10.179    prayer_at_death              84.050  │
│  current_ranged              104.035    current_magic                93.413  │
│  behind_shield_pct             0.755    zuk_hp_remaining            293.109  │
│  min_zuk_hp_seen             283.578    hp_restored                   8.186  │
│  zuk_healer_damage             0.620    deaths_to_jad                 0.072  │
│  episode_return_normal         8.209    wins_normal                   0.000  │
│  min_zuk_hp_normal           318.627    score_normal                  0.734  │
│  zuk_objective_normal          0.734    phase_reached_normal          2.444  │
│  death_tick_normal           182.704    frac_min_hp_le_300_no…        0.466  │
╰──────────────────────────────────────────────────────────────────────────────╯

[0;0H╭──────────────────────────────────────────────────────────────────────────────╮
│  PufferLib 4.0          🐡        GPU: 0%      VRAM: 0.5/18G      RAM: 1.0G  │
│                                                                              │
│  Summary          Value    Evaluate   299ms  34%    Losses            Value  │
│  Env       osrs_inferno      GPU      243ms  28%    policy           -0.022  │
│  Params          752.1K      Env       55ms   6%    value             0.013  │
│  Steps            49.3M    Train      558ms  65%    entropy           2.018  │
│  SPS             227.5K      Misc       0ms   0%    total            -0.018  │
│  Epoch              752      Forwa…     0ms   0%    old_kl            0.006  │
│  Uptime    0d 0h 3m 36s                             kl                0.006  │
│  Remaini…   0d 0h 0m 3s                             clipfrac          0.215  │
│                                                     bc                0.000  │
│                                                                              │
│  User Stats                    Value    User Stats                    Value  │
│  episode_return                8.626    damage_dealt                940.760  │
│  damage_received              96.188    episode_length              190.375  │
│  wins                          0.000    wave                         68.000  │
│  idle_ticks                    1.168    brews_used                    2.352  │
│  blood_healed                  0.000    prayer_correct_rate           0.558  │
│  unavoidable_off_praye…        0.086    brews_remaining               9.648  │
│  restores_remaining           10.174    prayer_at_death              84.383  │
│  current_ranged              104.587    current_magic                94.170  │
│  behind_shield_pct             0.754    zuk_hp_remaining            289.670  │
│  min_zuk_hp_seen             279.679    hp_restored                   9.124  │
│  zuk_healer_damage             0.942    deaths_to_jad                 0.078  │
│  episode_return_normal         8.250    wins_normal                   0.000  │
│  min_zuk_hp_normal           313.449    score_normal                  0.739  │
│  zuk_objective_normal          0.739    phase_reached_normal          2.474  │
│  death_tick_normal           182.318    frac_min_hp_le_300_no…        0.501  │
╰──────────────────────────────────────────────────────────────────────────────╯

[0;0H╭──────────────────────────────────────────────────────────────────────────────╮
│  PufferLib 4.0         🐡         GPU: 0%      VRAM: 0.5/18G      RAM: 1.0G  │
│                                                                              │
│  Summary          Value    Evaluate   303ms  35%    Losses            Value  │
│  Env       osrs_inferno      GPU      247ms  28%    policy            0.008  │
│  Params          752.1K      Env       56ms   6%    value             0.019  │
│  Steps            49.5M    Train      559ms  64%    entropy           2.009  │
│  SPS             226.0K      Misc       0ms   0%    total             0.014  │
│  Epoch              755      Forwa…     0ms   0%    old_kl            0.007  │
│  Uptime    0d 0h 3m 37s                             kl                0.007  │
│  Remaini…   0d 0h 0m 2s                             clipfrac          0.223  │
│                                                     bc                0.000  │
│                                                                              │
│  User Stats                    Value    User Stats                    Value  │
│  episode_return                8.610    damage_dealt                938.547  │
│  damage_received              99.446    episode_length              190.391  │
│  wins                          0.000    wave                         68.000  │
│  idle_ticks                    1.095    brews_used                    2.450  │
│  blood_healed                  0.000    prayer_correct_rate           0.557  │
│  unavoidable_off_praye…        0.088    brews_remaining               9.550  │
│  restores_remaining           10.154    prayer_at_death              84.454  │
│  current_ranged              104.436    current_magic                93.750  │
│  behind_shield_pct             0.754    zuk_hp_remaining            291.169  │
│  min_zuk_hp_seen             282.107    hp_restored                   8.383  │
│  zuk_healer_damage             0.839    deaths_to_jad                 0.077  │
│  episode_return_normal         8.205    wins_normal                   0.000  │
│  min_zuk_hp_normal           318.875    score_normal                  0.734  │
│  zuk_objective_normal          0.734    phase_reached_normal          2.435  │
│  death_tick_normal           182.363    frac_min_hp_le_300_no…        0.467  │
╰──────────────────────────────────────────────────────────────────────────────╯

[0;0H╭──────────────────────────────────────────────────────────────────────────────╮
│  PufferLib 4.0        🐡          GPU: 0%      VRAM: 0.5/18G      RAM: 1.0G  │
│                                                                              │
│  Summary          Value    Evaluate   301ms  35%    Losses            Value  │
│  Env       osrs_inferno      GPU      246ms  28%    policy            0.022  │
│  Params          752.1K      Env       55ms   6%    value             0.019  │
│  Steps            49.7M    Train      558ms  64%    entropy           1.990  │
│  SPS             226.9K      Misc       0ms   0%    total             0.029  │
│  Epoch              758      Forwa…     0ms   0%    old_kl            0.009  │
│  Uptime    0d 0h 3m 38s                             kl                0.009  │
│  Remaini…   0d 0h 0m 1s                             clipfrac          0.227  │
│                                                     bc                0.000  │
│                                                                              │
│  User Stats                    Value    User Stats                    Value  │
│  episode_return                8.581    damage_dealt                934.063  │
│  damage_received              94.816    episode_length              189.748  │
│  wins                          0.000    wave                         68.000  │
│  idle_ticks                    1.173    brews_used                    2.344  │
│  blood_healed                  0.000    prayer_correct_rate           0.558  │
│  unavoidable_off_praye…        0.086    brews_remaining               9.656  │
│  restores_remaining           10.227    prayer_at_death              83.648  │
│  current_ranged              103.859    current_magic                93.249  │
│  behind_shield_pct             0.754    zuk_hp_remaining            294.689  │
│  min_zuk_hp_seen             285.961    hp_restored                   7.443  │
│  zuk_healer_damage             0.781    deaths_to_jad                 0.079  │
│  episode_return_normal         8.210    wins_normal                   0.000  │
│  min_zuk_hp_normal           320.093    score_normal                  0.733  │
│  zuk_objective_normal          0.733    phase_reached_normal          2.447  │
│  death_tick_normal           182.284    frac_min_hp_le_300_no…        0.476  │
╰──────────────────────────────────────────────────────────────────────────────╯

[0;0H╭──────────────────────────────────────────────────────────────────────────────╮
│  PufferLib 4.0       🐡           GPU: 0%      VRAM: 0.5/18G      RAM: 1.0G  │
│                                                                              │
│  Summary          Value    Evaluate   300ms  35%    Losses            Value  │
│  Env       osrs_inferno      GPU      244ms  28%    policy           -0.003  │
│  Params          752.1K      Env       56ms   6%    value             0.013  │
│  Steps            49.9M    Train      556ms  64%    entropy           1.987  │
│  SPS             227.6K      Misc       0ms   0%    total             0.001  │
│  Epoch              761      Forwa…     0ms   0%    old_kl            0.007  │
│  Uptime    0d 0h 3m 39s                             kl                0.007  │
│  Remaini…         558ms                             clipfrac          0.217  │
│                                                     bc                0.000  │
│                                                                              │
│  User Stats                    Value    User Stats                    Value  │
│  episode_return                8.607    damage_dealt                937.844  │
│  damage_received              97.010    episode_length              190.370  │
│  wins                          0.000    wave                         68.000  │
│  idle_ticks                    1.083    brews_used                    2.393  │
│  blood_healed                  0.000    prayer_correct_rate           0.559  │
│  unavoidable_off_praye…        0.087    brews_remaining               9.607  │
│  restores_remaining           10.146    prayer_at_death              84.834  │
│  current_ranged              103.957    current_magic                93.373  │
│  behind_shield_pct             0.753    zuk_hp_remaining            291.864  │
│  min_zuk_hp_seen             282.672    hp_restored                   7.929  │
│  zuk_healer_damage             0.774    deaths_to_jad                 0.089  │
│  episode_return_normal         8.255    wins_normal                   0.000  │
│  min_zuk_hp_normal           314.624    score_normal                  0.738  │
│  zuk_objective_normal          0.738    phase_reached_normal          2.477  │
│  death_tick_normal           183.173    frac_min_hp_le_300_no…        0.502  │
╰──────────────────────────────────────────────────────────────────────────────╯

[0;0H╭──────────────────────────────────────────────────────────────────────────────╮
│  PufferLib 4.0      🐡            GPU: 0%      VRAM: 0.5/18G      RAM: 1.0G  │
│                                                                              │
│  Summary          Value    Evaluate   102ms  35%    Losses            Value  │
│  Env       osrs_inferno      GPU       83ms  28%    policy           -0.006  │
│  Params          752.1K      Env       19ms   6%    value             0.011  │
│  Steps            49.9M    Train      187ms  64%    entropy           1.964  │
│  SPS             221.3K      Misc       0ms   0%    total            -0.003  │
│  Epoch              762      Forwa…     0ms   0%    old_kl            0.008  │
│  Uptime    0d 0h 3m 39s                             kl                0.007  │
│  Remaini…         278ms                             clipfrac          0.220  │
│                                                     bc                0.000  │
│                                                                              │
│  User Stats                    Value    User Stats                    Value  │
│  episode_return                8.658    damage_dealt                942.138  │
│  damage_received              96.428    episode_length              191.570  │
│  wins                          0.000    wave                         68.000  │
│  idle_ticks                    1.216    brews_used                    2.331  │
│  blood_healed                  0.000    prayer_correct_rate           0.561  │
│  unavoidable_off_praye…        0.073    brews_remaining               9.669  │
│  restores_remaining           10.182    prayer_at_death              84.869  │
│  current_ranged              104.683    current_magic                93.678  │
│  behind_shield_pct             0.756    zuk_hp_remaining            286.784  │
│  min_zuk_hp_seen             278.062    hp_restored                   7.080  │
│  zuk_healer_damage             0.699    deaths_to_jad                 0.074  │
│  episode_return_normal         8.318    wins_normal                   0.000  │
│  min_zuk_hp_normal           308.931    score_normal                  0.743  │
│  zuk_objective_normal          0.743    phase_reached_normal          2.479  │
│  death_tick_normal           185.145    frac_min_hp_le_300_no…        0.486  │
╰──────────────────────────────────────────────────────────────────────────────╯

[0;0H╭──────────────────────────────────────────────────────────────────────────────╮
│  PufferLib 4.0     🐡             GPU: 0%      VRAM: 0.5/18G      RAM: 1.0G  │
│                                                                              │
│  Summary          Value    Evaluate   102ms  35%    Losses            Value  │
│  Env       osrs_inferno      GPU       83ms  28%    policy           -0.006  │
│  Params          752.1K      Env       19ms   6%    value             0.011  │
│  Steps            49.9M    Train      187ms  64%    entropy           1.964  │
│  SPS             221.3K      Misc       0ms   0%    total            -0.003  │
│  Epoch              762      Forwa…     0ms   0%    old_kl            0.008  │
│  Uptime    0d 0h 3m 39s                             kl                0.007  │
│  Remaini…         278ms                             clipfrac          0.220  │
│                                                     bc                0.000  │
│                                                                              │
│  User Stats                    Value    User Stats                    Value  │
│  episode_return                8.624    damage_dealt                942.083  │
│  damage_received              99.434    episode_length              190.290  │
│  wins                          0.000    wave                         68.000  │
│  idle_ticks                    1.107    brews_used                    2.465  │
│  blood_healed                  0.000    prayer_correct_rate           0.554  │
│  unavoidable_off_praye…        0.090    brews_remaining               9.535  │
│  restores_remaining           10.223    prayer_at_death              83.454  │
│  current_ranged              103.631    current_magic                93.111  │
│  behind_shield_pct             0.755    zuk_hp_remaining            290.823  │
│  min_zuk_hp_seen             279.456    hp_restored                   9.583  │
│  zuk_healer_damage             1.070    deaths_to_jad                 0.061  │
│  episode_return_normal         8.232    wins_normal                   0.000  │
│  min_zuk_hp_normal           314.247    score_normal                  0.738  │
│  zuk_objective_normal          0.738    phase_reached_normal          2.488  │
│  death_tick_normal           182.850    frac_min_hp_le_300_no…        0.502  │
╰──────────────────────────────────────────────────────────────────────────────╯

[0;0H╭──────────────────────────────────────────────────────────────────────────────╮
│  PufferLib 4.0    🐡              GPU: 0%      VRAM: 0.5/18G      RAM: 1.0G  │
│                                                                              │
│  Summary          Value    Evaluate   102ms  35%    Losses            Value  │
│  Env       osrs_inferno      GPU       83ms  28%    policy           -0.006  │
│  Params          752.1K      Env       19ms   6%    value             0.011  │
│  Steps            49.9M    Train      187ms  64%    entropy           1.964  │
│  SPS             221.3K      Misc       0ms   0%    total            -0.003  │
│  Epoch              762      Forwa…     0ms   0%    old_kl            0.008  │
│  Uptime    0d 0h 3m 39s                             kl                0.007  │
│  Remaini…         278ms                             clipfrac          0.220  │
│                                                     bc                0.000  │
│                                                                              │
│  User Stats                    Value    User Stats                    Value  │
│  episode_return                8.648    damage_dealt                942.393  │
│  damage_received             100.975    episode_length              190.912  │
│  wins                          0.000    wave                         68.000  │
│  idle_ticks                    1.063    brews_used                    2.590  │
│  blood_healed                  0.000    prayer_correct_rate           0.557  │
│  unavoidable_off_praye…        0.088    brews_remaining               9.410  │
│  restores_remaining           10.176    prayer_at_death              83.906  │
│  current_ranged              103.455    current_magic                93.030  │
│  behind_shield_pct             0.754    zuk_hp_remaining            287.991  │
│  min_zuk_hp_seen             278.395    hp_restored                   8.083  │
│  zuk_healer_damage             0.820    deaths_to_jad                 0.060  │
│  episode_return_normal         8.237    wins_normal                   0.000  │
│  min_zuk_hp_normal           315.702    score_normal                  0.737  │
│  zuk_objective_normal          0.737    phase_reached_normal          2.454  │
│  death_tick_normal           182.938    frac_min_hp_le_300_no…        0.470  │
╰──────────────────────────────────────────────────────────────────────────────╯

[0;0H╭──────────────────────────────────────────────────────────────────────────────╮
│  PufferLib 4.0   🐡               GPU: 0%      VRAM: 0.5/18G      RAM: 1.0G  │
│                                                                              │
│  Summary          Value    Evaluate   102ms  35%    Losses            Value  │
│  Env       osrs_inferno      GPU       83ms  28%    policy           -0.006  │
│  Params          752.1K      Env       19ms   6%    value             0.011  │
│  Steps            49.9M    Train      187ms  64%    entropy           1.964  │
│  SPS             221.3K      Misc       0ms   0%    total            -0.003  │
│  Epoch              762      Forwa…     0ms   0%    old_kl            0.008  │
│  Uptime    0d 0h 3m 39s                             kl                0.007  │
│  Remaini…         278ms                             clipfrac          0.220  │
│                                                     bc                0.000  │
│                                                                              │
│  User Stats                    Value    User Stats                    Value  │
│  episode_return                8.631    damage_dealt                939.982  │
│  damage_received              99.240    episode_length              190.726  │
│  wins                          0.000    wave                         68.000  │
│  idle_ticks                    1.071    brews_used                    2.452  │
│  blood_healed                  0.000    prayer_correct_rate           0.558  │
│  unavoidable_off_praye…        0.089    brews_remaining               9.548  │
│  restores_remaining           10.204    prayer_at_death              83.982  │
│  current_ranged              103.644    current_magic                93.088  │
│  behind_shield_pct             0.754    zuk_hp_remaining            289.654  │
│  min_zuk_hp_seen             280.724    hp_restored                   7.549  │
│  zuk_healer_damage             0.740    deaths_to_jad                 0.072  │
│  episode_return_normal         8.241    wins_normal                   0.000  │
│  min_zuk_hp_normal           316.371    score_normal                  0.736  │
│  zuk_objective_normal          0.736    phase_reached_normal          2.461  │
│  death_tick_normal           183.067    frac_min_hp_le_300_no…        0.483  │
╰──────────────────────────────────────────────────────────────────────────────╯

[0;0H╭──────────────────────────────────────────────────────────────────────────────╮
│  PufferLib 4.0  🐡                GPU: 0%      VRAM: 0.5/18G      RAM: 1.0G  │
│                                                                              │
│  Summary          Value    Evaluate   102ms  35%    Losses            Value  │
│  Env       osrs_inferno      GPU       83ms  28%    policy           -0.006  │
│  Params          752.1K      Env       19ms   6%    value             0.011  │
│  Steps            49.9M    Train      187ms  64%    entropy           1.964  │
│  SPS             221.3K      Misc       0ms   0%    total            -0.003  │
│  Epoch              762      Forwa…     0ms   0%    old_kl            0.008  │
│  Uptime    0d 0h 3m 39s                             kl                0.007  │
│  Remaini…         278ms                             clipfrac          0.220  │
│                                                     bc                0.000  │
│                                                                              │
│  User Stats                    Value    User Stats                    Value  │
│  episode_return                8.619    damage_dealt                939.634  │
│  damage_received              97.466    episode_length              190.125  │
│  wins                          0.000    wave                         68.000  │
│  idle_ticks                    1.077    brews_used                    2.384  │
│  blood_healed                  0.000    prayer_correct_rate           0.557  │
│  unavoidable_off_praye…        0.087    brews_remaining               9.616  │
│  restores_remaining           10.215    prayer_at_death              84.056  │
│  current_ranged              103.814    current_magic                93.192  │
│  behind_shield_pct             0.755    zuk_hp_remaining            290.917  │
│  min_zuk_hp_seen             281.452    hp_restored                   8.148  │
│  zuk_healer_damage             0.851    deaths_to_jad                 0.072  │
│  episode_return_normal         8.251    wins_normal                   0.000  │
│  min_zuk_hp_normal           314.728    score_normal                  0.738  │
│  zuk_objective_normal          0.738    phase_reached_normal          2.460  │
│  death_tick_normal           182.693    frac_min_hp_le_300_no…        0.480  │
╰──────────────────────────────────────────────────────────────────────────────╯

[0;0H╭──────────────────────────────────────────────────────────────────────────────╮
│  PufferLib 4.0 🐡                 GPU: 0%      VRAM: 0.5/18G      RAM: 1.0G  │
│                                                                              │
│  Summary          Value    Evaluate   102ms  35%    Losses            Value  │
│  Env       osrs_inferno      GPU       83ms  28%    policy           -0.006  │
│  Params          752.1K      Env       19ms   6%    value             0.011  │
│  Steps            49.9M    Train      187ms  64%    entropy           1.964  │
│  SPS             221.3K      Misc       0ms   0%    total            -0.003  │
│  Epoch              762      Forwa…     0ms   0%    old_kl            0.008  │
│  Uptime    0d 0h 3m 39s                             kl                0.007  │
│  Remaini…         278ms                             clipfrac          0.220  │
│                                                     bc                0.000  │
│                                                                              │
│  User Stats                    Value    User Stats                    Value  │
│  episode_return                8.620    damage_dealt                939.502  │
│  damage_received              96.982    episode_length              190.397  │
│  wins                          0.000    wave                         68.000  │
│  idle_ticks                    1.063    brews_used                    2.370  │
│  blood_healed                  0.000    prayer_correct_rate           0.558  │
│  unavoidable_off_praye…        0.087    brews_remaining               9.630  │
│  restores_remaining           10.208    prayer_at_death              84.250  │
│  current_ranged              103.853    current_magic                93.248  │
│  behind_shield_pct             0.755    zuk_hp_remaining            290.628  │
│  min_zuk_hp_seen             281.363    hp_restored                   8.023  │
│  zuk_healer_damage             0.875    deaths_to_jad                 0.072  │
│  episode_return_normal         8.255    wins_normal                   0.000  │
│  min_zuk_hp_normal           314.486    score_normal                  0.738  │
│  zuk_objective_normal          0.738    phase_reached_normal          2.461  │
│  death_tick_normal           183.104    frac_min_hp_le_300_no…        0.479  │
╰──────────────────────────────────────────────────────────────────────────────╯

[0;0H╭──────────────────────────────────────────────────────────────────────────────╮
│  PufferLib 4.0          🐡        GPU: 0%      VRAM: 0.5/18G      RAM: 1.0G  │
│                                                                              │
│  Summary          Value    Evaluate   102ms  35%    Losses            Value  │
│  Env       osrs_inferno      GPU       83ms  28%    policy           -0.006  │
│  Params          752.1K      Env       19ms   6%    value             0.011  │
│  Steps            49.9M    Train      187ms  64%    entropy           1.964  │
│  SPS             221.3K      Misc       0ms   0%    total            -0.003  │
│  Epoch              762      Forwa…     0ms   0%    old_kl            0.008  │
│  Uptime    0d 0h 3m 39s                             kl                0.007  │
│  Remaini…         278ms                             clipfrac          0.220  │
│                                                     bc                0.000  │
│                                                                              │
│  User Stats                    Value    User Stats                    Value  │
│  episode_return                8.626    damage_dealt                940.060  │
│  damage_received              96.643    episode_length              190.275  │
│  wins                          0.000    wave                         68.000  │
│  idle_ticks                    1.055    brews_used                    2.357  │
│  blood_healed                  0.000    prayer_correct_rate           0.558  │
│  unavoidable_off_praye…        0.086    brews_remaining               9.643  │
│  restores_remaining           10.205    prayer_at_death              84.329  │
│  current_ranged              103.891    current_magic                93.300  │
│  behind_shield_pct             0.756    zuk_hp_remaining            289.989  │
│  min_zuk_hp_seen             280.652    hp_restored                   8.118  │
│  zuk_healer_damage             0.830    deaths_to_jad                 0.075  │
│  episode_return_normal         8.269    wins_normal                   0.000  │
│  min_zuk_hp_normal           312.877    score_normal                  0.739  │
│  zuk_objective_normal          0.739    phase_reached_normal          2.466  │
│  death_tick_normal           183.123    frac_min_hp_le_300_no…        0.485  │
╰──────────────────────────────────────────────────────────────────────────────╯

[0;0H╭──────────────────────────────────────────────────────────────────────────────╮
│  PufferLib 4.0         🐡         GPU: 0%      VRAM: 0.5/18G      RAM: 1.0G  │
│                                                                              │
│  Summary          Value    Evaluate   102ms  35%    Losses            Value  │
│  Env       osrs_inferno      GPU       83ms  28%    policy           -0.006  │
│  Params          752.1K      Env       19ms   6%    value             0.011  │
│  Steps            49.9M    Train      187ms  64%    entropy           1.964  │
│  SPS             221.3K      Misc       0ms   0%    total            -0.003  │
│  Epoch              762      Forwa…     0ms   0%    old_kl            0.008  │
│  Uptime    0d 0h 3m 39s                             kl                0.007  │
│  Remaini…         278ms                             clipfrac          0.220  │
│                                                     bc                0.000  │
│                                                                              │
│  User Stats                    Value    User Stats                    Value  │
│  episode_return                8.622    damage_dealt                939.535  │
│  damage_received              96.667    episode_length              190.283  │
│  wins                          0.000    wave                         68.000  │
│  idle_ticks                    1.055    brews_used                    2.346  │
│  blood_healed                  0.000    prayer_correct_rate           0.558  │
│  unavoidable_off_praye…        0.086    brews_remaining               9.654  │
│  restores_remaining           10.205    prayer_at_death              84.360  │
│  current_ranged              103.944    current_magic                93.330  │
│  behind_shield_pct             0.756    zuk_hp_remaining            290.374  │
│  min_zuk_hp_seen             281.116    hp_restored                   8.115  │
│  zuk_healer_damage             0.839    deaths_to_jad                 0.078  │
│  episode_return_normal         8.264    wins_normal                   0.000  │
│  min_zuk_hp_normal           313.360    score_normal                  0.739  │
│  zuk_objective_normal          0.739    phase_reached_normal          2.461  │
│  death_tick_normal           183.197    frac_min_hp_le_300_no…        0.480  │
╰──────────────────────────────────────────────────────────────────────────────╯

[0;0H╭──────────────────────────────────────────────────────────────────────────────╮
│  PufferLib 4.0        🐡          GPU: 0%      VRAM: 0.5/18G      RAM: 1.0G  │
│                                                                              │
│  Summary          Value    Evaluate   102ms  35%    Losses            Value  │
│  Env       osrs_inferno      GPU       83ms  28%    policy           -0.006  │
│  Params          752.1K      Env       19ms   6%    value             0.011  │
│  Steps            49.9M    Train      187ms  64%    entropy           1.964  │
│  SPS             221.3K      Misc       0ms   0%    total            -0.003  │
│  Epoch              762      Forwa…     0ms   0%    old_kl            0.008  │
│  Uptime    0d 0h 3m 39s                             kl                0.007  │
│  Remaini…         278ms                             clipfrac          0.220  │
│                                                     bc                0.000  │
│                                                                              │
│  User Stats                    Value    User Stats                    Value  │
│  episode_return                8.622    damage_dealt                939.272  │
│  damage_received              97.025    episode_length              190.439  │
│  wins                          0.000    wave                         68.000  │
│  idle_ticks                    1.052    brews_used                    2.363  │
│  blood_healed                  0.000    prayer_correct_rate           0.559  │
│  unavoidable_off_praye…        0.085    brews_remaining               9.637  │
│  restores_remaining           10.202    prayer_at_death              84.368  │
│  current_ranged              104.001    current_magic                93.362  │
│  behind_shield_pct             0.755    zuk_hp_remaining            290.228  │
│  min_zuk_hp_seen             281.202    hp_restored                   7.991  │
│  zuk_healer_damage             0.815    deaths_to_jad                 0.076  │
│  episode_return_normal         8.260    wins_normal                   0.000  │
│  min_zuk_hp_normal           313.976    score_normal                  0.738  │
│  zuk_objective_normal          0.738    phase_reached_normal          2.462  │
│  death_tick_normal           183.163    frac_min_hp_le_300_no…        0.481  │
╰──────────────────────────────────────────────────────────────────────────────╯

[0;0H╭──────────────────────────────────────────────────────────────────────────────╮
│  PufferLib 4.0       🐡           GPU: 0%      VRAM: 0.5/18G      RAM: 1.0G  │
│                                                                              │
│  Summary          Value    Evaluate   102ms  35%    Losses            Value  │
│  Env       osrs_inferno      GPU       83ms  28%    policy           -0.006  │
│  Params          752.1K      Env       19ms   6%    value             0.011  │
│  Steps            49.9M    Train      187ms  64%    entropy           1.964  │
│  SPS             221.3K      Misc       0ms   0%    total            -0.003  │
│  Epoch              762      Forwa…     0ms   0%    old_kl            0.008  │
│  Uptime    0d 0h 3m 39s                             kl                0.007  │
│  Remaini…         278ms                             clipfrac          0.220  │
│                                                     bc                0.000  │
│                                                                              │
│  User Stats                    Value    User Stats                    Value  │
│  episode_return                8.623    damage_dealt                939.277  │
│  damage_received              97.111    episode_length              190.408  │
│  wins                          0.000    wave                         68.000  │
│  idle_ticks                    1.060    brews_used                    2.373  │
│  blood_healed                  0.000    prayer_correct_rate           0.559  │
│  unavoidable_off_praye…        0.086    brews_remaining               9.627  │
│  restores_remaining           10.198    prayer_at_death              84.345  │
│  current_ranged              103.997    current_magic                93.380  │
│  behind_shield_pct             0.755    zuk_hp_remaining            290.155  │
│  min_zuk_hp_seen             281.247    hp_restored                   7.921  │
│  zuk_healer_damage             0.791    deaths_to_jad                 0.076  │
│  episode_return_normal         8.263    wins_normal                   0.000  │
│  min_zuk_hp_normal           313.845    score_normal                  0.738  │
│  zuk_objective_normal          0.738    phase_reached_normal          2.465  │
│  death_tick_normal           183.163    frac_min_hp_le_300_no…        0.485  │
╰──────────────────────────────────────────────────────────────────────────────╯

[0;0H╭──────────────────────────────────────────────────────────────────────────────╮
│  PufferLib 4.0      🐡            GPU: 0%      VRAM: 0.5/18G      RAM: 1.0G  │
│                                                                              │
│  Summary          Value    Evaluate   102ms  35%    Losses            Value  │
│  Env       osrs_inferno      GPU       83ms  28%    policy           -0.006  │
│  Params          752.1K      Env       19ms   6%    value             0.011  │
│  Steps            49.9M    Train      187ms  64%    entropy           1.964  │
│  SPS             221.3K      Misc       0ms   0%    total            -0.003  │
│  Epoch              762      Forwa…     0ms   0%    old_kl            0.008  │
│  Uptime    0d 0h 3m 39s                             kl                0.007  │
│  Remaini…         278ms                             clipfrac          0.220  │
│                                                     bc                0.000  │
│                                                                              │
│  User Stats                    Value    User Stats                    Value  │
│  episode_return                8.628    damage_dealt                939.503  │
│  damage_received              97.532    episode_length              190.521  │
│  wins                          0.000    wave                         68.000  │
│  idle_ticks                    1.058    brews_used                    2.402  │
│  blood_healed                  0.000    prayer_correct_rate           0.559  │
│  unavoidable_off_praye…        0.086    brews_remaining               9.598  │
│  restores_remaining           10.190    prayer_at_death              84.333  │
│  current_ranged              103.984    current_magic                93.369  │
│  behind_shield_pct             0.755    zuk_hp_remaining            289.638  │
│  min_zuk_hp_seen             280.878    hp_restored                   7.732  │
│  zuk_healer_damage             0.772    deaths_to_jad                 0.076  │
│  episode_return_normal         8.266    wins_normal                   0.000  │
│  min_zuk_hp_normal           313.851    score_normal                  0.738  │
│  zuk_objective_normal          0.738    phase_reached_normal          2.467  │
│  death_tick_normal           183.182    frac_min_hp_le_300_no…        0.487  │
╰──────────────────────────────────────────────────────────────────────────────╯

[0;0H╭──────────────────────────────────────────────────────────────────────────────╮
│  PufferLib 4.0     🐡             GPU: 0%      VRAM: 0.5/18G      RAM: 1.0G  │
│                                                                              │
│  Summary          Value    Evaluate   102ms  35%    Losses            Value  │
│  Env       osrs_inferno      GPU       83ms  28%    policy           -0.006  │
│  Params          752.1K      Env       19ms   6%    value             0.011  │
│  Steps            49.9M    Train      187ms  64%    entropy           1.964  │
│  SPS             221.3K      Misc       0ms   0%    total            -0.003  │
│  Epoch              762      Forwa…     0ms   0%    old_kl            0.008  │
│  Uptime    0d 0h 3m 39s                             kl                0.007  │
│  Remaini…         278ms                             clipfrac          0.220  │
│                                                     bc                0.000  │
│                                                                              │
│  User Stats                    Value    User Stats                    Value  │
│  episode_return                8.624    damage_dealt                939.607  │
│  damage_received              97.065    episode_length              190.436  │
│  wins                          0.000    wave                         68.000  │
│  idle_ticks                    1.068    brews_used                    2.375  │
│  blood_healed                  0.000    prayer_correct_rate           0.558  │
│  unavoidable_off_praye…        0.086    brews_remaining               9.625  │
│  restores_remaining           10.198    prayer_at_death              84.317  │
│  current_ranged              104.030    current_magic                93.388  │
│  behind_shield_pct             0.755    zuk_hp_remaining            290.112  │
│  min_zuk_hp_seen             280.914    hp_restored                   8.091  │
│  zuk_healer_damage             0.799    deaths_to_jad                 0.076  │
│  episode_return_normal         8.268    wins_normal                   0.000  │
│  min_zuk_hp_normal           313.089    score_normal                  0.739  │
│  zuk_objective_normal          0.739    phase_reached_normal          2.469  │
│  death_tick_normal           183.227    frac_min_hp_le_300_no…        0.489  │
╰──────────────────────────────────────────────────────────────────────────────╯

[0;0H╭──────────────────────────────────────────────────────────────────────────────╮
│  PufferLib 4.0    🐡              GPU: 0%      VRAM: 0.5/18G      RAM: 1.0G  │
│                                                                              │
│  Summary          Value    Evaluate   102ms  35%    Losses            Value  │
│  Env       osrs_inferno      GPU       83ms  28%    policy           -0.006  │
│  Params          752.1K      Env       19ms   6%    value             0.011  │
│  Steps            49.9M    Train      187ms  64%    entropy           1.964  │
│  SPS             221.3K      Misc       0ms   0%    total            -0.003  │
│  Epoch              762      Forwa…     0ms   0%    old_kl            0.008  │
│  Uptime    0d 0h 3m 39s                             kl                0.007  │
│  Remaini…         278ms                             clipfrac          0.220  │
│                                                     bc                0.000  │
│                                                                              │
│  User Stats                    Value    User Stats                    Value  │
│  episode_return                8.625    damage_dealt                939.737  │
│  damage_received              97.260    episode_length              190.502  │
│  wins                          0.000    wave                         68.000  │
│  idle_ticks                    1.069    brews_used                    2.387  │
│  blood_healed                  0.000    prayer_correct_rate           0.558  │
│  unavoidable_off_praye…        0.086    brews_remaining               9.613  │
│  restores_remaining           10.200    prayer_at_death              84.250  │
│  current_ranged              103.959    current_magic                93.329  │
│  behind_shield_pct             0.755    zuk_hp_remaining            289.974  │
│  min_zuk_hp_seen             280.769    hp_restored                   8.100  │
│  zuk_healer_damage             0.810    deaths_to_jad                 0.074  │
│  episode_return_normal         8.268    wins_normal                   0.000  │
│  min_zuk_hp_normal           313.126    score_normal                  0.739  │
│  zuk_objective_normal          0.739    phase_reached_normal          2.469  │
│  death_tick_normal           183.196    frac_min_hp_le_300_no…        0.488  │
╰──────────────────────────────────────────────────────────────────────────────╯

[0;0H╭──────────────────────────────────────────────────────────────────────────────╮
│  PufferLib 4.0   🐡               GPU: 0%      VRAM: 0.5/18G      RAM: 1.0G  │
│                                                                              │
│  Summary          Value    Evaluate   102ms  35%    Losses            Value  │
│  Env       osrs_inferno      GPU       83ms  28%    policy           -0.006  │
│  Params          752.1K      Env       19ms   6%    value             0.011  │
│  Steps            49.9M    Train      187ms  64%    entropy           1.964  │
│  SPS             221.3K      Misc       0ms   0%    total            -0.003  │
│  Epoch              762      Forwa…     0ms   0%    old_kl            0.008  │
│  Uptime    0d 0h 3m 39s                             kl                0.007  │
│  Remaini…         278ms                             clipfrac          0.220  │
│                                                     bc                0.000  │
│                                                                              │
│  User Stats                    Value    User Stats                    Value  │
│  episode_return                8.623    damage_dealt                939.619  │
│  damage_received              97.120    episode_length              190.428  │
│  wins                          0.000    wave                         68.000  │
│  idle_ticks                    1.063    brews_used                    2.377  │
│  blood_healed                  0.000    prayer_correct_rate           0.558  │
│  unavoidable_off_praye…        0.087    brews_remaining               9.623  │
│  restores_remaining           10.205    prayer_at_death              84.192  │
│  current_ranged              103.928    current_magic                93.302  │
│  behind_shield_pct             0.755    zuk_hp_remaining            290.174  │
│  min_zuk_hp_seen             280.911    hp_restored                   8.209  │
│  zuk_healer_damage             0.822    deaths_to_jad                 0.076  │
│  episode_return_normal         8.268    wins_normal                   0.000  │
│  min_zuk_hp_normal           312.981    score_normal                  0.739  │
│  zuk_objective_normal          0.739    phase_reached_normal          2.469  │
│  death_tick_normal           183.142    frac_min_hp_le_300_no…        0.490  │
╰──────────────────────────────────────────────────────────────────────────────╯

[0;0H╭──────────────────────────────────────────────────────────────────────────────╮
│  PufferLib 4.0  🐡                GPU: 0%      VRAM: 0.5/18G      RAM: 1.0G  │
│                                                                              │
│  Summary          Value    Evaluate   102ms  35%    Losses            Value  │
│  Env       osrs_inferno      GPU       83ms  28%    policy           -0.006  │
│  Params          752.1K      Env       19ms   6%    value             0.011  │
│  Steps            49.9M    Train      187ms  64%    entropy           1.964  │
│  SPS             221.3K      Misc       0ms   0%    total            -0.003  │
│  Epoch              762      Forwa…     0ms   0%    old_kl            0.008  │
│  Uptime    0d 0h 3m 39s                             kl                0.007  │
│  Remaini…         278ms                             clipfrac          0.220  │
│                                                     bc                0.000  │
│                                                                              │
│  User Stats                    Value    User Stats                    Value  │
│  episode_return                8.621    damage_dealt                939.678  │
│  damage_received              97.019    episode_length              190.495  │
│  wins                          0.000    wave                         68.000  │
│  idle_ticks                    1.064    brews_used                    2.374  │
│  blood_healed                  0.000    prayer_correct_rate           0.558  │
│  unavoidable_off_praye…        0.086    brews_remaining               9.626  │
│  restores_remaining           10.204    prayer_at_death              84.245  │
│  current_ranged              103.939    current_magic                93.306  │
│  behind_shield_pct             0.755    zuk_hp_remaining            290.285  │
│  min_zuk_hp_seen             280.936    hp_restored                   8.352  │
│  zuk_healer_damage             0.837    deaths_to_jad                 0.076  │
│  episode_return_normal         8.270    wins_normal                   0.000  │
│  min_zuk_hp_normal           312.640    score_normal                  0.739  │
│  zuk_objective_normal          0.739    phase_reached_normal          2.472  │
│  death_tick_normal           183.232    frac_min_hp_le_300_no…        0.492  │
╰──────────────────────────────────────────────────────────────────────────────╯

[0;0H╭──────────────────────────────────────────────────────────────────────────────╮
│  PufferLib 4.0 🐡                 GPU: 0%      VRAM: 0.5/18G      RAM: 1.0G  │
│                                                                              │
│  Summary          Value    Evaluate   102ms  35%    Losses            Value  │
│  Env       osrs_inferno      GPU       83ms  28%    policy           -0.006  │
│  Params          752.1K      Env       19ms   6%    value             0.011  │
│  Steps            49.9M    Train      187ms  64%    entropy           1.964  │
│  SPS             221.3K      Misc       0ms   0%    total            -0.003  │
│  Epoch              762      Forwa…     0ms   0%    old_kl            0.008  │
│  Uptime    0d 0h 3m 39s                             kl                0.007  │
│  Remaini…         278ms                             clipfrac          0.220  │
│                                                     bc                0.000  │
│                                                                              │
│  User Stats                    Value    User Stats                    Value  │
│  episode_return                8.619    damage_dealt                939.799  │
│  damage_received              96.921    episode_length              190.527  │
│  wins                          0.000    wave                         68.000  │
│  idle_ticks                    1.065    brews_used                    2.366  │
│  blood_healed                  0.000    prayer_correct_rate           0.558  │
│  unavoidable_off_praye…        0.086    brews_remaining               9.634  │
│  restores_remaining           10.203    prayer_at_death              84.249  │
│  current_ranged              103.951    current_magic                93.329  │
│  behind_shield_pct             0.756    zuk_hp_remaining            290.502  │
│  min_zuk_hp_seen             281.015    hp_restored                   8.507  │
│  zuk_healer_damage             0.878    deaths_to_jad                 0.076  │
│  episode_return_normal         8.266    wins_normal                   0.000  │
│  min_zuk_hp_normal           312.746    score_normal                  0.739  │
│  zuk_objective_normal          0.739    phase_reached_normal          2.475  │
│  death_tick_normal           183.364    frac_min_hp_le_300_no…        0.494  │
╰──────────────────────────────────────────────────────────────────────────────╯

[0;0H╭──────────────────────────────────────────────────────────────────────────────╮
│  PufferLib 4.0          🐡        GPU: 0%      VRAM: 0.5/18G      RAM: 1.0G  │
│                                                                              │
│  Summary          Value    Evaluate   102ms  35%    Losses            Value  │
│  Env       osrs_inferno      GPU       83ms  28%    policy           -0.006  │
│  Params          752.1K      Env       19ms   6%    value             0.011  │
│  Steps            49.9M    Train      187ms  64%    entropy           1.964  │
│  SPS             221.3K      Misc       0ms   0%    total            -0.003  │
│  Epoch              762      Forwa…     0ms   0%    old_kl            0.008  │
│  Uptime    0d 0h 3m 39s                             kl                0.007  │
│  Remaini…         278ms                             clipfrac          0.220  │
│                                                     bc                0.000  │
│                                                                              │
│  User Stats                    Value    User Stats                    Value  │
│  episode_return                8.613    damage_dealt                939.227  │
│  damage_received              96.559    episode_length              190.402  │
│  wins                          0.000    wave                         68.000  │
│  idle_ticks                    1.068    brews_used                    2.357  │
│  blood_healed                  0.000    prayer_correct_rate           0.558  │
│  unavoidable_off_praye…        0.086    brews_remaining               9.643  │
│  restores_remaining           10.206    prayer_at_death              84.280  │
│  current_ranged              103.979    current_magic                93.343  │
│  behind_shield_pct             0.756    zuk_hp_remaining            291.096  │
│  min_zuk_hp_seen             281.613    hp_restored                   8.528  │
│  zuk_healer_damage             0.869    deaths_to_jad                 0.075  │
│  episode_return_normal         8.261    wins_normal                   0.000  │
│  min_zuk_hp_normal           313.274    score_normal                  0.739  │
│  zuk_objective_normal          0.739    phase_reached_normal          2.472  │
│  death_tick_normal           183.247    frac_min_hp_le_300_no…        0.492  │
╰──────────────────────────────────────────────────────────────────────────────╯

[0;0H╭──────────────────────────────────────────────────────────────────────────────╮
│  PufferLib 4.0         🐡         GPU: 0%      VRAM: 0.5/18G      RAM: 1.0G  │
│                                                                              │
│  Summary          Value    Evaluate   102ms  35%    Losses            Value  │
│  Env       osrs_inferno      GPU       83ms  28%    policy           -0.006  │
│  Params          752.1K      Env       19ms   6%    value             0.011  │
│  Steps            49.9M    Train      187ms  64%    entropy           1.964  │
│  SPS             221.3K      Misc       0ms   0%    total            -0.003  │
│  Epoch              762      Forwa…     0ms   0%    old_kl            0.008  │
│  Uptime    0d 0h 3m 39s                             kl                0.007  │
│  Remaini…         278ms                             clipfrac          0.220  │
│                                                     bc                0.000  │
│                                                                              │
│  User Stats                    Value    User Stats                    Value  │
│  episode_return                8.608    damage_dealt                938.735  │
│  damage_received              96.115    episode_length              190.353  │
│  wins                          0.000    wave                         68.000  │
│  idle_ticks                    1.069    brews_used                    2.337  │
│  blood_healed                  0.000    prayer_correct_rate           0.558  │
│  unavoidable_off_praye…        0.086    brews_remaining               9.663  │
│  restores_remaining           10.212    prayer_at_death              84.296  │
│  current_ranged              104.010    current_magic                93.347  │
│  behind_shield_pct             0.756    zuk_hp_remaining            291.566  │
│  min_zuk_hp_seen             282.079    hp_restored                   8.521  │
│  zuk_healer_damage             0.859    deaths_to_jad                 0.074  │
│  episode_return_normal         8.256    wins_normal                   0.000  │
│  min_zuk_hp_normal           313.760    score_normal                  0.739  │
│  zuk_objective_normal          0.739    phase_reached_normal          2.469  │
│  death_tick_normal           183.212    frac_min_hp_le_300_no…        0.490  │
╰──────────────────────────────────────────────────────────────────────────────╯

[0;0H╭──────────────────────────────────────────────────────────────────────────────╮
│  PufferLib 4.0        🐡          GPU: 0%      VRAM: 0.5/18G      RAM: 1.0G  │
│                                                                              │
│  Summary          Value    Evaluate   102ms  35%    Losses            Value  │
│  Env       osrs_inferno      GPU       83ms  28%    policy           -0.006  │
│  Params          752.1K      Env       19ms   6%    value             0.011  │
│  Steps            49.9M    Train      187ms  64%    entropy           1.964  │
│  SPS             221.3K      Misc       0ms   0%    total            -0.003  │
│  Epoch              762      Forwa…     0ms   0%    old_kl            0.008  │
│  Uptime    0d 0h 3m 39s                             kl                0.007  │
│  Remaini…         278ms                             clipfrac          0.220  │
│                                                     bc                0.000  │
│                                                                              │
│  User Stats                    Value    User Stats                    Value  │
│  episode_return                8.609    damage_dealt                938.722  │
│  damage_received              96.177    episode_length              190.389  │
│  wins                          0.000    wave                         68.000  │
│  idle_ticks                    1.067    brews_used                    2.341  │
│  blood_healed                  0.000    prayer_correct_rate           0.558  │
│  unavoidable_off_praye…        0.086    brews_remaining               9.659  │
│  restores_remaining           10.209    prayer_at_death              84.306  │
│  current_ranged              103.980    current_magic                93.338  │
│  behind_shield_pct             0.756    zuk_hp_remaining            291.485  │
│  min_zuk_hp_seen             282.073    hp_restored                   8.438  │
│  zuk_healer_damage             0.853    deaths_to_jad                 0.074  │
│  episode_return_normal         8.258    wins_normal                   0.000  │
│  min_zuk_hp_normal           313.644    score_normal                  0.739  │
│  zuk_objective_normal          0.739    phase_reached_normal          2.471  │
│  death_tick_normal           183.285    frac_min_hp_le_300_no…        0.492  │
╰──────────────────────────────────────────────────────────────────────────────╯

[0;0H╭──────────────────────────────────────────────────────────────────────────────╮
│  PufferLib 4.0       🐡           GPU: 0%      VRAM: 0.5/18G      RAM: 1.0G  │
│                                                                              │
│  Summary          Value    Evaluate   102ms  35%    Losses            Value  │
│  Env       osrs_inferno      GPU       83ms  28%    policy           -0.006  │
│  Params          752.1K      Env       19ms   6%    value             0.011  │
│  Steps            49.9M    Train      187ms  64%    entropy           1.964  │
│  SPS             221.3K      Misc       0ms   0%    total            -0.003  │
│  Epoch              762      Forwa…     0ms   0%    old_kl            0.008  │
│  Uptime    0d 0h 3m 39s                             kl                0.007  │
│  Remaini…         278ms                             clipfrac          0.220  │
│                                                     bc                0.000  │
│                                                                              │
│  User Stats                    Value    User Stats                    Value  │
│  episode_return                8.612    damage_dealt                939.087  │
│  damage_received              96.170    episode_length              190.403  │
│  wins                          0.000    wave                         68.000  │
│  idle_ticks                    1.064    brews_used                    2.338  │
│  blood_healed                  0.000    prayer_correct_rate           0.558  │
│  unavoidable_off_praye…        0.086    brews_remaining               9.662  │
│  restores_remaining           10.210    prayer_at_death              84.307  │
│  current_ranged              104.005    current_magic                93.362  │
│  behind_shield_pct             0.756    zuk_hp_remaining            291.134  │
│  min_zuk_hp_seen             281.679    hp_restored                   8.532  │
│  zuk_healer_damage             0.852    deaths_to_jad                 0.075  │
│  episode_return_normal         8.261    wins_normal                   0.000  │
│  min_zuk_hp_normal           313.198    score_normal                  0.739  │
│  zuk_objective_normal          0.739    phase_reached_normal          2.472  │
│  death_tick_normal           183.296    frac_min_hp_le_300_no…        0.493  │
╰──────────────────────────────────────────────────────────────────────────────╯

[0;0H╭──────────────────────────────────────────────────────────────────────────────╮
│  PufferLib 4.0      🐡            GPU: 0%      VRAM: 0.5/18G      RAM: 1.0G  │
│                                                                              │
│  Summary          Value    Evaluate   102ms  35%    Losses            Value  │
│  Env       osrs_inferno      GPU       83ms  28%    policy           -0.006  │
│  Params          752.1K      Env       19ms   6%    value             0.011  │
│  Steps            49.9M    Train      187ms  64%    entropy           1.964  │
│  SPS             221.3K      Misc       0ms   0%    total            -0.003  │
│  Epoch              762      Forwa…     0ms   0%    old_kl            0.008  │
│  Uptime    0d 0h 3m 39s                             kl                0.007  │
│  Remaini…         278ms                             clipfrac          0.220  │
│                                                     bc                0.000  │
│                                                                              │
│  User Stats                    Value    User Stats                    Value  │
│  episode_return                8.612    damage_dealt                939.067  │
│  damage_received              96.166    episode_length              190.450  │
│  wins                          0.000    wave                         68.000  │
│  idle_ticks                    1.064    brews_used                    2.338  │
│  blood_healed                  0.000    prayer_correct_rate           0.558  │
│  unavoidable_off_praye…        0.086    brews_remaining               9.662  │
│  restores_remaining           10.209    prayer_at_death              84.320  │
│  current_ranged              104.036    current_magic                93.388  │
│  behind_shield_pct             0.756    zuk_hp_remaining            291.108  │
│  min_zuk_hp_seen             281.643    hp_restored                   8.553  │
│  zuk_healer_damage             0.841    deaths_to_jad                 0.075  │
│  episode_return_normal         8.261    wins_normal                   0.000  │
│  min_zuk_hp_normal           313.195    score_normal                  0.739  │
│  zuk_objective_normal          0.739    phase_reached_normal          2.472  │
│  death_tick_normal           183.339    frac_min_hp_le_300_no…        0.492  │
╰──────────────────────────────────────────────────────────────────────────────╯

[0;0H╭──────────────────────────────────────────────────────────────────────────────╮
│  PufferLib 4.0     🐡             GPU: 0%      VRAM: 0.5/18G      RAM: 1.0G  │
│                                                                              │
│  Summary          Value    Evaluate   102ms  35%    Losses            Value  │
│  Env       osrs_inferno      GPU       83ms  28%    policy           -0.006  │
│  Params          752.1K      Env       19ms   6%    value             0.011  │
│  Steps            49.9M    Train      187ms  64%    entropy           1.964  │
│  SPS             221.3K      Misc       0ms   0%    total            -0.003  │
│  Epoch              762      Forwa…     0ms   0%    old_kl            0.008  │
│  Uptime    0d 0h 3m 39s                             kl                0.007  │
│  Remaini…         278ms                             clipfrac          0.220  │
│                                                     bc                0.000  │
│                                                                              │
│  User Stats                    Value    User Stats                    Value  │
│  episode_return                8.615    damage_dealt                939.110  │
│  damage_received              96.459    episode_length              190.553  │
│  wins                          0.000    wave                         68.000  │
│  idle_ticks                    1.060    brews_used                    2.349  │
│  blood_healed                  0.000    prayer_correct_rate           0.558  │
│  unavoidable_off_praye…        0.086    brews_remaining               9.651  │
│  restores_remaining           10.206    prayer_at_death              84.322  │
│  current_ranged              104.052    current_magic                93.395  │
│  behind_shield_pct             0.756    zuk_hp_remaining            290.763  │
│  min_zuk_hp_seen             281.531    hp_restored                   8.358  │
│  zuk_healer_damage             0.823    deaths_to_jad                 0.075  │
│  episode_return_normal         8.259    wins_normal                   0.000  │
│  min_zuk_hp_normal           313.521    score_normal                  0.739  │
│  zuk_objective_normal          0.739    phase_reached_normal          2.469  │
│  death_tick_normal           183.389    frac_min_hp_le_300_no…        0.489  │
╰──────────────────────────────────────────────────────────────────────────────╯

[0;0H╭──────────────────────────────────────────────────────────────────────────────╮
│  PufferLib 4.0    🐡              GPU: 0%      VRAM: 0.5/18G      RAM: 1.0G  │
│                                                                              │
│  Summary          Value    Evaluate   102ms  35%    Losses            Value  │
│  Env       osrs_inferno      GPU       83ms  28%    policy           -0.006  │
│  Params          752.1K      Env       19ms   6%    value             0.011  │
│  Steps            49.9M    Train      187ms  64%    entropy           1.964  │
│  SPS             221.3K      Misc       0ms   0%    total            -0.003  │
│  Epoch              762      Forwa…     0ms   0%    old_kl            0.008  │
│  Uptime    0d 0h 3m 39s                             kl                0.007  │
│  Remaini…         278ms                             clipfrac          0.220  │
│                                                     bc                0.000  │
│                                                                              │
│  User Stats                    Value    User Stats                    Value  │
│  episode_return                8.615    damage_dealt                939.075  │
│  damage_received              96.749    episode_length              190.562  │
│  wins                          0.000    wave                         68.000  │
│  idle_ticks                    1.061    brews_used                    2.359  │
│  blood_healed                  0.000    prayer_correct_rate           0.558  │
│  unavoidable_off_praye…        0.086    brews_remaining               9.641  │
│  restores_remaining           10.204    prayer_at_death              84.333  │
│  current_ranged              104.038    current_magic                93.373  │
│  behind_shield_pct             0.755    zuk_hp_remaining            290.761  │
│  min_zuk_hp_seen             281.575    hp_restored                   8.309  │
│  zuk_healer_damage             0.820    deaths_to_jad                 0.075  │
│  episode_return_normal         8.257    wins_normal                   0.000  │
│  min_zuk_hp_normal           313.830    score_normal                  0.738  │
│  zuk_objective_normal          0.738    phase_reached_normal          2.469  │
│  death_tick_normal           183.343    frac_min_hp_le_300_no…        0.489  │
╰──────────────────────────────────────────────────────────────────────────────╯

[0;0H╭──────────────────────────────────────────────────────────────────────────────╮
│  PufferLib 4.0   🐡               GPU: 0%      VRAM: 0.5/18G      RAM: 1.0G  │
│                                                                              │
│  Summary          Value    Evaluate   102ms  35%    Losses            Value  │
│  Env       osrs_inferno      GPU       83ms  28%    policy           -0.006  │
│  Params          752.1K      Env       19ms   6%    value             0.011  │
│  Steps            49.9M    Train      187ms  64%    entropy           1.964  │
│  SPS             221.3K      Misc       0ms   0%    total            -0.003  │
│  Epoch              762      Forwa…     0ms   0%    old_kl            0.008  │
│  Uptime    0d 0h 3m 39s                             kl                0.007  │
│  Remaini…         278ms                             clipfrac          0.220  │
│                                                     bc                0.000  │
│                                                                              │
│  User Stats                    Value    User Stats                    Value  │
│  episode_return                8.614    damage_dealt                939.075  │
│  damage_received              96.696    episode_length              190.609  │
│  wins                          0.000    wave                         68.000  │
│  idle_ticks                    1.062    brews_used                    2.359  │
│  blood_healed                  0.000    prayer_correct_rate           0.558  │
│  unavoidable_off_praye…        0.086    brews_remaining               9.641  │
│  restores_remaining           10.204    prayer_at_death              84.322  │
│  current_ranged              104.028    current_magic                93.364  │
│  behind_shield_pct             0.755    zuk_hp_remaining            290.788  │
│  min_zuk_hp_seen             281.566    hp_restored                   8.333  │
│  zuk_healer_damage             0.819    deaths_to_jad                 0.076  │
│  episode_return_normal         8.256    wins_normal                   0.000  │
│  min_zuk_hp_normal           313.797    score_normal                  0.739  │
│  zuk_objective_normal          0.739    phase_reached_normal          2.468  │
│  death_tick_normal           183.401    frac_min_hp_le_300_no…        0.488  │
╰──────────────────────────────────────────────────────────────────────────────╯

wandb: uploading artifact 0x4pxo70; updating run metadata
wandb: uploading artifact 0x4pxo70; uploading wandb-summary.json
wandb: uploading artifact 0x4pxo70; uploading config.yaml
wandb: uploading artifact 0x4pxo70
wandb: uploading artifact 0x4pxo70; uploading history steps 242-255, summary
wandb: uploading artifact 0x4pxo70
wandb: 
wandb: Run history:
wandb:                   SPS ▆▄▆▆▅▅▅▅▅▇▅▅▅▅▅▄▂▂▄▄▃▅▃▃▃▄▄▄▁▅▂▅▃▄▄█▃▄▄▅
wandb:           agent_steps ▁▁▁▂▂▂▂▂▂▂▃▃▃▃▃▃▃▃▄▄▄▄▅▅▅▅▅▅▅▆▆▆▆▆▆▇▇███
wandb: env/behind_shield_pct ▁▁▁▁▁▁▁▁▁▁▁▁▁▂▂▃▃▅▇█████████████████████
wandb:      env/blood_healed ██▆▂▁▁▁▁▁▁▁▂▁▁▁▁▁▁▂▁▁▅▁▁▁▁▁▁▁▁▁▁▁▁▁▁▁▁▁▁
wandb:   env/brews_remaining ▃▃▃▃▃▃▃▃▂▂▁▁▂▂▂▂▁▁▂▂▇▇▇▇▇▇▇▇▇▇▇▇▇▇▇█████
wandb:        env/brews_used ▆▆▆▆▆▆▆▇▇▇▇▇▇▇▇████▇▃▃▂▂▂▂▃▂▂▂▂▂▂▂▂▂▁▂▁▂
wandb:     env/current_magic ▄▄▃▁▂▂▂▁▁▁▂▂▂▃▂▂▂▃▄█▅▄▄▄▄▃▃▄▅▄▄▄▅▃▅▇▇▇██
wandb:    env/current_ranged ▃▂▂▁▁▂▂▂▂▂▁▁▂▂▂▃▃▅▆▆▄▃▄▄▄▅▄▄▄▅▆▅▆▇▇▇▇███
wandb:      env/damage_dealt ▁▁▁▁▁▁▁▁▁▁▂▂▂▂▂▄▅▆▇▇████████████████████
wandb:   env/damage_received ▄▅▅▅▅▅▅▆▆▅▆▆▇███▇▅▆▅█▆▅▃▃▃▂▂▂▂▃▁▂▂▂▁▂▂▁▁
wandb:                  +114 ...
wandb: 
wandb: Run summary:
wandb:                   SPS 221267
wandb:           agent_steps 51445760
wandb: env/behind_shield_pct 0.75566
wandb:      env/blood_healed 0
wandb:   env/brews_remaining 9.66897
wandb:        env/brews_used 2.33103
wandb:     env/current_magic 93.67816
wandb:    env/current_ranged 104.68276
wandb:      env/damage_dealt 942.13794
wandb:   env/damage_received 96.42759
wandb:                  +114 ...
wandb: 
wandb: 🚀 View run civilized-astromech-57 at: https://wandb.ai/valtterivalo-clock-cloud/puffer4/runs/0x4pxo70
wandb: ⭐️ View project at: https://wandb.ai/valtterivalo-clock-cloud/puffer4
wandb: Synced 4 W&B file(s), 0 media file(s), 2 artifact file(s) and 0 other file(s)
wandb: Find logs at: ./wandb/run-20260505_032602-0x4pxo70/logs
[0;0H╭──────────────────────────────────────────────────────────────────────────────╮
│  PufferLib 4.0  🐡                GPU: 0%      VRAM: 0.5/18G      RAM: 1.0G  │
│                                                                              │
│  Summary          Value    Evaluate   102ms  35%    Losses            Value  │
│  Env       osrs_inferno      GPU       83ms  28%    policy           -0.006  │
│  Params          752.1K      Env       19ms   6%    value             0.011  │
│  Steps            49.9M    Train      187ms  64%    entropy           1.964  │
│  SPS             221.3K      Misc       0ms   0%    total            -0.003  │
│  Epoch              762      Forwa…     0ms   0%    old_kl            0.008  │
│  Uptime    0d 0h 3m 39s                             kl                0.007  │
│  Remaini…         278ms                             clipfrac          0.220  │
│                                                     bc                0.000  │
│                                                                              │
│  User Stats                    Value    User Stats                    Value  │
│  episode_return                8.614    damage_dealt                939.075  │
│  damage_received              96.696    episode_length              190.609  │
│  wins                          0.000    wave                         68.000  │
│  idle_ticks                    1.062    brews_used                    2.359  │
│  blood_healed                  0.000    prayer_correct_rate           0.558  │
│  unavoidable_off_praye…        0.086    brews_remaining               9.641  │
│  restores_remaining           10.204    prayer_at_death              84.322  │
│  current_ranged              104.028    current_magic                93.364  │
│  behind_shield_pct             0.755    zuk_hp_remaining            290.788  │
│  min_zuk_hp_seen             281.566    hp_restored                   8.333  │
│  zuk_healer_damage             0.819    deaths_to_jad                 0.076  │
│  episode_return_normal         8.256    wins_normal                   0.000  │
│  min_zuk_hp_normal           313.797    score_normal                  0.739  │
│  zuk_objective_normal          0.739    phase_reached_normal          2.468  │
│  death_tick_normal           183.401    frac_min_hp_le_300_no…        0.488  │
╰──────────────────────────────────────────────────────────────────────────────╯

