/Users/valtterivalo/.pyenv/versions/3.12.3/lib/python3.12/site-packages/torch/cuda/__init__.py:61: FutureWarning: The pynvml package is deprecated. Please install nvidia-ml-py instead. If you did not install pynvml directly, please report this to the maintainers of the package that installed pynvml for you.
  import pynvml  # type: ignore[import]
wandb: Currently logged in as: valtterivalo (valtterivalo-clock-cloud) to https://api.wandb.ai. Use `wandb login --relogin` to force relogin
wandb: setting up run 6b68dgup
wandb: Tracking run with wandb version 0.23.1
wandb: Run data is saved locally in /Users/valtterivalo/Projects/pufferlib-metal-inferno-sync/wandb/run-20260505_013535-6b68dgup
wandb: Run `wandb offline` to turn off syncing.
wandb: Syncing run mythical-trooper-34
wandb: ⭐️ View project at https://wandb.ai/valtterivalo-clock-cloud/puffer4
wandb: 🚀 View run at https://wandb.ai/valtterivalo-clock-cloud/puffer4/runs/6b68dgup
phase2 demo   0: file_q=0.826 q0=0.000 qmax=0.826 qlast=0.826 best_slot=138/139 term=0 cursor=145 seed=0 len=146
phase2 demo   1: file_q=0.826 q0=0.000 qmax=0.826 qlast=0.826 best_slot=137/138 term=0 cursor=145 seed=0 len=146
phase2 demo   2: file_q=0.826 q0=0.000 qmax=0.826 qlast=0.826 best_slot=139/140 term=0 cursor=146 seed=0 len=147
phase2 demo   3: file_q=0.826 q0=0.000 qmax=0.826 qlast=0.826 best_slot=139/141 term=1 cursor=146 seed=0 len=148
phase2 demo   4: file_q=0.826 q0=0.000 qmax=0.826 qlast=0.826 best_slot=140/141 term=0 cursor=148 seed=0 len=149
phase2 demo   5: file_q=0.826 q0=0.000 qmax=0.826 qlast=0.826 best_slot=138/140 term=1 cursor=145 seed=0 len=149
phase2 demo   6: file_q=0.826 q0=0.000 qmax=0.826 qlast=0.826 best_slot=140/141 term=0 cursor=148 seed=0 len=149
phase2 demo   7: file_q=0.826 q0=0.000 qmax=0.826 qlast=0.826 best_slot=141/142 term=0 cursor=149 seed=0 len=150
phase2 demo   8: file_q=0.826 q0=0.000 qmax=0.826 qlast=0.826 best_slot=140/141 term=0 cursor=148 seed=0 len=150
phase2 demo   9: file_q=0.826 q0=0.000 qmax=0.826 qlast=0.826 best_slot=140/142 term=1 cursor=148 seed=0 len=151
phase2 demo  10: file_q=0.826 q0=0.000 qmax=0.826 qlast=0.826 best_slot=141/143 term=1 cursor=149 seed=0 len=151
phase2 demo  11: file_q=0.826 q0=0.000 qmax=0.826 qlast=0.826 best_slot=140/142 term=1 cursor=148 seed=0 len=151
phase2 demo  12: file_q=0.826 q0=0.000 qmax=0.826 qlast=0.826 best_slot=140/142 term=1 cursor=148 seed=0 len=152
phase2 demo  13: file_q=0.826 q0=0.000 qmax=0.826 qlast=0.826 best_slot=140/142 term=1 cursor=148 seed=0 len=153
phase2 demo  14: file_q=0.817 q0=0.000 qmax=0.817 qlast=0.817 best_slot=140/141 term=0 cursor=147 seed=0 len=148
phase2 demo  15: file_q=0.817 q0=0.000 qmax=0.817 qlast=0.817 best_slot=142/143 term=0 cursor=149 seed=0 len=150
phase2 demo  16: file_q=0.817 q0=0.000 qmax=0.817 qlast=0.817 best_slot=142/143 term=0 cursor=149 seed=0 len=150
phase2 demo  17: file_q=0.817 q0=0.000 qmax=0.817 qlast=0.817 best_slot=142/143 term=0 cursor=149 seed=0 len=150
phase2 demo  18: file_q=0.817 q0=0.000 qmax=0.817 qlast=0.817 best_slot=142/144 term=1 cursor=149 seed=0 len=151
phase2 demo  19: file_q=0.817 q0=0.000 qmax=0.817 qlast=0.817 best_slot=142/144 term=1 cursor=149 seed=0 len=151
phase2 demo  20: file_q=0.817 q0=0.000 qmax=0.817 qlast=0.817 best_slot=142/144 term=1 cursor=149 seed=0 len=151
phase2 demo  21: file_q=0.798 q0=0.000 qmax=0.798 qlast=0.798 best_slot=137/138 term=0 cursor=139 seed=0 len=140
phase2 demo  22: file_q=0.798 q0=0.000 qmax=0.798 qlast=0.798 best_slot=137/138 term=0 cursor=139 seed=0 len=140
phase2 demo  23: file_q=0.798 q0=0.000 qmax=0.798 qlast=0.798 best_slot=138/139 term=0 cursor=140 seed=0 len=141
phase2 demo  24: file_q=0.798 q0=0.000 qmax=0.798 qlast=0.798 best_slot=137/139 term=0 cursor=139 seed=0 len=141
phase2 demo  25: file_q=0.798 q0=0.000 qmax=0.798 qlast=0.798 best_slot=137/139 term=0 cursor=139 seed=0 len=141
phase2 demo  26: file_q=0.798 q0=0.000 qmax=0.798 qlast=0.798 best_slot=137/140 term=0 cursor=139 seed=0 len=142
phase2 demo  27: file_q=0.798 q0=0.000 qmax=0.798 qlast=0.798 best_slot=138/140 term=0 cursor=140 seed=0 len=142
phase2 demo  28: file_q=0.798 q0=0.000 qmax=0.798 qlast=0.798 best_slot=139/140 term=0 cursor=141 seed=0 len=142
phase2 demo  29: file_q=0.798 q0=0.000 qmax=0.798 qlast=0.798 best_slot=137/140 term=1 cursor=139 seed=0 len=142
phase2 demo  30: file_q=0.798 q0=0.000 qmax=0.798 qlast=0.798 best_slot=138/141 term=1 cursor=140 seed=0 len=143
phase2 demo  31: file_q=0.798 q0=0.000 qmax=0.798 qlast=0.798 best_slot=139/141 term=0 cursor=141 seed=0 len=143
phase2 demo  32: file_q=0.798 q0=0.000 qmax=0.798 qlast=0.798 best_slot=137/141 term=1 cursor=139 seed=0 len=143
phase2 demo  33: file_q=0.798 q0=0.000 qmax=0.798 qlast=0.798 best_slot=138/141 term=0 cursor=140 seed=0 len=143
phase2 demo  34: file_q=0.798 q0=0.000 qmax=0.798 qlast=0.798 best_slot=137/141 term=0 cursor=139 seed=0 len=143
phase2 demo  35: file_q=0.798 q0=0.000 qmax=0.798 qlast=0.798 best_slot=138/142 term=1 cursor=140 seed=0 len=144
phase2 demo  36: file_q=0.798 q0=0.000 qmax=0.798 qlast=0.798 best_slot=139/142 term=0 cursor=141 seed=0 len=144
phase2 demo  37: file_q=0.798 q0=0.000 qmax=0.798 qlast=0.798 best_slot=137/142 term=1 cursor=139 seed=0 len=144
phase2 demo  38: file_q=0.798 q0=0.000 qmax=0.798 qlast=0.798 best_slot=139/143 term=0 cursor=141 seed=0 len=145
phase2 demo  39: file_q=0.798 q0=0.000 qmax=0.798 qlast=0.798 best_slot=139/143 term=1 cursor=141 seed=0 len=145
phase2 demo  40: file_q=0.798 q0=0.000 qmax=0.798 qlast=0.798 best_slot=139/144 term=1 cursor=141 seed=0 len=146
phase2 demo  41: file_q=0.793 q0=0.000 qmax=0.793 qlast=0.793 best_slot=128/129 term=0 cursor=130 seed=0 len=131
phase2 demo  42: file_q=0.793 q0=0.000 qmax=0.793 qlast=0.793 best_slot=128/130 term=0 cursor=130 seed=0 len=132
phase2 demo  43: file_q=0.793 q0=0.000 qmax=0.793 qlast=0.793 best_slot=128/130 term=0 cursor=130 seed=0 len=132
phase2 demo  44: file_q=0.793 q0=0.000 qmax=0.793 qlast=0.793 best_slot=128/131 term=0 cursor=130 seed=0 len=133
phase2 demo  45: file_q=0.793 q0=0.000 qmax=0.793 qlast=0.793 best_slot=128/131 term=0 cursor=130 seed=0 len=133
phase2 demo  46: file_q=0.793 q0=0.000 qmax=0.793 qlast=0.793 best_slot=128/131 term=1 cursor=130 seed=0 len=133
phase2 demo  47: file_q=0.793 q0=0.000 qmax=0.793 qlast=0.793 best_slot=128/132 term=0 cursor=130 seed=0 len=134
phase2 demo  48: file_q=0.793 q0=0.000 qmax=0.793 qlast=0.793 best_slot=128/132 term=0 cursor=130 seed=0 len=134
phase2 demo  49: file_q=0.793 q0=0.000 qmax=0.793 qlast=0.793 best_slot=128/133 term=1 cursor=130 seed=0 len=135
phase2 demo  50: file_q=0.793 q0=0.000 qmax=0.793 qlast=0.793 best_slot=128/133 term=1 cursor=130 seed=0 len=135
phase2 demo  51: file_q=0.790 q0=0.000 qmax=0.790 qlast=0.790 best_slot=131/132 term=0 cursor=134 seed=0 len=135
phase2 demo  52: file_q=0.790 q0=0.000 qmax=0.790 qlast=0.790 best_slot=131/132 term=0 cursor=134 seed=0 len=135
phase2 demo  53: file_q=0.790 q0=0.000 qmax=0.785 qlast=0.785 best_slot=131/132 term=0 cursor=134 seed=0 len=135
phase2 demo  54: file_q=0.790 q0=0.000 qmax=0.785 qlast=0.785 best_slot=131/132 term=0 cursor=134 seed=0 len=135
phase2 demo  55: file_q=0.790 q0=0.000 qmax=0.790 qlast=0.790 best_slot=131/133 term=0 cursor=134 seed=0 len=136
phase2 demo  56: file_q=0.790 q0=0.000 qmax=0.790 qlast=0.790 best_slot=131/133 term=1 cursor=134 seed=0 len=136
phase2 demo  57: file_q=0.790 q0=0.000 qmax=0.790 qlast=0.790 best_slot=132/133 term=0 cursor=135 seed=0 len=136
phase2 demo  58: file_q=0.790 q0=0.000 qmax=0.790 qlast=0.790 best_slot=131/133 term=1 cursor=134 seed=0 len=136
phase2 demo  59: file_q=0.790 q0=0.000 qmax=0.785 qlast=0.790 best_slot=131/133 term=1 cursor=134 seed=0 len=136
phase2 demo  60: file_q=0.790 q0=0.000 qmax=0.790 qlast=0.790 best_slot=131/133 term=1 cursor=134 seed=0 len=136
phase2 demo  61: file_q=0.790 q0=0.000 qmax=0.785 qlast=0.790 best_slot=131/133 term=1 cursor=134 seed=0 len=136
phase2 demo  62: file_q=0.790 q0=0.000 qmax=0.790 qlast=0.790 best_slot=131/134 term=1 cursor=134 seed=0 len=137
phase2 demo  63: file_q=0.790 q0=0.000 qmax=0.785 qlast=0.790 best_slot=131/134 term=2 cursor=134 seed=0 len=138
phase2 ladder validation: 64 demos, 0 qmax violations
phase2_init: 64 demos, stride=2, 256 envs
phase2: loaded 64 demos from /Users/valtterivalo/Projects/pufferlib-metal-inferno-sync/experiments/heavy_research_phase2_v4/demos_p0/seed_42/demos
[0;0H╭──────────────────────────────────────────────────────────────────────────────╮
│  PufferLib 4.0 🐡                 GPU: 0%      VRAM: 0.4/18G      RAM: 0.8G  │
│                                                                              │
│  Summary          Value    Evaluate     0ms   0%    Losses            Value  │
│  Env       osrs_inferno      GPU        0ms   0%                             │
│  Params          752.1K      Env        0ms   0%                             │
│  Steps              0.0    Train        0ms   0%                             │
│  SPS                0.0      Misc       0ms   0%                             │
│  Epoch                0      Forwa…     0ms   0%                             │
│  Uptime            36ms                                                      │
│  Remaini…   A hair past                                                      │
│               a freckle                                                      │
│                                                                              │
│  User Stats                    Value    User Stats                    Value  │
│  phase2_cursor_mean_fr…        0.983    phase2_cursor_min_frac        0.963  │
│  phase2_cursor_max_frac        0.993    phase2_cursor_at_start        0.000  │
╰──────────────────────────────────────────────────────────────────────────────╯

[0;0H╭──────────────────────────────────────────────────────────────────────────────╮
│  PufferLib 4.0          🐡        GPU: 0%      VRAM: 0.4/18G      RAM: 0.9G  │
│                                                                              │
│  Summary          Value    Evaluate   258ms  37%    Losses            Value  │
│  Env       osrs_inferno      GPU      216ms  31%    policy            0.004  │
│  Params          752.1K      Env       42ms   6%    value             0.010  │
│  Steps           163.8K    Train      429ms  62%    entropy           7.567  │
│  SPS             236.4K      Misc       0ms   0%    total            -0.002  │
│  Epoch                5      Forwa…     0ms   0%    old_kl            0.002  │
│  Uptime           729ms                             kl                0.002  │
│  Remaini…  0d 0h 3m 30s                             clipfrac          0.161  │
│                                                     bc                0.000  │
│                                                                              │
│  User Stats                    Value    User Stats                    Value  │
│  episode_return                2.045    damage_dealt                219.753  │
│  damage_received              69.742    episode_length               72.029  │
│  wins                          0.000    wave                         68.000  │
│  idle_ticks                   14.387    brews_used                    2.353  │
│  blood_healed                  0.015    prayer_correct_rate           0.495  │
│  unavoidable_off_praye…        0.034    brews_remaining               9.647  │
│  restores_remaining           10.920    prayer_at_death              91.865  │
│  current_ranged               96.082    current_magic                89.126  │
│  behind_shield_pct             0.228    zuk_hp_remaining            984.164  │
│  min_zuk_hp_seen             985.614    hp_restored                   0.011  │
│  zuk_healer_damage             0.000    deaths_to_jad                 0.018  │
│  episode_return_normal         0.345    wins_normal                   0.000  │
│  min_zuk_hp_normal          1165.272    score_normal                  0.029  │
│  zuk_objective_normal          0.029    phase_reached_normal          0.000  │
│  death_tick_normal            37.153    frac_min_hp_le_300_no…        0.000  │
╰──────────────────────────────────────────────────────────────────────────────╯

[0;0H╭──────────────────────────────────────────────────────────────────────────────╮
│  PufferLib 4.0         🐡         GPU: 0%      VRAM: 0.4/18G      RAM: 0.9G  │
│                                                                              │
│  Summary          Value    Evaluate   250ms  37%    Losses            Value  │
│  Env       osrs_inferno      GPU      208ms  30%    policy            0.014  │
│  Params          752.1K      Env       42ms   6%    value             0.012  │
│  Steps           327.7K    Train      426ms  62%    entropy           7.477  │
│  SPS             239.9K      Misc       0ms   0%    total             0.009  │
│  Epoch               10      Forwa…     0ms   0%    old_kl            0.001  │
│  Uptime     0d 0h 0m 1s                             kl                0.001  │
│  Remaini…  0d 0h 3m 27s                             clipfrac          0.167  │
│                                                     bc                0.000  │
│                                                                              │
│  User Stats                    Value    User Stats                    Value  │
│  episode_return                2.170    damage_dealt                233.258  │
│  damage_received              74.783    episode_length               74.935  │
│  wins                          0.000    wave                         68.000  │
│  idle_ticks                   12.790    brews_used                    2.653  │
│  blood_healed                  0.015    prayer_correct_rate           0.487  │
│  unavoidable_off_praye…        0.031    brews_remaining               9.347  │
│  restores_remaining           10.813    prayer_at_death              92.067  │
│  current_ranged               94.909    current_magic                88.327  │
│  behind_shield_pct             0.246    zuk_hp_remaining            971.162  │
│  min_zuk_hp_seen             972.546    hp_restored                   0.000  │
│  zuk_healer_damage             0.000    deaths_to_jad                 0.019  │
│  episode_return_normal         0.441    wins_normal                   0.000  │
│  min_zuk_hp_normal          1155.390    score_normal                  0.037  │
│  zuk_objective_normal          0.037    phase_reached_normal          0.000  │
│  death_tick_normal            39.434    frac_min_hp_le_300_no…        0.000  │
╰──────────────────────────────────────────────────────────────────────────────╯

[0;0H╭──────────────────────────────────────────────────────────────────────────────╮
│  PufferLib 4.0        🐡          GPU: 0%      VRAM: 0.4/18G      RAM: 0.9G  │
│                                                                              │
│  Summary          Value    Evaluate   250ms  36%    Losses            Value  │
│  Env       osrs_inferno      GPU      208ms  30%    policy            0.000  │
│  Params          752.1K      Env       42ms   6%    value             0.019  │
│  Steps           491.5K    Train      426ms  63%    entropy           7.301  │
│  SPS             239.7K      Misc       0ms   0%    total            -0.002  │
│  Epoch               15      Forwa…     0ms   0%    old_kl            0.002  │
│  Uptime     0d 0h 0m 2s                             kl                0.001  │
│  Remaini…  0d 0h 3m 26s                             clipfrac          0.174  │
│                                                     bc                0.000  │
│                                                                              │
│  User Stats                    Value    User Stats                    Value  │
│  episode_return                2.220    damage_dealt                237.787  │
│  damage_received              74.209    episode_length               73.198  │
│  wins                          0.000    wave                         68.000  │
│  idle_ticks                    9.522    brews_used                    2.679  │
│  blood_healed                  0.023    prayer_correct_rate           0.482  │
│  unavoidable_off_praye…        0.029    brews_remaining               9.321  │
│  restores_remaining           10.805    prayer_at_death              92.264  │
│  current_ranged               95.133    current_magic                88.278  │
│  behind_shield_pct             0.257    zuk_hp_remaining            966.321  │
│  min_zuk_hp_seen             968.047    hp_restored                   0.012  │
│  zuk_healer_damage             0.000    deaths_to_jad                 0.018  │
│  episode_return_normal         0.621    wins_normal                   0.000  │
│  min_zuk_hp_normal          1137.341    score_normal                  0.052  │
│  zuk_objective_normal          0.052    phase_reached_normal          0.001  │
│  death_tick_normal            39.780    frac_min_hp_le_300_no…        0.000  │
╰──────────────────────────────────────────────────────────────────────────────╯

[0;0H╭──────────────────────────────────────────────────────────────────────────────╮
│  PufferLib 4.0       🐡           GPU: 0%      VRAM: 0.4/18G      RAM: 0.9G  │
│                                                                              │
│  Summary          Value    Evaluate   250ms  36%    Losses            Value  │
│  Env       osrs_inferno      GPU      208ms  30%    policy           -0.000  │
│  Params          752.1K      Env       41ms   6%    value             0.021  │
│  Steps           655.4K    Train      425ms  63%    entropy           7.158  │
│  SPS             240.2K      Misc       0ms   0%    total            -0.001  │
│  Epoch               20      Forwa…     0ms   0%    old_kl            0.001  │
│  Uptime     0d 0h 0m 2s                             kl                0.002  │
│  Remaini…  0d 0h 3m 25s                             clipfrac          0.176  │
│                                                     bc                0.000  │
│                                                                              │
│  User Stats                    Value    User Stats                    Value  │
│  episode_return                2.379    damage_dealt                253.476  │
│  damage_received              73.779    episode_length               74.678  │
│  wins                          0.000    wave                         68.000  │
│  idle_ticks                    7.150    brews_used                    2.690  │
│  blood_healed                  0.013    prayer_correct_rate           0.489  │
│  unavoidable_off_praye…        0.030    brews_remaining               9.310  │
│  restores_remaining           10.817    prayer_at_death              92.019  │
│  current_ranged               94.949    current_magic                88.006  │
│  behind_shield_pct             0.273    zuk_hp_remaining            950.127  │
│  min_zuk_hp_seen             951.837    hp_restored                   0.000  │
│  zuk_healer_damage             0.000    deaths_to_jad                 0.022  │
│  episode_return_normal         0.721    wins_normal                   0.000  │
│  min_zuk_hp_normal          1127.441    score_normal                  0.060  │
│  zuk_objective_normal          0.060    phase_reached_normal          0.003  │
│  death_tick_normal            39.623    frac_min_hp_le_300_no…        0.000  │
╰──────────────────────────────────────────────────────────────────────────────╯

[0;0H╭──────────────────────────────────────────────────────────────────────────────╮
│  PufferLib 4.0      🐡            GPU: 0%      VRAM: 0.4/18G      RAM: 0.9G  │
│                                                                              │
│  Summary          Value    Evaluate   250ms  37%    Losses            Value  │
│  Env       osrs_inferno      GPU      208ms  30%    policy           -0.003  │
│  Params          752.1K      Env       42ms   6%    value             0.020  │
│  Steps           819.2K    Train      425ms  62%    entropy           7.036  │
│  SPS             240.4K      Misc       0ms   0%    total            -0.003  │
│  Epoch               25      Forwa…     0ms   0%    old_kl            0.002  │
│  Uptime     0d 0h 0m 3s                             kl                0.002  │
│  Remaini…  0d 0h 3m 24s                             clipfrac          0.184  │
│                                                     bc                0.000  │
│                                                                              │
│  User Stats                    Value    User Stats                    Value  │
│  episode_return                2.500    damage_dealt                266.391  │
│  damage_received              72.757    episode_length               76.071  │
│  wins                          0.000    wave                         68.000  │
│  idle_ticks                    5.605    brews_used                    2.621  │
│  blood_healed                  0.009    prayer_correct_rate           0.488  │
│  unavoidable_off_praye…        0.029    brews_remaining               9.379  │
│  restores_remaining           10.795    prayer_at_death              92.105  │
│  current_ranged               95.257    current_magic                88.412  │
│  behind_shield_pct             0.286    zuk_hp_remaining            936.445  │
│  min_zuk_hp_seen             939.258    hp_restored                   0.000  │
│  zuk_healer_damage             0.000    deaths_to_jad                 0.030  │
│  episode_return_normal         0.800    wins_normal                   0.000  │
│  min_zuk_hp_normal          1119.540    score_normal                  0.067  │
│  zuk_objective_normal          0.067    phase_reached_normal          0.003  │
│  death_tick_normal            39.510    frac_min_hp_le_300_no…        0.000  │
╰──────────────────────────────────────────────────────────────────────────────╯

[0;0H╭──────────────────────────────────────────────────────────────────────────────╮
│  PufferLib 4.0     🐡             GPU: 0%      VRAM: 0.4/18G      RAM: 0.9G  │
│                                                                              │
│  Summary          Value    Evaluate   250ms  37%    Losses            Value  │
│  Env       osrs_inferno      GPU      208ms  30%    policy            0.020  │
│  Params          752.1K      Env       42ms   6%    value             0.023  │
│  Steps           983.0K    Train      425ms  62%    entropy           6.843  │
│  SPS             240.3K      Misc       0ms   0%    total             0.021  │
│  Epoch               30      Forwa…     0ms   0%    old_kl            0.002  │
│  Uptime     0d 0h 0m 4s                             kl                0.002  │
│  Remaini…  0d 0h 3m 23s                             clipfrac          0.200  │
│                                                     bc                0.000  │
│                                                                              │
│  User Stats                    Value    User Stats                    Value  │
│  episode_return                2.542    damage_dealt                270.245  │
│  damage_received              72.263    episode_length               75.282  │
│  wins                          0.000    wave                         68.000  │
│  idle_ticks                    4.214    brews_used                    2.535  │
│  blood_healed                  0.004    prayer_correct_rate           0.484  │
│  unavoidable_off_praye…        0.028    brews_remaining               9.465  │
│  restores_remaining           10.787    prayer_at_death              92.179  │
│  current_ranged               96.278    current_magic                89.213  │
│  behind_shield_pct             0.285    zuk_hp_remaining            931.794  │
│  min_zuk_hp_seen             935.170    hp_restored                   0.008  │
│  zuk_healer_damage             0.000    deaths_to_jad                 0.031  │
│  episode_return_normal         0.912    wins_normal                   0.000  │
│  min_zuk_hp_normal          1108.156    score_normal                  0.077  │
│  zuk_objective_normal          0.077    phase_reached_normal          0.010  │
│  death_tick_normal            39.522    frac_min_hp_le_300_no…        0.000  │
╰──────────────────────────────────────────────────────────────────────────────╯

[0;0H╭──────────────────────────────────────────────────────────────────────────────╮
│  PufferLib 4.0    🐡              GPU: 0%      VRAM: 0.4/18G      RAM: 0.9G  │
│                                                                              │
│  Summary          Value    Evaluate   250ms  37%    Losses            Value  │
│  Env       osrs_inferno      GPU      209ms  30%    policy            0.010  │
│  Params          752.1K      Env       41ms   6%    value             0.025  │
│  Steps             1.1M    Train      426ms  62%    entropy           6.622  │
│  SPS             240.0K      Misc       0ms   0%    total             0.012  │
│  Epoch               35      Forwa…     0ms   0%    old_kl            0.002  │
│  Uptime     0d 0h 0m 4s                             kl                0.002  │
│  Remaini…  0d 0h 3m 23s                             clipfrac          0.195  │
│                                                     bc                0.000  │
│                                                                              │
│  User Stats                    Value    User Stats                    Value  │
│  episode_return                2.530    damage_dealt                268.338  │
│  damage_received              70.666    episode_length               73.519  │
│  wins                          0.000    wave                         68.000  │
│  idle_ticks                    3.051    brews_used                    2.534  │
│  blood_healed                  0.006    prayer_correct_rate           0.481  │
│  unavoidable_off_praye…        0.028    brews_remaining               9.466  │
│  restores_remaining           10.805    prayer_at_death              92.159  │
│  current_ranged               96.162    current_magic                89.039  │
│  behind_shield_pct             0.281    zuk_hp_remaining            933.545  │
│  min_zuk_hp_seen             936.823    hp_restored                   0.012  │
│  zuk_healer_damage             0.001    deaths_to_jad                 0.031  │
│  episode_return_normal         0.985    wins_normal                   0.000  │
│  min_zuk_hp_normal          1100.818    score_normal                  0.083  │
│  zuk_objective_normal          0.083    phase_reached_normal          0.015  │
│  death_tick_normal            39.383    frac_min_hp_le_300_no…        0.000  │
╰──────────────────────────────────────────────────────────────────────────────╯

[0;0H╭──────────────────────────────────────────────────────────────────────────────╮
│  PufferLib 4.0   🐡               GPU: 0%      VRAM: 0.4/18G      RAM: 0.9G  │
│                                                                              │
│  Summary          Value    Evaluate   248ms  36%    Losses            Value  │
│  Env       osrs_inferno      GPU      207ms  30%    policy            0.002  │
│  Params          752.1K      Env       41ms   6%    value             0.026  │
│  Steps             1.3M    Train      428ms  63%    entropy           6.408  │
│  SPS             240.0K      Misc       0ms   0%    total             0.006  │
│  Epoch               40      Forwa…     0ms   0%    old_kl            0.002  │
│  Uptime     0d 0h 0m 5s                             kl                0.002  │
│  Remaini…  0d 0h 3m 22s                             clipfrac          0.193  │
│                                                     bc                0.000  │
│                                                                              │
│  User Stats                    Value    User Stats                    Value  │
│  episode_return                2.579    damage_dealt                273.196  │
│  damage_received              69.591    episode_length               73.117  │
│  wins                          0.000    wave                         68.000  │
│  idle_ticks                    2.124    brews_used                    2.464  │
│  blood_healed                  0.001    prayer_correct_rate           0.482  │
│  unavoidable_off_praye…        0.028    brews_remaining               9.536  │
│  restores_remaining           10.848    prayer_at_death              92.024  │
│  current_ranged               96.549    current_magic                89.113  │
│  behind_shield_pct             0.285    zuk_hp_remaining            929.239  │
│  min_zuk_hp_seen             931.858    hp_restored                   0.012  │
│  zuk_healer_damage             0.000    deaths_to_jad                 0.042  │
│  episode_return_normal         1.037    wins_normal                   0.000  │
│  min_zuk_hp_normal          1095.731    score_normal                  0.087  │
│  zuk_objective_normal          0.087    phase_reached_normal          0.015  │
│  death_tick_normal            38.582    frac_min_hp_le_300_no…        0.000  │
╰──────────────────────────────────────────────────────────────────────────────╯

[0;0H╭──────────────────────────────────────────────────────────────────────────────╮
│  PufferLib 4.0  🐡                GPU: 0%      VRAM: 0.4/18G      RAM: 0.9G  │
│                                                                              │
│  Summary          Value    Evaluate   249ms  36%    Losses            Value  │
│  Env       osrs_inferno      GPU      207ms  30%    policy            0.001  │
│  Params          752.1K      Env       42ms   6%    value             0.027  │
│  Steps             1.5M    Train      430ms  63%    entropy           6.338  │
│  SPS             238.6K      Misc       0ms   0%    total             0.005  │
│  Epoch               45      Forwa…     0ms   0%    old_kl            0.002  │
│  Uptime     0d 0h 0m 6s                             kl                0.002  │
│  Remaini…  0d 0h 3m 23s                             clipfrac          0.171  │
│                                                     bc                0.000  │
│                                                                              │
│  User Stats                    Value    User Stats                    Value  │
│  episode_return                2.736    damage_dealt                290.514  │
│  damage_received              71.775    episode_length               76.977  │
│  wins                          0.000    wave                         68.000  │
│  idle_ticks                    1.947    brews_used                    2.506  │
│  blood_healed                  0.000    prayer_correct_rate           0.491  │
│  unavoidable_off_praye…        0.027    brews_remaining               9.494  │
│  restores_remaining           10.783    prayer_at_death              92.057  │
│  current_ranged               96.103    current_magic                89.030  │
│  behind_shield_pct             0.298    zuk_hp_remaining            912.560  │
│  min_zuk_hp_seen             915.132    hp_restored                   0.049  │
│  zuk_healer_damage             0.003    deaths_to_jad                 0.053  │
│  episode_return_normal         1.042    wins_normal                   0.000  │
│  min_zuk_hp_normal          1095.255    score_normal                  0.087  │
│  zuk_objective_normal          0.087    phase_reached_normal          0.017  │
│  death_tick_normal            38.880    frac_min_hp_le_300_no…        0.000  │
╰──────────────────────────────────────────────────────────────────────────────╯

[0;0H╭──────────────────────────────────────────────────────────────────────────────╮
│  PufferLib 4.0 🐡                 GPU: 0%      VRAM: 0.4/18G      RAM: 0.9G  │
│                                                                              │
│  Summary          Value    Evaluate   251ms  36%    Losses            Value  │
│  Env       osrs_inferno      GPU      209ms  30%    policy           -0.004  │
│  Params          752.1K      Env       42ms   6%    value             0.028  │
│  Steps             1.6M    Train      428ms  63%    entropy           6.365  │
│  SPS             239.0K      Misc       0ms   0%    total             0.000  │
│  Epoch               50      Forwa…     0ms   0%    old_kl            0.002  │
│  Uptime     0d 0h 0m 6s                             kl                0.002  │
│  Remaini…  0d 0h 3m 22s                             clipfrac          0.181  │
│                                                     bc                0.000  │
│                                                                              │
│  User Stats                    Value    User Stats                    Value  │
│  episode_return                2.709    damage_dealt                287.576  │
│  damage_received              73.950    episode_length               76.543  │
│  wins                          0.000    wave                         68.000  │
│  idle_ticks                    2.001    brews_used                    2.667  │
│  blood_healed                  0.004    prayer_correct_rate           0.487  │
│  unavoidable_off_praye…        0.028    brews_remaining               9.333  │
│  restores_remaining           10.767    prayer_at_death              92.089  │
│  current_ranged               95.488    current_magic                88.479  │
│  behind_shield_pct             0.296    zuk_hp_remaining            915.683  │
│  min_zuk_hp_seen             917.883    hp_restored                   0.110  │
│  zuk_healer_damage             0.006    deaths_to_jad                 0.053  │
│  episode_return_normal         1.079    wins_normal                   0.000  │
│  min_zuk_hp_normal          1091.271    score_normal                  0.091  │
│  zuk_objective_normal          0.091    phase_reached_normal          0.022  │
│  death_tick_normal            39.703    frac_min_hp_le_300_no…        0.000  │
╰──────────────────────────────────────────────────────────────────────────────╯

[0;0H╭──────────────────────────────────────────────────────────────────────────────╮
│  PufferLib 4.0          🐡        GPU: 0%      VRAM: 0.4/18G      RAM: 0.9G  │
│                                                                              │
│  Summary          Value    Evaluate   250ms  36%    Losses            Value  │
│  Env       osrs_inferno      GPU      208ms  30%    policy           -0.002  │
│  Params          752.1K      Env       42ms   6%    value             0.030  │
│  Steps             1.8M    Train      427ms  63%    entropy           6.434  │
│  SPS             239.5K      Misc       0ms   0%    total             0.003  │
│  Epoch               55      Forwa…     0ms   0%    old_kl            0.001  │
│  Uptime     0d 0h 0m 7s                             kl                0.002  │
│  Remaini…  0d 0h 3m 21s                             clipfrac          0.187  │
│                                                     bc                0.000  │
│                                                                              │
│  User Stats                    Value    User Stats                    Value  │
│  episode_return                2.611    damage_dealt                276.656  │
│  damage_received              74.629    episode_length               74.445  │
│  wins                          0.000    wave                         68.000  │
│  idle_ticks                    2.340    brews_used                    2.811  │
│  blood_healed                  0.002    prayer_correct_rate           0.477  │
│  unavoidable_off_praye…        0.027    brews_remaining               9.189  │
│  restores_remaining           10.759    prayer_at_death              92.103  │
│  current_ranged               94.778    current_magic                87.906  │
│  behind_shield_pct             0.288    zuk_hp_remaining            926.111  │
│  min_zuk_hp_seen             928.454    hp_restored                   0.057  │
│  zuk_healer_damage             0.010    deaths_to_jad                 0.047  │
│  episode_return_normal         1.109    wins_normal                   0.000  │
│  min_zuk_hp_normal          1088.287    score_normal                  0.093  │
│  zuk_objective_normal          0.093    phase_reached_normal          0.023  │
│  death_tick_normal            40.545    frac_min_hp_le_300_no…        0.000  │
╰──────────────────────────────────────────────────────────────────────────────╯

[0;0H╭──────────────────────────────────────────────────────────────────────────────╮
│  PufferLib 4.0         🐡         GPU: 0%      VRAM: 0.4/18G      RAM: 0.9G  │
│                                                                              │
│  Summary          Value    Evaluate   249ms  36%    Losses            Value  │
│  Env       osrs_inferno      GPU      207ms  30%    policy           -0.004  │
│  Params          752.1K      Env       42ms   6%    value             0.029  │
│  Steps             2.0M    Train      426ms  63%    entropy           6.438  │
│  SPS             240.2K      Misc       0ms   0%    total             0.001  │
│  Epoch               60      Forwa…     0ms   0%    old_kl            0.002  │
│  Uptime     0d 0h 0m 8s                             kl                0.002  │
│  Remaini…  0d 0h 3m 19s                             clipfrac          0.195  │
│                                                     bc                0.000  │
│                                                                              │
│  User Stats                    Value    User Stats                    Value  │
│  episode_return                2.622    damage_dealt                278.031  │
│  damage_received              75.516    episode_length               75.450  │
│  wins                          0.000    wave                         68.000  │
│  idle_ticks                    2.353    brews_used                    2.863  │
│  blood_healed                  0.005    prayer_correct_rate           0.482  │
│  unavoidable_off_praye…        0.030    brews_remaining               9.137  │
│  restores_remaining           10.767    prayer_at_death              91.898  │
│  current_ranged               94.504    current_magic                87.585  │
│  behind_shield_pct             0.291    zuk_hp_remaining            924.738  │
│  min_zuk_hp_seen             927.075    hp_restored                   0.023  │
│  zuk_healer_damage             0.003    deaths_to_jad                 0.040  │
│  episode_return_normal         1.082    wins_normal                   0.000  │
│  min_zuk_hp_normal          1090.802    score_normal                  0.091  │
│  zuk_objective_normal          0.091    phase_reached_normal          0.023  │
│  death_tick_normal            40.802    frac_min_hp_le_300_no…        0.000  │
╰──────────────────────────────────────────────────────────────────────────────╯

[0;0H╭──────────────────────────────────────────────────────────────────────────────╮
│  PufferLib 4.0        🐡          GPU: 0%      VRAM: 0.4/18G      RAM: 0.9G  │
│                                                                              │
│  Summary          Value    Evaluate   251ms  37%    Losses            Value  │
│  Env       osrs_inferno      GPU      208ms  30%    policy           -0.020  │
│  Params          752.1K      Env       42ms   6%    value             0.032  │
│  Steps             2.1M    Train      425ms  62%    entropy           6.434  │
│  SPS             239.9K      Misc       0ms   0%    total            -0.014  │
│  Epoch               65      Forwa…     0ms   0%    old_kl            0.002  │
│  Uptime     0d 0h 0m 8s                             kl                0.002  │
│  Remaini…  0d 0h 3m 19s                             clipfrac          0.187  │
│                                                     bc                0.000  │
│                                                                              │
│  User Stats                    Value    User Stats                    Value  │
│  episode_return                2.668    damage_dealt                282.519  │
│  damage_received              74.754    episode_length               75.891  │
│  wins                          0.000    wave                         68.000  │
│  idle_ticks                    2.255    brews_used                    2.844  │
│  blood_healed                  0.002    prayer_correct_rate           0.480  │
│  unavoidable_off_praye…        0.028    brews_remaining               9.156  │
│  restores_remaining           10.742    prayer_at_death              91.991  │
│  current_ranged               94.844    current_magic                87.859  │
│  behind_shield_pct             0.294    zuk_hp_remaining            920.455  │
│  min_zuk_hp_seen             922.527    hp_restored                   0.033  │
│  zuk_healer_damage             0.001    deaths_to_jad                 0.045  │
│  episode_return_normal         1.123    wins_normal                   0.000  │
│  min_zuk_hp_normal          1086.811    score_normal                  0.094  │
│  zuk_objective_normal          0.094    phase_reached_normal          0.029  │
│  death_tick_normal            40.894    frac_min_hp_le_300_no…        0.000  │
╰──────────────────────────────────────────────────────────────────────────────╯

[0;0H╭──────────────────────────────────────────────────────────────────────────────╮
│  PufferLib 4.0       🐡           GPU: 0%      VRAM: 0.4/18G      RAM: 0.9G  │
│                                                                              │
│  Summary          Value    Evaluate   250ms  36%    Losses            Value  │
│  Env       osrs_inferno      GPU      207ms  30%    policy           -0.001  │
│  Params          752.1K      Env       42ms   6%    value             0.030  │
│  Steps             2.3M    Train      426ms  63%    entropy           6.462  │
│  SPS             239.9K      Misc       0ms   0%    total             0.005  │
│  Epoch               70      Forwa…     0ms   0%    old_kl            0.002  │
│  Uptime     0d 0h 0m 9s                             kl                0.002  │
│  Remaini…  0d 0h 3m 18s                             clipfrac          0.202  │
│                                                     bc                0.000  │
│                                                                              │
│  User Stats                    Value    User Stats                    Value  │
│  episode_return                2.706    damage_dealt                287.275  │
│  damage_received              75.618    episode_length               77.352  │
│  wins                          0.000    wave                         68.000  │
│  idle_ticks                    2.513    brews_used                    2.914  │
│  blood_healed                  0.004    prayer_correct_rate           0.475  │
│  unavoidable_off_praye…        0.024    brews_remaining               9.086  │
│  restores_remaining           10.673    prayer_at_death              91.958  │
│  current_ranged               94.884    current_magic                87.969  │
│  behind_shield_pct             0.299    zuk_hp_remaining            916.236  │
│  min_zuk_hp_seen             918.151    hp_restored                   0.067  │
│  zuk_healer_damage             0.000    deaths_to_jad                 0.046  │
│  episode_return_normal         1.140    wins_normal                   0.000  │
│  min_zuk_hp_normal          1084.737    score_normal                  0.096  │
│  zuk_objective_normal          0.096    phase_reached_normal          0.029  │
│  death_tick_normal            42.032    frac_min_hp_le_300_no…        0.000  │
╰──────────────────────────────────────────────────────────────────────────────╯

[0;0H╭──────────────────────────────────────────────────────────────────────────────╮
│  PufferLib 4.0      🐡            GPU: 0%      VRAM: 0.4/18G      RAM: 0.9G  │
│                                                                              │
│  Summary          Value    Evaluate   251ms  37%    Losses            Value  │
│  Env       osrs_inferno      GPU      209ms  30%    policy           -0.012  │
│  Params          752.1K      Env       42ms   6%    value             0.030  │
│  Steps             2.5M    Train      425ms  62%    entropy           6.440  │
│  SPS             239.9K      Misc       0ms   0%    total            -0.007  │
│  Epoch               75      Forwa…     0ms   0%    old_kl            0.002  │
│  Uptime    0d 0h 0m 10s                             kl                0.002  │
│  Remaini…  0d 0h 3m 18s                             clipfrac          0.195  │
│                                                     bc                0.000  │
│                                                                              │
│  User Stats                    Value    User Stats                    Value  │
│  episode_return                2.718    damage_dealt                288.105  │
│  damage_received              77.444    episode_length               77.754  │
│  wins                          0.000    wave                         68.000  │
│  idle_ticks                    2.454    brews_used                    2.975  │
│  blood_healed                  0.002    prayer_correct_rate           0.480  │
│  unavoidable_off_praye…        0.029    brews_remaining               9.025  │
│  restores_remaining           10.656    prayer_at_death              91.935  │
│  current_ranged               94.649    current_magic                87.971  │
│  behind_shield_pct             0.301    zuk_hp_remaining            914.984  │
│  min_zuk_hp_seen             917.063    hp_restored                   0.025  │
│  zuk_healer_damage             0.004    deaths_to_jad                 0.039  │
│  episode_return_normal         1.145    wins_normal                   0.000  │
│  min_zuk_hp_normal          1084.367    score_normal                  0.096  │
│  zuk_objective_normal          0.096    phase_reached_normal          0.032  │
│  death_tick_normal            42.180    frac_min_hp_le_300_no…        0.000  │
╰──────────────────────────────────────────────────────────────────────────────╯

[0;0H╭──────────────────────────────────────────────────────────────────────────────╮
│  PufferLib 4.0     🐡             GPU: 0%      VRAM: 0.4/18G      RAM: 0.9G  │
│                                                                              │
│  Summary          Value    Evaluate   250ms  36%    Losses            Value  │
│  Env       osrs_inferno      GPU      208ms  30%    policy           -0.013  │
│  Params          752.1K      Env       42ms   6%    value             0.032  │
│  Steps             2.6M    Train      426ms  63%    entropy           6.378  │
│  SPS             239.9K      Misc       0ms   0%    total            -0.007  │
│  Epoch               80      Forwa…     0ms   0%    old_kl            0.002  │
│  Uptime    0d 0h 0m 10s                             kl                0.002  │
│  Remaini…  0d 0h 3m 17s                             clipfrac          0.205  │
│                                                     bc                0.000  │
│                                                                              │
│  User Stats                    Value    User Stats                    Value  │
│  episode_return                2.706    damage_dealt                286.444  │
│  damage_received              78.712    episode_length               76.738  │
│  wins                          0.000    wave                         68.000  │
│  idle_ticks                    2.129    brews_used                    3.053  │
│  blood_healed                  0.000    prayer_correct_rate           0.475  │
│  unavoidable_off_praye…        0.029    brews_remaining               8.947  │
│  restores_remaining           10.654    prayer_at_death              91.993  │
│  current_ranged               94.246    current_magic                87.638  │
│  behind_shield_pct             0.297    zuk_hp_remaining            916.560  │
│  min_zuk_hp_seen             918.526    hp_restored                   0.107  │
│  zuk_healer_damage             0.008    deaths_to_jad                 0.037  │
│  episode_return_normal         1.203    wins_normal                   0.000  │
│  min_zuk_hp_normal          1078.536    score_normal                  0.101  │
│  zuk_objective_normal          0.101    phase_reached_normal          0.035  │
│  death_tick_normal            42.540    frac_min_hp_le_300_no…        0.000  │
╰──────────────────────────────────────────────────────────────────────────────╯

[0;0H╭──────────────────────────────────────────────────────────────────────────────╮
│  PufferLib 4.0    🐡              GPU: 0%      VRAM: 0.4/18G      RAM: 0.9G  │
│                                                                              │
│  Summary          Value    Evaluate   251ms  37%    Losses            Value  │
│  Env       osrs_inferno      GPU      208ms  30%    policy            0.004  │
│  Params          752.1K      Env       42ms   6%    value             0.033  │
│  Steps             2.8M    Train      424ms  62%    entropy           6.254  │
│  SPS             240.5K      Misc       0ms   0%    total             0.010  │
│  Epoch               85      Forwa…     0ms   0%    old_kl            0.002  │
│  Uptime    0d 0h 0m 11s                             kl                0.002  │
│  Remaini…  0d 0h 3m 16s                             clipfrac          0.199  │
│                                                     bc                0.000  │
│                                                                              │
│  User Stats                    Value    User Stats                    Value  │
│  episode_return                2.683    damage_dealt                284.015  │
│  damage_received              79.440    episode_length               76.266  │
│  wins                          0.000    wave                         68.000  │
│  idle_ticks                    1.724    brews_used                    3.077  │
│  blood_healed                  0.000    prayer_correct_rate           0.471  │
│  unavoidable_off_praye…        0.026    brews_remaining               8.923  │
│  restores_remaining           10.653    prayer_at_death              92.063  │
│  current_ranged               94.048    current_magic                87.396  │
│  behind_shield_pct             0.297    zuk_hp_remaining            919.282  │
│  min_zuk_hp_seen             920.882    hp_restored                   0.026  │
│  zuk_healer_damage             0.002    deaths_to_jad                 0.032  │
│  episode_return_normal         1.213    wins_normal                   0.000  │
│  min_zuk_hp_normal          1077.442    score_normal                  0.102  │
│  zuk_objective_normal          0.102    phase_reached_normal          0.034  │
│  death_tick_normal            42.583    frac_min_hp_le_300_no…        0.000  │
╰──────────────────────────────────────────────────────────────────────────────╯

[0;0H╭──────────────────────────────────────────────────────────────────────────────╮
│  PufferLib 4.0   🐡               GPU: 0%      VRAM: 0.4/18G      RAM: 0.9G  │
│                                                                              │
│  Summary          Value    Evaluate   250ms  36%    Losses            Value  │
│  Env       osrs_inferno      GPU      208ms  30%    policy            0.016  │
│  Params          752.1K      Env       42ms   6%    value             0.034  │
│  Steps             2.9M    Train      426ms  63%    entropy           6.126  │
│  SPS             239.8K      Misc       0ms   0%    total             0.023  │
│  Epoch               90      Forwa…     0ms   0%    old_kl            0.002  │
│  Uptime    0d 0h 0m 12s                             kl                0.002  │
│  Remaini…  0d 0h 3m 16s                             clipfrac          0.203  │
│                                                     bc                0.000  │
│                                                                              │
│  User Stats                    Value    User Stats                    Value  │
│  episode_return                2.718    damage_dealt                287.609  │
│  damage_received              78.785    episode_length               76.905  │
│  wins                          0.000    wave                         68.000  │
│  idle_ticks                    1.502    brews_used                    3.019  │
│  blood_healed                  0.002    prayer_correct_rate           0.473  │
│  unavoidable_off_praye…        0.027    brews_remaining               8.981  │
│  restores_remaining           10.638    prayer_at_death              92.089  │
│  current_ranged               94.362    current_magic                87.707  │
│  behind_shield_pct             0.299    zuk_hp_remaining            915.406  │
│  min_zuk_hp_seen             917.262    hp_restored                   0.006  │
│  zuk_healer_damage             0.000    deaths_to_jad                 0.033  │
│  episode_return_normal         1.221    wins_normal                   0.000  │
│  min_zuk_hp_normal          1076.762    score_normal                  0.103  │
│  zuk_objective_normal          0.103    phase_reached_normal          0.038  │
│  death_tick_normal            42.549    frac_min_hp_le_300_no…        0.000  │
╰──────────────────────────────────────────────────────────────────────────────╯

[0;0H╭──────────────────────────────────────────────────────────────────────────────╮
│  PufferLib 4.0  🐡                GPU: 0%      VRAM: 0.4/18G      RAM: 0.9G  │
│                                                                              │
│  Summary          Value    Evaluate   250ms  37%    Losses            Value  │
│  Env       osrs_inferno      GPU      208ms  30%    policy            0.006  │
│  Params          752.1K      Env       42ms   6%    value             0.035  │
│  Steps             3.1M    Train      426ms  62%    entropy           5.945  │
│  SPS             239.8K      Misc       0ms   0%    total             0.015  │
│  Epoch               95      Forwa…     0ms   0%    old_kl            0.002  │
│  Uptime    0d 0h 0m 13s                             kl                0.002  │
│  Remaini…  0d 0h 3m 15s                             clipfrac          0.212  │
│                                                     bc                0.000  │
│                                                                              │
│  User Stats                    Value    User Stats                    Value  │
│  episode_return                2.753    damage_dealt                290.972  │
│  damage_received              80.624    episode_length               77.309  │
│  wins                          0.000    wave                         68.000  │
│  idle_ticks                    1.151    brews_used                    3.072  │
│  blood_healed                  0.000    prayer_correct_rate           0.473  │
│  unavoidable_off_praye…        0.025    brews_remaining               8.928  │
│  restores_remaining           10.625    prayer_at_death              92.241  │
│  current_ranged               94.366    current_magic                87.908  │
│  behind_shield_pct             0.299    zuk_hp_remaining            912.325  │
│  min_zuk_hp_seen             913.777    hp_restored                   0.000  │
│  zuk_healer_damage             0.000    deaths_to_jad                 0.037  │
│  episode_return_normal         1.257    wins_normal                   0.000  │
│  min_zuk_hp_normal          1073.256    score_normal                  0.106  │
│  zuk_objective_normal          0.106    phase_reached_normal          0.046  │
│  death_tick_normal            42.548    frac_min_hp_le_300_no…        0.000  │
╰──────────────────────────────────────────────────────────────────────────────╯

[0;0H╭──────────────────────────────────────────────────────────────────────────────╮
│  PufferLib 4.0 🐡                 GPU: 0%      VRAM: 0.4/18G      RAM: 0.9G  │
│                                                                              │
│  Summary          Value    Evaluate   250ms  37%    Losses            Value  │
│  Env       osrs_inferno      GPU      208ms  30%    policy            0.013  │
│  Params          752.1K      Env       42ms   6%    value             0.038  │
│  Steps             3.3M    Train      425ms  62%    entropy           5.835  │
│  SPS             240.0K      Misc       0ms   0%    total             0.023  │
│  Epoch              100      Forwa…     0ms   0%    old_kl            0.002  │
│  Uptime    0d 0h 0m 13s                             kl                0.002  │
│  Remaini…  0d 0h 3m 14s                             clipfrac          0.225  │
│                                                     bc                0.000  │
│                                                                              │
│  User Stats                    Value    User Stats                    Value  │
│  episode_return                2.787    damage_dealt                294.582  │
│  damage_received              79.859    episode_length               77.780  │
│  wins                          0.000    wave                         68.000  │
│  idle_ticks                    0.962    brews_used                    3.049  │
│  blood_healed                  0.000    prayer_correct_rate           0.472  │
│  unavoidable_off_praye…        0.025    brews_remaining               8.951  │
│  restores_remaining           10.617    prayer_at_death              92.127  │
│  current_ranged               94.685    current_magic                88.047  │
│  behind_shield_pct             0.301    zuk_hp_remaining            909.115  │
│  min_zuk_hp_seen             910.267    hp_restored                   0.011  │
│  zuk_healer_damage             0.000    deaths_to_jad                 0.034  │
│  episode_return_normal         1.279    wins_normal                   0.000  │
│  min_zuk_hp_normal          1071.046    score_normal                  0.107  │
│  zuk_objective_normal          0.107    phase_reached_normal          0.046  │
│  death_tick_normal            42.712    frac_min_hp_le_300_no…        0.000  │
╰──────────────────────────────────────────────────────────────────────────────╯

[0;0H╭──────────────────────────────────────────────────────────────────────────────╮
│  PufferLib 4.0          🐡        GPU: 0%      VRAM: 0.4/18G      RAM: 0.9G  │
│                                                                              │
│  Summary          Value    Evaluate   249ms  36%    Losses            Value  │
│  Env       osrs_inferno      GPU      207ms  30%    policy           -0.008  │
│  Params          752.1K      Env       41ms   6%    value             0.041  │
│  Steps             3.4M    Train      425ms  63%    entropy           5.833  │
│  SPS             240.3K      Misc       0ms   0%    total             0.003  │
│  Epoch              105      Forwa…     0ms   0%    old_kl            0.002  │
│  Uptime    0d 0h 0m 14s                             kl                0.002  │
│  Remaini…  0d 0h 3m 13s                             clipfrac          0.221  │
│                                                     bc                0.000  │
│                                                                              │
│  User Stats                    Value    User Stats                    Value  │
│  episode_return                2.800    damage_dealt                295.713  │
│  damage_received              82.896    episode_length               78.260  │
│  wins                          0.000    wave                         68.000  │
│  idle_ticks                    0.952    brews_used                    3.259  │
│  blood_healed                  0.000    prayer_correct_rate           0.468  │
│  unavoidable_off_praye…        0.025    brews_remaining               8.741  │
│  restores_remaining           10.603    prayer_at_death              92.146  │
│  current_ranged               93.803    current_magic                87.343  │
│  behind_shield_pct             0.303    zuk_hp_remaining            907.648  │
│  min_zuk_hp_seen             908.935    hp_restored                   0.035  │
│  zuk_healer_damage             0.000    deaths_to_jad                 0.034  │
│  episode_return_normal         1.338    wins_normal                   0.000  │
│  min_zuk_hp_normal          1065.037    score_normal                  0.112  │
│  zuk_objective_normal          0.112    phase_reached_normal          0.055  │
│  death_tick_normal            44.029    frac_min_hp_le_300_no…        0.000  │
╰──────────────────────────────────────────────────────────────────────────────╯

[0;0H╭──────────────────────────────────────────────────────────────────────────────╮
│  PufferLib 4.0         🐡         GPU: 0%      VRAM: 0.4/18G      RAM: 0.9G  │
│                                                                              │
│  Summary          Value    Evaluate   251ms  37%    Losses            Value  │
│  Env       osrs_inferno      GPU      208ms  30%    policy            0.007  │
│  Params          752.1K      Env       42ms   6%    value             0.041  │
│  Steps             3.6M    Train      426ms  62%    entropy           5.886  │
│  SPS             239.4K      Misc       0ms   0%    total             0.019  │
│  Epoch              110      Forwa…     0ms   0%    old_kl            0.002  │
│  Uptime    0d 0h 0m 15s                             kl                0.002  │
│  Remaini…  0d 0h 3m 13s                             clipfrac          0.219  │
│                                                     bc                0.000  │
│                                                                              │
│  User Stats                    Value    User Stats                    Value  │
│  episode_return                2.731    damage_dealt                288.350  │
│  damage_received              82.847    episode_length               76.746  │
│  wins                          0.000    wave                         68.000  │
│  idle_ticks                    1.056    brews_used                    3.326  │
│  blood_healed                  0.000    prayer_correct_rate           0.460  │
│  unavoidable_off_praye…        0.023    brews_remaining               8.674  │
│  restores_remaining           10.606    prayer_at_death              92.163  │
│  current_ranged               93.723    current_magic                87.064  │
│  behind_shield_pct             0.297    zuk_hp_remaining            914.632  │
│  min_zuk_hp_seen             916.159    hp_restored                   0.024  │
│  zuk_healer_damage             0.000    deaths_to_jad                 0.030  │
│  episode_return_normal         1.358    wins_normal                   0.000  │
│  min_zuk_hp_normal          1062.752    score_normal                  0.114  │
│  zuk_objective_normal          0.114    phase_reached_normal          0.059  │
│  death_tick_normal            44.509    frac_min_hp_le_300_no…        0.000  │
╰──────────────────────────────────────────────────────────────────────────────╯

[0;0H╭──────────────────────────────────────────────────────────────────────────────╮
│  PufferLib 4.0        🐡          GPU: 0%      VRAM: 0.4/18G      RAM: 0.9G  │
│                                                                              │
│  Summary          Value    Evaluate   247ms  36%    Losses            Value  │
│  Env       osrs_inferno      GPU      205ms  30%    policy            0.011  │
│  Params          752.1K      Env       42ms   6%    value             0.041  │
│  Steps             3.8M    Train      426ms  63%    entropy           5.895  │
│  SPS             241.1K      Misc       0ms   0%    total             0.022  │
│  Epoch              115      Forwa…     0ms   0%    old_kl            0.003  │
│  Uptime    0d 0h 0m 15s                             kl                0.002  │
│  Remaini…  0d 0h 3m 11s                             clipfrac          0.226  │
│                                                     bc                0.000  │
│                                                                              │
│  User Stats                    Value    User Stats                    Value  │
│  episode_return                2.810    damage_dealt                297.104  │
│  damage_received              83.412    episode_length               78.390  │
│  wins                          0.000    wave                         68.000  │
│  idle_ticks                    1.218    brews_used                    3.345  │
│  blood_healed                  0.003    prayer_correct_rate           0.463  │
│  unavoidable_off_praye…        0.025    brews_remaining               8.655  │
│  restores_remaining           10.549    prayer_at_death              92.286  │
│  current_ranged               94.302    current_magic                87.801  │
│  behind_shield_pct             0.302    zuk_hp_remaining            906.342  │
│  min_zuk_hp_seen             907.677    hp_restored                   0.034  │
│  zuk_healer_damage             0.000    deaths_to_jad                 0.031  │
│  episode_return_normal         1.385    wins_normal                   0.000  │
│  min_zuk_hp_normal          1059.765    score_normal                  0.117  │
│  zuk_objective_normal          0.117    phase_reached_normal          0.071  │
│  death_tick_normal            44.869    frac_min_hp_le_300_no…        0.000  │
╰──────────────────────────────────────────────────────────────────────────────╯

[0;0H╭──────────────────────────────────────────────────────────────────────────────╮
│  PufferLib 4.0       🐡           GPU: 0%      VRAM: 0.4/18G      RAM: 0.9G  │
│                                                                              │
│  Summary          Value    Evaluate   248ms  36%    Losses            Value  │
│  Env       osrs_inferno      GPU      206ms  30%    policy           -0.005  │
│  Params          752.1K      Env       42ms   6%    value             0.039  │
│  Steps             3.9M    Train      425ms  63%    entropy           5.881  │
│  SPS             240.8K      Misc       0ms   0%    total             0.005  │
│  Epoch              120      Forwa…     0ms   0%    old_kl            0.002  │
│  Uptime    0d 0h 0m 16s                             kl                0.003  │
│  Remaini…  0d 0h 3m 11s                             clipfrac          0.221  │
│                                                     bc                0.000  │
│                                                                              │
│  User Stats                    Value    User Stats                    Value  │
│  episode_return                2.840    damage_dealt                300.691  │
│  damage_received              80.681    episode_length               79.327  │
│  wins                          0.000    wave                         68.000  │
│  idle_ticks                    1.236    brews_used                    3.219  │
│  blood_healed                  0.000    prayer_correct_rate           0.462  │
│  unavoidable_off_praye…        0.020    brews_remaining               8.781  │
│  restores_remaining           10.568    prayer_at_death              92.211  │
│  current_ranged               94.808    current_magic                88.142  │
│  behind_shield_pct             0.311    zuk_hp_remaining            903.036  │
│  min_zuk_hp_seen             904.407    hp_restored                   0.055  │
│  zuk_healer_damage             0.000    deaths_to_jad                 0.037  │
│  episode_return_normal         1.372    wins_normal                   0.000  │
│  min_zuk_hp_normal          1061.424    score_normal                  0.115  │
│  zuk_objective_normal          0.115    phase_reached_normal          0.062  │
│  death_tick_normal            44.453    frac_min_hp_le_300_no…        0.000  │
╰──────────────────────────────────────────────────────────────────────────────╯

[0;0H╭──────────────────────────────────────────────────────────────────────────────╮
│  PufferLib 4.0      🐡            GPU: 0%      VRAM: 0.4/18G      RAM: 0.9G  │
│                                                                              │
│  Summary          Value    Evaluate   250ms  37%    Losses            Value  │
│  Env       osrs_inferno      GPU      208ms  30%    policy            0.014  │
│  Params          752.1K      Env       42ms   6%    value             0.041  │
│  Steps             4.1M    Train      423ms  62%    entropy           5.827  │
│  SPS             240.9K      Misc       0ms   0%    total             0.026  │
│  Epoch              125      Forwa…     0ms   0%    old_kl            0.003  │
│  Uptime    0d 0h 0m 17s                             kl                0.003  │
│  Remaini…  0d 0h 3m 10s                             clipfrac          0.228  │
│                                                     bc                0.000  │
│                                                                              │
│  User Stats                    Value    User Stats                    Value  │
│  episode_return                2.816    damage_dealt                297.420  │
│  damage_received              82.780    episode_length               78.303  │
│  wins                          0.000    wave                         68.000  │
│  idle_ticks                    1.075    brews_used                    3.362  │
│  blood_healed                  0.000    prayer_correct_rate           0.459  │
│  unavoidable_off_praye…        0.021    brews_remaining               8.638  │
│  restores_remaining           10.575    prayer_at_death              92.239  │
│  current_ranged               94.035    current_magic                87.550  │
│  behind_shield_pct             0.303    zuk_hp_remaining            906.237  │
│  min_zuk_hp_seen             907.341    hp_restored                   0.011  │
│  zuk_healer_damage             0.000    deaths_to_jad                 0.037  │
│  episode_return_normal         1.414    wins_normal                   0.000  │
│  min_zuk_hp_normal          1057.208    score_normal                  0.119  │
│  zuk_objective_normal          0.119    phase_reached_normal          0.068  │
│  death_tick_normal            44.938    frac_min_hp_le_300_no…        0.000  │
╰──────────────────────────────────────────────────────────────────────────────╯

[0;0H╭──────────────────────────────────────────────────────────────────────────────╮
│  PufferLib 4.0     🐡             GPU: 0%      VRAM: 0.4/18G      RAM: 0.9G  │
│                                                                              │
│  Summary          Value    Evaluate   248ms  36%    Losses            Value  │
│  Env       osrs_inferno      GPU      206ms  30%    policy           -0.012  │
│  Params          752.1K      Env       41ms   6%    value             0.044  │
│  Steps             4.3M    Train      424ms  63%    entropy           5.816  │
│  SPS             241.3K      Misc       0ms   0%    total             0.001  │
│  Epoch              130      Forwa…     0ms   0%    old_kl            0.003  │
│  Uptime    0d 0h 0m 17s                             kl                0.003  │
│  Remaini…   0d 0h 3m 9s                             clipfrac          0.222  │
│                                                     bc                0.000  │
│                                                                              │
│  User Stats                    Value    User Stats                    Value  │
│  episode_return                2.826    damage_dealt                298.619  │
│  damage_received              83.649    episode_length               78.744  │
│  wins                          0.000    wave                         68.000  │
│  idle_ticks                    1.120    brews_used                    3.431  │
│  blood_healed                  0.000    prayer_correct_rate           0.455  │
│  unavoidable_off_praye…        0.020    brews_remaining               8.569  │
│  restores_remaining           10.576    prayer_at_death              92.121  │
│  current_ranged               93.879    current_magic                87.370  │
│  behind_shield_pct             0.302    zuk_hp_remaining            905.430  │
│  min_zuk_hp_seen             906.151    hp_restored                   0.047  │
│  zuk_healer_damage             0.000    deaths_to_jad                 0.036  │
│  episode_return_normal         1.426    wins_normal                   0.000  │
│  min_zuk_hp_normal          1055.924    score_normal                  0.120  │
│  zuk_objective_normal          0.120    phase_reached_normal          0.072  │
│  death_tick_normal            45.393    frac_min_hp_le_300_no…        0.000  │
╰──────────────────────────────────────────────────────────────────────────────╯

[0;0H╭──────────────────────────────────────────────────────────────────────────────╮
│  PufferLib 4.0    🐡              GPU: 0%      VRAM: 0.4/18G      RAM: 0.9G  │
│                                                                              │
│  Summary          Value    Evaluate   248ms  36%    Losses            Value  │
│  Env       osrs_inferno      GPU      206ms  30%    policy            0.001  │
│  Params          752.1K      Env       42ms   6%    value             0.046  │
│  Steps             4.4M    Train      425ms  63%    entropy           5.766  │
│  SPS             240.8K      Misc       0ms   0%    total             0.015  │
│  Epoch              135      Forwa…     0ms   0%    old_kl            0.003  │
│  Uptime    0d 0h 0m 18s                             kl                0.003  │
│  Remaini…   0d 0h 3m 9s                             clipfrac          0.222  │
│                                                     bc                0.000  │
│                                                                              │
│  User Stats                    Value    User Stats                    Value  │
│  episode_return                2.945    damage_dealt                311.479  │
│  damage_received              83.452    episode_length               81.109  │
│  wins                          0.000    wave                         68.000  │
│  idle_ticks                    1.026    brews_used                    3.348  │
│  blood_healed                  0.000    prayer_correct_rate           0.463  │
│  unavoidable_off_praye…        0.020    brews_remaining               8.652  │
│  restores_remaining           10.545    prayer_at_death              92.123  │
│  current_ranged               94.120    current_magic                87.565  │
│  behind_shield_pct             0.311    zuk_hp_remaining            892.804  │
│  min_zuk_hp_seen             893.674    hp_restored                   0.082  │
│  zuk_healer_damage             0.003    deaths_to_jad                 0.033  │
│  episode_return_normal         1.437    wins_normal                   0.000  │
│  min_zuk_hp_normal          1054.893    score_normal                  0.121  │
│  zuk_objective_normal          0.121    phase_reached_normal          0.074  │
│  death_tick_normal            45.280    frac_min_hp_le_300_no…        0.000  │
╰──────────────────────────────────────────────────────────────────────────────╯

[0;0H╭──────────────────────────────────────────────────────────────────────────────╮
│  PufferLib 4.0   🐡               GPU: 0%      VRAM: 0.4/18G      RAM: 0.9G  │
│                                                                              │
│  Summary          Value    Evaluate   250ms  36%    Losses            Value  │
│  Env       osrs_inferno      GPU      208ms  30%    policy            0.006  │
│  Params          752.1K      Env       41ms   6%    value             0.046  │
│  Steps             4.6M    Train      427ms  63%    entropy           5.757  │
│  SPS             239.6K      Misc       0ms   0%    total             0.020  │
│  Epoch              140      Forwa…     0ms   0%    old_kl            0.003  │
│  Uptime    0d 0h 0m 19s                             kl                0.003  │
│  Remaini…   0d 0h 3m 9s                             clipfrac          0.236  │
│                                                     bc                0.000  │
│                                                                              │
│  User Stats                    Value    User Stats                    Value  │
│  episode_return                2.924    damage_dealt                309.220  │
│  damage_received              84.154    episode_length               80.658  │
│  wins                          0.000    wave                         68.000  │
│  idle_ticks                    1.093    brews_used                    3.346  │
│  blood_healed                  0.001    prayer_correct_rate           0.457  │
│  unavoidable_off_praye…        0.018    brews_remaining               8.654  │
│  restores_remaining           10.485    prayer_at_death              92.265  │
│  current_ranged               94.585    current_magic                88.058  │
│  behind_shield_pct             0.311    zuk_hp_remaining            895.128  │
│  min_zuk_hp_seen             896.046    hp_restored                   0.038  │
│  zuk_healer_damage             0.000    deaths_to_jad                 0.043  │
│  episode_return_normal         1.458    wins_normal                   0.000  │
│  min_zuk_hp_normal          1052.842    score_normal                  0.123  │
│  zuk_objective_normal          0.123    phase_reached_normal          0.075  │
│  death_tick_normal            45.630    frac_min_hp_le_300_no…        0.000  │
╰──────────────────────────────────────────────────────────────────────────────╯

[0;0H╭──────────────────────────────────────────────────────────────────────────────╮
│  PufferLib 4.0  🐡                GPU: 0%      VRAM: 0.4/18G      RAM: 0.9G  │
│                                                                              │
│  Summary          Value    Evaluate   247ms  36%    Losses            Value  │
│  Env       osrs_inferno      GPU      206ms  30%    policy           -0.016  │
│  Params          752.1K      Env       41ms   6%    value             0.046  │
│  Steps             4.8M    Train      425ms  63%    entropy           5.729  │
│  SPS             241.1K      Misc       0ms   0%    total            -0.002  │
│  Epoch              145      Forwa…     0ms   0%    old_kl            0.003  │
│  Uptime    0d 0h 0m 19s                             kl                0.003  │
│  Remaini…   0d 0h 3m 7s                             clipfrac          0.241  │
│                                                     bc                0.000  │
│                                                                              │
│  User Stats                    Value    User Stats                    Value  │
│  episode_return                2.939    damage_dealt                310.330  │
│  damage_received              84.439    episode_length               80.260  │
│  wins                          0.000    wave                         68.000  │
│  idle_ticks                    1.087    brews_used                    3.365  │
│  blood_healed                  0.001    prayer_correct_rate           0.456  │
│  unavoidable_off_praye…        0.019    brews_remaining               8.635  │
│  restores_remaining           10.508    prayer_at_death              92.055  │
│  current_ranged               94.514    current_magic                87.848  │
│  behind_shield_pct             0.309    zuk_hp_remaining            893.849  │
│  min_zuk_hp_seen             894.616    hp_restored                   0.132  │
│  zuk_healer_damage             0.004    deaths_to_jad                 0.041  │
│  episode_return_normal         1.499    wins_normal                   0.000  │
│  min_zuk_hp_normal          1048.818    score_normal                  0.126  │
│  zuk_objective_normal          0.126    phase_reached_normal          0.087  │
│  death_tick_normal            45.619    frac_min_hp_le_300_no…        0.000  │
╰──────────────────────────────────────────────────────────────────────────────╯

[0;0H╭──────────────────────────────────────────────────────────────────────────────╮
│  PufferLib 4.0 🐡                 GPU: 0%      VRAM: 0.4/18G      RAM: 0.9G  │
│                                                                              │
│  Summary          Value    Evaluate   251ms  37%    Losses            Value  │
│  Env       osrs_inferno      GPU      209ms  30%    policy            0.013  │
│  Params          752.1K      Env       42ms   6%    value             0.048  │
│  Steps             4.9M    Train      426ms  62%    entropy           5.662  │
│  SPS             239.5K      Misc       0ms   0%    total             0.028  │
│  Epoch              150      Forwa…     0ms   0%    old_kl            0.004  │
│  Uptime    0d 0h 0m 20s                             kl                0.003  │
│  Remaini…   0d 0h 3m 8s                             clipfrac          0.254  │
│                                                     bc                0.000  │
│                                                                              │
│  User Stats                    Value    User Stats                    Value  │
│  episode_return                2.905    damage_dealt                305.951  │
│  damage_received              84.555    episode_length               79.109  │
│  wins                          0.000    wave                         68.000  │
│  idle_ticks                    1.077    brews_used                    3.409  │
│  blood_healed                  0.001    prayer_correct_rate           0.449  │
│  unavoidable_off_praye…        0.018    brews_remaining               8.591  │
│  restores_remaining           10.513    prayer_at_death              92.063  │
│  current_ranged               94.342    current_magic                87.666  │
│  behind_shield_pct             0.304    zuk_hp_remaining            897.585  │
│  min_zuk_hp_seen             898.766    hp_restored                   0.067  │
│  zuk_healer_damage             0.002    deaths_to_jad                 0.037  │
│  episode_return_normal         1.534    wins_normal                   0.000  │
│  min_zuk_hp_normal          1045.511    score_normal                  0.129  │
│  zuk_objective_normal          0.129    phase_reached_normal          0.085  │
│  death_tick_normal            46.162    frac_min_hp_le_300_no…        0.000  │
╰──────────────────────────────────────────────────────────────────────────────╯

[0;0H╭──────────────────────────────────────────────────────────────────────────────╮
│  PufferLib 4.0          🐡        GPU: 0%      VRAM: 0.4/18G      RAM: 0.9G  │
│                                                                              │
│  Summary          Value    Evaluate   248ms  36%    Losses            Value  │
│  Env       osrs_inferno      GPU      207ms  30%    policy           -0.005  │
│  Params          752.1K      Env       41ms   6%    value             0.048  │
│  Steps             5.1M    Train      424ms  63%    entropy           5.658  │
│  SPS             241.2K      Misc       0ms   0%    total             0.010  │
│  Epoch              155      Forwa…     0ms   0%    old_kl            0.003  │
│  Uptime    0d 0h 0m 21s                             kl                0.003  │
│  Remaini…   0d 0h 3m 6s                             clipfrac          0.248  │
│                                                     bc                0.000  │
│                                                                              │
│  User Stats                    Value    User Stats                    Value  │
│  episode_return                2.926    damage_dealt                308.232  │
│  damage_received              85.388    episode_length               79.486  │
│  wins                          0.000    wave                         68.000  │
│  idle_ticks                    1.013    brews_used                    3.460  │
│  blood_healed                  0.000    prayer_correct_rate           0.447  │
│  unavoidable_off_praye…        0.017    brews_remaining               8.540  │
│  restores_remaining           10.519    prayer_at_death              91.789  │
│  current_ranged               93.819    current_magic                87.143  │
│  behind_shield_pct             0.307    zuk_hp_remaining            895.731  │
│  min_zuk_hp_seen             896.503    hp_restored                   0.075  │
│  zuk_healer_damage             0.000    deaths_to_jad                 0.039  │
│  episode_return_normal         1.551    wins_normal                   0.000  │
│  min_zuk_hp_normal          1043.582    score_normal                  0.130  │
│  zuk_objective_normal          0.130    phase_reached_normal          0.096  │
│  death_tick_normal            46.533    frac_min_hp_le_300_no…        0.000  │
╰──────────────────────────────────────────────────────────────────────────────╯

[0;0H╭──────────────────────────────────────────────────────────────────────────────╮
│  PufferLib 4.0         🐡         GPU: 0%      VRAM: 0.4/18G      RAM: 0.9G  │
│                                                                              │
│  Summary          Value    Evaluate   250ms  36%    Losses            Value  │
│  Env       osrs_inferno      GPU      208ms  30%    policy            0.010  │
│  Params          752.1K      Env       42ms   6%    value             0.044  │
│  Steps             5.2M    Train      426ms  63%    entropy           5.598  │
│  SPS             239.5K      Misc       0ms   0%    total             0.023  │
│  Epoch              160      Forwa…     0ms   0%    old_kl            0.004  │
│  Uptime    0d 0h 0m 21s                             kl                0.003  │
│  Remaini…   0d 0h 3m 6s                             clipfrac          0.250  │
│                                                     bc                0.000  │
│                                                                              │
│  User Stats                    Value    User Stats                    Value  │
│  episode_return                3.043    damage_dealt                320.973  │
│  damage_received              87.187    episode_length               82.417  │
│  wins                          0.000    wave                         68.000  │
│  idle_ticks                    1.009    brews_used                    3.512  │
│  blood_healed                  0.000    prayer_correct_rate           0.456  │
│  unavoidable_off_praye…        0.021    brews_remaining               8.488  │
│  restores_remaining           10.498    prayer_at_death              91.794  │
│  current_ranged               93.548    current_magic                86.932  │
│  behind_shield_pct             0.315    zuk_hp_remaining            882.945  │
│  min_zuk_hp_seen             883.983    hp_restored                   0.083  │
│  zuk_healer_damage             0.009    deaths_to_jad                 0.039  │
│  episode_return_normal         1.547    wins_normal                   0.000  │
│  min_zuk_hp_normal          1043.904    score_normal                  0.130  │
│  zuk_objective_normal          0.130    phase_reached_normal          0.097  │
│  death_tick_normal            46.829    frac_min_hp_le_300_no…        0.000  │
╰──────────────────────────────────────────────────────────────────────────────╯

[0;0H╭──────────────────────────────────────────────────────────────────────────────╮
│  PufferLib 4.0        🐡          GPU: 0%      VRAM: 0.4/18G      RAM: 0.9G  │
│                                                                              │
│  Summary          Value    Evaluate   251ms  37%    Losses            Value  │
│  Env       osrs_inferno      GPU      208ms  30%    policy            0.001  │
│  Params          752.1K      Env       42ms   6%    value             0.051  │
│  Steps             5.4M    Train      426ms  62%    entropy           5.568  │
│  SPS             239.6K      Misc       0ms   0%    total             0.018  │
│  Epoch              165      Forwa…     0ms   0%    old_kl            0.003  │
│  Uptime    0d 0h 0m 22s                             kl                0.003  │
│  Remaini…   0d 0h 3m 6s                             clipfrac          0.251  │
│                                                     bc                0.000  │
│                                                                              │
│  User Stats                    Value    User Stats                    Value  │
│  episode_return                2.938    damage_dealt                309.746  │
│  damage_received              85.565    episode_length               79.979  │
│  wins                          0.000    wave                         68.000  │
│  idle_ticks                    0.959    brews_used                    3.466  │
│  blood_healed                  0.000    prayer_correct_rate           0.449  │
│  unavoidable_off_praye…        0.018    brews_remaining               8.534  │
│  restores_remaining           10.555    prayer_at_death              91.654  │
│  current_ranged               94.044    current_magic                87.110  │
│  behind_shield_pct             0.305    zuk_hp_remaining            894.076  │
│  min_zuk_hp_seen             895.027    hp_restored                   0.039  │
│  zuk_healer_damage             0.000    deaths_to_jad                 0.031  │
│  episode_return_normal         1.531    wins_normal                   0.000  │
│  min_zuk_hp_normal          1045.371    score_normal                  0.129  │
│  zuk_objective_normal          0.129    phase_reached_normal          0.094  │
│  death_tick_normal            46.537    frac_min_hp_le_300_no…        0.000  │
╰──────────────────────────────────────────────────────────────────────────────╯

[0;0H╭──────────────────────────────────────────────────────────────────────────────╮
│  PufferLib 4.0       🐡           GPU: 0%      VRAM: 0.4/18G      RAM: 0.9G  │
│                                                                              │
│  Summary          Value    Evaluate   250ms  36%    Losses            Value  │
│  Env       osrs_inferno      GPU      208ms  30%    policy            0.003  │
│  Params          752.1K      Env       41ms   6%    value             0.046  │
│  Steps             5.6M    Train      426ms  63%    entropy           5.526  │
│  SPS             239.8K      Misc       0ms   0%    total             0.017  │
│  Epoch              170      Forwa…     0ms   0%    old_kl            0.004  │
│  Uptime    0d 0h 0m 23s                             kl                0.004  │
│  Remaini…   0d 0h 3m 5s                             clipfrac          0.256  │
│                                                     bc                0.000  │
│                                                                              │
│  User Stats                    Value    User Stats                    Value  │
│  episode_return                2.958    damage_dealt                311.918  │
│  damage_received              86.239    episode_length               80.213  │
│  wins                          0.000    wave                         68.000  │
│  idle_ticks                    0.955    brews_used                    3.547  │
│  blood_healed                  0.000    prayer_correct_rate           0.448  │
│  unavoidable_off_praye…        0.017    brews_remaining               8.453  │
│  restores_remaining           10.552    prayer_at_death              91.423  │
│  current_ranged               93.715    current_magic                86.572  │
│  behind_shield_pct             0.304    zuk_hp_remaining            892.075  │
│  min_zuk_hp_seen             892.852    hp_restored                   0.123  │
│  zuk_healer_damage             0.000    deaths_to_jad                 0.036  │
│  episode_return_normal         1.564    wins_normal                   0.000  │
│  min_zuk_hp_normal          1041.960    score_normal                  0.132  │
│  zuk_objective_normal          0.132    phase_reached_normal          0.099  │
│  death_tick_normal            47.082    frac_min_hp_le_300_no…        0.000  │
╰──────────────────────────────────────────────────────────────────────────────╯

[0;0H╭──────────────────────────────────────────────────────────────────────────────╮
│  PufferLib 4.0      🐡            GPU: 0%      VRAM: 0.4/18G      RAM: 0.9G  │
│                                                                              │
│  Summary          Value    Evaluate   251ms  37%    Losses            Value  │
│  Env       osrs_inferno      GPU      209ms  30%    policy            0.007  │
│  Params          752.1K      Env       42ms   6%    value             0.045  │
│  Steps             5.7M    Train      425ms  62%    entropy           5.520  │
│  SPS             239.8K      Misc       0ms   0%    total             0.021  │
│  Epoch              175      Forwa…     0ms   0%    old_kl            0.004  │
│  Uptime    0d 0h 0m 23s                             kl                0.004  │
│  Remaini…   0d 0h 3m 4s                             clipfrac          0.257  │
│                                                     bc                0.000  │
│                                                                              │
│  User Stats                    Value    User Stats                    Value  │
│  episode_return                2.967    damage_dealt                313.028  │
│  damage_received              85.259    episode_length               80.178  │
│  wins                          0.000    wave                         68.000  │
│  idle_ticks                    0.920    brews_used                    3.445  │
│  blood_healed                  0.000    prayer_correct_rate           0.447  │
│  unavoidable_off_praye…        0.017    brews_remaining               8.555  │
│  restores_remaining           10.557    prayer_at_death              91.447  │
│  current_ranged               94.119    current_magic                86.943  │
│  behind_shield_pct             0.306    zuk_hp_remaining            891.062  │
│  min_zuk_hp_seen             891.824    hp_restored                   0.096  │
│  zuk_healer_damage             0.000    deaths_to_jad                 0.031  │
│  episode_return_normal         1.556    wins_normal                   0.000  │
│  min_zuk_hp_normal          1042.669    score_normal                  0.131  │
│  zuk_objective_normal          0.131    phase_reached_normal          0.103  │
│  death_tick_normal            46.534    frac_min_hp_le_300_no…        0.000  │
╰──────────────────────────────────────────────────────────────────────────────╯

[0;0H╭──────────────────────────────────────────────────────────────────────────────╮
│  PufferLib 4.0     🐡             GPU: 0%      VRAM: 0.4/18G      RAM: 0.9G  │
│                                                                              │
│  Summary          Value    Evaluate   250ms  36%    Losses            Value  │
│  Env       osrs_inferno      GPU      208ms  30%    policy           -0.008  │
│  Params          752.1K      Env       41ms   6%    value             0.050  │
│  Steps             5.9M    Train      426ms  63%    entropy           5.455  │
│  SPS             239.7K      Misc       0ms   0%    total             0.008  │
│  Epoch              180      Forwa…     0ms   0%    old_kl            0.005  │
│  Uptime    0d 0h 0m 24s                             kl                0.004  │
│  Remaini…   0d 0h 3m 3s                             clipfrac          0.266  │
│                                                     bc                0.000  │
│                                                                              │
│  User Stats                    Value    User Stats                    Value  │
│  episode_return                2.985    damage_dealt                314.732  │
│  damage_received              83.518    episode_length               80.206  │
│  wins                          0.000    wave                         68.000  │
│  idle_ticks                    0.858    brews_used                    3.392  │
│  blood_healed                  0.000    prayer_correct_rate           0.448  │
│  unavoidable_off_praye…        0.018    brews_remaining               8.608  │
│  restores_remaining           10.585    prayer_at_death              91.186  │
│  current_ranged               94.058    current_magic                86.773  │
│  behind_shield_pct             0.305    zuk_hp_remaining            889.839  │
│  min_zuk_hp_seen             890.193    hp_restored                   0.136  │
│  zuk_healer_damage             0.000    deaths_to_jad                 0.030  │
│  episode_return_normal         1.553    wins_normal                   0.000  │
│  min_zuk_hp_normal          1043.414    score_normal                  0.130  │
│  zuk_objective_normal          0.130    phase_reached_normal          0.101  │
│  death_tick_normal            46.309    frac_min_hp_le_300_no…        0.000  │
╰──────────────────────────────────────────────────────────────────────────────╯

[0;0H╭──────────────────────────────────────────────────────────────────────────────╮
│  PufferLib 4.0    🐡              GPU: 0%      VRAM: 0.4/18G      RAM: 0.9G  │
│                                                                              │
│  Summary          Value    Evaluate   245ms  36%    Losses            Value  │
│  Env       osrs_inferno      GPU      203ms  30%    policy           -0.011  │
│  Params          752.1K      Env       41ms   6%    value             0.048  │
│  Steps             6.1M    Train      426ms  63%    entropy           5.392  │
│  SPS             241.5K      Misc       0ms   0%    total             0.004  │
│  Epoch              185      Forwa…     0ms   0%    old_kl            0.005  │
│  Uptime    0d 0h 0m 25s                             kl                0.004  │
│  Remaini…   0d 0h 3m 1s                             clipfrac          0.261  │
│                                                     bc                0.000  │
│                                                                              │
│  User Stats                    Value    User Stats                    Value  │
│  episode_return                2.968    damage_dealt                313.010  │
│  damage_received              85.239    episode_length               80.053  │
│  wins                          0.000    wave                         68.000  │
│  idle_ticks                    0.824    brews_used                    3.498  │
│  blood_healed                  0.004    prayer_correct_rate           0.444  │
│  unavoidable_off_praye…        0.018    brews_remaining               8.502  │
│  restores_remaining           10.585    prayer_at_death              91.157  │
│  current_ranged               93.794    current_magic                86.366  │
│  behind_shield_pct             0.302    zuk_hp_remaining            891.196  │
│  min_zuk_hp_seen             891.864    hp_restored                   0.149  │
│  zuk_healer_damage             0.000    deaths_to_jad                 0.029  │
│  episode_return_normal         1.555    wins_normal                   0.000  │
│  min_zuk_hp_normal          1042.838    score_normal                  0.131  │
│  zuk_objective_normal          0.131    phase_reached_normal          0.103  │
│  death_tick_normal            46.804    frac_min_hp_le_300_no…        0.000  │
╰──────────────────────────────────────────────────────────────────────────────╯

[0;0H╭──────────────────────────────────────────────────────────────────────────────╮
│  PufferLib 4.0   🐡               GPU: 0%      VRAM: 0.4/18G      RAM: 0.9G  │
│                                                                              │
│  Summary          Value    Evaluate   251ms  37%    Losses            Value  │
│  Env       osrs_inferno      GPU      208ms  30%    policy           -0.004  │
│  Params          752.1K      Env       43ms   6%    value             0.046  │
│  Steps             6.2M    Train      427ms  62%    entropy           5.296  │
│  SPS             239.1K      Misc       0ms   0%    total             0.011  │
│  Epoch              190      Forwa…     0ms   0%    old_kl            0.004  │
│  Uptime    0d 0h 0m 25s                             kl                0.004  │
│  Remaini…   0d 0h 3m 3s                             clipfrac          0.259  │
│                                                     bc                0.000  │
│                                                                              │
│  User Stats                    Value    User Stats                    Value  │
│  episode_return                3.066    damage_dealt                323.121  │
│  damage_received              89.473    episode_length               81.759  │
│  wins                          0.000    wave                         68.000  │
│  idle_ticks                    0.782    brews_used                    3.670  │
│  blood_healed                  0.001    prayer_correct_rate           0.446  │
│  unavoidable_off_praye…        0.021    brews_remaining               8.330  │
│  restores_remaining           10.548    prayer_at_death              91.285  │
│  current_ranged               93.337    current_magic                86.075  │
│  behind_shield_pct             0.302    zuk_hp_remaining            881.291  │
│  min_zuk_hp_seen             881.724    hp_restored                   0.194  │
│  zuk_healer_damage             0.000    deaths_to_jad                 0.035  │
│  episode_return_normal         1.612    wins_normal                   0.000  │
│  min_zuk_hp_normal          1037.151    score_normal                  0.136  │
│  zuk_objective_normal          0.136    phase_reached_normal          0.111  │
│  death_tick_normal            47.532    frac_min_hp_le_300_no…        0.000  │
╰──────────────────────────────────────────────────────────────────────────────╯

[0;0H╭──────────────────────────────────────────────────────────────────────────────╮
│  PufferLib 4.0  🐡                GPU: 0%      VRAM: 0.4/18G      RAM: 0.9G  │
│                                                                              │
│  Summary          Value    Evaluate   251ms  37%    Losses            Value  │
│  Env       osrs_inferno      GPU      209ms  30%    policy            0.002  │
│  Params          752.1K      Env       42ms   6%    value             0.047  │
│  Steps             6.4M    Train      424ms  62%    entropy           5.237  │
│  SPS             240.2K      Misc       0ms   0%    total             0.017  │
│  Epoch              195      Forwa…     0ms   0%    old_kl            0.005  │
│  Uptime    0d 0h 0m 26s                             kl                0.005  │
│  Remaini…   0d 0h 3m 1s                             clipfrac          0.259  │
│                                                     bc                0.000  │
│                                                                              │
│  User Stats                    Value    User Stats                    Value  │
│  episode_return                2.933    damage_dealt                308.227  │
│  damage_received              86.171    episode_length               78.006  │
│  wins                          0.000    wave                         68.000  │
│  idle_ticks                    0.740    brews_used                    3.523  │
│  blood_healed                  0.000    prayer_correct_rate           0.438  │
│  unavoidable_off_praye…        0.022    brews_remaining               8.477  │
│  restores_remaining           10.621    prayer_at_death              91.368  │
│  current_ranged               94.653    current_magic                87.003  │
│  behind_shield_pct             0.293    zuk_hp_remaining            895.816  │
│  min_zuk_hp_seen             896.182    hp_restored                   0.188  │
│  zuk_healer_damage             0.003    deaths_to_jad                 0.035  │
│  episode_return_normal         1.592    wins_normal                   0.000  │
│  min_zuk_hp_normal          1039.518    score_normal                  0.134  │
│  zuk_objective_normal          0.134    phase_reached_normal          0.120  │
│  death_tick_normal            46.615    frac_min_hp_le_300_no…        0.000  │
╰──────────────────────────────────────────────────────────────────────────────╯

[0;0H╭──────────────────────────────────────────────────────────────────────────────╮
│  PufferLib 4.0 🐡                 GPU: 0%      VRAM: 0.4/18G      RAM: 0.9G  │
│                                                                              │
│  Summary          Value    Evaluate   250ms  37%    Losses            Value  │
│  Env       osrs_inferno      GPU      208ms  30%    policy            0.016  │
│  Params          752.1K      Env       42ms   6%    value             0.047  │
│  Steps             6.6M    Train      424ms  62%    entropy           5.127  │
│  SPS             240.3K      Misc       0ms   0%    total             0.032  │
│  Epoch              200      Forwa…     0ms   0%    old_kl            0.006  │
│  Uptime    0d 0h 0m 27s                             kl                0.005  │
│  Remaini…   0d 0h 3m 0s                             clipfrac          0.259  │
│                                                     bc                0.000  │
│                                                                              │
│  User Stats                    Value    User Stats                    Value  │
│  episode_return                3.092    damage_dealt                325.361  │
│  damage_received              88.681    episode_length               81.431  │
│  wins                          0.000    wave                         68.000  │
│  idle_ticks                    0.757    brews_used                    3.625  │
│  blood_healed                  0.000    prayer_correct_rate           0.446  │
│  unavoidable_off_praye…        0.023    brews_remaining               8.375  │
│  restores_remaining           10.558    prayer_at_death              91.551  │
│  current_ranged               94.662    current_magic                87.146  │
│  behind_shield_pct             0.303    zuk_hp_remaining            879.368  │
│  min_zuk_hp_seen             879.284    hp_restored                   0.344  │
│  zuk_healer_damage             0.000    deaths_to_jad                 0.031  │
│  episode_return_normal         1.642    wins_normal                   0.000  │
│  min_zuk_hp_normal          1034.366    score_normal                  0.138  │
│  zuk_objective_normal          0.138    phase_reached_normal          0.126  │
│  death_tick_normal            47.673    frac_min_hp_le_300_no…        0.000  │
╰──────────────────────────────────────────────────────────────────────────────╯

[0;0H╭──────────────────────────────────────────────────────────────────────────────╮
│  PufferLib 4.0          🐡        GPU: 0%      VRAM: 0.4/18G      RAM: 0.9G  │
│                                                                              │
│  Summary          Value    Evaluate   250ms  37%    Losses            Value  │
│  Env       osrs_inferno      GPU      207ms  30%    policy            0.021  │
│  Params          752.1K      Env       42ms   6%    value             0.050  │
│  Steps             6.7M    Train      426ms  62%    entropy           5.157  │
│  SPS             239.8K      Misc       0ms   0%    total             0.038  │
│  Epoch              205      Forwa…     0ms   0%    old_kl            0.006  │
│  Uptime    0d 0h 0m 28s                             kl                0.005  │
│  Remaini…   0d 0h 3m 0s                             clipfrac          0.263  │
│                                                     bc                0.000  │
│                                                                              │
│  User Stats                    Value    User Stats                    Value  │
│  episode_return                3.085    damage_dealt                325.082  │
│  damage_received              86.908    episode_length               81.102  │
│  wins                          0.000    wave                         68.000  │
│  idle_ticks                    0.848    brews_used                    3.550  │
│  blood_healed                  0.000    prayer_correct_rate           0.451  │
│  unavoidable_off_praye…        0.022    brews_remaining               8.450  │
│  restores_remaining           10.575    prayer_at_death              91.523  │
│  current_ranged               94.839    current_magic                87.398  │
│  behind_shield_pct             0.305    zuk_hp_remaining            879.860  │
│  min_zuk_hp_seen             879.714    hp_restored                   0.496  │
│  zuk_healer_damage             0.010    deaths_to_jad                 0.026  │
│  episode_return_normal         1.610    wins_normal                   0.000  │
│  min_zuk_hp_normal          1037.638    score_normal                  0.135  │
│  zuk_objective_normal          0.135    phase_reached_normal          0.127  │
│  death_tick_normal            46.812    frac_min_hp_le_300_no…        0.000  │
╰──────────────────────────────────────────────────────────────────────────────╯

[0;0H╭──────────────────────────────────────────────────────────────────────────────╮
│  PufferLib 4.0         🐡         GPU: 0%      VRAM: 0.4/18G      RAM: 0.9G  │
│                                                                              │
│  Summary          Value    Evaluate   251ms  37%    Losses            Value  │
│  Env       osrs_inferno      GPU      208ms  30%    policy            0.008  │
│  Params          752.1K      Env       42ms   6%    value             0.052  │
│  Steps             6.9M    Train      425ms  62%    entropy           5.130  │
│  SPS             240.0K      Misc       0ms   0%    total             0.026  │
│  Epoch              210      Forwa…     0ms   0%    old_kl            0.006  │
│  Uptime    0d 0h 0m 28s                             kl                0.005  │
│  Remaini…  0d 0h 2m 59s                             clipfrac          0.266  │
│                                                     bc                0.000  │
│                                                                              │
│  User Stats                    Value    User Stats                    Value  │
│  episode_return                3.107    damage_dealt                327.140  │
│  damage_received              88.224    episode_length               81.338  │
│  wins                          0.000    wave                         68.000  │
│  idle_ticks                    0.869    brews_used                    3.656  │
│  blood_healed                  0.000    prayer_correct_rate           0.448  │
│  unavoidable_off_praye…        0.023    brews_remaining               8.344  │
│  restores_remaining           10.534    prayer_at_death              91.745  │
│  current_ranged               94.997    current_magic                87.487  │
│  behind_shield_pct             0.304    zuk_hp_remaining            877.711  │
│  min_zuk_hp_seen             877.454    hp_restored                   0.568  │
│  zuk_healer_damage             0.003    deaths_to_jad                 0.030  │
│  episode_return_normal         1.662    wins_normal                   0.000  │
│  min_zuk_hp_normal          1032.355    score_normal                  0.140  │
│  zuk_objective_normal          0.140    phase_reached_normal          0.138  │
│  death_tick_normal            47.608    frac_min_hp_le_300_no…        0.000  │
╰──────────────────────────────────────────────────────────────────────────────╯

[0;0H╭──────────────────────────────────────────────────────────────────────────────╮
│  PufferLib 4.0        🐡          GPU: 0%      VRAM: 0.4/18G      RAM: 0.9G  │
│                                                                              │
│  Summary          Value    Evaluate   251ms  36%    Losses            Value  │
│  Env       osrs_inferno      GPU      209ms  30%    policy           -0.002  │
│  Params          752.1K      Env       42ms   6%    value             0.055  │
│  Steps             7.0M    Train      428ms  63%    entropy           5.109  │
│  SPS             238.7K      Misc       0ms   0%    total             0.018  │
│  Epoch              215      Forwa…     0ms   0%    old_kl            0.006  │
│  Uptime    0d 0h 0m 29s                             kl                0.006  │
│  Remaini…  0d 0h 2m 59s                             clipfrac          0.265  │
│                                                     bc                0.000  │
│                                                                              │
│  User Stats                    Value    User Stats                    Value  │
│  episode_return                3.173    damage_dealt                334.382  │
│  damage_received              90.030    episode_length               82.918  │
│  wins                          0.000    wave                         68.000  │
│  idle_ticks                    0.852    brews_used                    3.727  │
│  blood_healed                  0.000    prayer_correct_rate           0.453  │
│  unavoidable_off_praye…        0.025    brews_remaining               8.273  │
│  restores_remaining           10.502    prayer_at_death              91.685  │
│  current_ranged               94.624    current_magic                87.188  │
│  behind_shield_pct             0.307    zuk_hp_remaining            870.792  │
│  min_zuk_hp_seen             870.462    hp_restored                   0.588  │
│  zuk_healer_damage             0.021    deaths_to_jad                 0.036  │
│  episode_return_normal         1.677    wins_normal                   0.000  │
│  min_zuk_hp_normal          1030.673    score_normal                  0.141  │
│  zuk_objective_normal          0.141    phase_reached_normal          0.147  │
│  death_tick_normal            48.155    frac_min_hp_le_300_no…        0.000  │
╰──────────────────────────────────────────────────────────────────────────────╯

[0;0H╭──────────────────────────────────────────────────────────────────────────────╮
│  PufferLib 4.0       🐡           GPU: 0%      VRAM: 0.4/18G      RAM: 0.9G  │
│                                                                              │
│  Summary          Value    Evaluate   251ms  36%    Losses            Value  │
│  Env       osrs_inferno      GPU      209ms  30%    policy            0.007  │
│  Params          752.1K      Env       42ms   6%    value             0.057  │
│  Steps             7.2M    Train      428ms  63%    entropy           5.080  │
│  SPS             238.5K      Misc       0ms   0%    total             0.028  │
│  Epoch              220      Forwa…     0ms   0%    old_kl            0.006  │
│  Uptime    0d 0h 0m 30s                             kl                0.006  │
│  Remaini…  0d 0h 2m 59s                             clipfrac          0.265  │
│                                                     bc                0.000  │
│                                                                              │
│  User Stats                    Value    User Stats                    Value  │
│  episode_return                3.100    damage_dealt                326.428  │
│  damage_received              90.145    episode_length               81.098  │
│  wins                          0.000    wave                         68.000  │
│  idle_ticks                    0.841    brews_used                    3.798  │
│  blood_healed                  0.000    prayer_correct_rate           0.446  │
│  unavoidable_off_praye…        0.026    brews_remaining               8.202  │
│  restores_remaining           10.552    prayer_at_death              91.503  │
│  current_ranged               94.590    current_magic                86.787  │
│  behind_shield_pct             0.301    zuk_hp_remaining            878.476  │
│  min_zuk_hp_seen             878.056    hp_restored                   0.697  │
│  zuk_healer_damage             0.027    deaths_to_jad                 0.035  │
│  episode_return_normal         1.691    wins_normal                   0.000  │
│  min_zuk_hp_normal          1029.123    score_normal                  0.142  │
│  zuk_objective_normal          0.142    phase_reached_normal          0.155  │
│  death_tick_normal            48.230    frac_min_hp_le_300_no…        0.000  │
╰──────────────────────────────────────────────────────────────────────────────╯

[0;0H╭──────────────────────────────────────────────────────────────────────────────╮
│  PufferLib 4.0      🐡            GPU: 0%      VRAM: 0.4/18G      RAM: 0.9G  │
│                                                                              │
│  Summary          Value    Evaluate   251ms  37%    Losses            Value  │
│  Env       osrs_inferno      GPU      208ms  30%    policy            0.003  │
│  Params          752.1K      Env       42ms   6%    value             0.055  │
│  Steps             7.4M    Train      426ms  62%    entropy           5.061  │
│  SPS             239.6K      Misc       0ms   0%    total             0.023  │
│  Epoch              225      Forwa…     0ms   0%    old_kl            0.006  │
│  Uptime    0d 0h 0m 30s                             kl                0.006  │
│  Remaini…  0d 0h 2m 57s                             clipfrac          0.271  │
│                                                     bc                0.000  │
│                                                                              │
│  User Stats                    Value    User Stats                    Value  │
│  episode_return                3.165    damage_dealt                333.860  │
│  damage_received              91.181    episode_length               82.997  │
│  wins                          0.000    wave                         68.000  │
│  idle_ticks                    0.937    brews_used                    3.886  │
│  blood_healed                  0.000    prayer_correct_rate           0.447  │
│  unavoidable_off_praye…        0.024    brews_remaining               8.114  │
│  restores_remaining           10.500    prayer_at_death              91.539  │
│  current_ranged               93.883    current_magic                86.341  │
│  behind_shield_pct             0.308    zuk_hp_remaining            871.178  │
│  min_zuk_hp_seen             870.815    hp_restored                   0.797  │
│  zuk_healer_damage             0.009    deaths_to_jad                 0.033  │
│  episode_return_normal         1.725    wins_normal                   0.000  │
│  min_zuk_hp_normal          1025.431    score_normal                  0.145  │
│  zuk_objective_normal          0.145    phase_reached_normal          0.160  │
│  death_tick_normal            49.246    frac_min_hp_le_300_no…        0.000  │
╰──────────────────────────────────────────────────────────────────────────────╯

[0;0H╭──────────────────────────────────────────────────────────────────────────────╮
│  PufferLib 4.0     🐡             GPU: 0%      VRAM: 0.4/18G      RAM: 0.9G  │
│                                                                              │
│  Summary          Value    Evaluate   251ms  37%    Losses            Value  │
│  Env       osrs_inferno      GPU      209ms  30%    policy            0.019  │
│  Params          752.1K      Env       42ms   6%    value             0.058  │
│  Steps             7.5M    Train      424ms  62%    entropy           5.096  │
│  SPS             240.0K      Misc       0ms   0%    total             0.040  │
│  Epoch              230      Forwa…     0ms   0%    old_kl            0.008  │
│  Uptime    0d 0h 0m 31s                             kl                0.007  │
│  Remaini…  0d 0h 2m 56s                             clipfrac          0.267  │
│                                                     bc                0.000  │
│                                                                              │
│  User Stats                    Value    User Stats                    Value  │
│  episode_return                3.111    damage_dealt                327.404  │
│  damage_received              89.317    episode_length               81.352  │
│  wins                          0.000    wave                         68.000  │
│  idle_ticks                    0.932    brews_used                    3.828  │
│  blood_healed                  0.001    prayer_correct_rate           0.448  │
│  unavoidable_off_praye…        0.024    brews_remaining               8.172  │
│  restores_remaining           10.563    prayer_at_death              91.318  │
│  current_ranged               93.919    current_magic                86.158  │
│  behind_shield_pct             0.302    zuk_hp_remaining            877.448  │
│  min_zuk_hp_seen             877.067    hp_restored                   0.655  │
│  zuk_healer_damage             0.006    deaths_to_jad                 0.035  │
│  episode_return_normal         1.705    wins_normal                   0.000  │
│  min_zuk_hp_normal          1027.959    score_normal                  0.143  │
│  zuk_objective_normal          0.143    phase_reached_normal          0.154  │
│  death_tick_normal            48.350    frac_min_hp_le_300_no…        0.000  │
╰──────────────────────────────────────────────────────────────────────────────╯

[0;0H╭──────────────────────────────────────────────────────────────────────────────╮
│  PufferLib 4.0    🐡              GPU: 0%      VRAM: 0.4/18G      RAM: 0.9G  │
│                                                                              │
│  Summary          Value    Evaluate   251ms  37%    Losses            Value  │
│  Env       osrs_inferno      GPU      209ms  30%    policy            0.004  │
│  Params          752.1K      Env       42ms   6%    value             0.057  │
│  Steps             7.7M    Train      425ms  62%    entropy           5.028  │
│  SPS             239.6K      Misc       0ms   0%    total             0.025  │
│  Epoch              235      Forwa…     0ms   0%    old_kl            0.006  │
│  Uptime    0d 0h 0m 32s                             kl                0.006  │
│  Remaini…  0d 0h 2m 56s                             clipfrac          0.268  │
│                                                     bc                0.000  │
│                                                                              │
│  User Stats                    Value    User Stats                    Value  │
│  episode_return                3.118    damage_dealt                328.562  │
│  damage_received              90.395    episode_length               81.693  │
│  wins                          0.000    wave                         68.000  │
│  idle_ticks                    0.919    brews_used                    3.852  │
│  blood_healed                  0.000    prayer_correct_rate           0.447  │
│  unavoidable_off_praye…        0.024    brews_remaining               8.148  │
│  restores_remaining           10.551    prayer_at_death              91.385  │
│  current_ranged               94.255    current_magic                86.600  │
│  behind_shield_pct             0.305    zuk_hp_remaining            876.332  │
│  min_zuk_hp_seen             875.738    hp_restored                   0.950  │
│  zuk_healer_damage             0.011    deaths_to_jad                 0.031  │
│  episode_return_normal         1.706    wins_normal                   0.000  │
│  min_zuk_hp_normal          1027.500    score_normal                  0.144  │
│  zuk_objective_normal          0.144    phase_reached_normal          0.158  │
│  death_tick_normal            48.472    frac_min_hp_le_300_no…        0.000  │
╰──────────────────────────────────────────────────────────────────────────────╯

[0;0H╭──────────────────────────────────────────────────────────────────────────────╮
│  PufferLib 4.0   🐡               GPU: 0%      VRAM: 0.4/18G      RAM: 0.9G  │
│                                                                              │
│  Summary          Value    Evaluate   250ms  36%    Losses            Value  │
│  Env       osrs_inferno      GPU      208ms  30%    policy           -0.016  │
│  Params          752.1K      Env       42ms   6%    value             0.055  │
│  Steps             7.9M    Train      427ms  63%    entropy           5.014  │
│  SPS             239.5K      Misc       0ms   0%    total             0.004  │
│  Epoch              240      Forwa…     0ms   0%    old_kl            0.006  │
│  Uptime    0d 0h 0m 32s                             kl                0.006  │
│  Remaini…  0d 0h 2m 55s                             clipfrac          0.268  │
│                                                     bc                0.000  │
│                                                                              │
│  User Stats                    Value    User Stats                    Value  │
│  episode_return                3.162    damage_dealt                333.404  │
│  damage_received              92.289    episode_length               82.821  │
│  wins                          0.000    wave                         68.000  │
│  idle_ticks                    0.883    brews_used                    3.962  │
│  blood_healed                  0.000    prayer_correct_rate           0.446  │
│  unavoidable_off_praye…        0.022    brews_remaining               8.038  │
│  restores_remaining           10.502    prayer_at_death              91.452  │
│  current_ranged               93.716    current_magic                86.347  │
│  behind_shield_pct             0.306    zuk_hp_remaining            871.712  │
│  min_zuk_hp_seen             870.993    hp_restored                   1.022  │
│  zuk_healer_damage             0.001    deaths_to_jad                 0.033  │
│  episode_return_normal         1.728    wins_normal                   0.000  │
│  min_zuk_hp_normal          1025.133    score_normal                  0.146  │
│  zuk_objective_normal          0.146    phase_reached_normal          0.164  │
│  death_tick_normal            49.303    frac_min_hp_le_300_no…        0.000  │
╰──────────────────────────────────────────────────────────────────────────────╯

[0;0H╭──────────────────────────────────────────────────────────────────────────────╮
│  PufferLib 4.0  🐡                GPU: 0%      VRAM: 0.4/18G      RAM: 0.9G  │
│                                                                              │
│  Summary          Value    Evaluate   251ms  37%    Losses            Value  │
│  Env       osrs_inferno      GPU      209ms  30%    policy            0.011  │
│  Params          752.1K      Env       42ms   6%    value             0.055  │
│  Steps             8.0M    Train      425ms  62%    entropy           5.002  │
│  SPS             239.8K      Misc       0ms   0%    total             0.031  │
│  Epoch              245      Forwa…     0ms   0%    old_kl            0.006  │
│  Uptime    0d 0h 0m 33s                             kl                0.006  │
│  Remaini…  0d 0h 2m 55s                             clipfrac          0.272  │
│                                                     bc                0.000  │
│                                                                              │
│  User Stats                    Value    User Stats                    Value  │
│  episode_return                3.091    damage_dealt                324.787  │
│  damage_received              92.452    episode_length               80.248  │
│  wins                          0.000    wave                         68.000  │
│  idle_ticks                    0.818    brews_used                    4.013  │
│  blood_healed                  0.000    prayer_correct_rate           0.436  │
│  unavoidable_off_praye…        0.024    brews_remaining               7.987  │
│  restores_remaining           10.537    prayer_at_death              91.529  │
│  current_ranged               93.769    current_magic                86.125  │
│  behind_shield_pct             0.295    zuk_hp_remaining            879.692  │
│  min_zuk_hp_seen             879.044    hp_restored                   0.983  │
│  zuk_healer_damage             0.008    deaths_to_jad                 0.032  │
│  episode_return_normal         1.792    wins_normal                   0.000  │
│  min_zuk_hp_normal          1018.826    score_normal                  0.151  │
│  zuk_objective_normal          0.151    phase_reached_normal          0.166  │
│  death_tick_normal            49.617    frac_min_hp_le_300_no…        0.000  │
╰──────────────────────────────────────────────────────────────────────────────╯

[0;0H╭──────────────────────────────────────────────────────────────────────────────╮
│  PufferLib 4.0 🐡                 GPU: 0%      VRAM: 0.4/18G      RAM: 0.9G  │
│                                                                              │
│  Summary          Value    Evaluate   251ms  37%    Losses            Value  │
│  Env       osrs_inferno      GPU      209ms  30%    policy           -0.002  │
│  Params          752.1K      Env       42ms   6%    value             0.051  │
│  Steps             8.2M    Train      426ms  62%    entropy           4.962  │
│  SPS             239.4K      Misc       0ms   0%    total             0.016  │
│  Epoch              250      Forwa…     0ms   0%    old_kl            0.006  │
│  Uptime    0d 0h 0m 34s                             kl                0.007  │
│  Remaini…  0d 0h 2m 54s                             clipfrac          0.278  │
│                                                     bc                0.000  │
│                                                                              │
│  User Stats                    Value    User Stats                    Value  │
│  episode_return                3.177    damage_dealt                333.398  │
│  damage_received              90.814    episode_length               81.762  │
│  wins                          0.000    wave                         68.000  │
│  idle_ticks                    0.842    brews_used                    3.931  │
│  blood_healed                  0.001    prayer_correct_rate           0.443  │
│  unavoidable_off_praye…        0.025    brews_remaining               8.069  │
│  restores_remaining           10.546    prayer_at_death              91.225  │
│  current_ranged               93.724    current_magic                85.890  │
│  behind_shield_pct             0.299    zuk_hp_remaining            871.034  │
│  min_zuk_hp_seen             870.571    hp_restored                   0.626  │
│  zuk_healer_damage             0.000    deaths_to_jad                 0.038  │
│  episode_return_normal         1.822    wins_normal                   0.000  │
│  min_zuk_hp_normal          1016.200    score_normal                  0.153  │
│  zuk_objective_normal          0.153    phase_reached_normal          0.190  │
│  death_tick_normal            49.420    frac_min_hp_le_300_no…        0.000  │
╰──────────────────────────────────────────────────────────────────────────────╯

[0;0H╭──────────────────────────────────────────────────────────────────────────────╮
│  PufferLib 4.0          🐡        GPU: 0%      VRAM: 0.4/18G      RAM: 0.9G  │
│                                                                              │
│  Summary          Value    Evaluate   252ms  37%    Losses            Value  │
│  Env       osrs_inferno      GPU      209ms  30%    policy            0.006  │
│  Params          752.1K      Env       42ms   6%    value             0.055  │
│  Steps             8.4M    Train      425ms  62%    entropy           4.974  │
│  SPS             239.5K      Misc       0ms   0%    total             0.025  │
│  Epoch              255      Forwa…     0ms   0%    old_kl            0.007  │
│  Uptime    0d 0h 0m 34s                             kl                0.007  │
│  Remaini…  0d 0h 2m 53s                             clipfrac          0.274  │
│                                                     bc                0.000  │
│                                                                              │
│  User Stats                    Value    User Stats                    Value  │
│  episode_return                3.177    damage_dealt                334.024  │
│  damage_received              91.234    episode_length               81.972  │
│  wins                          0.000    wave                         68.000  │
│  idle_ticks                    0.855    brews_used                    3.932  │
│  blood_healed                  0.000    prayer_correct_rate           0.441  │
│  unavoidable_off_praye…        0.023    brews_remaining               8.068  │
│  restores_remaining           10.549    prayer_at_death              91.078  │
│  current_ranged               93.587    current_magic                85.688  │
│  behind_shield_pct             0.299    zuk_hp_remaining            870.719  │
│  min_zuk_hp_seen             870.048    hp_restored                   0.776  │
│  zuk_healer_damage             0.002    deaths_to_jad                 0.041  │
│  episode_return_normal         1.808    wins_normal                   0.000  │
│  min_zuk_hp_normal          1017.106    score_normal                  0.152  │
│  zuk_objective_normal          0.152    phase_reached_normal          0.177  │
│  death_tick_normal            49.574    frac_min_hp_le_300_no…        0.000  │
╰──────────────────────────────────────────────────────────────────────────────╯

[0;0H╭──────────────────────────────────────────────────────────────────────────────╮
│  PufferLib 4.0         🐡         GPU: 0%      VRAM: 0.4/18G      RAM: 0.9G  │
│                                                                              │
│  Summary          Value    Evaluate   249ms  36%    Losses            Value  │
│  Env       osrs_inferno      GPU      206ms  30%    policy            0.005  │
│  Params          752.1K      Env       42ms   6%    value             0.060  │
│  Steps             8.5M    Train      424ms  63%    entropy           4.911  │
│  SPS             240.8K      Misc       0ms   0%    total             0.027  │
│  Epoch              260      Forwa…     0ms   0%    old_kl            0.007  │
│  Uptime    0d 0h 0m 35s                             kl                0.008  │
│  Remaini…  0d 0h 2m 52s                             clipfrac          0.287  │
│                                                     bc                0.000  │
│                                                                              │
│  User Stats                    Value    User Stats                    Value  │
│  episode_return                3.331    damage_dealt                350.737  │
│  damage_received              93.731    episode_length               85.854  │
│  wins                          0.000    wave                         68.000  │
│  idle_ticks                    0.904    brews_used                    3.994  │
│  blood_healed                  0.000    prayer_correct_rate           0.451  │
│  unavoidable_off_praye…        0.024    brews_remaining               8.006  │
│  restores_remaining           10.484    prayer_at_death              91.338  │
│  current_ranged               93.175    current_magic                85.448  │
│  behind_shield_pct             0.312    zuk_hp_remaining            854.310  │
│  min_zuk_hp_seen             853.697    hp_restored                   0.852  │
│  zuk_healer_damage             0.003    deaths_to_jad                 0.050  │
│  episode_return_normal         1.811    wins_normal                   0.000  │
│  min_zuk_hp_normal          1017.055    score_normal                  0.152  │
│  zuk_objective_normal          0.152    phase_reached_normal          0.179  │
│  death_tick_normal            49.668    frac_min_hp_le_300_no…        0.000  │
╰──────────────────────────────────────────────────────────────────────────────╯

[0;0H╭──────────────────────────────────────────────────────────────────────────────╮
│  PufferLib 4.0        🐡          GPU: 0%      VRAM: 0.4/18G      RAM: 0.9G  │
│                                                                              │
│  Summary          Value    Evaluate   251ms  37%    Losses            Value  │
│  Env       osrs_inferno      GPU      208ms  30%    policy           -0.006  │
│  Params          752.1K      Env       42ms   6%    value             0.060  │
│  Steps             8.7M    Train      425ms  62%    entropy           4.874  │
│  SPS             239.9K      Misc       0ms   0%    total             0.016  │
│  Epoch              265      Forwa…     0ms   0%    old_kl            0.007  │
│  Uptime    0d 0h 0m 36s                             kl                0.008  │
│  Remaini…  0d 0h 2m 52s                             clipfrac          0.287  │
│                                                     bc                0.000  │
│                                                                              │
│  User Stats                    Value    User Stats                    Value  │
│  episode_return                3.301    damage_dealt                346.322  │
│  damage_received              94.298    episode_length               83.820  │
│  wins                          0.000    wave                         68.000  │
│  idle_ticks                    0.772    brews_used                    4.060  │
│  blood_healed                  0.000    prayer_correct_rate           0.440  │
│  unavoidable_off_praye…        0.023    brews_remaining               7.940  │
│  restores_remaining           10.491    prayer_at_death              91.325  │
│  current_ranged               93.224    current_magic                85.183  │
│  behind_shield_pct             0.304    zuk_hp_remaining            858.066  │
│  min_zuk_hp_seen             857.608    hp_restored                   0.712  │
│  zuk_healer_damage             0.000    deaths_to_jad                 0.041  │
│  episode_return_normal         1.904    wins_normal                   0.000  │
│  min_zuk_hp_normal          1007.854    score_normal                  0.160  │
│  zuk_objective_normal          0.160    phase_reached_normal          0.211  │
│  death_tick_normal            50.347    frac_min_hp_le_300_no…        0.000  │
╰──────────────────────────────────────────────────────────────────────────────╯

[0;0H╭──────────────────────────────────────────────────────────────────────────────╮
│  PufferLib 4.0       🐡           GPU: 0%      VRAM: 0.4/18G      RAM: 0.9G  │
│                                                                              │
│  Summary          Value    Evaluate   252ms  37%    Losses            Value  │
│  Env       osrs_inferno      GPU      210ms  30%    policy            0.009  │
│  Params          752.1K      Env       42ms   6%    value             0.061  │
│  Steps             8.8M    Train      427ms  62%    entropy           4.816  │
│  SPS             238.5K      Misc       0ms   0%    total             0.032  │
│  Epoch              270      Forwa…     0ms   0%    old_kl            0.007  │
│  Uptime    0d 0h 0m 36s                             kl                0.007  │
│  Remaini…  0d 0h 2m 52s                             clipfrac          0.278  │
│                                                     bc                0.000  │
│                                                                              │
│  User Stats                    Value    User Stats                    Value  │
│  episode_return                3.306    damage_dealt                346.894  │
│  damage_received              92.106    episode_length               83.755  │
│  wins                          0.000    wave                         68.000  │
│  idle_ticks                    0.747    brews_used                    3.968  │
│  blood_healed                  0.001    prayer_correct_rate           0.445  │
│  unavoidable_off_praye…        0.023    brews_remaining               8.032  │
│  restores_remaining           10.474    prayer_at_death              91.730  │
│  current_ranged               93.659    current_magic                85.906  │
│  behind_shield_pct             0.304    zuk_hp_remaining            857.801  │
│  min_zuk_hp_seen             857.415    hp_restored                   0.618  │
│  zuk_healer_damage             0.005    deaths_to_jad                 0.050  │
│  episode_return_normal         1.881    wins_normal                   0.000  │
│  min_zuk_hp_normal          1010.487    score_normal                  0.158  │
│  zuk_objective_normal          0.158    phase_reached_normal          0.196  │
│  death_tick_normal            49.914    frac_min_hp_le_300_no…        0.000  │
╰──────────────────────────────────────────────────────────────────────────────╯

[0;0H╭──────────────────────────────────────────────────────────────────────────────╮
│  PufferLib 4.0      🐡            GPU: 0%      VRAM: 0.4/18G      RAM: 0.9G  │
│                                                                              │
│  Summary          Value    Evaluate   247ms  36%    Losses            Value  │
│  Env       osrs_inferno      GPU      205ms  30%    policy            0.015  │
│  Params          752.1K      Env       41ms   6%    value             0.062  │
│  Steps             9.0M    Train      426ms  63%    entropy           4.869  │
│  SPS             241.0K      Misc       0ms   0%    total             0.039  │
│  Epoch              275      Forwa…     0ms   0%    old_kl            0.008  │
│  Uptime    0d 0h 0m 37s                             kl                0.007  │
│  Remaini…  0d 0h 2m 50s                             clipfrac          0.290  │
│                                                     bc                0.000  │
│                                                                              │
│  User Stats                    Value    User Stats                    Value  │
│  episode_return                3.220    damage_dealt                337.181  │
│  damage_received              92.731    episode_length               81.690  │
│  wins                          0.000    wave                         68.000  │
│  idle_ticks                    0.816    brews_used                    4.050  │
│  blood_healed                  0.000    prayer_correct_rate           0.433  │
│  unavoidable_off_praye…        0.023    brews_remaining               7.950  │
│  restores_remaining           10.464    prayer_at_death              91.903  │
│  current_ranged               94.117    current_magic                86.187  │
│  behind_shield_pct             0.294    zuk_hp_remaining            867.146  │
│  min_zuk_hp_seen             866.753    hp_restored                   0.343  │
│  zuk_healer_damage             0.008    deaths_to_jad                 0.043  │
│  episode_return_normal         1.901    wins_normal                   0.000  │
│  min_zuk_hp_normal          1008.176    score_normal                  0.160  │
│  zuk_objective_normal          0.160    phase_reached_normal          0.206  │
│  death_tick_normal            50.478    frac_min_hp_le_300_no…        0.000  │
╰──────────────────────────────────────────────────────────────────────────────╯

[0;0H╭──────────────────────────────────────────────────────────────────────────────╮
│  PufferLib 4.0     🐡             GPU: 0%      VRAM: 0.4/18G      RAM: 0.9G  │
│                                                                              │
│  Summary          Value    Evaluate   250ms  37%    Losses            Value  │
│  Env       osrs_inferno      GPU      209ms  30%    policy            0.010  │
│  Params          752.1K      Env       41ms   6%    value             0.064  │
│  Steps             9.2M    Train      426ms  62%    entropy           4.844  │
│  SPS             239.8K      Misc       0ms   0%    total             0.035  │
│  Epoch              280      Forwa…     0ms   0%    old_kl            0.008  │
│  Uptime    0d 0h 0m 38s                             kl                0.008  │
│  Remaini…  0d 0h 2m 50s                             clipfrac          0.286  │
│                                                     bc                0.000  │
│                                                                              │
│  User Stats                    Value    User Stats                    Value  │
│  episode_return                3.192    damage_dealt                334.592  │
│  damage_received              93.047    episode_length               81.625  │
│  wins                          0.000    wave                         68.000  │
│  idle_ticks                    0.823    brews_used                    4.063  │
│  blood_healed                  0.002    prayer_correct_rate           0.429  │
│  unavoidable_off_praye…        0.022    brews_remaining               7.937  │
│  restores_remaining           10.455    prayer_at_death              91.769  │
│  current_ranged               94.192    current_magic                86.349  │
│  behind_shield_pct             0.293    zuk_hp_remaining            869.759  │
│  min_zuk_hp_seen             869.398    hp_restored                   0.471  │
│  zuk_healer_damage             0.045    deaths_to_jad                 0.051  │
│  episode_return_normal         1.875    wins_normal                   0.000  │
│  min_zuk_hp_normal          1010.724    score_normal                  0.158  │
│  zuk_objective_normal          0.158    phase_reached_normal          0.189  │
│  death_tick_normal            50.505    frac_min_hp_le_300_no…        0.000  │
╰──────────────────────────────────────────────────────────────────────────────╯

[0;0H╭──────────────────────────────────────────────────────────────────────────────╮
│  PufferLib 4.0    🐡              GPU: 0%      VRAM: 0.4/18G      RAM: 0.9G  │
│                                                                              │
│  Summary          Value    Evaluate   250ms  36%    Losses            Value  │
│  Env       osrs_inferno      GPU      208ms  30%    policy            0.002  │
│  Params          752.1K      Env       42ms   6%    value             0.057  │
│  Steps             9.3M    Train      427ms  63%    entropy           4.784  │
│  SPS             239.5K      Misc       0ms   0%    total             0.023  │
│  Epoch              285      Forwa…     0ms   0%    old_kl            0.008  │
│  Uptime    0d 0h 0m 38s                             kl                0.008  │
│  Remaini…  0d 0h 2m 49s                             clipfrac          0.288  │
│                                                     bc                0.000  │
│                                                                              │
│  User Stats                    Value    User Stats                    Value  │
│  episode_return                3.329    damage_dealt                349.592  │
│  damage_received              96.262    episode_length               84.426  │
│  wins                          0.000    wave                         68.000  │
│  idle_ticks                    0.872    brews_used                    4.190  │
│  blood_healed                  0.000    prayer_correct_rate           0.434  │
│  unavoidable_off_praye…        0.023    brews_remaining               7.810  │
│  restores_remaining           10.411    prayer_at_death              91.810  │
│  current_ranged               93.578    current_magic                85.782  │
│  behind_shield_pct             0.299    zuk_hp_remaining            855.589  │
│  min_zuk_hp_seen             854.812    hp_restored                   0.595  │
│  zuk_healer_damage             0.047    deaths_to_jad                 0.044  │
│  episode_return_normal         1.941    wins_normal                   0.000  │
│  min_zuk_hp_normal          1003.848    score_normal                  0.163  │
│  zuk_objective_normal          0.163    phase_reached_normal          0.216  │
│  death_tick_normal            51.354    frac_min_hp_le_300_no…        0.000  │
╰──────────────────────────────────────────────────────────────────────────────╯

[0;0H╭──────────────────────────────────────────────────────────────────────────────╮
│  PufferLib 4.0   🐡               GPU: 0%      VRAM: 0.4/18G      RAM: 0.9G  │
│                                                                              │
│  Summary          Value    Evaluate   249ms  36%    Losses            Value  │
│  Env       osrs_inferno      GPU      207ms  30%    policy            0.009  │
│  Params          752.1K      Env       41ms   6%    value             0.054  │
│  Steps             9.5M    Train      427ms  63%    entropy           4.712  │
│  SPS             239.7K      Misc       0ms   0%    total             0.029  │
│  Epoch              290      Forwa…     0ms   0%    old_kl            0.008  │
│  Uptime    0d 0h 0m 39s                             kl                0.008  │
│  Remaini…  0d 0h 2m 48s                             clipfrac          0.296  │
│                                                     bc                0.000  │
│                                                                              │
│  User Stats                    Value    User Stats                    Value  │
│  episode_return                3.294    damage_dealt                345.854  │
│  damage_received              96.319    episode_length               83.989  │
│  wins                          0.000    wave                         68.000  │
│  idle_ticks                    0.854    brews_used                    4.191  │
│  blood_healed                  0.002    prayer_correct_rate           0.434  │
│  unavoidable_off_praye…        0.022    brews_remaining               7.809  │
│  restores_remaining           10.429    prayer_at_death              91.636  │
│  current_ranged               93.438    current_magic                85.572  │
│  behind_shield_pct             0.298    zuk_hp_remaining            859.036  │
│  min_zuk_hp_seen             858.611    hp_restored                   0.415  │
│  zuk_healer_damage             0.019    deaths_to_jad                 0.039  │
│  episode_return_normal         1.926    wins_normal                   0.000  │
│  min_zuk_hp_normal          1005.426    score_normal                  0.162  │
│  zuk_objective_normal          0.162    phase_reached_normal          0.210  │
│  death_tick_normal            51.210    frac_min_hp_le_300_no…        0.000  │
╰──────────────────────────────────────────────────────────────────────────────╯

[0;0H╭──────────────────────────────────────────────────────────────────────────────╮
│  PufferLib 4.0  🐡                GPU: 0%      VRAM: 0.4/18G      RAM: 0.9G  │
│                                                                              │
│  Summary          Value    Evaluate   250ms  36%    Losses            Value  │
│  Env       osrs_inferno      GPU      208ms  30%    policy            0.020  │
│  Params          752.1K      Env       42ms   6%    value             0.054  │
│  Steps             9.7M    Train      428ms  63%    entropy           4.607  │
│  SPS             239.1K      Misc       0ms   0%    total             0.040  │
│  Epoch              295      Forwa…     0ms   0%    old_kl            0.008  │
│  Uptime    0d 0h 0m 40s                             kl                0.008  │
│  Remaini…  0d 0h 2m 48s                             clipfrac          0.289  │
│                                                     bc                0.000  │
│                                                                              │
│  User Stats                    Value    User Stats                    Value  │
│  episode_return                3.351    damage_dealt                351.473  │
│  damage_received              96.137    episode_length               84.309  │
│  wins                          0.000    wave                         68.000  │
│  idle_ticks                    0.783    brews_used                    4.184  │
│  blood_healed                  0.000    prayer_correct_rate           0.437  │
│  unavoidable_off_praye…        0.023    brews_remaining               7.816  │
│  restores_remaining           10.388    prayer_at_death              91.802  │
│  current_ranged               93.946    current_magic                86.204  │
│  behind_shield_pct             0.298    zuk_hp_remaining            853.112  │
│  min_zuk_hp_seen             852.842    hp_restored                   0.299  │
│  zuk_healer_damage             0.032    deaths_to_jad                 0.043  │
│  episode_return_normal         1.976    wins_normal                   0.000  │
│  min_zuk_hp_normal          1000.347    score_normal                  0.166  │
│  zuk_objective_normal          0.166    phase_reached_normal          0.226  │
│  death_tick_normal            51.199    frac_min_hp_le_300_no…        0.000  │
╰──────────────────────────────────────────────────────────────────────────────╯

[0;0H╭──────────────────────────────────────────────────────────────────────────────╮
│  PufferLib 4.0 🐡                 GPU: 0%      VRAM: 0.4/18G      RAM: 0.9G  │
│                                                                              │
│  Summary          Value    Evaluate   249ms  37%    Losses            Value  │
│  Env       osrs_inferno      GPU      207ms  30%    policy            0.003  │
│  Params          752.1K      Env       41ms   6%    value             0.051  │
│  Steps             9.8M    Train      422ms  62%    entropy           4.567  │
│  SPS             241.4K      Misc       0ms   0%    total             0.021  │
│  Epoch              300      Forwa…     0ms   0%    old_kl            0.008  │
│  Uptime    0d 0h 0m 41s                             kl                0.008  │
│  Remaini…  0d 0h 2m 46s                             clipfrac          0.287  │
│                                                     bc                0.000  │
│                                                                              │
│  User Stats                    Value    User Stats                    Value  │
│  episode_return                3.369    damage_dealt                352.968  │
│  damage_received              98.735    episode_length               84.274  │
│  wins                          0.000    wave                         68.000  │
│  idle_ticks                    0.719    brews_used                    4.289  │
│  blood_healed                  0.003    prayer_correct_rate           0.433  │
│  unavoidable_off_praye…        0.022    brews_remaining               7.711  │
│  restores_remaining           10.388    prayer_at_death              91.555  │
│  current_ranged               93.590    current_magic                85.825  │
│  behind_shield_pct             0.297    zuk_hp_remaining            851.931  │
│  min_zuk_hp_seen             851.185    hp_restored                   0.535  │
│  zuk_healer_damage             0.049    deaths_to_jad                 0.052  │
│  episode_return_normal         2.033    wins_normal                   0.000  │
│  min_zuk_hp_normal           994.734    score_normal                  0.171  │
│  zuk_objective_normal          0.171    phase_reached_normal          0.236  │
│  death_tick_normal            52.097    frac_min_hp_le_300_no…        0.000  │
╰──────────────────────────────────────────────────────────────────────────────╯

[0;0H╭──────────────────────────────────────────────────────────────────────────────╮
│  PufferLib 4.0          🐡        GPU: 0%      VRAM: 0.4/18G      RAM: 0.9G  │
│                                                                              │
│  Summary          Value    Evaluate   250ms  37%    Losses            Value  │
│  Env       osrs_inferno      GPU      208ms  30%    policy            0.010  │
│  Params          752.1K      Env       41ms   6%    value             0.055  │
│  Steps            10.0M    Train      425ms  62%    entropy           4.586  │
│  SPS             240.1K      Misc       0ms   0%    total             0.030  │
│  Epoch              305      Forwa…     0ms   0%    old_kl            0.010  │
│  Uptime    0d 0h 0m 41s                             kl                0.013  │
│  Remaini…  0d 0h 2m 46s                             clipfrac          0.300  │
│                                                     bc                0.000  │
│                                                                              │
│  User Stats                    Value    User Stats                    Value  │
│  episode_return                3.261    damage_dealt                341.755  │
│  damage_received              97.524    episode_length               82.325  │
│  wins                          0.000    wave                         68.000  │
│  idle_ticks                    0.805    brews_used                    4.213  │
│  blood_healed                  0.001    prayer_correct_rate           0.429  │
│  unavoidable_off_praye…        0.021    brews_remaining               7.787  │
│  restores_remaining           10.411    prayer_at_death              91.615  │
│  current_ranged               93.778    current_magic                85.868  │
│  behind_shield_pct             0.289    zuk_hp_remaining            863.282  │
│  min_zuk_hp_seen             862.361    hp_restored                   0.448  │
│  zuk_healer_damage             0.022    deaths_to_jad                 0.031  │
│  episode_return_normal         1.968    wins_normal                   0.000  │
│  min_zuk_hp_normal          1001.111    score_normal                  0.166  │
│  zuk_objective_normal          0.166    phase_reached_normal          0.219  │
│  death_tick_normal            51.221    frac_min_hp_le_300_no…        0.000  │
╰──────────────────────────────────────────────────────────────────────────────╯

[0;0H╭──────────────────────────────────────────────────────────────────────────────╮
│  PufferLib 4.0         🐡         GPU: 0%      VRAM: 0.4/18G      RAM: 0.9G  │
│                                                                              │
│  Summary          Value    Evaluate   251ms  37%    Losses            Value  │
│  Env       osrs_inferno      GPU      209ms  30%    policy            0.006  │
│  Params          752.1K      Env       42ms   6%    value             0.057  │
│  Steps            10.2M    Train      426ms  62%    entropy           4.603  │
│  SPS             239.4K      Misc       0ms   0%    total             0.028  │
│  Epoch              310      Forwa…     0ms   0%    old_kl            0.009  │
│  Uptime    0d 0h 0m 42s                             kl                0.008  │
│  Remaini…  0d 0h 2m 46s                             clipfrac          0.295  │
│                                                     bc                0.000  │
│                                                                              │
│  User Stats                    Value    User Stats                    Value  │
│  episode_return                3.237    damage_dealt                339.092  │
│  damage_received              97.693    episode_length               81.726  │
│  wins                          0.000    wave                         68.000  │
│  idle_ticks                    0.778    brews_used                    4.221  │
│  blood_healed                  0.001    prayer_correct_rate           0.424  │
│  unavoidable_off_praye…        0.021    brews_remaining               7.779  │
│  restores_remaining           10.369    prayer_at_death              91.965  │
│  current_ranged               94.319    current_magic                86.562  │
│  behind_shield_pct             0.288    zuk_hp_remaining            865.001  │
│  min_zuk_hp_seen             864.749    hp_restored                   0.271  │
│  zuk_healer_damage             0.011    deaths_to_jad                 0.036  │
│  episode_return_normal         1.993    wins_normal                   0.000  │
│  min_zuk_hp_normal           998.245    score_normal                  0.168  │
│  zuk_objective_normal          0.168    phase_reached_normal          0.234  │
│  death_tick_normal            51.378    frac_min_hp_le_300_no…        0.000  │
╰──────────────────────────────────────────────────────────────────────────────╯

[0;0H╭──────────────────────────────────────────────────────────────────────────────╮
│  PufferLib 4.0        🐡          GPU: 0%      VRAM: 0.4/18G      RAM: 0.9G  │
│                                                                              │
│  Summary          Value    Evaluate   250ms  36%    Losses            Value  │
│  Env       osrs_inferno      GPU      208ms  30%    policy            0.007  │
│  Params          752.1K      Env       42ms   6%    value             0.060  │
│  Steps            10.3M    Train      427ms  63%    entropy           4.493  │
│  SPS             239.2K      Misc       0ms   0%    total             0.030  │
│  Epoch              315      Forwa…     0ms   0%    old_kl            0.010  │
│  Uptime    0d 0h 0m 43s                             kl                0.009  │
│  Remaini…  0d 0h 2m 45s                             clipfrac          0.289  │
│                                                     bc                0.000  │
│                                                                              │
│  User Stats                    Value    User Stats                    Value  │
│  episode_return                3.231    damage_dealt                338.640  │
│  damage_received              95.548    episode_length               82.290  │
│  wins                          0.000    wave                         68.000  │
│  idle_ticks                    0.718    brews_used                    4.122  │
│  blood_healed                  0.000    prayer_correct_rate           0.431  │
│  unavoidable_off_praye…        0.019    brews_remaining               7.878  │
│  restores_remaining           10.383    prayer_at_death              91.895  │
│  current_ranged               94.617    current_magic                86.893  │
│  behind_shield_pct             0.292    zuk_hp_remaining            865.456  │
│  min_zuk_hp_seen             865.328    hp_restored                   0.154  │
│  zuk_healer_damage             0.012    deaths_to_jad                 0.029  │
│  episode_return_normal         1.935    wins_normal                   0.000  │
│  min_zuk_hp_normal          1004.397    score_normal                  0.163  │
│  zuk_objective_normal          0.163    phase_reached_normal          0.215  │
│  death_tick_normal            50.520    frac_min_hp_le_300_no…        0.000  │
╰──────────────────────────────────────────────────────────────────────────────╯

[0;0H╭──────────────────────────────────────────────────────────────────────────────╮
│  PufferLib 4.0       🐡           GPU: 0%      VRAM: 0.4/18G      RAM: 0.9G  │
│                                                                              │
│  Summary          Value    Evaluate   250ms  36%    Losses            Value  │
│  Env       osrs_inferno      GPU      208ms  30%    policy           -0.011  │
│  Params          752.1K      Env       41ms   6%    value             0.054  │
│  Steps            10.5M    Train      426ms  63%    entropy           4.492  │
│  SPS             239.7K      Misc       0ms   0%    total             0.009  │
│  Epoch              320      Forwa…     0ms   0%    old_kl            0.009  │
│  Uptime    0d 0h 0m 43s                             kl                0.009  │
│  Remaini…  0d 0h 2m 44s                             clipfrac          0.304  │
│                                                     bc                0.000  │
│                                                                              │
│  User Stats                    Value    User Stats                    Value  │
│  episode_return                3.194    damage_dealt                334.485  │
│  damage_received              93.740    episode_length               80.945  │
│  wins                          0.000    wave                         68.000  │
│  idle_ticks                    0.592    brews_used                    4.005  │
│  blood_healed                  0.002    prayer_correct_rate           0.429  │
│  unavoidable_off_praye…        0.018    brews_remaining               7.995  │
│  restores_remaining           10.433    prayer_at_death              91.855  │
│  current_ranged               94.565    current_magic                86.721  │
│  behind_shield_pct             0.288    zuk_hp_remaining            869.140  │
│  min_zuk_hp_seen             869.463    hp_restored                   0.093  │
│  zuk_healer_damage             0.000    deaths_to_jad                 0.035  │
│  episode_return_normal         1.949    wins_normal                   0.000  │
│  min_zuk_hp_normal          1003.169    score_normal                  0.164  │
│  zuk_objective_normal          0.164    phase_reached_normal          0.231  │
│  death_tick_normal            49.975    frac_min_hp_le_300_no…        0.000  │
╰──────────────────────────────────────────────────────────────────────────────╯

[0;0H╭──────────────────────────────────────────────────────────────────────────────╮
│  PufferLib 4.0      🐡            GPU: 0%      VRAM: 0.4/18G      RAM: 0.9G  │
│                                                                              │
│  Summary          Value    Evaluate   250ms  37%    Losses            Value  │
│  Env       osrs_inferno      GPU      208ms  30%    policy            0.005  │
│  Params          752.1K      Env       42ms   6%    value             0.055  │
│  Steps            10.6M    Train      426ms  62%    entropy           4.433  │
│  SPS             239.9K      Misc       0ms   0%    total             0.025  │
│  Epoch              325      Forwa…     0ms   0%    old_kl            0.009  │
│  Uptime    0d 0h 0m 44s                             kl                0.010  │
│  Remaini…  0d 0h 2m 44s                             clipfrac          0.308  │
│                                                     bc                0.000  │
│                                                                              │
│  User Stats                    Value    User Stats                    Value  │
│  episode_return                3.307    damage_dealt                346.038  │
│  damage_received              96.378    episode_length               82.942  │
│  wins                          0.000    wave                         68.000  │
│  idle_ticks                    0.612    brews_used                    4.146  │
│  blood_healed                  0.002    prayer_correct_rate           0.432  │
│  unavoidable_off_praye…        0.019    brews_remaining               7.854  │
│  restores_remaining           10.399    prayer_at_death              91.845  │
│  current_ranged               94.136    current_magic                86.169  │
│  behind_shield_pct             0.293    zuk_hp_remaining            857.577  │
│  min_zuk_hp_seen             857.840    hp_restored                   0.078  │
│  zuk_healer_damage             0.003    deaths_to_jad                 0.032  │
│  episode_return_normal         2.022    wins_normal                   0.000  │
│  min_zuk_hp_normal           995.893    score_normal                  0.170  │
│  zuk_objective_normal          0.170    phase_reached_normal          0.263  │
│  death_tick_normal            50.854    frac_min_hp_le_300_no…        0.000  │
╰──────────────────────────────────────────────────────────────────────────────╯

[0;0H╭──────────────────────────────────────────────────────────────────────────────╮
│  PufferLib 4.0     🐡             GPU: 0%      VRAM: 0.4/18G      RAM: 0.9G  │
│                                                                              │
│  Summary          Value    Evaluate   251ms  37%    Losses            Value  │
│  Env       osrs_inferno      GPU      209ms  30%    policy            0.009  │
│  Params          752.1K      Env       42ms   6%    value             0.053  │
│  Steps            10.8M    Train      425ms  62%    entropy           4.381  │
│  SPS             239.9K      Misc       0ms   0%    total             0.029  │
│  Epoch              330      Forwa…     0ms   0%    old_kl            0.010  │
│  Uptime    0d 0h 0m 45s                             kl                0.011  │
│  Remaini…  0d 0h 2m 43s                             clipfrac          0.308  │
│                                                     bc                0.000  │
│                                                                              │
│  User Stats                    Value    User Stats                    Value  │
│  episode_return                3.272    damage_dealt                342.146  │
│  damage_received              94.217    episode_length               82.411  │
│  wins                          0.000    wave                         68.000  │
│  idle_ticks                    0.617    brews_used                    4.109  │
│  blood_healed                  0.000    prayer_correct_rate           0.432  │
│  unavoidable_off_praye…        0.019    brews_remaining               7.891  │
│  restores_remaining           10.426    prayer_at_death              91.784  │
│  current_ranged               94.071    current_magic                86.102  │
│  behind_shield_pct             0.293    zuk_hp_remaining            861.312  │
│  min_zuk_hp_seen             861.535    hp_restored                   0.061  │
│  zuk_healer_damage             0.006    deaths_to_jad                 0.045  │
│  episode_return_normal         1.995    wins_normal                   0.000  │
│  min_zuk_hp_normal           998.754    score_normal                  0.168  │
│  zuk_objective_normal          0.168    phase_reached_normal          0.262  │
│  death_tick_normal            50.368    frac_min_hp_le_300_no…        0.000  │
╰──────────────────────────────────────────────────────────────────────────────╯

[0;0H╭──────────────────────────────────────────────────────────────────────────────╮
│  PufferLib 4.0    🐡              GPU: 0%      VRAM: 0.4/18G      RAM: 0.9G  │
│                                                                              │
│  Summary          Value    Evaluate   250ms  36%    Losses            Value  │
│  Env       osrs_inferno      GPU      208ms  30%    policy           -0.001  │
│  Params          752.1K      Env       41ms   6%    value             0.073  │
│  Steps            11.0M    Train      426ms  63%    entropy           4.313  │
│  SPS             239.8K      Misc       0ms   0%    total             0.029  │
│  Epoch              335      Forwa…     0ms   0%    old_kl            0.013  │
│  Uptime    0d 0h 0m 45s                             kl                0.012  │
│  Remaini…  0d 0h 2m 42s                             clipfrac          0.319  │
│                                                     bc                0.000  │
│                                                                              │
│  User Stats                    Value    User Stats                    Value  │
│  episode_return                3.406    damage_dealt                357.136  │
│  damage_received              96.067    episode_length               86.200  │
│  wins                          0.000    wave                         68.000  │
│  idle_ticks                    0.669    brews_used                    4.140  │
│  blood_healed                  0.000    prayer_correct_rate           0.443  │
│  unavoidable_off_praye…        0.018    brews_remaining               7.860  │
│  restores_remaining           10.337    prayer_at_death              91.941  │
│  current_ranged               93.806    current_magic                86.181  │
│  behind_shield_pct             0.307    zuk_hp_remaining            846.418  │
│  min_zuk_hp_seen             846.890    hp_restored                   0.019  │
│  zuk_healer_damage             0.003    deaths_to_jad                 0.035  │
│  episode_return_normal         1.995    wins_normal                   0.000  │
│  min_zuk_hp_normal           998.620    score_normal                  0.168  │
│  zuk_objective_normal          0.168    phase_reached_normal          0.262  │
│  death_tick_normal            50.464    frac_min_hp_le_300_no…        0.000  │
╰──────────────────────────────────────────────────────────────────────────────╯

[0;0H╭──────────────────────────────────────────────────────────────────────────────╮
│  PufferLib 4.0   🐡               GPU: 0%      VRAM: 0.4/18G      RAM: 0.9G  │
│                                                                              │
│  Summary          Value    Evaluate   251ms  37%    Losses            Value  │
│  Env       osrs_inferno      GPU      209ms  30%    policy            0.009  │
│  Params          752.1K      Env       42ms   6%    value             0.056  │
│  Steps            11.1M    Train      426ms  62%    entropy           4.339  │
│  SPS             239.4K      Misc       0ms   0%    total             0.030  │
│  Epoch              340      Forwa…     0ms   0%    old_kl            0.012  │
│  Uptime    0d 0h 0m 46s                             kl                0.011  │
│  Remaini…  0d 0h 2m 42s                             clipfrac          0.314  │
│                                                     bc                0.000  │
│                                                                              │
│  User Stats                    Value    User Stats                    Value  │
│  episode_return                3.311    damage_dealt                346.759  │
│  damage_received              95.977    episode_length               83.894  │
│  wins                          0.000    wave                         68.000  │
│  idle_ticks                    0.631    brews_used                    4.172  │
│  blood_healed                  0.000    prayer_correct_rate           0.438  │
│  unavoidable_off_praye…        0.019    brews_remaining               7.828  │
│  restores_remaining           10.398    prayer_at_death              91.752  │
│  current_ranged               93.540    current_magic                85.650  │
│  behind_shield_pct             0.296    zuk_hp_remaining            856.610  │
│  min_zuk_hp_seen             856.942    hp_restored                   0.005  │
│  zuk_healer_damage             0.003    deaths_to_jad                 0.040  │
│  episode_return_normal         1.982    wins_normal                   0.000  │
│  min_zuk_hp_normal           999.668    score_normal                  0.167  │
│  zuk_objective_normal          0.167    phase_reached_normal          0.249  │
│  death_tick_normal            50.442    frac_min_hp_le_300_no…        0.000  │
╰──────────────────────────────────────────────────────────────────────────────╯

[0;0H╭──────────────────────────────────────────────────────────────────────────────╮
│  PufferLib 4.0  🐡                GPU: 0%      VRAM: 0.4/18G      RAM: 0.9G  │
│                                                                              │
│  Summary          Value    Evaluate   250ms  37%    Losses            Value  │
│  Env       osrs_inferno      GPU      208ms  30%    policy            0.008  │
│  Params          752.1K      Env       42ms   6%    value             0.056  │
│  Steps            11.3M    Train      425ms  62%    entropy           4.310  │
│  SPS             240.2K      Misc       0ms   0%    total             0.029  │
│  Epoch              345      Forwa…     0ms   0%    old_kl            0.011  │
│  Uptime    0d 0h 0m 47s                             kl                0.011  │
│  Remaini…  0d 0h 2m 41s                             clipfrac          0.315  │
│                                                     bc                0.000  │
│                                                                              │
│  User Stats                    Value    User Stats                    Value  │
│  episode_return                3.277    damage_dealt                342.982  │
│  damage_received              96.354    episode_length               83.932  │
│  wins                          0.000    wave                         68.000  │
│  idle_ticks                    0.667    brews_used                    4.227  │
│  blood_healed                  0.001    prayer_correct_rate           0.434  │
│  unavoidable_off_praye…        0.016    brews_remaining               7.773  │
│  restores_remaining           10.445    prayer_at_death              91.336  │
│  current_ranged               92.568    current_magic                84.814  │
│  behind_shield_pct             0.295    zuk_hp_remaining            859.930  │
│  min_zuk_hp_seen             860.580    hp_restored                   0.000  │
│  zuk_healer_damage             0.000    deaths_to_jad                 0.043  │
│  episode_return_normal         1.965    wins_normal                   0.000  │
│  min_zuk_hp_normal          1001.603    score_normal                  0.165  │
│  zuk_objective_normal          0.165    phase_reached_normal          0.247  │
│  death_tick_normal            50.636    frac_min_hp_le_300_no…        0.000  │
╰──────────────────────────────────────────────────────────────────────────────╯

[0;0H╭──────────────────────────────────────────────────────────────────────────────╮
│  PufferLib 4.0 🐡                 GPU: 0%      VRAM: 0.4/18G      RAM: 0.9G  │
│                                                                              │
│  Summary          Value    Evaluate   250ms  37%    Losses            Value  │
│  Env       osrs_inferno      GPU      208ms  30%    policy            0.014  │
│  Params          752.1K      Env       41ms   6%    value             0.057  │
│  Steps            11.5M    Train      425ms  62%    entropy           4.275  │
│  SPS             240.0K      Misc       0ms   0%    total             0.036  │
│  Epoch              350      Forwa…     0ms   0%    old_kl            0.013  │
│  Uptime    0d 0h 0m 47s                             kl                0.012  │
│  Remaini…  0d 0h 2m 40s                             clipfrac          0.324  │
│                                                     bc                0.000  │
│                                                                              │
│  User Stats                    Value    User Stats                    Value  │
│  episode_return                3.291    damage_dealt                344.407  │
│  damage_received              97.545    episode_length               83.720  │
│  wins                          0.000    wave                         68.000  │
│  idle_ticks                    0.655    brews_used                    4.291  │
│  blood_healed                  0.000    prayer_correct_rate           0.434  │
│  unavoidable_off_praye…        0.018    brews_remaining               7.709  │
│  restores_remaining           10.445    prayer_at_death              91.407  │
│  current_ranged               92.231    current_magic                84.506  │
│  behind_shield_pct             0.291    zuk_hp_remaining            858.419  │
│  min_zuk_hp_seen             858.978    hp_restored                   0.014  │
│  zuk_healer_damage             0.000    deaths_to_jad                 0.035  │
│  episode_return_normal         2.007    wins_normal                   0.000  │
│  min_zuk_hp_normal           996.976    score_normal                  0.169  │
│  zuk_objective_normal          0.169    phase_reached_normal          0.259  │
│  death_tick_normal            51.190    frac_min_hp_le_300_no…        0.000  │
╰──────────────────────────────────────────────────────────────────────────────╯

[0;0H╭──────────────────────────────────────────────────────────────────────────────╮
│  PufferLib 4.0          🐡        GPU: 0%      VRAM: 0.4/18G      RAM: 0.9G  │
│                                                                              │
│  Summary          Value    Evaluate   251ms  36%    Losses            Value  │
│  Env       osrs_inferno      GPU      209ms  30%    policy            0.003  │
│  Params          752.1K      Env       42ms   6%    value             0.055  │
│  Steps            11.6M    Train      427ms  63%    entropy           4.227  │
│  SPS             239.2K      Misc       0ms   0%    total             0.024  │
│  Epoch              355      Forwa…     0ms   0%    old_kl            0.015  │
│  Uptime    0d 0h 0m 48s                             kl                0.014  │
│  Remaini…  0d 0h 2m 40s                             clipfrac          0.315  │
│                                                     bc                0.000  │
│                                                                              │
│  User Stats                    Value    User Stats                    Value  │
│  episode_return                3.331    damage_dealt                348.017  │
│  damage_received              98.497    episode_length               83.630  │
│  wins                          0.000    wave                         68.000  │
│  idle_ticks                    0.583    brews_used                    4.317  │
│  blood_healed                  0.000    prayer_correct_rate           0.438  │
│  unavoidable_off_praye…        0.022    brews_remaining               7.683  │
│  restores_remaining           10.468    prayer_at_death              91.302  │
│  current_ranged               92.432    current_magic                84.468  │
│  behind_shield_pct             0.292    zuk_hp_remaining            854.840  │
│  min_zuk_hp_seen             855.104    hp_restored                   0.081  │
│  zuk_healer_damage             0.004    deaths_to_jad                 0.035  │
│  episode_return_normal         1.999    wins_normal                   0.000  │
│  min_zuk_hp_normal           998.068    score_normal                  0.168  │
│  zuk_objective_normal          0.168    phase_reached_normal          0.261  │
│  death_tick_normal            50.506    frac_min_hp_le_300_no…        0.000  │
╰──────────────────────────────────────────────────────────────────────────────╯

[0;0H╭──────────────────────────────────────────────────────────────────────────────╮
│  PufferLib 4.0         🐡         GPU: 0%      VRAM: 0.4/18G      RAM: 0.9G  │
│                                                                              │
│  Summary          Value    Evaluate   251ms  37%    Losses            Value  │
│  Env       osrs_inferno      GPU      209ms  30%    policy            0.018  │
│  Params          752.1K      Env       42ms   6%    value             0.062  │
│  Steps            11.8M    Train      425ms  62%    entropy           4.154  │
│  SPS             239.7K      Misc       0ms   0%    total             0.042  │
│  Epoch              360      Forwa…     0ms   0%    old_kl            0.014  │
│  Uptime    0d 0h 0m 49s                             kl                0.013  │
│  Remaini…  0d 0h 2m 39s                             clipfrac          0.327  │
│                                                     bc                0.000  │
│                                                                              │
│  User Stats                    Value    User Stats                    Value  │
│  episode_return                3.348    damage_dealt                350.186  │
│  damage_received              98.349    episode_length               84.225  │
│  wins                          0.000    wave                         68.000  │
│  idle_ticks                    0.643    brews_used                    4.338  │
│  blood_healed                  0.000    prayer_correct_rate           0.439  │
│  unavoidable_off_praye…        0.020    brews_remaining               7.662  │
│  restores_remaining           10.410    prayer_at_death              91.455  │
│  current_ranged               92.331    current_magic                84.619  │
│  behind_shield_pct             0.291    zuk_hp_remaining            852.792  │
│  min_zuk_hp_seen             853.016    hp_restored                   0.080  │
│  zuk_healer_damage             0.004    deaths_to_jad                 0.034  │
│  episode_return_normal         1.997    wins_normal                   0.000  │
│  min_zuk_hp_normal           997.715    score_normal                  0.169  │
│  zuk_objective_normal          0.169    phase_reached_normal          0.263  │
│  death_tick_normal            51.268    frac_min_hp_le_300_no…        0.000  │
╰──────────────────────────────────────────────────────────────────────────────╯

[0;0H╭──────────────────────────────────────────────────────────────────────────────╮
│  PufferLib 4.0        🐡          GPU: 0%      VRAM: 0.4/18G      RAM: 0.9G  │
│                                                                              │
│  Summary          Value    Evaluate   251ms  37%    Losses            Value  │
│  Env       osrs_inferno      GPU      209ms  30%    policy            0.003  │
│  Params          752.1K      Env       42ms   6%    value             0.065  │
│  Steps            12.0M    Train      426ms  62%    entropy           4.130  │
│  SPS             239.4K      Misc       0ms   0%    total             0.029  │
│  Epoch              365      Forwa…     0ms   0%    old_kl            0.014  │
│  Uptime    0d 0h 0m 49s                             kl                0.013  │
│  Remaini…  0d 0h 2m 38s                             clipfrac          0.322  │
│                                                     bc                0.000  │
│                                                                              │
│  User Stats                    Value    User Stats                    Value  │
│  episode_return                3.194    damage_dealt                334.421  │
│  damage_received              96.859    episode_length               81.675  │
│  wins                          0.000    wave                         68.000  │
│  idle_ticks                    0.641    brews_used                    4.287  │
│  blood_healed                  0.001    prayer_correct_rate           0.434  │
│  unavoidable_off_praye…        0.020    brews_remaining               7.713  │
│  restores_remaining           10.432    prayer_at_death              91.254  │
│  current_ranged               92.418    current_magic                84.617  │
│  behind_shield_pct             0.282    zuk_hp_remaining            868.538  │
│  min_zuk_hp_seen             868.705    hp_restored                   0.085  │
│  zuk_healer_damage             0.000    deaths_to_jad                 0.028  │
│  episode_return_normal         1.920    wins_normal                   0.000  │
│  min_zuk_hp_normal          1005.100    score_normal                  0.162  │
│  zuk_objective_normal          0.162    phase_reached_normal          0.237  │
│  death_tick_normal            50.702    frac_min_hp_le_300_no…        0.000  │
╰──────────────────────────────────────────────────────────────────────────────╯

[0;0H╭──────────────────────────────────────────────────────────────────────────────╮
│  PufferLib 4.0       🐡           GPU: 0%      VRAM: 0.4/18G      RAM: 0.9G  │
│                                                                              │
│  Summary          Value    Evaluate   251ms  37%    Losses            Value  │
│  Env       osrs_inferno      GPU      209ms  30%    policy            0.012  │
│  Params          752.1K      Env       42ms   6%    value             0.064  │
│  Steps            12.1M    Train      426ms  62%    entropy           4.102  │
│  SPS             239.4K      Misc       0ms   0%    total             0.038  │
│  Epoch              370      Forwa…     0ms   0%    old_kl            0.014  │
│  Uptime    0d 0h 0m 50s                             kl                0.014  │
│  Remaini…  0d 0h 2m 38s                             clipfrac          0.318  │
│                                                     bc                0.000  │
│                                                                              │
│  User Stats                    Value    User Stats                    Value  │
│  episode_return                3.230    damage_dealt                338.195  │
│  damage_received              99.958    episode_length               83.280  │
│  wins                          0.000    wave                         68.000  │
│  idle_ticks                    0.695    brews_used                    4.460  │
│  blood_healed                  0.000    prayer_correct_rate           0.437  │
│  unavoidable_off_praye…        0.023    brews_remaining               7.540  │
│  restores_remaining           10.439    prayer_at_death              91.064  │
│  current_ranged               91.292    current_magic                83.651  │
│  behind_shield_pct             0.284    zuk_hp_remaining            864.541  │
│  min_zuk_hp_seen             864.798    hp_restored                   0.199  │
│  zuk_healer_damage             0.000    deaths_to_jad                 0.027  │
│  episode_return_normal         1.923    wins_normal                   0.000  │
│  min_zuk_hp_normal          1004.897    score_normal                  0.163  │
│  zuk_objective_normal          0.163    phase_reached_normal          0.222  │
│  death_tick_normal            51.500    frac_min_hp_le_300_no…        0.000  │
╰──────────────────────────────────────────────────────────────────────────────╯

[0;0H╭──────────────────────────────────────────────────────────────────────────────╮
│  PufferLib 4.0      🐡            GPU: 0%      VRAM: 0.4/18G      RAM: 0.9G  │
│                                                                              │
│  Summary          Value    Evaluate   250ms  37%    Losses            Value  │
│  Env       osrs_inferno      GPU      208ms  30%    policy            0.006  │
│  Params          752.1K      Env       42ms   6%    value             0.052  │
│  Steps            12.3M    Train      425ms  62%    entropy           4.032  │
│  SPS             240.0K      Misc       0ms   0%    total             0.026  │
│  Epoch              375      Forwa…     0ms   0%    old_kl            0.012  │
│  Uptime    0d 0h 0m 51s                             kl                0.012  │
│  Remaini…  0d 0h 2m 37s                             clipfrac          0.321  │
│                                                     bc                0.000  │
│                                                                              │
│  User Stats                    Value    User Stats                    Value  │
│  episode_return                3.331    damage_dealt                348.998  │
│  damage_received              98.550    episode_length               85.187  │
│  wins                          0.000    wave                         68.000  │
│  idle_ticks                    0.707    brews_used                    4.345  │
│  blood_healed                  0.000    prayer_correct_rate           0.451  │
│  unavoidable_off_praye…        0.025    brews_remaining               7.655  │
│  restores_remaining           10.446    prayer_at_death              90.944  │
│  current_ranged               91.295    current_magic                83.602  │
│  behind_shield_pct             0.293    zuk_hp_remaining            853.830  │
│  min_zuk_hp_seen             854.270    hp_restored                   0.060  │
│  zuk_healer_damage             0.000    deaths_to_jad                 0.027  │
│  episode_return_normal         1.914    wins_normal                   0.000  │
│  min_zuk_hp_normal          1006.089    score_normal                  0.162  │
│  zuk_objective_normal          0.162    phase_reached_normal          0.225  │
│  death_tick_normal            50.387    frac_min_hp_le_300_no…        0.000  │
╰──────────────────────────────────────────────────────────────────────────────╯

[0;0H╭──────────────────────────────────────────────────────────────────────────────╮
│  PufferLib 4.0     🐡             GPU: 0%      VRAM: 0.4/18G      RAM: 0.9G  │
│                                                                              │
│  Summary          Value    Evaluate   250ms  37%    Losses            Value  │
│  Env       osrs_inferno      GPU      208ms  30%    policy            0.019  │
│  Params          752.1K      Env       42ms   6%    value             0.059  │
│  Steps            12.5M    Train      426ms  62%    entropy           4.059  │
│  SPS             239.9K      Misc       0ms   0%    total             0.042  │
│  Epoch              380      Forwa…     0ms   0%    old_kl            0.013  │
│  Uptime    0d 0h 0m 51s                             kl                0.012  │
│  Remaini…  0d 0h 2m 36s                             clipfrac          0.326  │
│                                                     bc                0.000  │
│                                                                              │
│  User Stats                    Value    User Stats                    Value  │
│  episode_return                3.204    damage_dealt                335.233  │
│  damage_received              99.988    episode_length               82.486  │
│  wins                          0.000    wave                         68.000  │
│  idle_ticks                    0.670    brews_used                    4.463  │
│  blood_healed                  0.000    prayer_correct_rate           0.432  │
│  unavoidable_off_praye…        0.022    brews_remaining               7.537  │
│  restores_remaining           10.410    prayer_at_death              91.014  │
│  current_ranged               91.519    current_magic                83.923  │
│  behind_shield_pct             0.279    zuk_hp_remaining            867.294  │
│  min_zuk_hp_seen             867.695    hp_restored                   0.061  │
│  zuk_healer_damage             0.000    deaths_to_jad                 0.028  │
│  episode_return_normal         1.970    wins_normal                   0.000  │
│  min_zuk_hp_normal          1000.060    score_normal                  0.167  │
│  zuk_objective_normal          0.167    phase_reached_normal          0.248  │
│  death_tick_normal            51.897    frac_min_hp_le_300_no…        0.000  │
╰──────────────────────────────────────────────────────────────────────────────╯

[0;0H╭──────────────────────────────────────────────────────────────────────────────╮
│  PufferLib 4.0    🐡              GPU: 0%      VRAM: 0.4/18G      RAM: 0.9G  │
│                                                                              │
│  Summary          Value    Evaluate   252ms  37%    Losses            Value  │
│  Env       osrs_inferno      GPU      209ms  30%    policy            0.008  │
│  Params          752.1K      Env       43ms   6%    value             0.059  │
│  Steps            12.6M    Train      426ms  62%    entropy           3.993  │
│  SPS             239.0K      Misc       0ms   0%    total             0.031  │
│  Epoch              385      Forwa…     0ms   0%    old_kl            0.015  │
│  Uptime    0d 0h 0m 52s                             kl                0.013  │
│  Remaini…  0d 0h 2m 36s                             clipfrac          0.320  │
│                                                     bc                0.000  │
│                                                                              │
│  User Stats                    Value    User Stats                    Value  │
│  episode_return                3.281    damage_dealt                343.757  │
│  damage_received             102.313    episode_length               84.507  │
│  wins                          0.000    wave                         68.000  │
│  idle_ticks                    0.729    brews_used                    4.551  │
│  blood_healed                  0.000    prayer_correct_rate           0.437  │
│  unavoidable_off_praye…        0.021    brews_remaining               7.449  │
│  restores_remaining           10.346    prayer_at_death              91.227  │
│  current_ranged               91.141    current_magic                83.970  │
│  behind_shield_pct             0.286    zuk_hp_remaining            858.645  │
│  min_zuk_hp_seen             859.231    hp_restored                   0.210  │
│  zuk_healer_damage             0.000    deaths_to_jad                 0.021  │
│  episode_return_normal         1.996    wins_normal                   0.000  │
│  min_zuk_hp_normal           997.247    score_normal                  0.169  │
│  zuk_objective_normal          0.169    phase_reached_normal          0.250  │
│  death_tick_normal            52.637    frac_min_hp_le_300_no…        0.000  │
╰──────────────────────────────────────────────────────────────────────────────╯

[0;0H╭──────────────────────────────────────────────────────────────────────────────╮
│  PufferLib 4.0   🐡               GPU: 0%      VRAM: 0.4/18G      RAM: 0.9G  │
│                                                                              │
│  Summary          Value    Evaluate   251ms  37%    Losses            Value  │
│  Env       osrs_inferno      GPU      208ms  30%    policy            0.013  │
│  Params          752.1K      Env       42ms   6%    value             0.059  │
│  Steps            12.8M    Train      425ms  62%    entropy           4.054  │
│  SPS             239.9K      Misc       0ms   0%    total             0.037  │
│  Epoch              390      Forwa…     0ms   0%    old_kl            0.013  │
│  Uptime    0d 0h 0m 53s                             kl                0.011  │
│  Remaini…  0d 0h 2m 35s                             clipfrac          0.312  │
│                                                     bc                0.000  │
│                                                                              │
│  User Stats                    Value    User Stats                    Value  │
│  episode_return                3.314    damage_dealt                346.776  │
│  damage_received             101.408    episode_length               84.064  │
│  wins                          0.000    wave                         68.000  │
│  idle_ticks                    0.680    brews_used                    4.477  │
│  blood_healed                  0.001    prayer_correct_rate           0.433  │
│  unavoidable_off_praye…        0.020    brews_remaining               7.523  │
│  restores_remaining           10.349    prayer_at_death              91.301  │
│  current_ranged               91.931    current_magic                84.615  │
│  behind_shield_pct             0.286    zuk_hp_remaining            855.796  │
│  min_zuk_hp_seen             856.228    hp_restored                   0.211  │
│  zuk_healer_damage             0.002    deaths_to_jad                 0.027  │
│  episode_return_normal         2.056    wins_normal                   0.000  │
│  min_zuk_hp_normal           991.433    score_normal                  0.174  │
│  zuk_objective_normal          0.174    phase_reached_normal          0.277  │
│  death_tick_normal            52.674    frac_min_hp_le_300_no…        0.000  │
╰──────────────────────────────────────────────────────────────────────────────╯

[0;0H╭──────────────────────────────────────────────────────────────────────────────╮
│  PufferLib 4.0  🐡                GPU: 0%      VRAM: 0.4/18G      RAM: 0.9G  │
│                                                                              │
│  Summary          Value    Evaluate   251ms  37%    Losses            Value  │
│  Env       osrs_inferno      GPU      209ms  30%    policy            0.013  │
│  Params          752.1K      Env       42ms   6%    value             0.060  │
│  Steps            12.9M    Train      424ms  62%    entropy           3.963  │
│  SPS             239.9K      Misc       0ms   0%    total             0.037  │
│  Epoch              395      Forwa…     0ms   0%    old_kl            0.012  │
│  Uptime    0d 0h 0m 54s                             kl                0.012  │
│  Remaini…  0d 0h 2m 34s                             clipfrac          0.322  │
│                                                     bc                0.000  │
│                                                                              │
│  User Stats                    Value    User Stats                    Value  │
│  episode_return                3.343    damage_dealt                350.352  │
│  damage_received              98.996    episode_length               85.034  │
│  wins                          0.000    wave                         68.000  │
│  idle_ticks                    0.728    brews_used                    4.279  │
│  blood_healed                  0.000    prayer_correct_rate           0.448  │
│  unavoidable_off_praye…        0.021    brews_remaining               7.721  │
│  restores_remaining           10.378    prayer_at_death              91.359  │
│  current_ranged               92.233    current_magic                85.034  │
│  behind_shield_pct             0.293    zuk_hp_remaining            852.801  │
│  min_zuk_hp_seen             852.867    hp_restored                   0.347  │
│  zuk_healer_damage             0.004    deaths_to_jad                 0.028  │
│  episode_return_normal         1.958    wins_normal                   0.000  │
│  min_zuk_hp_normal          1001.772    score_normal                  0.165  │
│  zuk_objective_normal          0.165    phase_reached_normal          0.244  │
│  death_tick_normal            50.813    frac_min_hp_le_300_no…        0.000  │
╰──────────────────────────────────────────────────────────────────────────────╯

[0;0H╭──────────────────────────────────────────────────────────────────────────────╮
│  PufferLib 4.0 🐡                 GPU: 0%      VRAM: 0.4/18G      RAM: 0.9G  │
│                                                                              │
│  Summary          Value    Evaluate   251ms  37%    Losses            Value  │
│  Env       osrs_inferno      GPU      209ms  30%    policy            0.017  │
│  Params          752.1K      Env       42ms   6%    value             0.056  │
│  Steps            13.1M    Train      425ms  62%    entropy           3.986  │
│  SPS             239.5K      Misc       0ms   0%    total             0.039  │
│  Epoch              400      Forwa…     0ms   0%    old_kl            0.013  │
│  Uptime    0d 0h 0m 54s                             kl                0.012  │
│  Remaini…  0d 0h 2m 34s                             clipfrac          0.317  │
│                                                     bc                0.000  │
│                                                                              │
│  User Stats                    Value    User Stats                    Value  │
│  episode_return                3.230    damage_dealt                338.237  │
│  damage_received              98.689    episode_length               82.479  │
│  wins                          0.000    wave                         68.000  │
│  idle_ticks                    0.753    brews_used                    4.391  │
│  blood_healed                  0.001    prayer_correct_rate           0.436  │
│  unavoidable_off_praye…        0.018    brews_remaining               7.609  │
│  restores_remaining           10.379    prayer_at_death              91.451  │
│  current_ranged               92.096    current_magic                84.556  │
│  behind_shield_pct             0.282    zuk_hp_remaining            864.677  │
│  min_zuk_hp_seen             864.870    hp_restored                   0.358  │
│  zuk_healer_damage             0.009    deaths_to_jad                 0.027  │
│  episode_return_normal         1.999    wins_normal                   0.000  │
│  min_zuk_hp_normal           997.313    score_normal                  0.169  │
│  zuk_objective_normal          0.169    phase_reached_normal          0.252  │
│  death_tick_normal            51.718    frac_min_hp_le_300_no…        0.000  │
╰──────────────────────────────────────────────────────────────────────────────╯

[0;0H╭──────────────────────────────────────────────────────────────────────────────╮
│  PufferLib 4.0          🐡        GPU: 0%      VRAM: 0.4/18G      RAM: 0.9G  │
│                                                                              │
│  Summary          Value    Evaluate   251ms  37%    Losses            Value  │
│  Env       osrs_inferno      GPU      209ms  30%    policy            0.025  │
│  Params          752.1K      Env       42ms   6%    value             0.053  │
│  Steps            13.3M    Train      428ms  62%    entropy           3.901  │
│  SPS             238.6K      Misc       0ms   0%    total             0.046  │
│  Epoch              405      Forwa…     0ms   0%    old_kl            0.015  │
│  Uptime    0d 0h 0m 55s                             kl                0.013  │
│  Remaini…  0d 0h 2m 33s                             clipfrac          0.324  │
│                                                     bc                0.000  │
│                                                                              │
│  User Stats                    Value    User Stats                    Value  │
│  episode_return                3.307    damage_dealt                346.749  │
│  damage_received             100.323    episode_length               84.772  │
│  wins                          0.000    wave                         68.000  │
│  idle_ticks                    0.709    brews_used                    4.430  │
│  blood_healed                  0.000    prayer_correct_rate           0.444  │
│  unavoidable_off_praye…        0.019    brews_remaining               7.570  │
│  restores_remaining           10.334    prayer_at_death              91.499  │
│  current_ranged               92.569    current_magic                85.102  │
│  behind_shield_pct             0.291    zuk_hp_remaining            856.159  │
│  min_zuk_hp_seen             856.427    hp_restored                   0.107  │
│  zuk_healer_damage             0.000    deaths_to_jad                 0.036  │
│  episode_return_normal         1.962    wins_normal                   0.000  │
│  min_zuk_hp_normal          1000.776    score_normal                  0.166  │
│  zuk_objective_normal          0.166    phase_reached_normal          0.244  │
│  death_tick_normal            51.502    frac_min_hp_le_300_no…        0.000  │
╰──────────────────────────────────────────────────────────────────────────────╯

[0;0H╭──────────────────────────────────────────────────────────────────────────────╮
│  PufferLib 4.0         🐡         GPU: 0%      VRAM: 0.4/18G      RAM: 0.9G  │
│                                                                              │
│  Summary          Value    Evaluate   250ms  36%    Losses            Value  │
│  Env       osrs_inferno      GPU      208ms  30%    policy           -0.009  │
│  Params          752.1K      Env       43ms   6%    value             0.055  │
│  Steps            13.4M    Train      427ms  63%    entropy           3.938  │
│  SPS             239.2K      Misc       0ms   0%    total             0.013  │
│  Epoch              410      Forwa…     0ms   0%    old_kl            0.013  │
│  Uptime    0d 0h 0m 56s                             kl                0.013  │
│  Remaini…  0d 0h 2m 32s                             clipfrac          0.312  │
│                                                     bc                0.000  │
│                                                                              │
│  User Stats                    Value    User Stats                    Value  │
│  episode_return                3.314    damage_dealt                347.336  │
│  damage_received             101.157    episode_length               84.295  │
│  wins                          0.000    wave                         68.000  │
│  idle_ticks                    0.730    brews_used                    4.448  │
│  blood_healed                  0.000    prayer_correct_rate           0.438  │
│  unavoidable_off_praye…        0.018    brews_remaining               7.552  │
│  restores_remaining           10.286    prayer_at_death              91.558  │
│  current_ranged               92.743    current_magic                85.570  │
│  behind_shield_pct             0.288    zuk_hp_remaining            855.030  │
│  min_zuk_hp_seen             855.627    hp_restored                   0.084  │
│  zuk_healer_damage             0.000    deaths_to_jad                 0.031  │
│  episode_return_normal         2.012    wins_normal                   0.000  │
│  min_zuk_hp_normal           995.275    score_normal                  0.171  │
│  zuk_objective_normal          0.171    phase_reached_normal          0.247  │
│  death_tick_normal            52.418    frac_min_hp_le_300_no…        0.000  │
╰──────────────────────────────────────────────────────────────────────────────╯

[0;0H╭──────────────────────────────────────────────────────────────────────────────╮
│  PufferLib 4.0        🐡          GPU: 0%      VRAM: 0.4/18G      RAM: 0.9G  │
│                                                                              │
│  Summary          Value    Evaluate   251ms  37%    Losses            Value  │
│  Env       osrs_inferno      GPU      209ms  30%    policy           -0.008  │
│  Params          752.1K      Env       43ms   6%    value             0.073  │
│  Steps            13.6M    Train      425ms  62%    entropy           3.905  │
│  SPS             239.6K      Misc       0ms   0%    total             0.022  │
│  Epoch              415      Forwa…     0ms   0%    old_kl            0.017  │
│  Uptime    0d 0h 0m 56s                             kl                0.016  │
│  Remaini…  0d 0h 2m 31s                             clipfrac          0.322  │
│                                                     bc                0.000  │
│                                                                              │
│  User Stats                    Value    User Stats                    Value  │
│  episode_return                3.271    damage_dealt                342.516  │
│  damage_received              98.446    episode_length               82.809  │
│  wins                          0.000    wave                         68.000  │
│  idle_ticks                    0.705    brews_used                    4.341  │
│  blood_healed                  0.001    prayer_correct_rate           0.437  │
│  unavoidable_off_praye…        0.018    brews_remaining               7.659  │
│  restores_remaining           10.339    prayer_at_death              91.281  │
│  current_ranged               92.852    current_magic                85.451  │
│  behind_shield_pct             0.285    zuk_hp_remaining            859.878  │
│  min_zuk_hp_seen             860.397    hp_restored                   0.293  │
│  zuk_healer_damage             0.000    deaths_to_jad                 0.029  │
│  episode_return_normal         1.973    wins_normal                   0.000  │
│  min_zuk_hp_normal           999.866    score_normal                  0.167  │
│  zuk_objective_normal          0.167    phase_reached_normal          0.247  │
│  death_tick_normal            51.155    frac_min_hp_le_300_no…        0.000  │
╰──────────────────────────────────────────────────────────────────────────────╯

[0;0H╭──────────────────────────────────────────────────────────────────────────────╮
│  PufferLib 4.0       🐡           GPU: 0%      VRAM: 0.4/18G      RAM: 0.9G  │
│                                                                              │
│  Summary          Value    Evaluate   250ms  37%    Losses            Value  │
│  Env       osrs_inferno      GPU      208ms  30%    policy            0.011  │
│  Params          752.1K      Env       42ms   6%    value             0.056  │
│  Steps            13.8M    Train      424ms  62%    entropy           3.836  │
│  SPS             240.3K      Misc       0ms   0%    total             0.033  │
│  Epoch              420      Forwa…     0ms   0%    old_kl            0.015  │
│  Uptime    0d 0h 0m 57s                             kl                0.014  │
│  Remaini…  0d 0h 2m 30s                             clipfrac          0.316  │
│                                                     bc                0.000  │
│                                                                              │
│  User Stats                    Value    User Stats                    Value  │
│  episode_return                3.326    damage_dealt                347.845  │
│  damage_received              98.112    episode_length               83.120  │
│  wins                          0.000    wave                         68.000  │
│  idle_ticks                    0.591    brews_used                    4.396  │
│  blood_healed                  0.000    prayer_correct_rate           0.434  │
│  unavoidable_off_praye…        0.019    brews_remaining               7.604  │
│  restores_remaining           10.286    prayer_at_death              91.550  │
│  current_ranged               93.292    current_magic                85.753  │
│  behind_shield_pct             0.282    zuk_hp_remaining            854.447  │
│  min_zuk_hp_seen             854.952    hp_restored                   0.121  │
│  zuk_healer_damage             0.000    deaths_to_jad                 0.024  │
│  episode_return_normal         2.050    wins_normal                   0.000  │
│  min_zuk_hp_normal           991.852    score_normal                  0.173  │
│  zuk_objective_normal          0.173    phase_reached_normal          0.279  │
│  death_tick_normal            52.009    frac_min_hp_le_300_no…        0.000  │
╰──────────────────────────────────────────────────────────────────────────────╯

[0;0H╭──────────────────────────────────────────────────────────────────────────────╮
│  PufferLib 4.0      🐡            GPU: 0%      VRAM: 0.4/18G      RAM: 0.9G  │
│                                                                              │
│  Summary          Value    Evaluate   249ms  37%    Losses            Value  │
│  Env       osrs_inferno      GPU      207ms  30%    policy            0.020  │
│  Params          752.1K      Env       41ms   6%    value             0.055  │
│  Steps            13.9M    Train      423ms  62%    entropy           3.759  │
│  SPS             241.2K      Misc       0ms   0%    total             0.041  │
│  Epoch              425      Forwa…     0ms   0%    old_kl            0.013  │
│  Uptime    0d 0h 0m 58s                             kl                0.015  │
│  Remaini…  0d 0h 2m 29s                             clipfrac          0.319  │
│                                                     bc                0.000  │
│                                                                              │
│  User Stats                    Value    User Stats                    Value  │
│  episode_return                3.369    damage_dealt                352.219  │
│  damage_received              97.480    episode_length               83.517  │
│  wins                          0.000    wave                         68.000  │
│  idle_ticks                    0.509    brews_used                    4.404  │
│  blood_healed                  0.000    prayer_correct_rate           0.433  │
│  unavoidable_off_praye…        0.020    brews_remaining               7.596  │
│  restores_remaining           10.262    prayer_at_death              91.500  │
│  current_ranged               93.480    current_magic                85.685  │
│  behind_shield_pct             0.283    zuk_hp_remaining            850.468  │
│  min_zuk_hp_seen             850.677    hp_restored                   0.025  │
│  zuk_healer_damage             0.000    deaths_to_jad                 0.025  │
│  episode_return_normal         2.080    wins_normal                   0.000  │
│  min_zuk_hp_normal           988.867    score_normal                  0.176  │
│  zuk_objective_normal          0.176    phase_reached_normal          0.293  │
│  death_tick_normal            52.166    frac_min_hp_le_300_no…        0.000  │
╰──────────────────────────────────────────────────────────────────────────────╯

[0;0H╭──────────────────────────────────────────────────────────────────────────────╮
│  PufferLib 4.0     🐡             GPU: 0%      VRAM: 0.4/18G      RAM: 0.9G  │
│                                                                              │
│  Summary          Value    Evaluate   250ms  36%    Losses            Value  │
│  Env       osrs_inferno      GPU      208ms  30%    policy            0.002  │
│  Params          752.1K      Env       41ms   6%    value             0.053  │
│  Steps            14.1M    Train      427ms  63%    entropy           3.679  │
│  SPS             239.4K      Misc       0ms   0%    total             0.023  │
│  Epoch              430      Forwa…     0ms   0%    old_kl            0.016  │
│  Uptime    0d 0h 0m 58s                             kl                0.017  │
│  Remaini…  0d 0h 2m 30s                             clipfrac          0.325  │
│                                                     bc                0.000  │
│                                                                              │
│  User Stats                    Value    User Stats                    Value  │
│  episode_return                3.408    damage_dealt                356.141  │
│  damage_received             100.488    episode_length               83.971  │
│  wins                          0.000    wave                         68.000  │
│  idle_ticks                    0.505    brews_used                    4.549  │
│  blood_healed                  0.000    prayer_correct_rate           0.432  │
│  unavoidable_off_praye…        0.023    brews_remaining               7.451  │
│  restores_remaining           10.255    prayer_at_death              91.461  │
│  current_ranged               92.942    current_magic                85.061  │
│  behind_shield_pct             0.281    zuk_hp_remaining            846.511  │
│  min_zuk_hp_seen             846.800    hp_restored                   0.025  │
│  zuk_healer_damage             0.000    deaths_to_jad                 0.025  │
│  episode_return_normal         2.125    wins_normal                   0.000  │
│  min_zuk_hp_normal           984.307    score_normal                  0.180  │
│  zuk_objective_normal          0.180    phase_reached_normal          0.294  │
│  death_tick_normal            52.796    frac_min_hp_le_300_no…        0.000  │
╰──────────────────────────────────────────────────────────────────────────────╯

[0;0H╭──────────────────────────────────────────────────────────────────────────────╮
│  PufferLib 4.0    🐡              GPU: 0%      VRAM: 0.4/18G      RAM: 0.9G  │
│                                                                              │
│  Summary          Value    Evaluate   247ms  36%    Losses            Value  │
│  Env       osrs_inferno      GPU      205ms  30%    policy            0.014  │
│  Params          752.1K      Env       41ms   6%    value             0.054  │
│  Steps            14.3M    Train      426ms  63%    entropy           3.593  │
│  SPS             240.9K      Misc       0ms   0%    total             0.036  │
│  Epoch              435      Forwa…     0ms   0%    old_kl            0.019  │
│  Uptime    0d 0h 0m 59s                             kl                0.017  │
│  Remaini…  0d 0h 2m 28s                             clipfrac          0.332  │
│                                                     bc                0.000  │
│                                                                              │
│  User Stats                    Value    User Stats                    Value  │
│  episode_return                3.488    damage_dealt                365.199  │
│  damage_received             104.131    episode_length               86.194  │
│  wins                          0.000    wave                         68.000  │
│  idle_ticks                    0.480    brews_used                    4.697  │
│  blood_healed                  0.000    prayer_correct_rate           0.432  │
│  unavoidable_off_praye…        0.024    brews_remaining               7.303  │
│  restores_remaining           10.154    prayer_at_death              91.775  │
│  current_ranged               93.024    current_magic                85.112  │
│  behind_shield_pct             0.286    zuk_hp_remaining            837.839  │
│  min_zuk_hp_seen             838.064    hp_restored                   0.038  │
│  zuk_healer_damage             0.000    deaths_to_jad                 0.023  │
│  episode_return_normal         2.154    wins_normal                   0.000  │
│  min_zuk_hp_normal           980.991    score_normal                  0.183  │
│  zuk_objective_normal          0.183    phase_reached_normal          0.298  │
│  death_tick_normal            53.708    frac_min_hp_le_300_no…        0.000  │
╰──────────────────────────────────────────────────────────────────────────────╯

[0;0H╭──────────────────────────────────────────────────────────────────────────────╮
│  PufferLib 4.0   🐡               GPU: 0%      VRAM: 0.4/18G      RAM: 0.9G  │
│                                                                              │
│  Summary          Value    Evaluate   249ms  36%    Losses            Value  │
│  Env       osrs_inferno      GPU      207ms  30%    policy            0.018  │
│  Params          752.1K      Env       42ms   6%    value             0.056  │
│  Steps            14.4M    Train      426ms  63%    entropy           3.570  │
│  SPS             240.3K      Misc       0ms   0%    total             0.041  │
│  Epoch              440      Forwa…     0ms   0%    old_kl            0.018  │
│  Uptime     0d 0h 1m 0s                             kl                0.017  │
│  Remaini…  0d 0h 2m 28s                             clipfrac          0.328  │
│                                                     bc                0.000  │
│                                                                              │
│  User Stats                    Value    User Stats                    Value  │
│  episode_return                3.455    damage_dealt                361.536  │
│  damage_received             102.666    episode_length               84.607  │
│  wins                          0.000    wave                         68.000  │
│  idle_ticks                    0.491    brews_used                    4.682  │
│  blood_healed                  0.000    prayer_correct_rate           0.429  │
│  unavoidable_off_praye…        0.024    brews_remaining               7.318  │
│  restores_remaining           10.190    prayer_at_death              91.727  │
│  current_ranged               93.163    current_magic                85.443  │
│  behind_shield_pct             0.279    zuk_hp_remaining            841.281  │
│  min_zuk_hp_seen             841.438    hp_restored                   0.132  │
│  zuk_healer_damage             0.002    deaths_to_jad                 0.044  │
│  episode_return_normal         2.182    wins_normal                   0.000  │
│  min_zuk_hp_normal           977.787    score_normal                  0.185  │
│  zuk_objective_normal          0.185    phase_reached_normal          0.314  │
│  death_tick_normal            53.752    frac_min_hp_le_300_no…        0.000  │
╰──────────────────────────────────────────────────────────────────────────────╯

[0;0H╭──────────────────────────────────────────────────────────────────────────────╮
│  PufferLib 4.0  🐡                GPU: 0%      VRAM: 0.4/18G      RAM: 0.9G  │
│                                                                              │
│  Summary          Value    Evaluate   249ms  36%    Losses            Value  │
│  Env       osrs_inferno      GPU      207ms  30%    policy            0.001  │
│  Params          752.1K      Env       41ms   6%    value             0.054  │
│  Steps            14.6M    Train      425ms  63%    entropy           3.525  │
│  SPS             240.3K      Misc       0ms   0%    total             0.023  │
│  Epoch              445      Forwa…     0ms   0%    old_kl            0.018  │
│  Uptime     0d 0h 1m 0s                             kl                0.017  │
│  Remaini…  0d 0h 2m 27s                             clipfrac          0.327  │
│                                                     bc                0.000  │
│                                                                              │
│  User Stats                    Value    User Stats                    Value  │
│  episode_return                3.475    damage_dealt                364.663  │
│  damage_received             105.201    episode_length               86.152  │
│  wins                          0.000    wave                         68.000  │
│  idle_ticks                    0.571    brews_used                    4.748  │
│  blood_healed                  0.000    prayer_correct_rate           0.434  │
│  unavoidable_off_praye…        0.024    brews_remaining               7.252  │
│  restores_remaining           10.157    prayer_at_death              91.602  │
│  current_ranged               92.452    current_magic                85.067  │
│  behind_shield_pct             0.284    zuk_hp_remaining            838.722  │
│  min_zuk_hp_seen             838.607    hp_restored                   0.477  │
│  zuk_healer_damage             0.003    deaths_to_jad                 0.037  │
│  episode_return_normal         2.146    wins_normal                   0.000  │
│  min_zuk_hp_normal           981.297    score_normal                  0.182  │
│  zuk_objective_normal          0.182    phase_reached_normal          0.299  │
│  death_tick_normal            54.084    frac_min_hp_le_300_no…        0.000  │
╰──────────────────────────────────────────────────────────────────────────────╯

[0;0H╭──────────────────────────────────────────────────────────────────────────────╮
│  PufferLib 4.0 🐡                 GPU: 0%      VRAM: 0.4/18G      RAM: 0.9G  │
│                                                                              │
│  Summary          Value    Evaluate   251ms  37%    Losses            Value  │
│  Env       osrs_inferno      GPU      209ms  30%    policy            0.003  │
│  Params          752.1K      Env       42ms   6%    value             0.059  │
│  Steps            14.7M    Train      425ms  62%    entropy           3.465  │
│  SPS             239.9K      Misc       0ms   0%    total             0.027  │
│  Epoch              450      Forwa…     0ms   0%    old_kl            0.016  │
│  Uptime     0d 0h 1m 1s                             kl                0.016  │
│  Remaini…  0d 0h 2m 26s                             clipfrac          0.320  │
│                                                     bc                0.000  │
│                                                                              │
│  User Stats                    Value    User Stats                    Value  │
│  episode_return                3.410    damage_dealt                358.343  │
│  damage_received             104.919    episode_length               84.480  │
│  wins                          0.000    wave                         68.000  │
│  idle_ticks                    0.530    brews_used                    4.694  │
│  blood_healed                  0.002    prayer_correct_rate           0.430  │
│  unavoidable_off_praye…        0.023    brews_remaining               7.306  │
│  restores_remaining           10.123    prayer_at_death              92.013  │
│  current_ranged               93.470    current_magic                86.277  │
│  behind_shield_pct             0.278    zuk_hp_remaining            845.768  │
│  min_zuk_hp_seen             845.779    hp_restored                   0.414  │
│  zuk_healer_damage             0.000    deaths_to_jad                 0.030  │
│  episode_return_normal         2.138    wins_normal                   0.000  │
│  min_zuk_hp_normal           982.265    score_normal                  0.181  │
│  zuk_objective_normal          0.181    phase_reached_normal          0.301  │
│  death_tick_normal            53.964    frac_min_hp_le_300_no…        0.000  │
╰──────────────────────────────────────────────────────────────────────────────╯

[0;0H╭──────────────────────────────────────────────────────────────────────────────╮
│  PufferLib 4.0          🐡        GPU: 0%      VRAM: 0.4/18G      RAM: 0.9G  │
│                                                                              │
│  Summary          Value    Evaluate   249ms  36%    Losses            Value  │
│  Env       osrs_inferno      GPU      207ms  30%    policy            0.014  │
│  Params          752.1K      Env       42ms   6%    value             0.051  │
│  Steps            14.9M    Train      425ms  63%    entropy           3.370  │
│  SPS             240.5K      Misc       0ms   0%    total             0.034  │
│  Epoch              455      Forwa…     0ms   0%    old_kl            0.017  │
│  Uptime     0d 0h 1m 2s                             kl                0.017  │
│  Remaini…  0d 0h 2m 25s                             clipfrac          0.314  │
│                                                     bc                0.000  │
│                                                                              │
│  User Stats                    Value    User Stats                    Value  │
│  episode_return                3.531    damage_dealt                370.266  │
│  damage_received             106.207    episode_length               86.365  │
│  wins                          0.000    wave                         68.000  │
│  idle_ticks                    0.523    brews_used                    4.774  │
│  blood_healed                  0.000    prayer_correct_rate           0.437  │
│  unavoidable_off_praye…        0.027    brews_remaining               7.226  │
│  restores_remaining           10.098    prayer_at_death              92.101  │
│  current_ranged               92.787    current_magic                85.648  │
│  behind_shield_pct             0.284    zuk_hp_remaining            833.213  │
│  min_zuk_hp_seen             833.441    hp_restored                   0.213  │
│  zuk_healer_damage             0.000    deaths_to_jad                 0.026  │
│  episode_return_normal         2.163    wins_normal                   0.000  │
│  min_zuk_hp_normal           979.818    score_normal                  0.183  │
│  zuk_objective_normal          0.183    phase_reached_normal          0.310  │
│  death_tick_normal            53.773    frac_min_hp_le_300_no…        0.000  │
╰──────────────────────────────────────────────────────────────────────────────╯

[0;0H╭──────────────────────────────────────────────────────────────────────────────╮
│  PufferLib 4.0         🐡         GPU: 0%      VRAM: 0.4/18G      RAM: 0.9G  │
│                                                                              │
│  Summary          Value    Evaluate   249ms  36%    Losses            Value  │
│  Env       osrs_inferno      GPU      207ms  30%    policy            0.020  │
│  Params          752.1K      Env       41ms   6%    value             0.052  │
│  Steps            15.1M    Train      425ms  63%    entropy           3.390  │
│  SPS             240.2K      Misc       0ms   0%    total             0.041  │
│  Epoch              460      Forwa…     0ms   0%    old_kl            0.017  │
│  Uptime     0d 0h 1m 2s                             kl                0.016  │
│  Remaini…  0d 0h 2m 25s                             clipfrac          0.321  │
│                                                     bc                0.000  │
│                                                                              │
│  User Stats                    Value    User Stats                    Value  │
│  episode_return                3.540    damage_dealt                372.430  │
│  damage_received             107.550    episode_length               87.105  │
│  wins                          0.000    wave                         68.000  │
│  idle_ticks                    0.601    brews_used                    4.787  │
│  blood_healed                  0.003    prayer_correct_rate           0.436  │
│  unavoidable_off_praye…        0.023    brews_remaining               7.213  │
│  restores_remaining           10.017    prayer_at_death              92.017  │
│  current_ranged               92.367    current_magic                85.321  │
│  behind_shield_pct             0.283    zuk_hp_remaining            831.659  │
│  min_zuk_hp_seen             831.756    hp_restored                   0.276  │
│  zuk_healer_damage             0.000    deaths_to_jad                 0.035  │
│  episode_return_normal         2.191    wins_normal                   0.000  │
│  min_zuk_hp_normal           976.202    score_normal                  0.186  │
│  zuk_objective_normal          0.186    phase_reached_normal          0.303  │
│  death_tick_normal            55.094    frac_min_hp_le_300_no…        0.000  │
╰──────────────────────────────────────────────────────────────────────────────╯

[0;0H╭──────────────────────────────────────────────────────────────────────────────╮
│  PufferLib 4.0        🐡          GPU: 0%      VRAM: 0.4/18G      RAM: 0.9G  │
│                                                                              │
│  Summary          Value    Evaluate   245ms  36%    Losses            Value  │
│  Env       osrs_inferno      GPU      205ms  30%    policy            0.002  │
│  Params          752.1K      Env       40ms   5%    value             0.068  │
│  Steps            15.2M    Train      425ms  63%    entropy           3.413  │
│  SPS             241.7K      Misc       0ms   0%    total             0.031  │
│  Epoch              465      Forwa…     0ms   0%    old_kl            0.018  │
│  Uptime     0d 0h 1m 3s                             kl                0.017  │
│  Remaini…  0d 0h 2m 23s                             clipfrac          0.334  │
│                                                     bc                0.000  │
│                                                                              │
│  User Stats                    Value    User Stats                    Value  │
│  episode_return                3.420    damage_dealt                360.054  │
│  damage_received             105.074    episode_length               85.152  │
│  wins                          0.000    wave                         68.000  │
│  idle_ticks                    0.587    brews_used                    4.684  │
│  blood_healed                  0.000    prayer_correct_rate           0.434  │
│  unavoidable_off_praye…        0.020    brews_remaining               7.316  │
│  restores_remaining           10.085    prayer_at_death              91.624  │
│  current_ranged               92.029    current_magic                84.880  │
│  behind_shield_pct             0.279    zuk_hp_remaining            844.088  │
│  min_zuk_hp_seen             844.165    hp_restored                   0.226  │
│  zuk_healer_damage             0.000    deaths_to_jad                 0.049  │
│  episode_return_normal         2.120    wins_normal                   0.000  │
│  min_zuk_hp_normal           983.380    score_normal                  0.181  │
│  zuk_objective_normal          0.181    phase_reached_normal          0.271  │
│  death_tick_normal            54.264    frac_min_hp_le_300_no…        0.000  │
╰──────────────────────────────────────────────────────────────────────────────╯

[0;0H╭──────────────────────────────────────────────────────────────────────────────╮
│  PufferLib 4.0       🐡           GPU: 0%      VRAM: 0.4/18G      RAM: 0.9G  │
│                                                                              │
│  Summary          Value    Evaluate   250ms  37%    Losses            Value  │
│  Env       osrs_inferno      GPU      208ms  30%    policy            0.014  │
│  Params          752.1K      Env       42ms   6%    value             0.049  │
│  Steps            15.4M    Train      426ms  62%    entropy           3.353  │
│  SPS             239.8K      Misc       0ms   0%    total             0.033  │
│  Epoch              470      Forwa…     0ms   0%    old_kl            0.019  │
│  Uptime     0d 0h 1m 4s                             kl                0.017  │
│  Remaini…  0d 0h 2m 24s                             clipfrac          0.325  │
│                                                     bc                0.000  │
│                                                                              │
│  User Stats                    Value    User Stats                    Value  │
│  episode_return                3.555    damage_dealt                373.647  │
│  damage_received             107.052    episode_length               87.604  │
│  wins                          0.000    wave                         68.000  │
│  idle_ticks                    0.554    brews_used                    4.812  │
│  blood_healed                  0.000    prayer_correct_rate           0.440  │
│  unavoidable_off_praye…        0.025    brews_remaining               7.188  │
│  restores_remaining           10.050    prayer_at_death              92.013  │
│  current_ranged               92.416    current_magic                85.148  │
│  behind_shield_pct             0.285    zuk_hp_remaining            830.068  │
│  min_zuk_hp_seen             830.446    hp_restored                   0.057  │
│  zuk_healer_damage             0.000    deaths_to_jad                 0.037  │
│  episode_return_normal         2.168    wins_normal                   0.000  │
│  min_zuk_hp_normal           978.624    score_normal                  0.184  │
│  zuk_objective_normal          0.184    phase_reached_normal          0.301  │
│  death_tick_normal            54.822    frac_min_hp_le_300_no…        0.000  │
╰──────────────────────────────────────────────────────────────────────────────╯

[0;0H╭──────────────────────────────────────────────────────────────────────────────╮
│  PufferLib 4.0      🐡            GPU: 0%      VRAM: 0.4/18G      RAM: 0.9G  │
│                                                                              │
│  Summary          Value    Evaluate   250ms  36%    Losses            Value  │
│  Env       osrs_inferno      GPU      208ms  30%    policy            0.010  │
│  Params          752.1K      Env       42ms   6%    value             0.048  │
│  Steps            15.6M    Train      427ms  63%    entropy           3.319  │
│  SPS             239.3K      Misc       0ms   0%    total             0.028  │
│  Epoch              475      Forwa…     0ms   0%    old_kl            0.016  │
│  Uptime     0d 0h 1m 4s                             kl                0.015  │
│  Remaini…  0d 0h 2m 23s                             clipfrac          0.320  │
│                                                     bc                0.000  │
│                                                                              │
│  User Stats                    Value    User Stats                    Value  │
│  episode_return                3.590    damage_dealt                375.965  │
│  damage_received             107.711    episode_length               86.827  │
│  wins                          0.000    wave                         68.000  │
│  idle_ticks                    0.573    brews_used                    4.865  │
│  blood_healed                  0.000    prayer_correct_rate           0.437  │
│  unavoidable_off_praye…        0.025    brews_remaining               7.135  │
│  restores_remaining           10.031    prayer_at_death              92.095  │
│  current_ranged               92.221    current_magic                84.881  │
│  behind_shield_pct             0.280    zuk_hp_remaining            827.258  │
│  min_zuk_hp_seen             827.679    hp_restored                   0.044  │
│  zuk_healer_damage             0.000    deaths_to_jad                 0.038  │
│  episode_return_normal         2.236    wins_normal                   0.000  │
│  min_zuk_hp_normal           972.426    score_normal                  0.190  │
│  zuk_objective_normal          0.190    phase_reached_normal          0.315  │
│  death_tick_normal            54.828    frac_min_hp_le_300_no…        0.000  │
╰──────────────────────────────────────────────────────────────────────────────╯

[0;0H╭──────────────────────────────────────────────────────────────────────────────╮
│  PufferLib 4.0     🐡             GPU: 0%      VRAM: 0.4/18G      RAM: 0.9G  │
│                                                                              │
│  Summary          Value    Evaluate   250ms  36%    Losses            Value  │
│  Env       osrs_inferno      GPU      207ms  30%    policy            0.028  │
│  Params          752.1K      Env       42ms   6%    value             0.049  │
│  Steps            15.7M    Train      426ms  63%    entropy           3.279  │
│  SPS             240.1K      Misc       0ms   0%    total             0.047  │
│  Epoch              480      Forwa…     0ms   0%    old_kl            0.016  │
│  Uptime     0d 0h 1m 5s                             kl                0.016  │
│  Remaini…  0d 0h 2m 22s                             clipfrac          0.325  │
│                                                     bc                0.000  │
│                                                                              │
│  User Stats                    Value    User Stats                    Value  │
│  episode_return                3.607    damage_dealt                378.501  │
│  damage_received             105.659    episode_length               87.576  │
│  wins                          0.000    wave                         68.000  │
│  idle_ticks                    0.545    brews_used                    4.761  │
│  blood_healed                  0.002    prayer_correct_rate           0.447  │
│  unavoidable_off_praye…        0.027    brews_remaining               7.239  │
│  restores_remaining            9.950    prayer_at_death              92.250  │
│  current_ranged               92.638    current_magic                85.598  │
│  behind_shield_pct             0.283    zuk_hp_remaining            824.803  │
│  min_zuk_hp_seen             825.267    hp_restored                   0.035  │
│  zuk_healer_damage             0.000    deaths_to_jad                 0.016  │
│  episode_return_normal         2.172    wins_normal                   0.000  │
│  min_zuk_hp_normal           978.213    score_normal                  0.185  │
│  zuk_objective_normal          0.185    phase_reached_normal          0.310  │
│  death_tick_normal            54.323    frac_min_hp_le_300_no…        0.000  │
╰──────────────────────────────────────────────────────────────────────────────╯

[0;0H╭──────────────────────────────────────────────────────────────────────────────╮
│  PufferLib 4.0    🐡              GPU: 0%      VRAM: 0.4/18G      RAM: 0.9G  │
│                                                                              │
│  Summary          Value    Evaluate   250ms  37%    Losses            Value  │
│  Env       osrs_inferno      GPU      207ms  30%    policy            0.023  │
│  Params          752.1K      Env       42ms   6%    value             0.058  │
│  Steps            15.9M    Train      425ms  62%    entropy           3.217  │
│  SPS             240.4K      Misc       0ms   0%    total             0.047  │
│  Epoch              485      Forwa…     0ms   0%    old_kl            0.022  │
│  Uptime     0d 0h 1m 6s                             kl                0.021  │
│  Remaini…  0d 0h 2m 21s                             clipfrac          0.329  │
│                                                     bc                0.000  │
│                                                                              │
│  User Stats                    Value    User Stats                    Value  │
│  episode_return                3.667    damage_dealt                383.829  │
│  damage_received             108.109    episode_length               87.608  │
│  wins                          0.000    wave                         68.000  │
│  idle_ticks                    0.537    brews_used                    4.908  │
│  blood_healed                  0.000    prayer_correct_rate           0.441  │
│  unavoidable_off_praye…        0.027    brews_remaining               7.092  │
│  restores_remaining            9.969    prayer_at_death              92.187  │
│  current_ranged               92.326    current_magic                85.108  │
│  behind_shield_pct             0.279    zuk_hp_remaining            819.220  │
│  min_zuk_hp_seen             819.542    hp_restored                   0.000  │
│  zuk_healer_damage             0.000    deaths_to_jad                 0.012  │
│  episode_return_normal         2.288    wins_normal                   0.000  │
│  min_zuk_hp_normal           966.710    score_normal                  0.194  │
│  zuk_objective_normal          0.194    phase_reached_normal          0.340  │
│  death_tick_normal            55.078    frac_min_hp_le_300_no…        0.000  │
╰──────────────────────────────────────────────────────────────────────────────╯

[0;0H╭──────────────────────────────────────────────────────────────────────────────╮
│  PufferLib 4.0   🐡               GPU: 0%      VRAM: 0.4/18G      RAM: 0.9G  │
│                                                                              │
│  Summary          Value    Evaluate   249ms  36%    Losses            Value  │
│  Env       osrs_inferno      GPU      207ms  30%    policy            0.020  │
│  Params          752.1K      Env       42ms   6%    value             0.053  │
│  Steps            16.1M    Train      424ms  63%    entropy           3.176  │
│  SPS             240.9K      Misc       0ms   0%    total             0.042  │
│  Epoch              490      Forwa…     0ms   0%    old_kl            0.020  │
│  Uptime     0d 0h 1m 6s                             kl                0.019  │
│  Remaini…  0d 0h 2m 20s                             clipfrac          0.327  │
│                                                     bc                0.000  │
│                                                                              │
│  User Stats                    Value    User Stats                    Value  │
│  episode_return                3.498    damage_dealt                366.322  │
│  damage_received             102.106    episode_length               84.449  │
│  wins                          0.000    wave                         68.000  │
│  idle_ticks                    0.627    brews_used                    4.570  │
│  blood_healed                  0.000    prayer_correct_rate           0.439  │
│  unavoidable_off_praye…        0.024    brews_remaining               7.430  │
│  restores_remaining           10.041    prayer_at_death              92.244  │
│  current_ranged               92.956    current_magic                85.787  │
│  behind_shield_pct             0.274    zuk_hp_remaining            836.821  │
│  min_zuk_hp_seen             837.152    hp_restored                   0.000  │
│  zuk_healer_damage             0.000    deaths_to_jad                 0.019  │
│  episode_return_normal         2.147    wins_normal                   0.000  │
│  min_zuk_hp_normal           981.147    score_normal                  0.182  │
│  zuk_objective_normal          0.182    phase_reached_normal          0.295  │
│  death_tick_normal            52.973    frac_min_hp_le_300_no…        0.000  │
╰──────────────────────────────────────────────────────────────────────────────╯

[0;0H╭──────────────────────────────────────────────────────────────────────────────╮
│  PufferLib 4.0  🐡                GPU: 0%      VRAM: 0.4/18G      RAM: 0.9G  │
│                                                                              │
│  Summary          Value    Evaluate   250ms  37%    Losses            Value  │
│  Env       osrs_inferno      GPU      207ms  30%    policy            0.005  │
│  Params          752.1K      Env       42ms   6%    value             0.052  │
│  Steps            16.2M    Train      425ms  62%    entropy           3.137  │
│  SPS             240.2K      Misc       0ms   0%    total             0.026  │
│  Epoch              495      Forwa…     0ms   0%    old_kl            0.019  │
│  Uptime     0d 0h 1m 7s                             kl                0.018  │
│  Remaini…  0d 0h 2m 20s                             clipfrac          0.325  │
│                                                     bc                0.000  │
│                                                                              │
│  User Stats                    Value    User Stats                    Value  │
│  episode_return                3.537    damage_dealt                371.442  │
│  damage_received             103.694    episode_length               85.183  │
│  wins                          0.000    wave                         68.000  │
│  idle_ticks                    0.612    brews_used                    4.590  │
│  blood_healed                  0.000    prayer_correct_rate           0.439  │
│  unavoidable_off_praye…        0.025    brews_remaining               7.410  │
│  restores_remaining            9.974    prayer_at_death              92.491  │
│  current_ranged               93.245    current_magic                86.195  │
│  behind_shield_pct             0.275    zuk_hp_remaining            832.053  │
│  min_zuk_hp_seen             832.482    hp_restored                   0.031  │
│  zuk_healer_damage             0.000    deaths_to_jad                 0.018  │
│  episode_return_normal         2.187    wins_normal                   0.000  │
│  min_zuk_hp_normal           976.445    score_normal                  0.186  │
│  zuk_objective_normal          0.186    phase_reached_normal          0.287  │
│  death_tick_normal            53.775    frac_min_hp_le_300_no…        0.000  │
╰──────────────────────────────────────────────────────────────────────────────╯

[0;0H╭──────────────────────────────────────────────────────────────────────────────╮
│  PufferLib 4.0 🐡                 GPU: 0%      VRAM: 0.4/18G      RAM: 0.9G  │
│                                                                              │
│  Summary          Value    Evaluate   249ms  36%    Losses            Value  │
│  Env       osrs_inferno      GPU      207ms  30%    policy            0.006  │
│  Params          752.1K      Env       42ms   6%    value             0.053  │
│  Steps            16.4M    Train      426ms  63%    entropy           3.070  │
│  SPS             240.0K      Misc       0ms   0%    total             0.027  │
│  Epoch              500      Forwa…     0ms   0%    old_kl            0.020  │
│  Uptime     0d 0h 1m 8s                             kl                0.018  │
│  Remaini…  0d 0h 2m 20s                             clipfrac          0.323  │
│                                                     bc                0.000  │
│                                                                              │
│  User Stats                    Value    User Stats                    Value  │
│  episode_return                3.627    damage_dealt                381.678  │
│  damage_received             105.559    episode_length               87.109  │
│  wins                          0.000    wave                         68.000  │
│  idle_ticks                    0.634    brews_used                    4.702  │
│  blood_healed                  0.000    prayer_correct_rate           0.442  │
│  unavoidable_off_praye…        0.026    brews_remaining               7.298  │
│  restores_remaining            9.877    prayer_at_death              92.739  │
│  current_ranged               93.400    current_magic                86.458  │
│  behind_shield_pct             0.279    zuk_hp_remaining            822.451  │
│  min_zuk_hp_seen             822.636    hp_restored                   0.129  │
│  zuk_healer_damage             0.000    deaths_to_jad                 0.020  │
│  episode_return_normal         2.206    wins_normal                   0.000  │
│  min_zuk_hp_normal           973.871    score_normal                  0.188  │
│  zuk_objective_normal          0.188    phase_reached_normal          0.305  │
│  death_tick_normal            54.749    frac_min_hp_le_300_no…        0.000  │
╰──────────────────────────────────────────────────────────────────────────────╯

[0;0H╭──────────────────────────────────────────────────────────────────────────────╮
│  PufferLib 4.0          🐡        GPU: 0%      VRAM: 0.4/18G      RAM: 0.9G  │
│                                                                              │
│  Summary          Value    Evaluate   251ms  37%    Losses            Value  │
│  Env       osrs_inferno      GPU      208ms  30%    policy            0.020  │
│  Params          752.1K      Env       42ms   6%    value             0.057  │
│  Steps            16.5M    Train      426ms  62%    entropy           3.109  │
│  SPS             239.4K      Misc       0ms   0%    total             0.044  │
│  Epoch              505      Forwa…     0ms   0%    old_kl            0.021  │
│  Uptime     0d 0h 1m 9s                             kl                0.022  │
│  Remaini…  0d 0h 2m 19s                             clipfrac          0.328  │
│                                                     bc                0.000  │
│                                                                              │
│  User Stats                    Value    User Stats                    Value  │
│  episode_return                3.586    damage_dealt                377.731  │
│  damage_received             105.848    episode_length               86.694  │
│  wins                          0.000    wave                         68.000  │
│  idle_ticks                    0.720    brews_used                    4.646  │
│  blood_healed                  0.000    prayer_correct_rate           0.437  │
│  unavoidable_off_praye…        0.022    brews_remaining               7.354  │
│  restores_remaining            9.829    prayer_at_death              92.755  │
│  current_ranged               93.916    current_magic                87.165  │
│  behind_shield_pct             0.277    zuk_hp_remaining            826.113  │
│  min_zuk_hp_seen             826.070    hp_restored                   0.231  │
│  zuk_healer_damage             0.000    deaths_to_jad                 0.025  │
│  episode_return_normal         2.191    wins_normal                   0.000  │
│  min_zuk_hp_normal           974.498    score_normal                  0.188  │
│  zuk_objective_normal          0.188    phase_reached_normal          0.282  │
│  death_tick_normal            55.564    frac_min_hp_le_300_no…        0.000  │
╰──────────────────────────────────────────────────────────────────────────────╯

[0;0H╭──────────────────────────────────────────────────────────────────────────────╮
│  PufferLib 4.0         🐡         GPU: 0%      VRAM: 0.4/18G      RAM: 0.9G  │
│                                                                              │
│  Summary          Value    Evaluate   252ms  37%    Losses            Value  │
│  Env       osrs_inferno      GPU      209ms  30%    policy            0.006  │
│  Params          752.1K      Env       43ms   6%    value             0.053  │
│  Steps            16.7M    Train      427ms  62%    entropy           3.065  │
│  SPS             238.5K      Misc       0ms   0%    total             0.028  │
│  Epoch              510      Forwa…     0ms   0%    old_kl            0.018  │
│  Uptime     0d 0h 1m 9s                             kl                0.016  │
│  Remaini…  0d 0h 2m 19s                             clipfrac          0.320  │
│                                                     bc                0.000  │
│                                                                              │
│  User Stats                    Value    User Stats                    Value  │
│  episode_return                3.632    damage_dealt                383.533  │
│  damage_received             107.783    episode_length               87.371  │
│  wins                          0.000    wave                         68.000  │
│  idle_ticks                    0.691    brews_used                    4.753  │
│  blood_healed                  0.000    prayer_correct_rate           0.435  │
│  unavoidable_off_praye…        0.022    brews_remaining               7.247  │
│  restores_remaining            9.780    prayer_at_death              92.516  │
│  current_ranged               93.895    current_magic                87.024  │
│  behind_shield_pct             0.275    zuk_hp_remaining            820.632  │
│  min_zuk_hp_seen             820.756    hp_restored                   0.203  │
│  zuk_healer_damage             0.000    deaths_to_jad                 0.016  │
│  episode_return_normal         2.241    wins_normal                   0.000  │
│  min_zuk_hp_normal           968.476    score_normal                  0.193  │
│  zuk_objective_normal          0.193    phase_reached_normal          0.299  │
│  death_tick_normal            56.606    frac_min_hp_le_300_no…        0.000  │
╰──────────────────────────────────────────────────────────────────────────────╯

[0;0H╭──────────────────────────────────────────────────────────────────────────────╮
│  PufferLib 4.0        🐡          GPU: 0%      VRAM: 0.4/18G      RAM: 0.9G  │
│                                                                              │
│  Summary          Value    Evaluate   251ms  36%    Losses            Value  │
│  Env       osrs_inferno      GPU      208ms  30%    policy            0.016  │
│  Params          752.1K      Env       42ms   6%    value             0.055  │
│  Steps            16.9M    Train      428ms  63%    entropy           3.025  │
│  SPS             239.0K      Misc       0ms   0%    total             0.038  │
│  Epoch              515      Forwa…     0ms   0%    old_kl            0.018  │
│  Uptime    0d 0h 1m 10s                             kl                0.016  │
│  Remaini…  0d 0h 2m 18s                             clipfrac          0.319  │
│                                                     bc                0.000  │
│                                                                              │
│  User Stats                    Value    User Stats                    Value  │
│  episode_return                3.559    damage_dealt                375.609  │
│  damage_received             106.469    episode_length               86.105  │
│  wins                          0.000    wave                         68.000  │
│  idle_ticks                    0.703    brews_used                    4.658  │
│  blood_healed                  0.000    prayer_correct_rate           0.437  │
│  unavoidable_off_praye…        0.021    brews_remaining               7.342  │
│  restores_remaining            9.806    prayer_at_death              92.278  │
│  current_ranged               94.058    current_magic                87.058  │
│  behind_shield_pct             0.272    zuk_hp_remaining            828.045  │
│  min_zuk_hp_seen             828.281    hp_restored                   0.035  │
│  zuk_healer_damage             0.000    deaths_to_jad                 0.010  │
│  episode_return_normal         2.178    wins_normal                   0.000  │
│  min_zuk_hp_normal           974.598    score_normal                  0.188  │
│  zuk_objective_normal          0.188    phase_reached_normal          0.272  │
│  death_tick_normal            55.719    frac_min_hp_le_300_no…        0.000  │
╰──────────────────────────────────────────────────────────────────────────────╯

[0;0H╭──────────────────────────────────────────────────────────────────────────────╮
│  PufferLib 4.0       🐡           GPU: 0%      VRAM: 0.4/18G      RAM: 0.9G  │
│                                                                              │
│  Summary          Value    Evaluate   251ms  37%    Losses            Value  │
│  Env       osrs_inferno      GPU      208ms  30%    policy            0.012  │
│  Params          752.1K      Env       43ms   6%    value             0.058  │
│  Steps            17.0M    Train      425ms  62%    entropy           3.023  │
│  SPS             239.4K      Misc       0ms   0%    total             0.036  │
│  Epoch              520      Forwa…     0ms   0%    old_kl            0.017  │
│  Uptime    0d 0h 1m 11s                             kl                0.016  │
│  Remaini…  0d 0h 2m 17s                             clipfrac          0.318  │
│                                                     bc                0.000  │
│                                                                              │
│  User Stats                    Value    User Stats                    Value  │
│  episode_return                3.662    damage_dealt                387.175  │
│  damage_received             109.109    episode_length               88.309  │
│  wins                          0.000    wave                         68.000  │
│  idle_ticks                    0.710    brews_used                    4.801  │
│  blood_healed                  0.002    prayer_correct_rate           0.438  │
│  unavoidable_off_praye…        0.020    brews_remaining               7.199  │
│  restores_remaining            9.643    prayer_at_death              92.445  │
│  current_ranged               94.567    current_magic                87.646  │
│  behind_shield_pct             0.276    zuk_hp_remaining            816.434  │
│  min_zuk_hp_seen             816.920    hp_restored                   0.000  │
│  zuk_healer_damage             0.000    deaths_to_jad                 0.005  │
│  episode_return_normal         2.239    wins_normal                   0.000  │
│  min_zuk_hp_normal           967.560    score_normal                  0.194  │
│  zuk_objective_normal          0.194    phase_reached_normal          0.285  │
│  death_tick_normal            57.041    frac_min_hp_le_300_no…        0.000  │
╰──────────────────────────────────────────────────────────────────────────────╯

[0;0H╭──────────────────────────────────────────────────────────────────────────────╮
│  PufferLib 4.0      🐡            GPU: 0%      VRAM: 0.4/18G      RAM: 0.9G  │
│                                                                              │
│  Summary          Value    Evaluate   253ms  37%    Losses            Value  │
│  Env       osrs_inferno      GPU      209ms  30%    policy            0.027  │
│  Params          752.1K      Env       43ms   6%    value             0.058  │
│  Steps            17.2M    Train      426ms  62%    entropy           2.944  │
│  SPS             238.9K      Misc       0ms   0%    total             0.052  │
│  Epoch              525      Forwa…     0ms   0%    old_kl            0.018  │
│  Uptime    0d 0h 1m 11s                             kl                0.022  │
│  Remaini…  0d 0h 2m 17s                             clipfrac          0.317  │
│                                                     bc                0.000  │
│                                                                              │
│  User Stats                    Value    User Stats                    Value  │
│  episode_return                3.599    damage_dealt                379.953  │
│  damage_received             107.277    episode_length               86.010  │
│  wins                          0.000    wave                         68.000  │
│  idle_ticks                    0.712    brews_used                    4.700  │
│  blood_healed                  0.003    prayer_correct_rate           0.433  │
│  unavoidable_off_praye…        0.020    brews_remaining               7.300  │
│  restores_remaining            9.741    prayer_at_death              92.165  │
│  current_ranged               94.833    current_magic                87.609  │
│  behind_shield_pct             0.270    zuk_hp_remaining            823.796  │
│  min_zuk_hp_seen             824.187    hp_restored                   0.039  │
│  zuk_healer_damage             0.000    deaths_to_jad                 0.005  │
│  episode_return_normal         2.224    wins_normal                   0.000  │
│  min_zuk_hp_normal           969.817    score_normal                  0.192  │
│  zuk_objective_normal          0.192    phase_reached_normal          0.274  │
│  death_tick_normal            55.925    frac_min_hp_le_300_no…        0.000  │
╰──────────────────────────────────────────────────────────────────────────────╯

[0;0H╭──────────────────────────────────────────────────────────────────────────────╮
│  PufferLib 4.0     🐡             GPU: 0%      VRAM: 0.4/18G      RAM: 0.9G  │
│                                                                              │
│  Summary          Value    Evaluate   251ms  37%    Losses            Value  │
│  Env       osrs_inferno      GPU      208ms  30%    policy            0.020  │
│  Params          752.1K      Env       43ms   6%    value             0.068  │
│  Steps            17.4M    Train      427ms  62%    entropy           2.879  │
│  SPS             239.2K      Misc       0ms   0%    total             0.049  │
│  Epoch              530      Forwa…     0ms   0%    old_kl            0.021  │
│  Uptime    0d 0h 1m 12s                             kl                0.020  │
│  Remaini…  0d 0h 2m 16s                             clipfrac          0.326  │
│                                                     bc                0.000  │
│                                                                              │
│  User Stats                    Value    User Stats                    Value  │
│  episode_return                3.666    damage_dealt                387.243  │
│  damage_received             107.998    episode_length               87.099  │
│  wins                          0.000    wave                         68.000  │
│  idle_ticks                    0.718    brews_used                    4.696  │
│  blood_healed                  0.000    prayer_correct_rate           0.437  │
│  unavoidable_off_praye…        0.021    brews_remaining               7.304  │
│  restores_remaining            9.692    prayer_at_death              92.177  │
│  current_ranged               95.100    current_magic                87.877  │
│  behind_shield_pct             0.273    zuk_hp_remaining            816.603  │
│  min_zuk_hp_seen             817.123    hp_restored                   0.019  │
│  zuk_healer_damage             0.000    deaths_to_jad                 0.006  │
│  episode_return_normal         2.245    wins_normal                   0.000  │
│  min_zuk_hp_normal           967.670    score_normal                  0.194  │
│  zuk_objective_normal          0.194    phase_reached_normal          0.282  │
│  death_tick_normal            55.832    frac_min_hp_le_300_no…        0.000  │
╰──────────────────────────────────────────────────────────────────────────────╯

[0;0H╭──────────────────────────────────────────────────────────────────────────────╮
│  PufferLib 4.0    🐡              GPU: 0%      VRAM: 0.4/18G      RAM: 0.9G  │
│                                                                              │
│  Summary          Value    Evaluate   251ms  37%    Losses            Value  │
│  Env       osrs_inferno      GPU      208ms  30%    policy           -0.002  │
│  Params          752.1K      Env       42ms   6%    value             0.058  │
│  Steps            17.5M    Train      427ms  62%    entropy           2.832  │
│  SPS             239.0K      Misc       0ms   0%    total             0.023  │
│  Epoch              535      Forwa…     0ms   0%    old_kl            0.024  │
│  Uptime    0d 0h 1m 13s                             kl                0.023  │
│  Remaini…  0d 0h 2m 15s                             clipfrac          0.331  │
│                                                     bc                0.000  │
│                                                                              │
│  User Stats                    Value    User Stats                    Value  │
│  episode_return                3.601    damage_dealt                380.299  │
│  damage_received             107.185    episode_length               85.727  │
│  wins                          0.000    wave                         68.000  │
│  idle_ticks                    0.678    brews_used                    4.734  │
│  blood_healed                  0.000    prayer_correct_rate           0.428  │
│  unavoidable_off_praye…        0.020    brews_remaining               7.266  │
│  restores_remaining            9.706    prayer_at_death              92.143  │
│  current_ranged               95.168    current_magic                87.897  │
│  behind_shield_pct             0.267    zuk_hp_remaining            823.397  │
│  min_zuk_hp_seen             823.873    hp_restored                   0.039  │
│  zuk_healer_damage             0.000    deaths_to_jad                 0.009  │
│  episode_return_normal         2.247    wins_normal                   0.000  │
│  min_zuk_hp_normal           967.282    score_normal                  0.194  │
│  zuk_objective_normal          0.194    phase_reached_normal          0.290  │
│  death_tick_normal            56.104    frac_min_hp_le_300_no…        0.000  │
╰──────────────────────────────────────────────────────────────────────────────╯

[0;0H╭──────────────────────────────────────────────────────────────────────────────╮
│  PufferLib 4.0   🐡               GPU: 0%      VRAM: 0.4/18G      RAM: 0.9G  │
│                                                                              │
│  Summary          Value    Evaluate   248ms  36%    Losses            Value  │
│  Env       osrs_inferno      GPU      205ms  30%    policy            0.009  │
│  Params          752.1K      Env       42ms   6%    value             0.067  │
│  Steps            17.7M    Train      426ms  63%    entropy           2.766  │
│  SPS             240.4K      Misc       0ms   0%    total             0.039  │
│  Epoch              540      Forwa…     0ms   0%    old_kl            0.031  │
│  Uptime    0d 0h 1m 13s                             kl                0.030  │
│  Remaini…  0d 0h 2m 14s                             clipfrac          0.320  │
│                                                     bc                0.000  │
│                                                                              │
│  User Stats                    Value    User Stats                    Value  │
│  episode_return                3.618    damage_dealt                382.825  │
│  damage_received             106.755    episode_length               86.986  │
│  wins                          0.000    wave                         68.000  │
│  idle_ticks                    0.850    brews_used                    4.727  │
│  blood_healed                  0.004    prayer_correct_rate           0.433  │
│  unavoidable_off_praye…        0.020    brews_remaining               7.273  │
│  restores_remaining            9.714    prayer_at_death              91.997  │
│  current_ranged               95.428    current_magic                88.109  │
│  behind_shield_pct             0.275    zuk_hp_remaining            821.399  │
│  min_zuk_hp_seen             821.825    hp_restored                   0.019  │
│  zuk_healer_damage             0.000    deaths_to_jad                 0.014  │
│  episode_return_normal         2.237    wins_normal                   0.000  │
│  min_zuk_hp_normal           968.305    score_normal                  0.193  │
│  zuk_objective_normal          0.193    phase_reached_normal          0.301  │
│  death_tick_normal            56.001    frac_min_hp_le_300_no…        0.000  │
╰──────────────────────────────────────────────────────────────────────────────╯

[0;0H╭──────────────────────────────────────────────────────────────────────────────╮
│  PufferLib 4.0  🐡                GPU: 0%      VRAM: 0.4/18G      RAM: 0.9G  │
│                                                                              │
│  Summary          Value    Evaluate   249ms  37%    Losses            Value  │
│  Env       osrs_inferno      GPU      206ms  30%    policy            0.014  │
│  Params          752.1K      Env       43ms   6%    value             0.066  │
│  Steps            17.9M    Train      423ms  62%    entropy           2.715  │
│  SPS             241.0K      Misc       0ms   0%    total             0.043  │
│  Epoch              545      Forwa…     0ms   0%    old_kl            0.023  │
│  Uptime    0d 0h 1m 14s                             kl                0.024  │
│  Remaini…  0d 0h 2m 13s                             clipfrac          0.321  │
│                                                     bc                0.000  │
│                                                                              │
│  User Stats                    Value    User Stats                    Value  │
│  episode_return                3.615    damage_dealt                381.900  │
│  damage_received             107.190    episode_length               87.313  │
│  wins                          0.000    wave                         68.000  │
│  idle_ticks                    0.791    brews_used                    4.795  │
│  blood_healed                  0.000    prayer_correct_rate           0.434  │
│  unavoidable_off_praye…        0.020    brews_remaining               7.205  │
│  restores_remaining            9.723    prayer_at_death              92.235  │
│  current_ranged               94.686    current_magic                87.619  │
│  behind_shield_pct             0.278    zuk_hp_remaining            821.892  │
│  min_zuk_hp_seen             822.469    hp_restored                   0.019  │
│  zuk_healer_damage             0.006    deaths_to_jad                 0.014  │
│  episode_return_normal         2.264    wins_normal                   0.000  │
│  min_zuk_hp_normal           966.393    score_normal                  0.195  │
│  zuk_objective_normal          0.195    phase_reached_normal          0.312  │
│  death_tick_normal            55.992    frac_min_hp_le_300_no…        0.000  │
╰──────────────────────────────────────────────────────────────────────────────╯

[0;0H╭──────────────────────────────────────────────────────────────────────────────╮
│  PufferLib 4.0 🐡                 GPU: 0%      VRAM: 0.4/18G      RAM: 0.9G  │
│                                                                              │
│  Summary          Value    Evaluate   247ms  36%    Losses            Value  │
│  Env       osrs_inferno      GPU      204ms  30%    policy            0.008  │
│  Params          752.1K      Env       42ms   6%    value             0.061  │
│  Steps            18.0M    Train      421ms  63%    entropy           2.688  │
│  SPS             242.8K      Misc       0ms   0%    total             0.034  │
│  Epoch              550      Forwa…     0ms   0%    old_kl            0.028  │
│  Uptime    0d 0h 1m 15s                             kl                0.027  │
│  Remaini…  0d 0h 2m 11s                             clipfrac          0.317  │
│                                                     bc                0.000  │
│                                                                              │
│  User Stats                    Value    User Stats                    Value  │
│  episode_return                3.537    damage_dealt                372.998  │
│  damage_received             103.022    episode_length               84.917  │
│  wins                          0.000    wave                         68.000  │
│  idle_ticks                    0.738    brews_used                    4.565  │
│  blood_healed                  0.003    prayer_correct_rate           0.438  │
│  unavoidable_off_praye…        0.019    brews_remaining               7.435  │
│  restores_remaining            9.865    prayer_at_death              91.863  │
│  current_ranged               94.524    current_magic                87.251  │
│  behind_shield_pct             0.273    zuk_hp_remaining            830.730  │
│  min_zuk_hp_seen             831.161    hp_restored                   0.000  │
│  zuk_healer_damage             0.000    deaths_to_jad                 0.009  │
│  episode_return_normal         2.148    wins_normal                   0.000  │
│  min_zuk_hp_normal           978.839    score_normal                  0.184  │
│  zuk_objective_normal          0.184    phase_reached_normal          0.282  │
│  death_tick_normal            53.566    frac_min_hp_le_300_no…        0.000  │
╰──────────────────────────────────────────────────────────────────────────────╯

[0;0H╭──────────────────────────────────────────────────────────────────────────────╮
│  PufferLib 4.0          🐡        GPU: 0%      VRAM: 0.4/18G      RAM: 0.9G  │
│                                                                              │
│  Summary          Value    Evaluate   244ms  36%    Losses            Value  │
│  Env       osrs_inferno      GPU      201ms  30%    policy            0.021  │
│  Params          752.1K      Env       43ms   6%    value             0.060  │
│  Steps            18.2M    Train      416ms  63%    entropy           2.613  │
│  SPS             245.3K      Misc       0ms   0%    total             0.047  │
│  Epoch              555      Forwa…     0ms   0%    old_kl            0.028  │
│  Uptime    0d 0h 1m 15s                             kl                0.025  │
│  Remaini…   0d 0h 2m 9s                             clipfrac          0.314  │
│                                                     bc                0.000  │
│                                                                              │
│  User Stats                    Value    User Stats                    Value  │
│  episode_return                3.625    damage_dealt                382.769  │
│  damage_received             103.895    episode_length               86.015  │
│  wins                          0.000    wave                         68.000  │
│  idle_ticks                    0.815    brews_used                    4.593  │
│  blood_healed                  0.000    prayer_correct_rate           0.445  │
│  unavoidable_off_praye…        0.021    brews_remaining               7.407  │
│  restores_remaining            9.780    prayer_at_death              91.871  │
│  current_ranged               95.550    current_magic                88.006  │
│  behind_shield_pct             0.274    zuk_hp_remaining            821.433  │
│  min_zuk_hp_seen             821.761    hp_restored                   0.019  │
│  zuk_healer_damage             0.000    deaths_to_jad                 0.009  │
│  episode_return_normal         2.194    wins_normal                   0.000  │
│  min_zuk_hp_normal           973.504    score_normal                  0.189  │
│  zuk_objective_normal          0.189    phase_reached_normal          0.293  │
│  death_tick_normal            54.201    frac_min_hp_le_300_no…        0.000  │
╰──────────────────────────────────────────────────────────────────────────────╯

[0;0H╭──────────────────────────────────────────────────────────────────────────────╮
│  PufferLib 4.0         🐡         GPU: 0%      VRAM: 0.4/18G      RAM: 0.9G  │
│                                                                              │
│  Summary          Value    Evaluate   248ms  37%    Losses            Value  │
│  Env       osrs_inferno      GPU      204ms  30%    policy            0.013  │
│  Params          752.1K      Env       44ms   6%    value             0.061  │
│  Steps            18.4M    Train      415ms  62%    entropy           2.596  │
│  SPS             244.1K      Misc       0ms   0%    total             0.039  │
│  Epoch              560      Forwa…     0ms   0%    old_kl            0.028  │
│  Uptime    0d 0h 1m 16s                             kl                0.026  │
│  Remaini…   0d 0h 2m 9s                             clipfrac          0.301  │
│                                                     bc                0.000  │
│                                                                              │
│  User Stats                    Value    User Stats                    Value  │
│  episode_return                3.580    damage_dealt                378.368  │
│  damage_received             103.753    episode_length               84.309  │
│  wins                          0.000    wave                         68.000  │
│  idle_ticks                    0.826    brews_used                    4.594  │
│  blood_healed                  0.000    prayer_correct_rate           0.436  │
│  unavoidable_off_praye…        0.021    brews_remaining               7.406  │
│  restores_remaining            9.783    prayer_at_death              91.764  │
│  current_ranged               95.792    current_magic                87.978  │
│  behind_shield_pct             0.268    zuk_hp_remaining            826.478  │
│  min_zuk_hp_seen             826.647    hp_restored                   0.037  │
│  zuk_healer_damage             0.000    deaths_to_jad                 0.006  │
│  episode_return_normal         2.216    wins_normal                   0.000  │
│  min_zuk_hp_normal           971.269    score_normal                  0.191  │
│  zuk_objective_normal          0.191    phase_reached_normal          0.293  │
│  death_tick_normal            54.006    frac_min_hp_le_300_no…        0.000  │
╰──────────────────────────────────────────────────────────────────────────────╯

[0;0H╭──────────────────────────────────────────────────────────────────────────────╮
│  PufferLib 4.0        🐡          GPU: 0%      VRAM: 0.4/18G      RAM: 0.9G  │
│                                                                              │
│  Summary          Value    Evaluate   248ms  37%    Losses            Value  │
│  Env       osrs_inferno      GPU      205ms  30%    policy            0.003  │
│  Params          752.1K      Env       43ms   6%    value             0.060  │
│  Steps            18.5M    Train      415ms  62%    entropy           2.488  │
│  SPS             244.1K      Misc       0ms   0%    total             0.030  │
│  Epoch              565      Forwa…     0ms   0%    old_kl            0.026  │
│  Uptime    0d 0h 1m 17s                             kl                0.026  │
│  Remaini…   0d 0h 2m 9s                             clipfrac          0.304  │
│                                                     bc                0.000  │
│                                                                              │
│  User Stats                    Value    User Stats                    Value  │
│  episode_return                3.798    damage_dealt                401.691  │
│  damage_received             102.991    episode_length               89.106  │
│  wins                          0.000    wave                         68.000  │
│  idle_ticks                    0.822    brews_used                    4.492  │
│  blood_healed                  0.000    prayer_correct_rate           0.459  │
│  unavoidable_off_praye…        0.023    brews_remaining               7.508  │
│  restores_remaining            9.676    prayer_at_death              92.061  │
│  current_ranged               96.146    current_magic                88.633  │
│  behind_shield_pct             0.290    zuk_hp_remaining            803.378  │
│  min_zuk_hp_seen             803.599    hp_restored                   0.073  │
│  zuk_healer_damage             0.000    deaths_to_jad                 0.010  │
│  episode_return_normal         2.174    wins_normal                   0.000  │
│  min_zuk_hp_normal           975.938    score_normal                  0.187  │
│  zuk_objective_normal          0.187    phase_reached_normal          0.287  │
│  death_tick_normal            52.828    frac_min_hp_le_300_no…        0.000  │
╰──────────────────────────────────────────────────────────────────────────────╯

[0;0H╭──────────────────────────────────────────────────────────────────────────────╮
│  PufferLib 4.0       🐡           GPU: 0%      VRAM: 0.4/18G      RAM: 0.9G  │
│                                                                              │
│  Summary          Value    Evaluate   251ms  37%    Losses            Value  │
│  Env       osrs_inferno      GPU      206ms  31%    policy            0.012  │
│  Params          752.1K      Env       44ms   6%    value             0.057  │
│  Steps            18.7M    Train      415ms  62%    entropy           2.528  │
│  SPS             243.2K      Misc       0ms   0%    total             0.036  │
│  Epoch              570      Forwa…     0ms   0%    old_kl            0.022  │
│  Uptime    0d 0h 1m 17s                             kl                0.023  │
│  Remaini…   0d 0h 2m 8s                             clipfrac          0.306  │
│                                                     bc                0.000  │
│                                                                              │
│  User Stats                    Value    User Stats                    Value  │
│  episode_return                3.646    damage_dealt                384.824  │
│  damage_received             103.636    episode_length               85.651  │
│  wins                          0.000    wave                         68.000  │
│  idle_ticks                    0.730    brews_used                    4.597  │
│  blood_healed                  0.002    prayer_correct_rate           0.452  │
│  unavoidable_off_praye…        0.022    brews_remaining               7.403  │
│  restores_remaining            9.746    prayer_at_death              92.224  │
│  current_ranged               95.920    current_magic                88.396  │
│  behind_shield_pct             0.276    zuk_hp_remaining            819.844  │
│  min_zuk_hp_seen             820.113    hp_restored                   0.038  │
│  zuk_healer_damage             0.000    deaths_to_jad                 0.007  │
│  episode_return_normal         2.212    wins_normal                   0.000  │
│  min_zuk_hp_normal           972.291    score_normal                  0.190  │
│  zuk_objective_normal          0.190    phase_reached_normal          0.302  │
│  death_tick_normal            53.715    frac_min_hp_le_300_no…        0.000  │
╰──────────────────────────────────────────────────────────────────────────────╯

[0;0H╭──────────────────────────────────────────────────────────────────────────────╮
│  PufferLib 4.0      🐡            GPU: 0%      VRAM: 0.4/18G      RAM: 0.9G  │
│                                                                              │
│  Summary          Value    Evaluate   255ms  37%    Losses            Value  │
│  Env       osrs_inferno      GPU      210ms  31%    policy            0.007  │
│  Params          752.1K      Env       45ms   6%    value             0.063  │
│  Steps            18.8M    Train      419ms  62%    entropy           2.497  │
│  SPS             240.5K      Misc       0ms   0%    total             0.035  │
│  Epoch              575      Forwa…     0ms   0%    old_kl            0.022  │
│  Uptime    0d 0h 1m 18s                             kl                0.022  │
│  Remaini…   0d 0h 2m 9s                             clipfrac          0.319  │
│                                                     bc                0.000  │
│                                                                              │
│  User Stats                    Value    User Stats                    Value  │
│  episode_return                3.691    damage_dealt                389.801  │
│  damage_received             105.708    episode_length               86.825  │
│  wins                          0.000    wave                         68.000  │
│  idle_ticks                    0.775    brews_used                    4.647  │
│  blood_healed                  0.000    prayer_correct_rate           0.458  │
│  unavoidable_off_praye…        0.021    brews_remaining               7.353  │
│  restores_remaining            9.723    prayer_at_death              92.186  │
│  current_ranged               95.270    current_magic                87.788  │
│  behind_shield_pct             0.279    zuk_hp_remaining            814.835  │
│  min_zuk_hp_seen             815.241    hp_restored                   0.064  │
│  zuk_healer_damage             0.004    deaths_to_jad                 0.007  │
│  episode_return_normal         2.234    wins_normal                   0.000  │
│  min_zuk_hp_normal           969.934    score_normal                  0.192  │
│  zuk_objective_normal          0.192    phase_reached_normal          0.322  │
│  death_tick_normal            54.011    frac_min_hp_le_300_no…        0.000  │
╰──────────────────────────────────────────────────────────────────────────────╯

[0;0H╭──────────────────────────────────────────────────────────────────────────────╮
│  PufferLib 4.0     🐡             GPU: 0%      VRAM: 0.4/18G      RAM: 0.9G  │
│                                                                              │
│  Summary          Value    Evaluate   248ms  36%    Losses            Value  │
│  Env       osrs_inferno      GPU      206ms  30%    policy            0.000  │
│  Params          752.1K      Env       42ms   6%    value             0.056  │
│  Steps            19.0M    Train      427ms  63%    entropy           2.401  │
│  SPS             240.2K      Misc       0ms   0%    total             0.024  │
│  Epoch              580      Forwa…     0ms   0%    old_kl            0.019  │
│  Uptime    0d 0h 1m 19s                             kl                0.018  │
│  Remaini…   0d 0h 2m 9s                             clipfrac          0.310  │
│                                                     bc                0.000  │
│                                                                              │
│  User Stats                    Value    User Stats                    Value  │
│  episode_return                3.601    damage_dealt                381.052  │
│  damage_received             102.950    episode_length               84.205  │
│  wins                          0.000    wave                         68.000  │
│  idle_ticks                    0.679    brews_used                    4.496  │
│  blood_healed                  0.000    prayer_correct_rate           0.457  │
│  unavoidable_off_praye…        0.022    brews_remaining               7.504  │
│  restores_remaining            9.792    prayer_at_death              91.725  │
│  current_ranged               95.812    current_magic                87.818  │
│  behind_shield_pct             0.273    zuk_hp_remaining            824.297  │
│  min_zuk_hp_seen             824.612    hp_restored                   0.019  │
│  zuk_healer_damage             0.000    deaths_to_jad                 0.010  │
│  episode_return_normal         2.192    wins_normal                   0.000  │
│  min_zuk_hp_normal           974.065    score_normal                  0.188  │
│  zuk_objective_normal          0.188    phase_reached_normal          0.309  │
│  death_tick_normal            52.861    frac_min_hp_le_300_no…        0.000  │
╰──────────────────────────────────────────────────────────────────────────────╯

[0;0H╭──────────────────────────────────────────────────────────────────────────────╮
│  PufferLib 4.0    🐡              GPU: 0%      VRAM: 0.4/18G      RAM: 0.9G  │
│                                                                              │
│  Summary          Value    Evaluate   247ms  36%    Losses            Value  │
│  Env       osrs_inferno      GPU      207ms  30%    policy            0.009  │
│  Params          752.1K      Env       40ms   5%    value             0.056  │
│  Steps            19.2M    Train      426ms  63%    entropy           2.457  │
│  SPS             240.7K      Misc       0ms   0%    total             0.033  │
│  Epoch              585      Forwa…     0ms   0%    old_kl            0.022  │
│  Uptime    0d 0h 1m 19s                             kl                0.022  │
│  Remaini…   0d 0h 2m 8s                             clipfrac          0.304  │
│                                                     bc                0.000  │
│                                                                              │
│  User Stats                    Value    User Stats                    Value  │
│  episode_return                3.508    damage_dealt                370.890  │
│  damage_received             103.837    episode_length               82.583  │
│  wins                          0.000    wave                         68.000  │
│  idle_ticks                    0.672    brews_used                    4.533  │
│  blood_healed                  0.000    prayer_correct_rate           0.447  │
│  unavoidable_off_praye…        0.020    brews_remaining               7.467  │
│  restores_remaining            9.810    prayer_at_death              91.636  │
│  current_ranged               95.489    current_magic                87.491  │
│  behind_shield_pct             0.265    zuk_hp_remaining            834.250  │
│  min_zuk_hp_seen             834.667    hp_restored                   0.070  │
│  zuk_healer_damage             0.000    deaths_to_jad                 0.005  │
│  episode_return_normal         2.200    wins_normal                   0.000  │
│  min_zuk_hp_normal           973.650    score_normal                  0.189  │
│  zuk_objective_normal          0.189    phase_reached_normal          0.312  │
│  death_tick_normal            53.175    frac_min_hp_le_300_no…        0.000  │
╰──────────────────────────────────────────────────────────────────────────────╯

[0;0H╭──────────────────────────────────────────────────────────────────────────────╮
│  PufferLib 4.0   🐡               GPU: 0%      VRAM: 0.4/18G      RAM: 0.9G  │
│                                                                              │
│  Summary          Value    Evaluate   248ms  36%    Losses            Value  │
│  Env       osrs_inferno      GPU      206ms  30%    policy            0.025  │
│  Params          752.1K      Env       42ms   6%    value             0.055  │
│  Steps            19.3M    Train      426ms  63%    entropy           2.441  │
│  SPS             240.2K      Misc       0ms   0%    total             0.049  │
│  Epoch              590      Forwa…     0ms   0%    old_kl            0.022  │
│  Uptime    0d 0h 1m 20s                             kl                0.021  │
│  Remaini…   0d 0h 2m 7s                             clipfrac          0.296  │
│                                                     bc                0.000  │
│                                                                              │
│  User Stats                    Value    User Stats                    Value  │
│  episode_return                3.524    damage_dealt                372.121  │
│  damage_received             103.014    episode_length               83.761  │
│  wins                          0.000    wave                         68.000  │
│  idle_ticks                    0.708    brews_used                    4.466  │
│  blood_healed                  0.001    prayer_correct_rate           0.453  │
│  unavoidable_off_praye…        0.021    brews_remaining               7.534  │
│  restores_remaining            9.810    prayer_at_death              91.922  │
│  current_ranged               94.743    current_magic                87.388  │
│  behind_shield_pct             0.271    zuk_hp_remaining            832.994  │
│  min_zuk_hp_seen             833.236    hp_restored                   0.151  │
│  zuk_healer_damage             0.000    deaths_to_jad                 0.012  │
│  episode_return_normal         2.122    wins_normal                   0.000  │
│  min_zuk_hp_normal           982.382    score_normal                  0.181  │
│  zuk_objective_normal          0.181    phase_reached_normal          0.277  │
│  death_tick_normal            52.332    frac_min_hp_le_300_no…        0.000  │
╰──────────────────────────────────────────────────────────────────────────────╯

[0;0H╭──────────────────────────────────────────────────────────────────────────────╮
│  PufferLib 4.0  🐡                GPU: 0%      VRAM: 0.4/18G      RAM: 0.9G  │
│                                                                              │
│  Summary          Value    Evaluate   251ms  37%    Losses            Value  │
│  Env       osrs_inferno      GPU      208ms  30%    policy            0.009  │
│  Params          752.1K      Env       42ms   6%    value             0.056  │
│  Steps            19.5M    Train      425ms  62%    entropy           2.414  │
│  SPS             239.7K      Misc       0ms   0%    total             0.033  │
│  Epoch              595      Forwa…     0ms   0%    old_kl            0.021  │
│  Uptime    0d 0h 1m 21s                             kl                0.020  │
│  Remaini…   0d 0h 2m 7s                             clipfrac          0.304  │
│                                                     bc                0.000  │
│                                                                              │
│  User Stats                    Value    User Stats                    Value  │
│  episode_return                3.554    damage_dealt                375.955  │
│  damage_received             104.722    episode_length               83.826  │
│  wins                          0.000    wave                         68.000  │
│  idle_ticks                    0.661    brews_used                    4.569  │
│  blood_healed                  0.000    prayer_correct_rate           0.448  │
│  unavoidable_off_praye…        0.020    brews_remaining               7.431  │
│  restores_remaining            9.770    prayer_at_death              91.895  │
│  current_ranged               95.107    current_magic                87.486  │
│  behind_shield_pct             0.269    zuk_hp_remaining            829.673  │
│  min_zuk_hp_seen             829.770    hp_restored                   0.174  │
│  zuk_healer_damage             0.000    deaths_to_jad                 0.011  │
│  episode_return_normal         2.227    wins_normal                   0.000  │
│  min_zuk_hp_normal           971.041    score_normal                  0.191  │
│  zuk_objective_normal          0.191    phase_reached_normal          0.321  │
│  death_tick_normal            53.501    frac_min_hp_le_300_no…        0.000  │
╰──────────────────────────────────────────────────────────────────────────────╯

[0;0H╭──────────────────────────────────────────────────────────────────────────────╮
│  PufferLib 4.0 🐡                 GPU: 0%      VRAM: 0.4/18G      RAM: 0.9G  │
│                                                                              │
│  Summary          Value    Evaluate   250ms  37%    Losses            Value  │
│  Env       osrs_inferno      GPU      208ms  30%    policy            0.008  │
│  Params          752.1K      Env       42ms   6%    value             0.057  │
│  Steps            19.7M    Train      424ms  62%    entropy           2.319  │
│  SPS             240.6K      Misc       0ms   0%    total             0.032  │
│  Epoch              600      Forwa…     0ms   0%    old_kl            0.025  │
│  Uptime    0d 0h 1m 21s                             kl                0.024  │
│  Remaini…   0d 0h 2m 6s                             clipfrac          0.300  │
│                                                     bc                0.000  │
│                                                                              │
│  User Stats                    Value    User Stats                    Value  │
│  episode_return                3.553    damage_dealt                375.569  │
│  damage_received             101.795    episode_length               84.168  │
│  wins                          0.000    wave                         68.000  │
│  idle_ticks                    0.697    brews_used                    4.450  │
│  blood_healed                  0.000    prayer_correct_rate           0.461  │
│  unavoidable_off_praye…        0.021    brews_remaining               7.550  │
│  restores_remaining            9.837    prayer_at_death              91.867  │
│  current_ranged               95.054    current_magic                87.382  │
│  behind_shield_pct             0.275    zuk_hp_remaining            830.058  │
│  min_zuk_hp_seen             830.079    hp_restored                   0.052  │
│  zuk_healer_damage             0.000    deaths_to_jad                 0.009  │
│  episode_return_normal         2.131    wins_normal                   0.000  │
│  min_zuk_hp_normal           981.339    score_normal                  0.182  │
│  zuk_objective_normal          0.182    phase_reached_normal          0.297  │
│  death_tick_normal            51.811    frac_min_hp_le_300_no…        0.000  │
╰──────────────────────────────────────────────────────────────────────────────╯

[0;0H╭──────────────────────────────────────────────────────────────────────────────╮
│  PufferLib 4.0          🐡        GPU: 0%      VRAM: 0.4/18G      RAM: 0.9G  │
│                                                                              │
│  Summary          Value    Evaluate   252ms  37%    Losses            Value  │
│  Env       osrs_inferno      GPU      206ms  30%    policy            0.015  │
│  Params          752.1K      Env       45ms   6%    value             0.058  │
│  Steps            19.8M    Train      416ms  62%    entropy           2.276  │
│  SPS             242.1K      Misc       0ms   0%    total             0.040  │
│  Epoch              605      Forwa…     0ms   0%    old_kl            0.022  │
│  Uptime    0d 0h 1m 22s                             kl                0.020  │
│  Remaini…   0d 0h 2m 4s                             clipfrac          0.294  │
│                                                     bc                0.000  │
│                                                                              │
│  User Stats                    Value    User Stats                    Value  │
│  episode_return                3.619    damage_dealt                382.930  │
│  damage_received             104.395    episode_length               85.193  │
│  wins                          0.000    wave                         68.000  │
│  idle_ticks                    0.687    brews_used                    4.565  │
│  blood_healed                  0.000    prayer_correct_rate           0.461  │
│  unavoidable_off_praye…        0.020    brews_remaining               7.435  │
│  restores_remaining            9.786    prayer_at_death              91.733  │
│  current_ranged               94.978    current_magic                87.217  │
│  behind_shield_pct             0.275    zuk_hp_remaining            822.967  │
│  min_zuk_hp_seen             823.110    hp_restored                   0.019  │
│  zuk_healer_damage             0.000    deaths_to_jad                 0.008  │
│  episode_return_normal         2.214    wins_normal                   0.000  │
│  min_zuk_hp_normal           972.529    score_normal                  0.190  │
│  zuk_objective_normal          0.190    phase_reached_normal          0.326  │
│  death_tick_normal            53.029    frac_min_hp_le_300_no…        0.000  │
╰──────────────────────────────────────────────────────────────────────────────╯

[0;0H╭──────────────────────────────────────────────────────────────────────────────╮
│  PufferLib 4.0         🐡         GPU: 0%      VRAM: 0.4/18G      RAM: 0.9G  │
│                                                                              │
│  Summary          Value    Evaluate   257ms  38%    Losses            Value  │
│  Env       osrs_inferno      GPU      211ms  31%    policy            0.018  │
│  Params          752.1K      Env       45ms   6%    value             0.053  │
│  Steps            20.0M    Train      415ms  61%    entropy           2.290  │
│  SPS             240.8K      Misc       0ms   0%    total             0.041  │
│  Epoch              610      Forwa…     0ms   0%    old_kl            0.020  │
│  Uptime    0d 0h 1m 23s                             kl                0.019  │
│  Remaini…   0d 0h 2m 4s                             clipfrac          0.291  │
│                                                     bc                0.000  │
│                                                                              │
│  User Stats                    Value    User Stats                    Value  │
│  episode_return                3.543    damage_dealt                375.261  │
│  damage_received             104.587    episode_length               84.167  │
│  wins                          0.000    wave                         68.000  │
│  idle_ticks                    0.667    brews_used                    4.597  │
│  blood_healed                  0.000    prayer_correct_rate           0.454  │
│  unavoidable_off_praye…        0.019    brews_remaining               7.403  │
│  restores_remaining            9.817    prayer_at_death              91.640  │
│  current_ranged               94.994    current_magic                87.169  │
│  behind_shield_pct             0.271    zuk_hp_remaining            830.671  │
│  min_zuk_hp_seen             830.775    hp_restored                   0.019  │
│  zuk_healer_damage             0.000    deaths_to_jad                 0.010  │
│  episode_return_normal         2.209    wins_normal                   0.000  │
│  min_zuk_hp_normal           972.652    score_normal                  0.189  │
│  zuk_objective_normal          0.189    phase_reached_normal          0.313  │
│  death_tick_normal            53.529    frac_min_hp_le_300_no…        0.000  │
╰──────────────────────────────────────────────────────────────────────────────╯

[0;0H╭──────────────────────────────────────────────────────────────────────────────╮
│  PufferLib 4.0        🐡          GPU: 0%      VRAM: 0.4/18G      RAM: 0.9G  │
│                                                                              │
│  Summary          Value    Evaluate   257ms  38%    Losses            Value  │
│  Env       osrs_inferno      GPU      211ms  31%    policy            0.019  │
│  Params          752.1K      Env       45ms   6%    value             0.054  │
│  Steps            20.2M    Train      415ms  61%    entropy           2.269  │
│  SPS             241.1K      Misc       0ms   0%    total             0.043  │
│  Epoch              615      Forwa…     0ms   0%    old_kl            0.020  │
│  Uptime    0d 0h 1m 23s                             kl                0.020  │
│  Remaini…   0d 0h 2m 3s                             clipfrac          0.288  │
│                                                     bc                0.000  │
│                                                                              │
│  User Stats                    Value    User Stats                    Value  │
│  episode_return                3.478    damage_dealt                367.130  │
│  damage_received             105.118    episode_length               82.427  │
│  wins                          0.000    wave                         68.000  │
│  idle_ticks                    0.600    brews_used                    4.666  │
│  blood_healed                  0.000    prayer_correct_rate           0.451  │
│  unavoidable_off_praye…        0.018    brews_remaining               7.334  │
│  restores_remaining            9.898    prayer_at_death              91.329  │
│  current_ranged               93.972    current_magic                85.834  │
│  behind_shield_pct             0.263    zuk_hp_remaining            838.304  │
│  min_zuk_hp_seen             838.283    hp_restored                   0.096  │
│  zuk_healer_damage             0.000    deaths_to_jad                 0.013  │
│  episode_return_normal         2.208    wins_normal                   0.000  │
│  min_zuk_hp_normal           973.557    score_normal                  0.189  │
│  zuk_objective_normal          0.189    phase_reached_normal          0.320  │
│  death_tick_normal            53.038    frac_min_hp_le_300_no…        0.000  │
╰──────────────────────────────────────────────────────────────────────────────╯

[0;0H╭──────────────────────────────────────────────────────────────────────────────╮
│  PufferLib 4.0       🐡           GPU: 0%      VRAM: 0.4/18G      RAM: 0.9G  │
│                                                                              │
│  Summary          Value    Evaluate   258ms  38%    Losses            Value  │
│  Env       osrs_inferno      GPU      212ms  31%    policy            0.007  │
│  Params          752.1K      Env       46ms   6%    value             0.056  │
│  Steps            20.3M    Train      416ms  61%    entropy           2.217  │
│  SPS             230.3K      Misc       0ms   0%    total             0.032  │
│  Epoch              620      Forwa…     0ms   0%    old_kl            0.021  │
│  Uptime    0d 0h 1m 24s                             kl                0.022  │
│  Remaini…   0d 0h 2m 8s                             clipfrac          0.280  │
│                                                     bc                0.000  │
│                                                                              │
│  User Stats                    Value    User Stats                    Value  │
│  episode_return                3.519    damage_dealt                372.136  │
│  damage_received             102.477    episode_length               84.975  │
│  wins                          0.000    wave                         68.000  │
│  idle_ticks                    0.720    brews_used                    4.573  │
│  blood_healed                  0.000    prayer_correct_rate           0.462  │
│  unavoidable_off_praye…        0.018    brews_remaining               7.427  │
│  restores_remaining            9.890    prayer_at_death              91.523  │
│  current_ranged               94.642    current_magic                86.741  │
│  behind_shield_pct             0.276    zuk_hp_remaining            833.181  │
│  min_zuk_hp_seen             833.065    hp_restored                   0.180  │
│  zuk_healer_damage             0.000    deaths_to_jad                 0.014  │
│  episode_return_normal         2.139    wins_normal                   0.000  │
│  min_zuk_hp_normal           980.463    score_normal                  0.183  │
│  zuk_objective_normal          0.183    phase_reached_normal          0.298  │
│  death_tick_normal            52.524    frac_min_hp_le_300_no…        0.000  │
╰──────────────────────────────────────────────────────────────────────────────╯

[0;0H╭──────────────────────────────────────────────────────────────────────────────╮
│  PufferLib 4.0      🐡            GPU: 0%      VRAM: 0.4/18G      RAM: 0.9G  │
│                                                                              │
│  Summary          Value    Evaluate   258ms  38%    Losses            Value  │
│  Env       osrs_inferno      GPU      212ms  31%    policy            0.002  │
│  Params          752.1K      Env       46ms   6%    value             0.067  │
│  Steps            20.5M    Train      417ms  61%    entropy           2.268  │
│  SPS             240.2K      Misc       0ms   0%    total             0.032  │
│  Epoch              625      Forwa…     0ms   0%    old_kl            0.026  │
│  Uptime    0d 0h 1m 25s                             kl                0.024  │
│  Remaini…   0d 0h 2m 2s                             clipfrac          0.286  │
│                                                     bc                0.000  │
│                                                                              │
│  User Stats                    Value    User Stats                    Value  │
│  episode_return                3.414    damage_dealt                360.974  │
│  damage_received             102.168    episode_length               83.776  │
│  wins                          0.000    wave                         68.000  │
│  idle_ticks                    0.570    brews_used                    4.551  │
│  blood_healed                  0.000    prayer_correct_rate           0.456  │
│  unavoidable_off_praye…        0.013    brews_remaining               7.449  │
│  restores_remaining            9.918    prayer_at_death              91.498  │
│  current_ranged               94.915    current_magic                87.111  │
│  behind_shield_pct             0.274    zuk_hp_remaining            843.472  │
│  min_zuk_hp_seen             843.900    hp_restored                   0.040  │
│  zuk_healer_damage             0.000    deaths_to_jad                 0.012  │
│  episode_return_normal         2.130    wins_normal                   0.000  │
│  min_zuk_hp_normal           981.318    score_normal                  0.182  │
│  zuk_objective_normal          0.182    phase_reached_normal          0.294  │
│  death_tick_normal            52.310    frac_min_hp_le_300_no…        0.000  │
╰──────────────────────────────────────────────────────────────────────────────╯

[0;0H╭──────────────────────────────────────────────────────────────────────────────╮
│  PufferLib 4.0     🐡             GPU: 0%      VRAM: 0.4/18G      RAM: 0.9G  │
│                                                                              │
│  Summary          Value    Evaluate   259ms  38%    Losses            Value  │
│  Env       osrs_inferno      GPU      213ms  31%    policy            0.026  │
│  Params          752.1K      Env       46ms   6%    value             0.066  │
│  Steps            20.6M    Train      415ms  61%    entropy           2.258  │
│  SPS             240.4K      Misc       0ms   0%    total             0.055  │
│  Epoch              630      Forwa…     0ms   0%    old_kl            0.020  │
│  Uptime    0d 0h 1m 26s                             kl                0.018  │
│  Remaini…   0d 0h 2m 2s                             clipfrac          0.286  │
│                                                     bc                0.000  │
│                                                                              │
│  User Stats                    Value    User Stats                    Value  │
│  episode_return                3.429    damage_dealt                361.682  │
│  damage_received             103.823    episode_length               85.366  │
│  wins                          0.000    wave                         68.000  │
│  idle_ticks                    0.602    brews_used                    4.668  │
│  blood_healed                  0.000    prayer_correct_rate           0.453  │
│  unavoidable_off_praye…        0.014    brews_remaining               7.332  │
│  restores_remaining            9.890    prayer_at_death              91.720  │
│  current_ranged               93.741    current_magic                86.187  │
│  behind_shield_pct             0.275    zuk_hp_remaining            841.929  │
│  min_zuk_hp_seen             842.415    hp_restored                   0.057  │
│  zuk_healer_damage             0.000    deaths_to_jad                 0.012  │
│  episode_return_normal         2.092    wins_normal                   0.000  │
│  min_zuk_hp_normal           985.457    score_normal                  0.179  │
│  zuk_objective_normal          0.179    phase_reached_normal          0.261  │
│  death_tick_normal            52.994    frac_min_hp_le_300_no…        0.000  │
╰──────────────────────────────────────────────────────────────────────────────╯

[0;0H╭──────────────────────────────────────────────────────────────────────────────╮
│  PufferLib 4.0    🐡              GPU: 0%      VRAM: 0.4/18G      RAM: 0.9G  │
│                                                                              │
│  Summary          Value    Evaluate   252ms  37%    Losses            Value  │
│  Env       osrs_inferno      GPU      207ms  30%    policy            0.006  │
│  Params          752.1K      Env       45ms   6%    value             0.058  │
│  Steps            20.8M    Train      416ms  62%    entropy           2.229  │
│  SPS             242.4K      Misc       0ms   0%    total             0.032  │
│  Epoch              635      Forwa…     0ms   0%    old_kl            0.022  │
│  Uptime    0d 0h 1m 26s                             kl                0.020  │
│  Remaini…   0d 0h 2m 0s                             clipfrac          0.285  │
│                                                     bc                0.000  │
│                                                                              │
│  User Stats                    Value    User Stats                    Value  │
│  episode_return                3.300    damage_dealt                348.134  │
│  damage_received             102.012    episode_length               81.780  │
│  wins                          0.000    wave                         68.000  │
│  idle_ticks                    0.536    brews_used                    4.634  │
│  blood_healed                  0.000    prayer_correct_rate           0.445  │
│  unavoidable_off_praye…        0.013    brews_remaining               7.366  │
│  restores_remaining            9.990    prayer_at_death              91.390  │
│  current_ranged               94.177    current_magic                86.050  │
│  behind_shield_pct             0.264    zuk_hp_remaining            856.775  │
│  min_zuk_hp_seen             856.678    hp_restored                   0.028  │
│  zuk_healer_damage             0.000    deaths_to_jad                 0.013  │
│  episode_return_normal         2.097    wins_normal                   0.000  │
│  min_zuk_hp_normal           985.535    score_normal                  0.179  │
│  zuk_objective_normal          0.179    phase_reached_normal          0.290  │
│  death_tick_normal            52.437    frac_min_hp_le_300_no…        0.000  │
╰──────────────────────────────────────────────────────────────────────────────╯

[0;0H╭──────────────────────────────────────────────────────────────────────────────╮
│  PufferLib 4.0   🐡               GPU: 0%      VRAM: 0.4/18G      RAM: 0.9G  │
│                                                                              │
│  Summary          Value    Evaluate   255ms  37%    Losses            Value  │
│  Env       osrs_inferno      GPU      210ms  31%    policy            0.012  │
│  Params          752.1K      Env       44ms   6%    value             0.057  │
│  Steps            21.0M    Train      419ms  62%    entropy           2.214  │
│  SPS             240.3K      Misc       0ms   0%    total             0.037  │
│  Epoch              640      Forwa…     0ms   0%    old_kl            0.020  │
│  Uptime    0d 0h 1m 27s                             kl                0.018  │
│  Remaini…   0d 0h 2m 0s                             clipfrac          0.276  │
│                                                     bc                0.000  │
│                                                                              │
│  User Stats                    Value    User Stats                    Value  │
│  episode_return                3.285    damage_dealt                345.995  │
│  damage_received             102.202    episode_length               80.987  │
│  wins                          0.000    wave                         68.000  │
│  idle_ticks                    0.588    brews_used                    4.621  │
│  blood_healed                  0.000    prayer_correct_rate           0.443  │
│  unavoidable_off_praye…        0.013    brews_remaining               7.379  │
│  restores_remaining           10.020    prayer_at_death              91.492  │
│  current_ranged               93.720    current_magic                85.856  │
│  behind_shield_pct             0.260    zuk_hp_remaining            858.411  │
│  min_zuk_hp_seen             858.494    hp_restored                   0.000  │
│  zuk_healer_damage             0.000    deaths_to_jad                 0.012  │
│  episode_return_normal         2.116    wins_normal                   0.000  │
│  min_zuk_hp_normal           983.730    score_normal                  0.180  │
│  zuk_objective_normal          0.180    phase_reached_normal          0.294  │
│  death_tick_normal            52.287    frac_min_hp_le_300_no…        0.000  │
╰──────────────────────────────────────────────────────────────────────────────╯

[0;0H╭──────────────────────────────────────────────────────────────────────────────╮
│  PufferLib 4.0  🐡                GPU: 0%      VRAM: 0.4/18G      RAM: 0.9G  │
│                                                                              │
│  Summary          Value    Evaluate   250ms  36%    Losses            Value  │
│  Env       osrs_inferno      GPU      208ms  30%    policy            0.020  │
│  Params          752.1K      Env       42ms   6%    value             0.059  │
│  Steps            21.1M    Train      426ms  63%    entropy           2.129  │
│  SPS             239.8K      Misc       0ms   0%    total             0.046  │
│  Epoch              645      Forwa…     0ms   0%    old_kl            0.021  │
│  Uptime    0d 0h 1m 28s                             kl                0.020  │
│  Remaini…   0d 0h 2m 0s                             clipfrac          0.280  │
│                                                     bc                0.000  │
│                                                                              │
│  User Stats                    Value    User Stats                    Value  │
│  episode_return                3.447    damage_dealt                364.008  │
│  damage_received             105.067    episode_length               85.126  │
│  wins                          0.000    wave                         68.000  │
│  idle_ticks                    0.776    brews_used                    4.752  │
│  blood_healed                  0.000    prayer_correct_rate           0.453  │
│  unavoidable_off_praye…        0.013    brews_remaining               7.248  │
│  restores_remaining            9.836    prayer_at_death              91.584  │
│  current_ranged               94.218    current_magic                86.488  │
│  behind_shield_pct             0.269    zuk_hp_remaining            840.127  │
│  min_zuk_hp_seen             840.498    hp_restored                   0.038  │
│  zuk_healer_damage             0.000    deaths_to_jad                 0.011  │
│  episode_return_normal         2.154    wins_normal                   0.000  │
│  min_zuk_hp_normal           978.753    score_normal                  0.184  │
│  zuk_objective_normal          0.184    phase_reached_normal          0.299  │
│  death_tick_normal            53.529    frac_min_hp_le_300_no…        0.000  │
╰──────────────────────────────────────────────────────────────────────────────╯

[0;0H╭──────────────────────────────────────────────────────────────────────────────╮
│  PufferLib 4.0 🐡                 GPU: 0%      VRAM: 0.4/18G      RAM: 0.9G  │
│                                                                              │
│  Summary          Value    Evaluate   251ms  37%    Losses            Value  │
│  Env       osrs_inferno      GPU      209ms  30%    policy            0.008  │
│  Params          752.1K      Env       42ms   6%    value             0.053  │
│  Steps            21.3M    Train      427ms  62%    entropy           2.158  │
│  SPS             239.0K      Misc       0ms   0%    total             0.031  │
│  Epoch              650      Forwa…     0ms   0%    old_kl            0.023  │
│  Uptime    0d 0h 1m 28s                             kl                0.021  │
│  Remaini…   0d 0h 2m 0s                             clipfrac          0.274  │
│                                                     bc                0.000  │
│                                                                              │
│  User Stats                    Value    User Stats                    Value  │
│  episode_return                3.458    damage_dealt                364.763  │
│  damage_received             102.940    episode_length               84.932  │
│  wins                          0.000    wave                         68.000  │
│  idle_ticks                    0.683    brews_used                    4.660  │
│  blood_healed                  0.000    prayer_correct_rate           0.461  │
│  unavoidable_off_praye…        0.012    brews_remaining               7.340  │
│  restores_remaining            9.895    prayer_at_death              91.610  │
│  current_ranged               93.743    current_magic                86.219  │
│  behind_shield_pct             0.275    zuk_hp_remaining            839.683  │
│  min_zuk_hp_seen             839.792    hp_restored                   0.074  │
│  zuk_healer_damage             0.000    deaths_to_jad                 0.014  │
│  episode_return_normal         2.114    wins_normal                   0.000  │
│  min_zuk_hp_normal           983.725    score_normal                  0.180  │
│  zuk_objective_normal          0.180    phase_reached_normal          0.294  │
│  death_tick_normal            51.967    frac_min_hp_le_300_no…        0.000  │
╰──────────────────────────────────────────────────────────────────────────────╯

[0;0H╭──────────────────────────────────────────────────────────────────────────────╮
│  PufferLib 4.0          🐡        GPU: 0%      VRAM: 0.4/18G      RAM: 0.9G  │
│                                                                              │
│  Summary          Value    Evaluate   251ms  37%    Losses            Value  │
│  Env       osrs_inferno      GPU      209ms  30%    policy           -0.007  │
│  Params          752.1K      Env       42ms   6%    value             0.059  │
│  Steps            21.5M    Train      425ms  62%    entropy           2.115  │
│  SPS             239.5K      Misc       0ms   0%    total             0.019  │
│  Epoch              655      Forwa…     0ms   0%    old_kl            0.021  │
│  Uptime    0d 0h 1m 29s                             kl                0.019  │
│  Remaini…  0d 0h 1m 59s                             clipfrac          0.270  │
│                                                     bc                0.000  │
│                                                                              │
│  User Stats                    Value    User Stats                    Value  │
│  episode_return                3.381    damage_dealt                356.165  │
│  damage_received             102.704    episode_length               83.551  │
│  wins                          0.000    wave                         68.000  │
│  idle_ticks                    0.701    brews_used                    4.704  │
│  blood_healed                  0.003    prayer_correct_rate           0.454  │
│  unavoidable_off_praye…        0.011    brews_remaining               7.296  │
│  restores_remaining            9.904    prayer_at_death              91.814  │
│  current_ranged               93.270    current_magic                85.994  │
│  behind_shield_pct             0.272    zuk_hp_remaining            848.116  │
│  min_zuk_hp_seen             848.271    hp_restored                   0.056  │
│  zuk_healer_damage             0.000    deaths_to_jad                 0.010  │
│  episode_return_normal         2.103    wins_normal                   0.000  │
│  min_zuk_hp_normal           985.245    score_normal                  0.179  │
│  zuk_objective_normal          0.179    phase_reached_normal          0.288  │
│  death_tick_normal            51.888    frac_min_hp_le_300_no…        0.000  │
╰──────────────────────────────────────────────────────────────────────────────╯

[0;0H╭──────────────────────────────────────────────────────────────────────────────╮
│  PufferLib 4.0         🐡         GPU: 0%      VRAM: 0.4/18G      RAM: 0.9G  │
│                                                                              │
│  Summary          Value    Evaluate   250ms  37%    Losses            Value  │
│  Env       osrs_inferno      GPU      208ms  30%    policy            0.000  │
│  Params          752.1K      Env       42ms   6%    value             0.054  │
│  Steps            21.6M    Train      425ms  62%    entropy           2.110  │
│  SPS             240.2K      Misc       0ms   0%    total             0.024  │
│  Epoch              660      Forwa…     0ms   0%    old_kl            0.026  │
│  Uptime    0d 0h 1m 30s                             kl                0.023  │
│  Remaini…  0d 0h 1m 58s                             clipfrac          0.273  │
│                                                     bc                0.000  │
│                                                                              │
│  User Stats                    Value    User Stats                    Value  │
│  episode_return                3.380    damage_dealt                356.442  │
│  damage_received              99.864    episode_length               83.387  │
│  wins                          0.000    wave                         68.000  │
│  idle_ticks                    0.627    brews_used                    4.571  │
│  blood_healed                  0.000    prayer_correct_rate           0.457  │
│  unavoidable_off_praye…        0.010    brews_remaining               7.429  │
│  restores_remaining            9.898    prayer_at_death              91.760  │
│  current_ranged               94.320    current_magic                86.732  │
│  behind_shield_pct             0.271    zuk_hp_remaining            847.905  │
│  min_zuk_hp_seen             848.014    hp_restored                   0.018  │
│  zuk_healer_damage             0.000    deaths_to_jad                 0.014  │
│  episode_return_normal         2.115    wins_normal                   0.000  │
│  min_zuk_hp_normal           983.612    score_normal                  0.180  │
│  zuk_objective_normal          0.180    phase_reached_normal          0.286  │
│  death_tick_normal            51.676    frac_min_hp_le_300_no…        0.000  │
╰──────────────────────────────────────────────────────────────────────────────╯

[0;0H╭──────────────────────────────────────────────────────────────────────────────╮
│  PufferLib 4.0        🐡          GPU: 0%      VRAM: 0.4/18G      RAM: 0.9G  │
│                                                                              │
│  Summary          Value    Evaluate   250ms  37%    Losses            Value  │
│  Env       osrs_inferno      GPU      208ms  30%    policy            0.011  │
│  Params          752.1K      Env       42ms   6%    value             0.058  │
│  Steps            21.8M    Train      425ms  62%    entropy           2.120  │
│  SPS             240.3K      Misc       0ms   0%    total             0.037  │
│  Epoch              665      Forwa…     0ms   0%    old_kl            0.022  │
│  Uptime    0d 0h 1m 30s                             kl                0.021  │
│  Remaini…  0d 0h 1m 57s                             clipfrac          0.275  │
│                                                     bc                0.000  │
│                                                                              │
│  User Stats                    Value    User Stats                    Value  │
│  episode_return                3.402    damage_dealt                359.248  │
│  damage_received              99.075    episode_length               84.064  │
│  wins                          0.000    wave                         68.000  │
│  idle_ticks                    0.673    brews_used                    4.603  │
│  blood_healed                  0.001    prayer_correct_rate           0.464  │
│  unavoidable_off_praye…        0.012    brews_remaining               7.397  │
│  restores_remaining            9.889    prayer_at_death              91.703  │
│  current_ranged               93.910    current_magic                86.351  │
│  behind_shield_pct             0.275    zuk_hp_remaining            845.043  │
│  min_zuk_hp_seen             845.382    hp_restored                   0.039  │
│  zuk_healer_damage             0.000    deaths_to_jad                 0.012  │
│  episode_return_normal         2.100    wins_normal                   0.000  │
│  min_zuk_hp_normal           984.931    score_normal                  0.179  │
│  zuk_objective_normal          0.179    phase_reached_normal          0.303  │
│  death_tick_normal            51.505    frac_min_hp_le_300_no…        0.000  │
╰──────────────────────────────────────────────────────────────────────────────╯

[0;0H╭──────────────────────────────────────────────────────────────────────────────╮
│  PufferLib 4.0       🐡           GPU: 0%      VRAM: 0.4/18G      RAM: 0.9G  │
│                                                                              │
│  Summary          Value    Evaluate   248ms  36%    Losses            Value  │
│  Env       osrs_inferno      GPU      206ms  30%    policy            0.011  │
│  Params          752.1K      Env       41ms   6%    value             0.053  │
│  Steps            22.0M    Train      425ms  63%    entropy           2.184  │
│  SPS             240.9K      Misc       0ms   0%    total             0.034  │
│  Epoch              670      Forwa…     0ms   0%    old_kl            0.021  │
│  Uptime    0d 0h 1m 31s                             kl                0.020  │
│  Remaini…  0d 0h 1m 56s                             clipfrac          0.280  │
│                                                     bc                0.000  │
│                                                                              │
│  User Stats                    Value    User Stats                    Value  │
│  episode_return                3.357    damage_dealt                353.800  │
│  damage_received             100.716    episode_length               83.071  │
│  wins                          0.000    wave                         68.000  │
│  idle_ticks                    0.591    brews_used                    4.660  │
│  blood_healed                  0.000    prayer_correct_rate           0.458  │
│  unavoidable_off_praye…        0.011    brews_remaining               7.340  │
│  restores_remaining            9.883    prayer_at_death              91.955  │
│  current_ranged               93.781    current_magic                86.409  │
│  behind_shield_pct             0.268    zuk_hp_remaining            850.010  │
│  min_zuk_hp_seen             850.272    hp_restored                   0.000  │
│  zuk_healer_damage             0.000    deaths_to_jad                 0.011  │
│  episode_return_normal         2.109    wins_normal                   0.000  │
│  min_zuk_hp_normal           983.975    score_normal                  0.180  │
│  zuk_objective_normal          0.180    phase_reached_normal          0.293  │
│  death_tick_normal            52.023    frac_min_hp_le_300_no…        0.000  │
╰──────────────────────────────────────────────────────────────────────────────╯

[0;0H╭──────────────────────────────────────────────────────────────────────────────╮
│  PufferLib 4.0      🐡            GPU: 0%      VRAM: 0.4/18G      RAM: 0.9G  │
│                                                                              │
│  Summary          Value    Evaluate   250ms  37%    Losses            Value  │
│  Env       osrs_inferno      GPU      208ms  30%    policy           -0.001  │
│  Params          752.1K      Env       42ms   6%    value             0.057  │
│  Steps            22.1M    Train      425ms  62%    entropy           2.107  │
│  SPS             239.9K      Misc       0ms   0%    total             0.025  │
│  Epoch              675      Forwa…     0ms   0%    old_kl            0.021  │
│  Uptime    0d 0h 1m 32s                             kl                0.020  │
│  Remaini…  0d 0h 1m 56s                             clipfrac          0.273  │
│                                                     bc                0.000  │
│                                                                              │
│  User Stats                    Value    User Stats                    Value  │
│  episode_return                3.299    damage_dealt                348.110  │
│  damage_received             100.320    episode_length               81.445  │
│  wins                          0.000    wave                         68.000  │
│  idle_ticks                    0.510    brews_used                    4.676  │
│  blood_healed                  0.000    prayer_correct_rate           0.452  │
│  unavoidable_off_praye…        0.010    brews_remaining               7.324  │
│  restores_remaining            9.924    prayer_at_death              91.666  │
│  current_ranged               93.569    current_magic                86.047  │
│  behind_shield_pct             0.260    zuk_hp_remaining            855.630  │
│  min_zuk_hp_seen             856.289    hp_restored                   0.000  │
│  zuk_healer_damage             0.000    deaths_to_jad                 0.006  │
│  episode_return_normal         2.155    wins_normal                   0.000  │
│  min_zuk_hp_normal           978.861    score_normal                  0.184  │
│  zuk_objective_normal          0.184    phase_reached_normal          0.309  │
│  death_tick_normal            52.706    frac_min_hp_le_300_no…        0.000  │
╰──────────────────────────────────────────────────────────────────────────────╯

[0;0H╭──────────────────────────────────────────────────────────────────────────────╮
│  PufferLib 4.0     🐡             GPU: 0%      VRAM: 0.4/18G      RAM: 0.9G  │
│                                                                              │
│  Summary          Value    Evaluate   251ms  37%    Losses            Value  │
│  Env       osrs_inferno      GPU      208ms  30%    policy            0.018  │
│  Params          752.1K      Env       42ms   6%    value             0.067  │
│  Steps            22.3M    Train      427ms  62%    entropy           2.099  │
│  SPS             239.3K      Misc       0ms   0%    total             0.048  │
│  Epoch              680      Forwa…     0ms   0%    old_kl            0.022  │
│  Uptime    0d 0h 1m 32s                             kl                0.020  │
│  Remaini…  0d 0h 1m 55s                             clipfrac          0.280  │
│                                                     bc                0.000  │
│                                                                              │
│  User Stats                    Value    User Stats                    Value  │
│  episode_return                3.333    damage_dealt                351.341  │
│  damage_received              98.026    episode_length               82.772  │
│  wins                          0.000    wave                         68.000  │
│  idle_ticks                    0.577    brews_used                    4.603  │
│  blood_healed                  0.000    prayer_correct_rate           0.458  │
│  unavoidable_off_praye…        0.009    brews_remaining               7.397  │
│  restores_remaining            9.902    prayer_at_death              92.077  │
│  current_ranged               94.065    current_magic                86.890  │
│  behind_shield_pct             0.268    zuk_hp_remaining            852.301  │
│  min_zuk_hp_seen             852.729    hp_restored                   0.038  │
│  zuk_healer_damage             0.000    deaths_to_jad                 0.007  │
│  episode_return_normal         2.094    wins_normal                   0.000  │
│  min_zuk_hp_normal           985.559    score_normal                  0.179  │
│  zuk_objective_normal          0.179    phase_reached_normal          0.299  │
│  death_tick_normal            51.941    frac_min_hp_le_300_no…        0.000  │
╰──────────────────────────────────────────────────────────────────────────────╯

[0;0H╭──────────────────────────────────────────────────────────────────────────────╮
│  PufferLib 4.0    🐡              GPU: 0%      VRAM: 0.4/18G      RAM: 0.9G  │
│                                                                              │
│  Summary          Value    Evaluate   250ms  37%    Losses            Value  │
│  Env       osrs_inferno      GPU      208ms  30%    policy            0.023  │
│  Params          752.1K      Env       41ms   6%    value             0.065  │
│  Steps            22.4M    Train      425ms  62%    entropy           2.058  │
│  SPS             240.3K      Misc       0ms   0%    total             0.052  │
│  Epoch              685      Forwa…     0ms   0%    old_kl            0.025  │
│  Uptime    0d 0h 1m 33s                             kl                0.024  │
│  Remaini…  0d 0h 1m 54s                             clipfrac          0.277  │
│                                                     bc                0.000  │
│                                                                              │
│  User Stats                    Value    User Stats                    Value  │
│  episode_return                3.307    damage_dealt                348.444  │
│  damage_received              96.210    episode_length               81.598  │
│  wins                          0.000    wave                         68.000  │
│  idle_ticks                    0.609    brews_used                    4.480  │
│  blood_healed                  0.001    prayer_correct_rate           0.460  │
│  unavoidable_off_praye…        0.009    brews_remaining               7.520  │
│  restores_remaining            9.970    prayer_at_death              92.093  │
│  current_ranged               94.208    current_magic                86.984  │
│  behind_shield_pct             0.265    zuk_hp_remaining            855.149  │
│  min_zuk_hp_seen             855.855    hp_restored                   0.079  │
│  zuk_healer_damage             0.000    deaths_to_jad                 0.007  │
│  episode_return_normal         2.084    wins_normal                   0.000  │
│  min_zuk_hp_normal           986.897    score_normal                  0.178  │
│  zuk_objective_normal          0.178    phase_reached_normal          0.292  │
│  death_tick_normal            51.178    frac_min_hp_le_300_no…        0.000  │
╰──────────────────────────────────────────────────────────────────────────────╯

[0;0H╭──────────────────────────────────────────────────────────────────────────────╮
│  PufferLib 4.0   🐡               GPU: 0%      VRAM: 0.4/18G      RAM: 0.9G  │
│                                                                              │
│  Summary          Value    Evaluate   250ms  37%    Losses            Value  │
│  Env       osrs_inferno      GPU      208ms  30%    policy            0.001  │
│  Params          752.1K      Env       41ms   6%    value             0.061  │
│  Steps            22.6M    Train      425ms  62%    entropy           1.966  │
│  SPS             240.1K      Misc       0ms   0%    total             0.029  │
│  Epoch              690      Forwa…     0ms   0%    old_kl            0.021  │
│  Uptime    0d 0h 1m 34s                             kl                0.020  │
│  Remaini…  0d 0h 1m 54s                             clipfrac          0.268  │
│                                                     bc                0.000  │
│                                                                              │
│  User Stats                    Value    User Stats                    Value  │
│  episode_return                3.405    damage_dealt                358.948  │
│  damage_received              94.690    episode_length               83.850  │
│  wins                          0.000    wave                         68.000  │
│  idle_ticks                    0.733    brews_used                    4.414  │
│  blood_healed                  0.000    prayer_correct_rate           0.474  │
│  unavoidable_off_praye…        0.011    brews_remaining               7.586  │
│  restores_remaining            9.921    prayer_at_death              92.341  │
│  current_ranged               94.710    current_magic                87.593  │
│  behind_shield_pct             0.275    zuk_hp_remaining            844.944  │
│  min_zuk_hp_seen             845.372    hp_restored                   0.041  │
│  zuk_healer_damage             0.000    deaths_to_jad                 0.008  │
│  episode_return_normal         2.016    wins_normal                   0.000  │
│  min_zuk_hp_normal           994.033    score_normal                  0.172  │
│  zuk_objective_normal          0.172    phase_reached_normal          0.272  │
│  death_tick_normal            49.976    frac_min_hp_le_300_no…        0.000  │
╰──────────────────────────────────────────────────────────────────────────────╯

[0;0H╭──────────────────────────────────────────────────────────────────────────────╮
│  PufferLib 4.0  🐡                GPU: 0%      VRAM: 0.4/18G      RAM: 0.9G  │
│                                                                              │
│  Summary          Value    Evaluate   250ms  36%    Losses            Value  │
│  Env       osrs_inferno      GPU      208ms  30%    policy            0.007  │
│  Params          752.1K      Env       41ms   6%    value             0.058  │
│  Steps            22.8M    Train      428ms  63%    entropy           1.966  │
│  SPS             238.9K      Misc       0ms   0%    total             0.034  │
│  Epoch              695      Forwa…     0ms   0%    old_kl            0.025  │
│  Uptime    0d 0h 1m 34s                             kl                0.025  │
│  Remaini…  0d 0h 1m 53s                             clipfrac          0.271  │
│                                                     bc                0.000  │
│                                                                              │
│  User Stats                    Value    User Stats                    Value  │
│  episode_return                3.368    damage_dealt                354.819  │
│  damage_received              98.968    episode_length               83.161  │
│  wins                          0.000    wave                         68.000  │
│  idle_ticks                    0.736    brews_used                    4.593  │
│  blood_healed                  0.000    prayer_correct_rate           0.463  │
│  unavoidable_off_praye…        0.010    brews_remaining               7.407  │
│  restores_remaining            9.912    prayer_at_death              92.094  │
│  current_ranged               94.073    current_magic                86.876  │
│  behind_shield_pct             0.268    zuk_hp_remaining            849.170  │
│  min_zuk_hp_seen             849.504    hp_restored                   0.042  │
│  zuk_healer_damage             0.000    deaths_to_jad                 0.006  │
│  episode_return_normal         2.085    wins_normal                   0.000  │
│  min_zuk_hp_normal           986.880    score_normal                  0.178  │
│  zuk_objective_normal          0.178    phase_reached_normal          0.305  │
│  death_tick_normal            51.729    frac_min_hp_le_300_no…        0.000  │
╰──────────────────────────────────────────────────────────────────────────────╯

[0;0H╭──────────────────────────────────────────────────────────────────────────────╮
│  PufferLib 4.0 🐡                 GPU: 0%      VRAM: 0.4/18G      RAM: 0.9G  │
│                                                                              │
│  Summary          Value    Evaluate   251ms  36%    Losses            Value  │
│  Env       osrs_inferno      GPU      209ms  30%    policy            0.012  │
│  Params          752.1K      Env       42ms   6%    value             0.050  │
│  Steps            22.9M    Train      427ms  63%    entropy           1.998  │
│  SPS             239.3K      Misc       0ms   0%    total             0.035  │
│  Epoch              700      Forwa…     0ms   0%    old_kl            0.025  │
│  Uptime    0d 0h 1m 35s                             kl                0.024  │
│  Remaini…  0d 0h 1m 53s                             clipfrac          0.272  │
│                                                     bc                0.000  │
│                                                                              │
│  User Stats                    Value    User Stats                    Value  │
│  episode_return                3.361    damage_dealt                353.615  │
│  damage_received              97.472    episode_length               83.072  │
│  wins                          0.000    wave                         68.000  │
│  idle_ticks                    0.742    brews_used                    4.494  │
│  blood_healed                  0.000    prayer_correct_rate           0.468  │
│  unavoidable_off_praye…        0.010    brews_remaining               7.506  │
│  restores_remaining            9.918    prayer_at_death              92.261  │
│  current_ranged               94.331    current_magic                87.256  │
│  behind_shield_pct             0.271    zuk_hp_remaining            850.260  │
│  min_zuk_hp_seen             850.531    hp_restored                   0.019  │
│  zuk_healer_damage             0.000    deaths_to_jad                 0.003  │
│  episode_return_normal         2.050    wins_normal                   0.000  │
│  min_zuk_hp_normal           991.055    score_normal                  0.174  │
│  zuk_objective_normal          0.174    phase_reached_normal          0.288  │
│  death_tick_normal            50.600    frac_min_hp_le_300_no…        0.000  │
╰──────────────────────────────────────────────────────────────────────────────╯

[0;0H╭──────────────────────────────────────────────────────────────────────────────╮
│  PufferLib 4.0          🐡        GPU: 0%      VRAM: 0.4/18G      RAM: 0.9G  │
│                                                                              │
│  Summary          Value    Evaluate   247ms  36%    Losses            Value  │
│  Env       osrs_inferno      GPU      207ms  30%    policy            0.014  │
│  Params          752.1K      Env       40ms   6%    value             0.049  │
│  Steps            23.1M    Train      426ms  63%    entropy           1.952  │
│  SPS             240.7K      Misc       0ms   0%    total             0.036  │
│  Epoch              705      Forwa…     0ms   0%    old_kl            0.019  │
│  Uptime    0d 0h 1m 36s                             kl                0.019  │
│  Remaini…  0d 0h 1m 51s                             clipfrac          0.261  │
│                                                     bc                0.000  │
│                                                                              │
│  User Stats                    Value    User Stats                    Value  │
│  episode_return                3.355    damage_dealt                353.404  │
│  damage_received              97.503    episode_length               82.293  │
│  wins                          0.000    wave                         68.000  │
│  idle_ticks                    0.647    brews_used                    4.511  │
│  blood_healed                  0.000    prayer_correct_rate           0.466  │
│  unavoidable_off_praye…        0.011    brews_remaining               7.489  │
│  restores_remaining            9.897    prayer_at_death              92.197  │
│  current_ranged               94.381    current_magic                87.240  │
│  behind_shield_pct             0.267    zuk_hp_remaining            850.463  │
│  min_zuk_hp_seen             850.925    hp_restored                   0.000  │
│  zuk_healer_damage             0.000    deaths_to_jad                 0.002  │
│  episode_return_normal         2.063    wins_normal                   0.000  │
│  min_zuk_hp_normal           989.103    score_normal                  0.176  │
│  zuk_objective_normal          0.176    phase_reached_normal          0.284  │
│  death_tick_normal            51.078    frac_min_hp_le_300_no…        0.000  │
╰──────────────────────────────────────────────────────────────────────────────╯

[0;0H╭──────────────────────────────────────────────────────────────────────────────╮
│  PufferLib 4.0         🐡         GPU: 0%      VRAM: 0.4/18G      RAM: 0.9G  │
│                                                                              │
│  Summary          Value    Evaluate   250ms  36%    Losses            Value  │
│  Env       osrs_inferno      GPU      207ms  30%    policy            0.006  │
│  Params          752.1K      Env       42ms   6%    value             0.060  │
│  Steps            23.3M    Train      426ms  63%    entropy           1.987  │
│  SPS             239.9K      Misc       0ms   0%    total             0.033  │
│  Epoch              710      Forwa…     0ms   0%    old_kl            0.023  │
│  Uptime    0d 0h 1m 36s                             kl                0.021  │
│  Remaini…  0d 0h 1m 51s                             clipfrac          0.267  │
│                                                     bc                0.000  │
│                                                                              │
│  User Stats                    Value    User Stats                    Value  │
│  episode_return                3.362    damage_dealt                354.540  │
│  damage_received              98.216    episode_length               83.173  │
│  wins                          0.000    wave                         68.000  │
│  idle_ticks                    0.645    brews_used                    4.549  │
│  blood_healed                  0.000    prayer_correct_rate           0.467  │
│  unavoidable_off_praye…        0.010    brews_remaining               7.451  │
│  restores_remaining            9.836    prayer_at_death              92.322  │
│  current_ranged               94.870    current_magic                87.763  │
│  behind_shield_pct             0.270    zuk_hp_remaining            849.415  │
│  min_zuk_hp_seen             849.841    hp_restored                   0.042  │
│  zuk_healer_damage             0.000    deaths_to_jad                 0.009  │
│  episode_return_normal         2.065    wins_normal                   0.000  │
│  min_zuk_hp_normal           988.688    score_normal                  0.176  │
│  zuk_objective_normal          0.176    phase_reached_normal          0.287  │
│  death_tick_normal            51.520    frac_min_hp_le_300_no…        0.000  │
╰──────────────────────────────────────────────────────────────────────────────╯

[0;0H╭──────────────────────────────────────────────────────────────────────────────╮
│  PufferLib 4.0        🐡          GPU: 0%      VRAM: 0.4/18G      RAM: 0.9G  │
│                                                                              │
│  Summary          Value    Evaluate   252ms  37%    Losses            Value  │
│  Env       osrs_inferno      GPU      209ms  30%    policy            0.003  │
│  Params          752.1K      Env       42ms   6%    value             0.057  │
│  Steps            23.4M    Train      426ms  62%    entropy           1.890  │
│  SPS             239.0K      Misc       0ms   0%    total             0.029  │
│  Epoch              715      Forwa…     0ms   0%    old_kl            0.024  │
│  Uptime    0d 0h 1m 37s                             kl                0.022  │
│  Remaini…  0d 0h 1m 51s                             clipfrac          0.268  │
│                                                     bc                0.000  │
│                                                                              │
│  User Stats                    Value    User Stats                    Value  │
│  episode_return                3.294    damage_dealt                346.873  │
│  damage_received              98.472    episode_length               81.241  │
│  wins                          0.000    wave                         68.000  │
│  idle_ticks                    0.590    brews_used                    4.528  │
│  blood_healed                  0.000    prayer_correct_rate           0.462  │
│  unavoidable_off_praye…        0.012    brews_remaining               7.472  │
│  restores_remaining            9.903    prayer_at_death              92.108  │
│  current_ranged               94.663    current_magic                87.413  │
│  behind_shield_pct             0.265    zuk_hp_remaining            856.360  │
│  min_zuk_hp_seen             857.445    hp_restored                   0.000  │
│  zuk_healer_damage             0.000    deaths_to_jad                 0.026  │
│  episode_return_normal         2.026    wins_normal                   0.000  │
│  min_zuk_hp_normal           992.903    score_normal                  0.173  │
│  zuk_objective_normal          0.173    phase_reached_normal          0.275  │
│  death_tick_normal            51.054    frac_min_hp_le_300_no…        0.000  │
╰──────────────────────────────────────────────────────────────────────────────╯

[0;0H╭──────────────────────────────────────────────────────────────────────────────╮
│  PufferLib 4.0       🐡           GPU: 0%      VRAM: 0.4/18G      RAM: 0.9G  │
│                                                                              │
│  Summary          Value    Evaluate   250ms  37%    Losses            Value  │
│  Env       osrs_inferno      GPU      208ms  30%    policy            0.007  │
│  Params          752.1K      Env       42ms   6%    value             0.079  │
│  Steps            23.6M    Train      425ms  62%    entropy           1.877  │
│  SPS             240.2K      Misc       0ms   0%    total             0.044  │
│  Epoch              720      Forwa…     0ms   0%    old_kl            0.025  │
│  Uptime    0d 0h 1m 38s                             kl                0.024  │
│  Remaini…  0d 0h 1m 49s                             clipfrac          0.272  │
│                                                     bc                0.000  │
│                                                                              │
│  User Stats                    Value    User Stats                    Value  │
│  episode_return                3.373    damage_dealt                356.037  │
│  damage_received             101.695    episode_length               82.764  │
│  wins                          0.000    wave                         68.000  │
│  idle_ticks                    0.592    brews_used                    4.652  │
│  blood_healed                  0.000    prayer_correct_rate           0.462  │
│  unavoidable_off_praye…        0.013    brews_remaining               7.348  │
│  restores_remaining            9.811    prayer_at_death              92.032  │
│  current_ranged               94.454    current_magic                87.195  │
│  behind_shield_pct             0.267    zuk_hp_remaining            847.237  │
│  min_zuk_hp_seen             848.645    hp_restored                   0.077  │
│  zuk_healer_damage             0.000    deaths_to_jad                 0.026  │
│  episode_return_normal         2.078    wins_normal                   0.000  │
│  min_zuk_hp_normal           986.890    score_normal                  0.178  │
│  zuk_objective_normal          0.178    phase_reached_normal          0.309  │
│  death_tick_normal            52.208    frac_min_hp_le_300_no…        0.000  │
╰──────────────────────────────────────────────────────────────────────────────╯

[0;0H╭──────────────────────────────────────────────────────────────────────────────╮
│  PufferLib 4.0      🐡            GPU: 0%      VRAM: 0.4/18G      RAM: 0.9G  │
│                                                                              │
│  Summary          Value    Evaluate   251ms  37%    Losses            Value  │
│  Env       osrs_inferno      GPU      208ms  30%    policy            0.013  │
│  Params          752.1K      Env       42ms   6%    value             0.052  │
│  Steps            23.8M    Train      426ms  62%    entropy           1.892  │
│  SPS             239.4K      Misc       0ms   0%    total             0.036  │
│  Epoch              725      Forwa…     0ms   0%    old_kl            0.023  │
│  Uptime    0d 0h 1m 39s                             kl                0.022  │
│  Remaini…  0d 0h 1m 49s                             clipfrac          0.259  │
│                                                     bc                0.000  │
│                                                                              │
│  User Stats                    Value    User Stats                    Value  │
│  episode_return                3.395    damage_dealt                357.326  │
│  damage_received              98.066    episode_length               82.855  │
│  wins                          0.000    wave                         68.000  │
│  idle_ticks                    0.586    brews_used                    4.515  │
│  blood_healed                  0.000    prayer_correct_rate           0.469  │
│  unavoidable_off_praye…        0.013    brews_remaining               7.485  │
│  restores_remaining            9.850    prayer_at_death              92.550  │
│  current_ranged               94.792    current_magic                87.831  │
│  behind_shield_pct             0.269    zuk_hp_remaining            845.676  │
│  min_zuk_hp_seen             846.929    hp_restored                   0.019  │
│  zuk_healer_damage             0.000    deaths_to_jad                 0.009  │
│  episode_return_normal         2.055    wins_normal                   0.000  │
│  min_zuk_hp_normal           990.006    score_normal                  0.175  │
│  zuk_objective_normal          0.175    phase_reached_normal          0.313  │
│  death_tick_normal            51.049    frac_min_hp_le_300_no…        0.000  │
╰──────────────────────────────────────────────────────────────────────────────╯

[0;0H╭──────────────────────────────────────────────────────────────────────────────╮
│  PufferLib 4.0     🐡             GPU: 0%      VRAM: 0.4/18G      RAM: 0.9G  │
│                                                                              │
│  Summary          Value    Evaluate   250ms  36%    Losses            Value  │
│  Env       osrs_inferno      GPU      208ms  30%    policy            0.021  │
│  Params          752.1K      Env       42ms   6%    value             0.051  │
│  Steps            23.9M    Train      427ms  63%    entropy           1.852  │
│  SPS             239.4K      Misc       0ms   0%    total             0.043  │
│  Epoch              730      Forwa…     0ms   0%    old_kl            0.025  │
│  Uptime    0d 0h 1m 39s                             kl                0.026  │
│  Remaini…  0d 0h 1m 48s                             clipfrac          0.265  │
│                                                     bc                0.000  │
│                                                                              │
│  User Stats                    Value    User Stats                    Value  │
│  episode_return                3.394    damage_dealt                357.158  │
│  damage_received              99.495    episode_length               82.512  │
│  wins                          0.000    wave                         68.000  │
│  idle_ticks                    0.595    brews_used                    4.575  │
│  blood_healed                  0.000    prayer_correct_rate           0.466  │
│  unavoidable_off_praye…        0.013    brews_remaining               7.425  │
│  restores_remaining            9.829    prayer_at_death              92.540  │
│  current_ranged               94.494    current_magic                87.511  │
│  behind_shield_pct             0.263    zuk_hp_remaining            846.336  │
│  min_zuk_hp_seen             847.255    hp_restored                   0.071  │
│  zuk_healer_damage             0.000    deaths_to_jad                 0.012  │
│  episode_return_normal         2.103    wins_normal                   0.000  │
│  min_zuk_hp_normal           985.304    score_normal                  0.179  │
│  zuk_objective_normal          0.179    phase_reached_normal          0.322  │
│  death_tick_normal            51.629    frac_min_hp_le_300_no…        0.000  │
╰──────────────────────────────────────────────────────────────────────────────╯

[0;0H╭──────────────────────────────────────────────────────────────────────────────╮
│  PufferLib 4.0    🐡              GPU: 0%      VRAM: 0.4/18G      RAM: 0.9G  │
│                                                                              │
│  Summary          Value    Evaluate   246ms  36%    Losses            Value  │
│  Env       osrs_inferno      GPU      204ms  30%    policy            0.003  │
│  Params          752.1K      Env       42ms   6%    value             0.049  │
│  Steps            24.1M    Train      424ms  63%    entropy           1.831  │
│  SPS             241.8K      Misc       0ms   0%    total             0.025  │
│  Epoch              735      Forwa…     0ms   0%    old_kl            0.021  │
│  Uptime    0d 0h 1m 40s                             kl                0.020  │
│  Remaini…  0d 0h 1m 47s                             clipfrac          0.251  │
│                                                     bc                0.000  │
│                                                                              │
│  User Stats                    Value    User Stats                    Value  │
│  episode_return                3.548    damage_dealt                374.270  │
│  damage_received             101.371    episode_length               86.013  │
│  wins                          0.000    wave                         68.000  │
│  idle_ticks                    0.648    brews_used                    4.642  │
│  blood_healed                  0.000    prayer_correct_rate           0.477  │
│  unavoidable_off_praye…        0.015    brews_remaining               7.358  │
│  restores_remaining            9.722    prayer_at_death              92.422  │
│  current_ranged               94.920    current_magic                87.915  │
│  behind_shield_pct             0.277    zuk_hp_remaining            829.902  │
│  min_zuk_hp_seen             830.632    hp_restored                   0.000  │
│  zuk_healer_damage             0.000    deaths_to_jad                 0.013  │
│  episode_return_normal         2.096    wins_normal                   0.000  │
│  min_zuk_hp_normal           985.510    score_normal                  0.179  │
│  zuk_objective_normal          0.179    phase_reached_normal          0.340  │
│  death_tick_normal            51.837    frac_min_hp_le_300_no…        0.000  │
╰──────────────────────────────────────────────────────────────────────────────╯

[0;0H╭──────────────────────────────────────────────────────────────────────────────╮
│  PufferLib 4.0   🐡               GPU: 0%      VRAM: 0.4/18G      RAM: 0.9G  │
│                                                                              │
│  Summary          Value    Evaluate   251ms  37%    Losses            Value  │
│  Env       osrs_inferno      GPU      209ms  30%    policy            0.016  │
│  Params          752.1K      Env       42ms   6%    value             0.047  │
│  Steps            24.2M    Train      426ms  62%    entropy           1.796  │
│  SPS             239.3K      Misc       0ms   0%    total             0.036  │
│  Epoch              740      Forwa…     0ms   0%    old_kl            0.022  │
│  Uptime    0d 0h 1m 41s                             kl                0.019  │
│  Remaini…  0d 0h 1m 47s                             clipfrac          0.259  │
│                                                     bc                0.000  │
│                                                                              │
│  User Stats                    Value    User Stats                    Value  │
│  episode_return                3.623    damage_dealt                381.375  │
│  damage_received             103.405    episode_length               86.840  │
│  wins                          0.000    wave                         68.000  │
│  idle_ticks                    0.684    brews_used                    4.724  │
│  blood_healed                  0.000    prayer_correct_rate           0.481  │
│  unavoidable_off_praye…        0.017    brews_remaining               7.276  │
│  restores_remaining            9.732    prayer_at_death              92.389  │
│  current_ranged               94.388    current_magic                87.260  │
│  behind_shield_pct             0.276    zuk_hp_remaining            822.569  │
│  min_zuk_hp_seen             823.423    hp_restored                   0.000  │
│  zuk_healer_damage             0.000    deaths_to_jad                 0.019  │
│  episode_return_normal         2.141    wins_normal                   0.000  │
│  min_zuk_hp_normal           981.457    score_normal                  0.182  │
│  zuk_objective_normal          0.182    phase_reached_normal          0.373  │
│  death_tick_normal            52.345    frac_min_hp_le_300_no…        0.000  │
╰──────────────────────────────────────────────────────────────────────────────╯

[0;0H╭──────────────────────────────────────────────────────────────────────────────╮
│  PufferLib 4.0  🐡                GPU: 0%      VRAM: 0.4/18G      RAM: 0.9G  │
│                                                                              │
│  Summary          Value    Evaluate   251ms  37%    Losses            Value  │
│  Env       osrs_inferno      GPU      209ms  30%    policy            0.028  │
│  Params          752.1K      Env       42ms   6%    value             0.050  │
│  Steps            24.4M    Train      425ms  62%    entropy           1.830  │
│  SPS             239.6K      Misc       0ms   0%    total             0.050  │
│  Epoch              745      Forwa…     0ms   0%    old_kl            0.023  │
│  Uptime    0d 0h 1m 41s                             kl                0.022  │
│  Remaini…  0d 0h 1m 46s                             clipfrac          0.258  │
│                                                     bc                0.000  │
│                                                                              │
│  User Stats                    Value    User Stats                    Value  │
│  episode_return                3.533    damage_dealt                372.203  │
│  damage_received             102.518    episode_length               84.287  │
│  wins                          0.000    wave                         68.000  │
│  idle_ticks                    0.613    brews_used                    4.707  │
│  blood_healed                  0.000    prayer_correct_rate           0.474  │
│  unavoidable_off_praye…        0.017    brews_remaining               7.293  │
│  restores_remaining            9.780    prayer_at_death              92.330  │
│  current_ranged               94.213    current_magic                86.988  │
│  behind_shield_pct             0.270    zuk_hp_remaining            832.229  │
│  min_zuk_hp_seen             832.761    hp_restored                   0.048  │
│  zuk_healer_damage             0.000    deaths_to_jad                 0.012  │
│  episode_return_normal         2.165    wins_normal                   0.000  │
│  min_zuk_hp_normal           978.643    score_normal                  0.184  │
│  zuk_objective_normal          0.184    phase_reached_normal          0.391  │
│  death_tick_normal            52.556    frac_min_hp_le_300_no…        0.000  │
╰──────────────────────────────────────────────────────────────────────────────╯

[0;0H╭──────────────────────────────────────────────────────────────────────────────╮
│  PufferLib 4.0 🐡                 GPU: 0%      VRAM: 0.4/18G      RAM: 0.9G  │
│                                                                              │
│  Summary          Value    Evaluate   252ms  37%    Losses            Value  │
│  Env       osrs_inferno      GPU      209ms  30%    policy            0.008  │
│  Params          752.1K      Env       42ms   6%    value             0.053  │
│  Steps            24.6M    Train      426ms  62%    entropy           1.811  │
│  SPS             239.2K      Misc       0ms   0%    total             0.032  │
│  Epoch              750      Forwa…     0ms   0%    old_kl            0.023  │
│  Uptime    0d 0h 1m 42s                             kl                0.020  │
│  Remaini…  0d 0h 1m 46s                             clipfrac          0.264  │
│                                                     bc                0.000  │
│                                                                              │
│  User Stats                    Value    User Stats                    Value  │
│  episode_return                3.458    damage_dealt                364.716  │
│  damage_received             103.452    episode_length               82.892  │
│  wins                          0.000    wave                         68.000  │
│  idle_ticks                    0.594    brews_used                    4.760  │
│  blood_healed                  0.000    prayer_correct_rate           0.472  │
│  unavoidable_off_praye…        0.016    brews_remaining               7.240  │
│  restores_remaining            9.821    prayer_at_death              92.046  │
│  current_ranged               93.711    current_magic                86.284  │
│  behind_shield_pct             0.265    zuk_hp_remaining            840.101  │
│  min_zuk_hp_seen             840.424    hp_restored                   0.050  │
│  zuk_healer_damage             0.000    deaths_to_jad                 0.009  │
│  episode_return_normal         2.151    wins_normal                   0.000  │
│  min_zuk_hp_normal           979.785    score_normal                  0.184  │
│  zuk_objective_normal          0.184    phase_reached_normal          0.400  │
│  death_tick_normal            52.590    frac_min_hp_le_300_no…        0.000  │
╰──────────────────────────────────────────────────────────────────────────────╯

[0;0H╭──────────────────────────────────────────────────────────────────────────────╮
│  PufferLib 4.0          🐡        GPU: 0%      VRAM: 0.4/18G      RAM: 0.9G  │
│                                                                              │
│  Summary          Value    Evaluate   250ms  36%    Losses            Value  │
│  Env       osrs_inferno      GPU      208ms  30%    policy            0.018  │
│  Params          752.1K      Env       42ms   6%    value             0.050  │
│  Steps            24.7M    Train      426ms  63%    entropy           1.779  │
│  SPS             239.8K      Misc       0ms   0%    total             0.040  │
│  Epoch              755      Forwa…     0ms   0%    old_kl            0.027  │
│  Uptime    0d 0h 1m 43s                             kl                0.027  │
│  Remaini…  0d 0h 1m 45s                             clipfrac          0.253  │
│                                                     bc                0.000  │
│                                                                              │
│  User Stats                    Value    User Stats                    Value  │
│  episode_return                3.467    damage_dealt                365.267  │
│  damage_received             105.443    episode_length               83.068  │
│  wins                          0.000    wave                         68.000  │
│  idle_ticks                    0.598    brews_used                    4.834  │
│  blood_healed                  0.000    prayer_correct_rate           0.471  │
│  unavoidable_off_praye…        0.016    brews_remaining               7.166  │
│  restores_remaining            9.790    prayer_at_death              92.205  │
│  current_ranged               94.098    current_magic                86.802  │
│  behind_shield_pct             0.262    zuk_hp_remaining            839.468  │
│  min_zuk_hp_seen             839.731    hp_restored                   0.044  │
│  zuk_healer_damage             0.000    deaths_to_jad                 0.015  │
│  episode_return_normal         2.166    wins_normal                   0.000  │
│  min_zuk_hp_normal           978.559    score_normal                  0.185  │
│  zuk_objective_normal          0.185    phase_reached_normal          0.416  │
│  death_tick_normal            52.632    frac_min_hp_le_300_no…        0.000  │
╰──────────────────────────────────────────────────────────────────────────────╯

[0;0H╭──────────────────────────────────────────────────────────────────────────────╮
│  PufferLib 4.0         🐡         GPU: 0%      VRAM: 0.4/18G      RAM: 0.9G  │
│                                                                              │
│  Summary          Value    Evaluate   250ms  36%    Losses            Value  │
│  Env       osrs_inferno      GPU      208ms  30%    policy            0.012  │
│  Params          752.1K      Env       42ms   6%    value             0.058  │
│  Steps            24.9M    Train      428ms  63%    entropy           1.862  │
│  SPS             238.9K      Misc       0ms   0%    total             0.039  │
│  Epoch              760      Forwa…     0ms   0%    old_kl            0.023  │
│  Uptime    0d 0h 1m 43s                             kl                0.022  │
│  Remaini…  0d 0h 1m 45s                             clipfrac          0.248  │
│                                                     bc                0.000  │
│                                                                              │
│  User Stats                    Value    User Stats                    Value  │
│  episode_return                3.434    damage_dealt                362.793  │
│  damage_received             108.980    episode_length               86.374  │
│  wins                          0.000    wave                         68.000  │
│  idle_ticks                    0.518    brews_used                    5.031  │
│  blood_healed                  0.000    prayer_correct_rate           0.460  │
│  unavoidable_off_praye…        0.009    brews_remaining               6.969  │
│  restores_remaining            9.748    prayer_at_death              92.453  │
│  current_ranged               93.530    current_magic                86.735  │
│  behind_shield_pct             0.273    zuk_hp_remaining            841.757  │
│  min_zuk_hp_seen             842.194    hp_restored                   0.000  │
│  zuk_healer_damage             0.000    deaths_to_jad                 0.006  │
│  episode_return_normal         2.256    wins_normal                   0.000  │
│  min_zuk_hp_normal           969.202    score_normal                  0.192  │
│  zuk_objective_normal          0.192    phase_reached_normal          0.401  │
│  death_tick_normal            56.192    frac_min_hp_le_300_no…        0.000  │
╰──────────────────────────────────────────────────────────────────────────────╯

[0;0H╭──────────────────────────────────────────────────────────────────────────────╮
│  PufferLib 4.0        🐡          GPU: 0%      VRAM: 0.4/18G      RAM: 0.9G  │
│                                                                              │
│  Summary          Value    Evaluate   250ms  36%    Losses            Value  │
│  Env       osrs_inferno      GPU      207ms  30%    policy            0.012  │
│  Params          752.1K      Env       42ms   6%    value             0.054  │
│  Steps            25.1M    Train      429ms  63%    entropy           1.883  │
│  SPS             238.8K      Misc       0ms   0%    total             0.036  │
│  Epoch              765      Forwa…     0ms   0%    old_kl            0.023  │
│  Uptime    0d 0h 1m 44s                             kl                0.021  │
│  Remaini…  0d 0h 1m 44s                             clipfrac          0.251  │
│                                                     bc                0.000  │
│                                                                              │
│  User Stats                    Value    User Stats                    Value  │
│  episode_return                3.218    damage_dealt                339.326  │
│  damage_received             104.975    episode_length               82.640  │
│  wins                          0.000    wave                         68.000  │
│  idle_ticks                    0.654    brews_used                    4.867  │
│  blood_healed                  0.000    prayer_correct_rate           0.456  │
│  unavoidable_off_praye…        0.008    brews_remaining               7.133  │
│  restores_remaining            9.928    prayer_at_death              92.244  │
│  current_ranged               92.188    current_magic                85.579  │
│  behind_shield_pct             0.262    zuk_hp_remaining            864.588  │
│  min_zuk_hp_seen             865.119    hp_restored                   0.034  │
│  zuk_healer_damage             0.000    deaths_to_jad                 0.010  │
│  episode_return_normal         2.075    wins_normal                   0.000  │
│  min_zuk_hp_normal           988.270    score_normal                  0.176  │
│  zuk_objective_normal          0.176    phase_reached_normal          0.315  │
│  death_tick_normal            53.413    frac_min_hp_le_300_no…        0.000  │
╰──────────────────────────────────────────────────────────────────────────────╯

[0;0H╭──────────────────────────────────────────────────────────────────────────────╮
│  PufferLib 4.0       🐡           GPU: 0%      VRAM: 0.4/18G      RAM: 0.9G  │
│                                                                              │
│  Summary          Value    Evaluate   250ms  36%    Losses            Value  │
│  Env       osrs_inferno      GPU      208ms  30%    policy            0.012  │
│  Params          752.1K      Env       42ms   6%    value             0.055  │
│  Steps            25.2M    Train      427ms  63%    entropy           1.784  │
│  SPS             239.3K      Misc       0ms   0%    total             0.037  │
│  Epoch              770      Forwa…     0ms   0%    old_kl            0.023  │
│  Uptime    0d 0h 1m 45s                             kl                0.022  │
│  Remaini…  0d 0h 1m 43s                             clipfrac          0.251  │
│                                                     bc                0.000  │
│                                                                              │
│  User Stats                    Value    User Stats                    Value  │
│  episode_return                3.436    damage_dealt                362.081  │
│  damage_received             109.273    episode_length               85.223  │
│  wins                          0.000    wave                         68.000  │
│  idle_ticks                    0.636    brews_used                    5.031  │
│  blood_healed                  0.000    prayer_correct_rate           0.456  │
│  unavoidable_off_praye…        0.013    brews_remaining               6.969  │
│  restores_remaining            9.764    prayer_at_death              92.564  │
│  current_ranged               92.746    current_magic                86.130  │
│  behind_shield_pct             0.269    zuk_hp_remaining            842.286  │
│  min_zuk_hp_seen             842.589    hp_restored                   0.248  │
│  zuk_healer_damage             0.000    deaths_to_jad                 0.027  │
│  episode_return_normal         2.208    wins_normal                   0.000  │
│  min_zuk_hp_normal           974.866    score_normal                  0.188  │
│  zuk_objective_normal          0.188    phase_reached_normal          0.377  │
│  death_tick_normal            54.566    frac_min_hp_le_300_no…        0.000  │
╰──────────────────────────────────────────────────────────────────────────────╯

[0;0H╭──────────────────────────────────────────────────────────────────────────────╮
│  PufferLib 4.0      🐡            GPU: 0%      VRAM: 0.4/18G      RAM: 0.9G  │
│                                                                              │
│  Summary          Value    Evaluate   250ms  37%    Losses            Value  │
│  Env       osrs_inferno      GPU      208ms  30%    policy            0.020  │
│  Params          752.1K      Env       42ms   6%    value             0.060  │
│  Steps            25.4M    Train      425ms  62%    entropy           1.797  │
│  SPS             239.8K      Misc       0ms   0%    total             0.047  │
│  Epoch              775      Forwa…     0ms   0%    old_kl            0.026  │
│  Uptime    0d 0h 1m 45s                             kl                0.024  │
│  Remaini…  0d 0h 1m 42s                             clipfrac          0.246  │
│                                                     bc                0.000  │
│                                                                              │
│  User Stats                    Value    User Stats                    Value  │
│  episode_return                3.477    damage_dealt                365.429  │
│  damage_received             106.806    episode_length               84.841  │
│  wins                          0.000    wave                         68.000  │
│  idle_ticks                    0.637    brews_used                    4.940  │
│  blood_healed                  0.000    prayer_correct_rate           0.451  │
│  unavoidable_off_praye…        0.014    brews_remaining               7.060  │
│  restores_remaining            9.782    prayer_at_death              92.865  │
│  current_ranged               93.294    current_magic                86.649  │
│  behind_shield_pct             0.272    zuk_hp_remaining            837.929  │
│  min_zuk_hp_seen             838.880    hp_restored                   0.103  │
│  zuk_healer_damage             0.000    deaths_to_jad                 0.036  │
│  episode_return_normal         2.255    wins_normal                   0.000  │
│  min_zuk_hp_normal           970.661    score_normal                  0.191  │
│  zuk_objective_normal          0.191    phase_reached_normal          0.396  │
│  death_tick_normal            54.433    frac_min_hp_le_300_no…        0.000  │
╰──────────────────────────────────────────────────────────────────────────────╯

[0;0H╭──────────────────────────────────────────────────────────────────────────────╮
│  PufferLib 4.0     🐡             GPU: 0%      VRAM: 0.4/18G      RAM: 0.9G  │
│                                                                              │
│  Summary          Value    Evaluate   250ms  36%    Losses            Value  │
│  Env       osrs_inferno      GPU      208ms  30%    policy            0.003  │
│  Params          752.1K      Env       42ms   6%    value             0.057  │
│  Steps            25.6M    Train      427ms  63%    entropy           1.737  │
│  SPS             239.2K      Misc       0ms   0%    total             0.029  │
│  Epoch              780      Forwa…     0ms   0%    old_kl            0.023  │
│  Uptime    0d 0h 1m 46s                             kl                0.022  │
│  Remaini…  0d 0h 1m 42s                             clipfrac          0.239  │
│                                                     bc                0.000  │
│                                                                              │
│  User Stats                    Value    User Stats                    Value  │
│  episode_return                3.411    damage_dealt                358.122  │
│  damage_received             101.773    episode_length               82.944  │
│  wins                          0.000    wave                         68.000  │
│  idle_ticks                    0.623    brews_used                    4.706  │
│  blood_healed                  0.000    prayer_correct_rate           0.445  │
│  unavoidable_off_praye…        0.015    brews_remaining               7.294  │
│  restores_remaining            9.886    prayer_at_death              92.979  │
│  current_ranged               94.867    current_magic                87.763  │
│  behind_shield_pct             0.276    zuk_hp_remaining            844.932  │
│  min_zuk_hp_seen             845.847    hp_restored                   0.077  │
│  zuk_healer_damage             0.000    deaths_to_jad                 0.040  │
│  episode_return_normal         2.233    wins_normal                   0.000  │
│  min_zuk_hp_normal           973.129    score_normal                  0.189  │
│  zuk_objective_normal          0.189    phase_reached_normal          0.383  │
│  death_tick_normal            53.764    frac_min_hp_le_300_no…        0.000  │
╰──────────────────────────────────────────────────────────────────────────────╯

[0;0H╭──────────────────────────────────────────────────────────────────────────────╮
│  PufferLib 4.0    🐡              GPU: 0%      VRAM: 0.4/18G      RAM: 0.9G  │
│                                                                              │
│  Summary          Value    Evaluate   250ms  36%    Losses            Value  │
│  Env       osrs_inferno      GPU      207ms  30%    policy           -0.009  │
│  Params          752.1K      Env       42ms   6%    value             0.061  │
│  Steps            25.7M    Train      427ms  63%    entropy           1.702  │
│  SPS             239.7K      Misc       0ms   0%    total             0.019  │
│  Epoch              785      Forwa…     0ms   0%    old_kl            0.022  │
│  Uptime    0d 0h 1m 47s                             kl                0.023  │
│  Remaini…  0d 0h 1m 41s                             clipfrac          0.242  │
│                                                     bc                0.000  │
│                                                                              │
│  User Stats                    Value    User Stats                    Value  │
│  episode_return                3.471    damage_dealt                363.801  │
│  damage_received             109.623    episode_length               83.043  │
│  wins                          0.000    wave                         68.000  │
│  idle_ticks                    0.571    brews_used                    5.054  │
│  blood_healed                  0.000    prayer_correct_rate           0.444  │
│  unavoidable_off_praye…        0.016    brews_remaining               6.946  │
│  restores_remaining            9.814    prayer_at_death              92.696  │
│  current_ranged               92.913    current_magic                86.071  │
│  behind_shield_pct             0.260    zuk_hp_remaining            839.232  │
│  min_zuk_hp_seen             840.532    hp_restored                   0.020  │
│  zuk_healer_damage             0.000    deaths_to_jad                 0.050  │
│  episode_return_normal         2.292    wins_normal                   0.000  │
│  min_zuk_hp_normal           966.955    score_normal                  0.194  │
│  zuk_objective_normal          0.194    phase_reached_normal          0.425  │
│  death_tick_normal            54.828    frac_min_hp_le_300_no…        0.000  │
╰──────────────────────────────────────────────────────────────────────────────╯

[0;0H╭──────────────────────────────────────────────────────────────────────────────╮
│  PufferLib 4.0   🐡               GPU: 0%      VRAM: 0.4/18G      RAM: 0.9G  │
│                                                                              │
│  Summary          Value    Evaluate   250ms  36%    Losses            Value  │
│  Env       osrs_inferno      GPU      208ms  30%    policy            0.003  │
│  Params          752.1K      Env       42ms   6%    value             0.057  │
│  Steps            25.9M    Train      426ms  63%    entropy           1.590  │
│  SPS             239.8K      Misc       0ms   0%    total             0.029  │
│  Epoch              790      Forwa…     0ms   0%    old_kl            0.023  │
│  Uptime    0d 0h 1m 47s                             kl                0.023  │
│  Remaini…  0d 0h 1m 40s                             clipfrac          0.229  │
│                                                     bc                0.000  │
│                                                                              │
│  User Stats                    Value    User Stats                    Value  │
│  episode_return                3.605    damage_dealt                379.074  │
│  damage_received             109.468    episode_length               86.951  │
│  wins                          0.000    wave                         68.000  │
│  idle_ticks                    0.658    brews_used                    5.013  │
│  blood_healed                  0.000    prayer_correct_rate           0.463  │
│  unavoidable_off_praye…        0.017    brews_remaining               6.987  │
│  restores_remaining            9.709    prayer_at_death              92.591  │
│  current_ranged               93.159    current_magic                86.520  │
│  behind_shield_pct             0.281    zuk_hp_remaining            824.503  │
│  min_zuk_hp_seen             825.558    hp_restored                   0.056  │
│  zuk_healer_damage             0.000    deaths_to_jad                 0.050  │
│  episode_return_normal         2.237    wins_normal                   0.000  │
│  min_zuk_hp_normal           972.268    score_normal                  0.190  │
│  zuk_objective_normal          0.190    phase_reached_normal          0.393  │
│  death_tick_normal            54.397    frac_min_hp_le_300_no…        0.000  │
╰──────────────────────────────────────────────────────────────────────────────╯

[0;0H╭──────────────────────────────────────────────────────────────────────────────╮
│  PufferLib 4.0  🐡                GPU: 0%      VRAM: 0.4/18G      RAM: 0.9G  │
│                                                                              │
│  Summary          Value    Evaluate   250ms  36%    Losses            Value  │
│  Env       osrs_inferno      GPU      208ms  30%    policy            0.016  │
│  Params          752.1K      Env       42ms   6%    value             0.056  │
│  Steps            26.1M    Train      425ms  63%    entropy           1.610  │
│  SPS             240.1K      Misc       0ms   0%    total             0.042  │
│  Epoch              795      Forwa…     0ms   0%    old_kl            0.029  │
│  Uptime    0d 0h 1m 48s                             kl                0.027  │
│  Remaini…  0d 0h 1m 39s                             clipfrac          0.237  │
│                                                     bc                0.000  │
│                                                                              │
│  User Stats                    Value    User Stats                    Value  │
│  episode_return                3.576    damage_dealt                375.207  │
│  damage_received             110.207    episode_length               86.671  │
│  wins                          0.000    wave                         68.000  │
│  idle_ticks                    0.858    brews_used                    5.024  │
│  blood_healed                  0.003    prayer_correct_rate           0.453  │
│  unavoidable_off_praye…        0.017    brews_remaining               6.976  │
│  restores_remaining            9.706    prayer_at_death              92.872  │
│  current_ranged               93.579    current_magic                87.136  │
│  behind_shield_pct             0.289    zuk_hp_remaining            827.622  │
│  min_zuk_hp_seen             828.983    hp_restored                   0.022  │
│  zuk_healer_damage             0.000    deaths_to_jad                 0.057  │
│  episode_return_normal         2.235    wins_normal                   0.000  │
│  min_zuk_hp_normal           972.725    score_normal                  0.189  │
│  zuk_objective_normal          0.189    phase_reached_normal          0.368  │
│  death_tick_normal            54.889    frac_min_hp_le_300_no…        0.000  │
╰──────────────────────────────────────────────────────────────────────────────╯

[0;0H╭──────────────────────────────────────────────────────────────────────────────╮
│  PufferLib 4.0 🐡                 GPU: 0%      VRAM: 0.4/18G      RAM: 0.9G  │
│                                                                              │
│  Summary          Value    Evaluate   250ms  36%    Losses            Value  │
│  Env       osrs_inferno      GPU      209ms  30%    policy            0.009  │
│  Params          752.1K      Env       41ms   6%    value             0.057  │
│  Steps            26.2M    Train      427ms  63%    entropy           1.602  │
│  SPS             239.2K      Misc       0ms   0%    total             0.035  │
│  Epoch              800      Forwa…     0ms   0%    old_kl            0.031  │
│  Uptime    0d 0h 1m 49s                             kl                0.029  │
│  Remaini…  0d 0h 1m 39s                             clipfrac          0.238  │
│                                                     bc                0.000  │
│                                                                              │
│  User Stats                    Value    User Stats                    Value  │
│  episode_return                3.578    damage_dealt                375.640  │
│  damage_received             110.647    episode_length               87.017  │
│  wins                          0.000    wave                         68.000  │
│  idle_ticks                    0.885    brews_used                    5.102  │
│  blood_healed                  0.001    prayer_correct_rate           0.450  │
│  unavoidable_off_praye…        0.017    brews_remaining               6.898  │
│  restores_remaining            9.683    prayer_at_death              93.171  │
│  current_ranged               93.432    current_magic                87.045  │
│  behind_shield_pct             0.293    zuk_hp_remaining            827.267  │
│  min_zuk_hp_seen             828.683    hp_restored                   0.045  │
│  zuk_healer_damage             0.000    deaths_to_jad                 0.056  │
│  episode_return_normal         2.203    wins_normal                   0.000  │
│  min_zuk_hp_normal           975.554    score_normal                  0.187  │
│  zuk_objective_normal          0.187    phase_reached_normal          0.345  │
│  death_tick_normal            55.455    frac_min_hp_le_300_no…        0.000  │
╰──────────────────────────────────────────────────────────────────────────────╯

[0;0H╭──────────────────────────────────────────────────────────────────────────────╮
│  PufferLib 4.0          🐡        GPU: 0%      VRAM: 0.4/18G      RAM: 0.9G  │
│                                                                              │
│  Summary          Value    Evaluate   249ms  36%    Losses            Value  │
│  Env       osrs_inferno      GPU      207ms  30%    policy            0.011  │
│  Params          752.1K      Env       41ms   6%    value             0.051  │
│  Steps            26.4M    Train      427ms  63%    entropy           1.495  │
│  SPS             239.6K      Misc       0ms   0%    total             0.034  │
│  Epoch              805      Forwa…     0ms   0%    old_kl            0.027  │
│  Uptime    0d 0h 1m 49s                             kl                0.027  │
│  Remaini…  0d 0h 1m 38s                             clipfrac          0.225  │
│                                                     bc                0.000  │
│                                                                              │
│  User Stats                    Value    User Stats                    Value  │
│  episode_return                3.616    damage_dealt                379.158  │
│  damage_received             113.792    episode_length               87.090  │
│  wins                          0.000    wave                         68.000  │
│  idle_ticks                    0.806    brews_used                    5.162  │
│  blood_healed                  0.000    prayer_correct_rate           0.454  │
│  unavoidable_off_praye…        0.019    brews_remaining               6.838  │
│  restores_remaining            9.640    prayer_at_death              93.155  │
│  current_ranged               92.214    current_magic                85.975  │
│  behind_shield_pct             0.283    zuk_hp_remaining            823.683  │
│  min_zuk_hp_seen             825.072    hp_restored                   0.033  │
│  zuk_healer_damage             0.000    deaths_to_jad                 0.057  │
│  episode_return_normal         2.236    wins_normal                   0.000  │
│  min_zuk_hp_normal           972.338    score_normal                  0.190  │
│  zuk_objective_normal          0.190    phase_reached_normal          0.340  │
│  death_tick_normal            55.791    frac_min_hp_le_300_no…        0.000  │
╰──────────────────────────────────────────────────────────────────────────────╯

[0;0H╭──────────────────────────────────────────────────────────────────────────────╮
│  PufferLib 4.0         🐡         GPU: 0%      VRAM: 0.4/18G      RAM: 0.9G  │
│                                                                              │
│  Summary          Value    Evaluate   247ms  36%    Losses            Value  │
│  Env       osrs_inferno      GPU      205ms  30%    policy            0.014  │
│  Params          752.1K      Env       42ms   6%    value             0.046  │
│  Steps            26.5M    Train      428ms  63%    entropy           1.498  │
│  SPS             240.0K      Misc       0ms   0%    total             0.035  │
│  Epoch              810      Forwa…     0ms   0%    old_kl            0.026  │
│  Uptime    0d 0h 1m 50s                             kl                0.024  │
│  Remaini…  0d 0h 1m 37s                             clipfrac          0.224  │
│                                                     bc                0.000  │
│                                                                              │
│  User Stats                    Value    User Stats                    Value  │
│  episode_return                3.813    damage_dealt                399.845  │
│  damage_received             118.748    episode_length               90.490  │
│  wins                          0.000    wave                         68.000  │
│  idle_ticks                    0.886    brews_used                    5.320  │
│  blood_healed                  0.000    prayer_correct_rate           0.458  │
│  unavoidable_off_praye…        0.021    brews_remaining               6.680  │
│  restores_remaining            9.539    prayer_at_death              93.280  │
│  current_ranged               91.470    current_magic                85.528  │
│  behind_shield_pct             0.282    zuk_hp_remaining            803.009  │
│  min_zuk_hp_seen             804.605    hp_restored                   0.021  │
│  zuk_healer_damage             0.000    deaths_to_jad                 0.066  │
│  episode_return_normal         2.344    wins_normal                   0.000  │
│  min_zuk_hp_normal           961.264    score_normal                  0.199  │
│  zuk_objective_normal          0.199    phase_reached_normal          0.380  │
│  death_tick_normal            57.505    frac_min_hp_le_300_no…        0.000  │
╰──────────────────────────────────────────────────────────────────────────────╯

[0;0H╭──────────────────────────────────────────────────────────────────────────────╮
│  PufferLib 4.0        🐡          GPU: 0%      VRAM: 0.4/18G      RAM: 0.9G  │
│                                                                              │
│  Summary          Value    Evaluate   250ms  37%    Losses            Value  │
│  Env       osrs_inferno      GPU      208ms  30%    policy            0.005  │
│  Params          752.1K      Env       42ms   6%    value             0.045  │
│  Steps            26.7M    Train      425ms  62%    entropy           1.535  │
│  SPS             239.8K      Misc       0ms   0%    total             0.025  │
│  Epoch              815      Forwa…     0ms   0%    old_kl            0.030  │
│  Uptime    0d 0h 1m 51s                             kl                0.031  │
│  Remaini…  0d 0h 1m 37s                             clipfrac          0.229  │
│                                                     bc                0.000  │
│                                                                              │
│  User Stats                    Value    User Stats                    Value  │
│  episode_return                3.614    damage_dealt                378.321  │
│  damage_received             116.711    episode_length               86.906  │
│  wins                          0.000    wave                         68.000  │
│  idle_ticks                    0.787    brews_used                    5.247  │
│  blood_healed                  0.000    prayer_correct_rate           0.445  │
│  unavoidable_off_praye…        0.022    brews_remaining               6.753  │
│  restores_remaining            9.632    prayer_at_death              93.149  │
│  current_ranged               91.477    current_magic                85.273  │
│  behind_shield_pct             0.273    zuk_hp_remaining            824.521  │
│  min_zuk_hp_seen             825.896    hp_restored                   0.021  │
│  zuk_healer_damage             0.000    deaths_to_jad                 0.055  │
│  episode_return_normal         2.285    wins_normal                   0.000  │
│  min_zuk_hp_normal           967.663    score_normal                  0.194  │
│  zuk_objective_normal          0.194    phase_reached_normal          0.354  │
│  death_tick_normal            57.264    frac_min_hp_le_300_no…        0.000  │
╰──────────────────────────────────────────────────────────────────────────────╯

[0;0H╭──────────────────────────────────────────────────────────────────────────────╮
│  PufferLib 4.0       🐡           GPU: 0%      VRAM: 0.4/18G      RAM: 0.9G  │
│                                                                              │
│  Summary          Value    Evaluate   248ms  36%    Losses            Value  │
│  Env       osrs_inferno      GPU      206ms  30%    policy            0.013  │
│  Params          752.1K      Env       42ms   6%    value             0.041  │
│  Steps            26.9M    Train      426ms  63%    entropy           1.496  │
│  SPS             240.3K      Misc       0ms   0%    total             0.031  │
│  Epoch              820      Forwa…     0ms   0%    old_kl            0.024  │
│  Uptime    0d 0h 1m 52s                             kl                0.025  │
│  Remaini…  0d 0h 1m 36s                             clipfrac          0.219  │
│                                                     bc                0.000  │
│                                                                              │
│  User Stats                    Value    User Stats                    Value  │
│  episode_return                3.813    damage_dealt                399.206  │
│  damage_received             120.435    episode_length               91.543  │
│  wins                          0.000    wave                         68.000  │
│  idle_ticks                    0.890    brews_used                    5.309  │
│  blood_healed                  0.000    prayer_correct_rate           0.459  │
│  unavoidable_off_praye…        0.024    brews_remaining               6.691  │
│  restores_remaining            9.505    prayer_at_death              93.601  │
│  current_ranged               91.737    current_magic                85.814  │
│  behind_shield_pct             0.287    zuk_hp_remaining            803.491  │
│  min_zuk_hp_seen             805.069    hp_restored                   0.023  │
│  zuk_healer_damage             0.000    deaths_to_jad                 0.066  │
│  episode_return_normal         2.293    wins_normal                   0.000  │
│  min_zuk_hp_normal           967.321    score_normal                  0.194  │
│  zuk_objective_normal          0.194    phase_reached_normal          0.330  │
│  death_tick_normal            57.722    frac_min_hp_le_300_no…        0.000  │
╰──────────────────────────────────────────────────────────────────────────────╯

[0;0H╭──────────────────────────────────────────────────────────────────────────────╮
│  PufferLib 4.0      🐡            GPU: 0%      VRAM: 0.4/18G      RAM: 0.9G  │
│                                                                              │
│  Summary          Value    Evaluate   249ms  36%    Losses            Value  │
│  Env       osrs_inferno      GPU      207ms  30%    policy            0.005  │
│  Params          752.1K      Env       42ms   6%    value             0.043  │
│  Steps            27.0M    Train      427ms  63%    entropy           1.548  │
│  SPS             239.6K      Misc       0ms   0%    total             0.024  │
│  Epoch              825      Forwa…     0ms   0%    old_kl            0.030  │
│  Uptime    0d 0h 1m 52s                             kl                0.027  │
│  Remaini…  0d 0h 1m 35s                             clipfrac          0.226  │
│                                                     bc                0.000  │
│                                                                              │
│  User Stats                    Value    User Stats                    Value  │
│  episode_return                3.623    damage_dealt                378.349  │
│  damage_received             118.422    episode_length               87.923  │
│  wins                          0.000    wave                         68.000  │
│  idle_ticks                    0.866    brews_used                    5.191  │
│  blood_healed                  0.000    prayer_correct_rate           0.446  │
│  unavoidable_off_praye…        0.022    brews_remaining               6.809  │
│  restores_remaining            9.641    prayer_at_death              93.451  │
│  current_ranged               91.264    current_magic                85.100  │
│  behind_shield_pct             0.278    zuk_hp_remaining            823.349  │
│  min_zuk_hp_seen             825.346    hp_restored                   0.000  │
│  zuk_healer_damage             0.000    deaths_to_jad                 0.066  │
│  episode_return_normal         2.222    wins_normal                   0.000  │
│  min_zuk_hp_normal           974.870    score_normal                  0.188  │
│  zuk_objective_normal          0.188    phase_reached_normal          0.300  │
│  death_tick_normal            56.893    frac_min_hp_le_300_no…        0.000  │
╰──────────────────────────────────────────────────────────────────────────────╯

[0;0H╭──────────────────────────────────────────────────────────────────────────────╮
│  PufferLib 4.0     🐡             GPU: 0%      VRAM: 0.4/18G      RAM: 0.9G  │
│                                                                              │
│  Summary          Value    Evaluate   249ms  36%    Losses            Value  │
│  Env       osrs_inferno      GPU      207ms  30%    policy            0.003  │
│  Params          752.1K      Env       42ms   6%    value             0.040  │
│  Steps            27.2M    Train      428ms  63%    entropy           1.484  │
│  SPS             239.3K      Misc       0ms   0%    total             0.020  │
│  Epoch              830      Forwa…     0ms   0%    old_kl            0.024  │
│  Uptime    0d 0h 1m 53s                             kl                0.023  │
│  Remaini…  0d 0h 1m 35s                             clipfrac          0.217  │
│                                                     bc                0.000  │
│                                                                              │
│  User Stats                    Value    User Stats                    Value  │
│  episode_return                3.633    damage_dealt                379.773  │
│  damage_received             117.700    episode_length               88.679  │
│  wins                          0.000    wave                         68.000  │
│  idle_ticks                    0.905    brews_used                    5.117  │
│  blood_healed                  0.001    prayer_correct_rate           0.451  │
│  unavoidable_off_praye…        0.022    brews_remaining               6.883  │
│  restores_remaining            9.627    prayer_at_death              93.469  │
│  current_ranged               91.426    current_magic                85.279  │
│  behind_shield_pct             0.282    zuk_hp_remaining            822.364  │
│  min_zuk_hp_seen             824.063    hp_restored                   0.000  │
│  zuk_healer_damage             0.000    deaths_to_jad                 0.056  │
│  episode_return_normal         2.184    wins_normal                   0.000  │
│  min_zuk_hp_normal           978.715    score_normal                  0.184  │
│  zuk_objective_normal          0.184    phase_reached_normal          0.280  │
│  death_tick_normal            56.536    frac_min_hp_le_300_no…        0.000  │
╰──────────────────────────────────────────────────────────────────────────────╯

[0;0H╭──────────────────────────────────────────────────────────────────────────────╮
│  PufferLib 4.0    🐡              GPU: 0%      VRAM: 0.4/18G      RAM: 0.9G  │
│                                                                              │
│  Summary          Value    Evaluate   249ms  36%    Losses            Value  │
│  Env       osrs_inferno      GPU      208ms  30%    policy            0.012  │
│  Params          752.1K      Env       41ms   6%    value             0.041  │
│  Steps            27.4M    Train      427ms  63%    entropy           1.476  │
│  SPS             239.7K      Misc       0ms   0%    total             0.030  │
│  Epoch              835      Forwa…     0ms   0%    old_kl            0.021  │
│  Uptime    0d 0h 1m 54s                             kl                0.020  │
│  Remaini…  0d 0h 1m 34s                             clipfrac          0.216  │
│                                                     bc                0.000  │
│                                                                              │
│  User Stats                    Value    User Stats                    Value  │
│  episode_return                3.664    damage_dealt                382.496  │
│  damage_received             120.453    episode_length               88.672  │
│  wins                          0.000    wave                         68.000  │
│  idle_ticks                    0.899    brews_used                    5.285  │
│  blood_healed                  0.000    prayer_correct_rate           0.443  │
│  unavoidable_off_praye…        0.022    brews_remaining               6.715  │
│  restores_remaining            9.600    prayer_at_death              93.581  │
│  current_ranged               91.070    current_magic                85.074  │
│  behind_shield_pct             0.275    zuk_hp_remaining            819.620  │
│  min_zuk_hp_seen             821.133    hp_restored                   0.000  │
│  zuk_healer_damage             0.000    deaths_to_jad                 0.057  │
│  episode_return_normal         2.281    wins_normal                   0.000  │
│  min_zuk_hp_normal           968.643    score_normal                  0.193  │
│  zuk_objective_normal          0.193    phase_reached_normal          0.301  │
│  death_tick_normal            58.216    frac_min_hp_le_300_no…        0.000  │
╰──────────────────────────────────────────────────────────────────────────────╯

[0;0H╭──────────────────────────────────────────────────────────────────────────────╮
│  PufferLib 4.0   🐡               GPU: 0%      VRAM: 0.4/18G      RAM: 0.9G  │
│                                                                              │
│  Summary          Value    Evaluate   250ms  36%    Losses            Value  │
│  Env       osrs_inferno      GPU      208ms  30%    policy            0.025  │
│  Params          752.1K      Env       42ms   6%    value             0.043  │
│  Steps            27.5M    Train      426ms  63%    entropy           1.415  │
│  SPS             240.0K      Misc       0ms   0%    total             0.044  │
│  Epoch              840      Forwa…     0ms   0%    old_kl            0.023  │
│  Uptime    0d 0h 1m 54s                             kl                0.021  │
│  Remaini…  0d 0h 1m 33s                             clipfrac          0.209  │
│                                                     bc                0.000  │
│                                                                              │
│  User Stats                    Value    User Stats                    Value  │
│  episode_return                3.734    damage_dealt                390.106  │
│  damage_received             119.887    episode_length               90.233  │
│  wins                          0.000    wave                         68.000  │
│  idle_ticks                    0.956    brews_used                    5.223  │
│  blood_healed                  0.000    prayer_correct_rate           0.455  │
│  unavoidable_off_praye…        0.024    brews_remaining               6.777  │
│  restores_remaining            9.580    prayer_at_death              93.667  │
│  current_ranged               91.274    current_magic                85.172  │
│  behind_shield_pct             0.284    zuk_hp_remaining            812.062  │
│  min_zuk_hp_seen             813.658    hp_restored                   0.000  │
│  zuk_healer_damage             0.000    deaths_to_jad                 0.058  │
│  episode_return_normal         2.239    wins_normal                   0.000  │
│  min_zuk_hp_normal           973.216    score_normal                  0.189  │
│  zuk_objective_normal          0.189    phase_reached_normal          0.285  │
│  death_tick_normal            57.384    frac_min_hp_le_300_no…        0.000  │
╰──────────────────────────────────────────────────────────────────────────────╯

[0;0H╭──────────────────────────────────────────────────────────────────────────────╮
│  PufferLib 4.0  🐡                GPU: 0%      VRAM: 0.4/18G      RAM: 0.9G  │
│                                                                              │
│  Summary          Value    Evaluate   251ms  37%    Losses            Value  │
│  Env       osrs_inferno      GPU      209ms  30%    policy            0.009  │
│  Params          752.1K      Env       42ms   6%    value             0.042  │
│  Steps            27.7M    Train      425ms  62%    entropy           1.449  │
│  SPS             239.8K      Misc       0ms   0%    total             0.028  │
│  Epoch              845      Forwa…     0ms   0%    old_kl            0.025  │
│  Uptime    0d 0h 1m 55s                             kl                0.023  │
│  Remaini…  0d 0h 1m 33s                             clipfrac          0.217  │
│                                                     bc                0.000  │
│                                                                              │
│  User Stats                    Value    User Stats                    Value  │
│  episode_return                3.570    damage_dealt                373.899  │
│  damage_received             117.228    episode_length               88.632  │
│  wins                          0.000    wave                         68.000  │
│  idle_ticks                    0.978    brews_used                    5.133  │
│  blood_healed                  0.003    prayer_correct_rate           0.447  │
│  unavoidable_off_praye…        0.021    brews_remaining               6.867  │
│  restores_remaining            9.656    prayer_at_death              93.317  │
│  current_ranged               91.601    current_magic                85.309  │
│  behind_shield_pct             0.279    zuk_hp_remaining            828.292  │
│  min_zuk_hp_seen             829.779    hp_restored                   0.024  │
│  zuk_healer_damage             0.000    deaths_to_jad                 0.043  │
│  episode_return_normal         2.203    wins_normal                   0.000  │
│  min_zuk_hp_normal           975.762    score_normal                  0.187  │
│  zuk_objective_normal          0.187    phase_reached_normal          0.255  │
│  death_tick_normal            57.743    frac_min_hp_le_300_no…        0.000  │
╰──────────────────────────────────────────────────────────────────────────────╯

[0;0H╭──────────────────────────────────────────────────────────────────────────────╮
│  PufferLib 4.0 🐡                 GPU: 0%      VRAM: 0.4/18G      RAM: 0.9G  │
│                                                                              │
│  Summary          Value    Evaluate   251ms  37%    Losses            Value  │
│  Env       osrs_inferno      GPU      209ms  30%    policy            0.012  │
│  Params          752.1K      Env       42ms   6%    value             0.039  │
│  Steps            27.9M    Train      425ms  62%    entropy           1.433  │
│  SPS             239.7K      Misc       0ms   0%    total             0.029  │
│  Epoch              850      Forwa…     0ms   0%    old_kl            0.027  │
│  Uptime    0d 0h 1m 56s                             kl                0.024  │
│  Remaini…  0d 0h 1m 32s                             clipfrac          0.217  │
│                                                     bc                0.000  │
│                                                                              │
│  User Stats                    Value    User Stats                    Value  │
│  episode_return                3.651    damage_dealt                382.442  │
│  damage_received             118.859    episode_length               89.491  │
│  wins                          0.000    wave                         68.000  │
│  idle_ticks                    1.018    brews_used                    5.158  │
│  blood_healed                  0.002    prayer_correct_rate           0.448  │
│  unavoidable_off_praye…        0.024    brews_remaining               6.842  │
│  restores_remaining            9.620    prayer_at_death              93.427  │
│  current_ranged               91.268    current_magic                85.016  │
│  behind_shield_pct             0.282    zuk_hp_remaining            819.624  │
│  min_zuk_hp_seen             821.581    hp_restored                   0.000  │
│  zuk_healer_damage             0.000    deaths_to_jad                 0.058  │
│  episode_return_normal         2.213    wins_normal                   0.000  │
│  min_zuk_hp_normal           974.912    score_normal                  0.188  │
│  zuk_objective_normal          0.188    phase_reached_normal          0.269  │
│  death_tick_normal            57.729    frac_min_hp_le_300_no…        0.000  │
╰──────────────────────────────────────────────────────────────────────────────╯

[0;0H╭──────────────────────────────────────────────────────────────────────────────╮
│  PufferLib 4.0          🐡        GPU: 0%      VRAM: 0.4/18G      RAM: 0.9G  │
│                                                                              │
│  Summary          Value    Evaluate   249ms  36%    Losses            Value  │
│  Env       osrs_inferno      GPU      207ms  30%    policy            0.002  │
│  Params          752.1K      Env       42ms   6%    value             0.051  │
│  Steps            28.0M    Train      426ms  63%    entropy           1.364  │
│  SPS             239.7K      Misc       0ms   0%    total             0.025  │
│  Epoch              855      Forwa…     0ms   0%    old_kl            0.024  │
│  Uptime    0d 0h 1m 56s                             kl                0.022  │
│  Remaini…  0d 0h 1m 31s                             clipfrac          0.218  │
│                                                     bc                0.000  │
│                                                                              │
│  User Stats                    Value    User Stats                    Value  │
│  episode_return                3.653    damage_dealt                382.599  │
│  damage_received             117.892    episode_length               89.620  │
│  wins                          0.000    wave                         68.000  │
│  idle_ticks                    1.061    brews_used                    5.089  │
│  blood_healed                  0.000    prayer_correct_rate           0.453  │
│  unavoidable_off_praye…        0.024    brews_remaining               6.911  │
│  restores_remaining            9.618    prayer_at_death              93.428  │
│  current_ranged               90.991    current_magic                84.867  │
│  behind_shield_pct             0.283    zuk_hp_remaining            819.416  │
│  min_zuk_hp_seen             821.221    hp_restored                   0.000  │
│  zuk_healer_damage             0.000    deaths_to_jad                 0.053  │
│  episode_return_normal         2.192    wins_normal                   0.000  │
│  min_zuk_hp_normal           976.927    score_normal                  0.186  │
│  zuk_objective_normal          0.186    phase_reached_normal          0.261  │
│  death_tick_normal            57.639    frac_min_hp_le_300_no…        0.000  │
╰──────────────────────────────────────────────────────────────────────────────╯

[0;0H╭──────────────────────────────────────────────────────────────────────────────╮
│  PufferLib 4.0         🐡         GPU: 0%      VRAM: 0.4/18G      RAM: 0.9G  │
│                                                                              │
│  Summary          Value    Evaluate   249ms  36%    Losses            Value  │
│  Env       osrs_inferno      GPU      206ms  30%    policy            0.011  │
│  Params          752.1K      Env       43ms   6%    value             0.048  │
│  Steps            28.2M    Train      426ms  63%    entropy           1.357  │
│  SPS             240.1K      Misc       0ms   0%    total             0.033  │
│  Epoch              860      Forwa…     0ms   0%    old_kl            0.024  │
│  Uptime    0d 0h 1m 57s                             kl                0.022  │
│  Remaini…  0d 0h 1m 30s                             clipfrac          0.213  │
│                                                     bc                0.000  │
│                                                                              │
│  User Stats                    Value    User Stats                    Value  │
│  episode_return                3.567    damage_dealt                373.629  │
│  damage_received             117.071    episode_length               87.930  │
│  wins                          0.000    wave                         68.000  │
│  idle_ticks                    1.151    brews_used                    5.074  │
│  blood_healed                  0.000    prayer_correct_rate           0.444  │
│  unavoidable_off_praye…        0.024    brews_remaining               6.926  │
│  restores_remaining            9.677    prayer_at_death              93.308  │
│  current_ranged               91.289    current_magic                84.902  │
│  behind_shield_pct             0.278    zuk_hp_remaining            828.247  │
│  min_zuk_hp_seen             830.035    hp_restored                   0.000  │
│  zuk_healer_damage             0.000    deaths_to_jad                 0.066  │
│  episode_return_normal         2.206    wins_normal                   0.000  │
│  min_zuk_hp_normal           974.954    score_normal                  0.188  │
│  zuk_objective_normal          0.188    phase_reached_normal          0.273  │
│  death_tick_normal            58.063    frac_min_hp_le_300_no…        0.000  │
╰──────────────────────────────────────────────────────────────────────────────╯

[0;0H╭──────────────────────────────────────────────────────────────────────────────╮
│  PufferLib 4.0        🐡          GPU: 0%      VRAM: 0.4/18G      RAM: 0.9G  │
│                                                                              │
│  Summary          Value    Evaluate   249ms  37%    Losses            Value  │
│  Env       osrs_inferno      GPU      207ms  30%    policy            0.015  │
│  Params          752.1K      Env       42ms   6%    value             0.041  │
│  Steps            28.3M    Train      424ms  62%    entropy           1.355  │
│  SPS             240.8K      Misc       0ms   0%    total             0.033  │
│  Epoch              865      Forwa…     0ms   0%    old_kl            0.023  │
│  Uptime    0d 0h 1m 58s                             kl                0.021  │
│  Remaini…  0d 0h 1m 29s                             clipfrac          0.221  │
│                                                     bc                0.000  │
│                                                                              │
│  User Stats                    Value    User Stats                    Value  │
│  episode_return                3.715    damage_dealt                389.658  │
│  damage_received             118.252    episode_length               91.192  │
│  wins                          0.000    wave                         68.000  │
│  idle_ticks                    1.270    brews_used                    5.111  │
│  blood_healed                  0.000    prayer_correct_rate           0.456  │
│  unavoidable_off_praye…        0.024    brews_remaining               6.889  │
│  restores_remaining            9.558    prayer_at_death              93.498  │
│  current_ranged               91.614    current_magic                85.415  │
│  behind_shield_pct             0.291    zuk_hp_remaining            812.567  │
│  min_zuk_hp_seen             814.333    hp_restored                   0.022  │
│  zuk_healer_damage             0.000    deaths_to_jad                 0.062  │
│  episode_return_normal         2.213    wins_normal                   0.000  │
│  min_zuk_hp_normal           974.238    score_normal                  0.188  │
│  zuk_objective_normal          0.188    phase_reached_normal          0.271  │
│  death_tick_normal            58.335    frac_min_hp_le_300_no…        0.000  │
╰──────────────────────────────────────────────────────────────────────────────╯

[0;0H╭──────────────────────────────────────────────────────────────────────────────╮
│  PufferLib 4.0       🐡           GPU: 0%      VRAM: 0.4/18G      RAM: 0.9G  │
│                                                                              │
│  Summary          Value    Evaluate   250ms  36%    Losses            Value  │
│  Env       osrs_inferno      GPU      208ms  30%    policy           -0.004  │
│  Params          752.1K      Env       42ms   6%    value             0.035  │
│  Steps            28.5M    Train      426ms  63%    entropy           1.285  │
│  SPS             239.7K      Misc       0ms   0%    total             0.012  │
│  Epoch              870      Forwa…     0ms   0%    old_kl            0.028  │
│  Uptime    0d 0h 1m 58s                             kl                0.025  │
│  Remaini…  0d 0h 1m 29s                             clipfrac          0.209  │
│                                                     bc                0.000  │
│                                                                              │
│  User Stats                    Value    User Stats                    Value  │
│  episode_return                3.765    damage_dealt                395.000  │
│  damage_received             117.925    episode_length               92.122  │
│  wins                          0.000    wave                         68.000  │
│  idle_ticks                    1.330    brews_used                    5.067  │
│  blood_healed                  0.000    prayer_correct_rate           0.460  │
│  unavoidable_off_praye…        0.024    brews_remaining               6.933  │
│  restores_remaining            9.569    prayer_at_death              93.317  │
│  current_ranged               91.386    current_magic                84.996  │
│  behind_shield_pct             0.297    zuk_hp_remaining            807.631  │
│  min_zuk_hp_seen             809.299    hp_restored                   0.022  │
│  zuk_healer_damage             0.000    deaths_to_jad                 0.067  │
│  episode_return_normal         2.226    wins_normal                   0.000  │
│  min_zuk_hp_normal           973.439    score_normal                  0.189  │
│  zuk_objective_normal          0.189    phase_reached_normal          0.267  │
│  death_tick_normal            58.474    frac_min_hp_le_300_no…        0.000  │
╰──────────────────────────────────────────────────────────────────────────────╯

[0;0H╭──────────────────────────────────────────────────────────────────────────────╮
│  PufferLib 4.0      🐡            GPU: 0%      VRAM: 0.4/18G      RAM: 0.9G  │
│                                                                              │
│  Summary          Value    Evaluate   251ms  37%    Losses            Value  │
│  Env       osrs_inferno      GPU      209ms  30%    policy            0.004  │
│  Params          752.1K      Env       42ms   6%    value             0.044  │
│  Steps            28.7M    Train      426ms  62%    entropy           1.338  │
│  SPS             239.3K      Misc       0ms   0%    total             0.024  │
│  Epoch              875      Forwa…     0ms   0%    old_kl            0.027  │
│  Uptime    0d 0h 1m 59s                             kl                0.025  │
│  Remaini…  0d 0h 1m 29s                             clipfrac          0.209  │
│                                                     bc                0.000  │
│                                                                              │
│  User Stats                    Value    User Stats                    Value  │
│  episode_return                3.571    damage_dealt                374.576  │
│  damage_received             115.207    episode_length               87.504  │
│  wins                          0.000    wave                         68.000  │
│  idle_ticks                    1.190    brews_used                    4.940  │
│  blood_healed                  0.000    prayer_correct_rate           0.445  │
│  unavoidable_off_praye…        0.024    brews_remaining               7.060  │
│  restores_remaining            9.714    prayer_at_death              93.019  │
│  current_ranged               91.427    current_magic                84.861  │
│  behind_shield_pct             0.285    zuk_hp_remaining            827.987  │
│  min_zuk_hp_seen             829.648    hp_restored                   0.022  │
│  zuk_healer_damage             0.000    deaths_to_jad                 0.057  │
│  episode_return_normal         2.205    wins_normal                   0.000  │
│  min_zuk_hp_normal           975.335    score_normal                  0.187  │
│  zuk_objective_normal          0.187    phase_reached_normal          0.269  │
│  death_tick_normal            57.515    frac_min_hp_le_300_no…        0.000  │
╰──────────────────────────────────────────────────────────────────────────────╯

[0;0H╭──────────────────────────────────────────────────────────────────────────────╮
│  PufferLib 4.0     🐡             GPU: 0%      VRAM: 0.4/18G      RAM: 0.9G  │
│                                                                              │
│  Summary          Value    Evaluate   251ms  37%    Losses            Value  │
│  Env       osrs_inferno      GPU      209ms  30%    policy           -0.004  │
│  Params          752.1K      Env       42ms   6%    value             0.036  │
│  Steps            28.8M    Train      427ms  62%    entropy           1.281  │
│  SPS             239.1K      Misc       0ms   0%    total             0.011  │
│  Epoch              880      Forwa…     0ms   0%    old_kl            0.029  │
│  Uptime     0d 0h 2m 0s                             kl                0.027  │
│  Remaini…  0d 0h 1m 28s                             clipfrac          0.199  │
│                                                     bc                0.000  │
│                                                                              │
│  User Stats                    Value    User Stats                    Value  │
│  episode_return                3.802    damage_dealt                398.812  │
│  damage_received             121.466    episode_length               92.689  │
│  wins                          0.000    wave                         68.000  │
│  idle_ticks                    1.193    brews_used                    5.207  │
│  blood_healed                  0.000    prayer_correct_rate           0.455  │
│  unavoidable_off_praye…        0.026    brews_remaining               6.793  │
│  restores_remaining            9.537    prayer_at_death              93.123  │
│  current_ranged               90.535    current_magic                84.359  │
│  behind_shield_pct             0.294    zuk_hp_remaining            803.394  │
│  min_zuk_hp_seen             805.293    hp_restored                   0.000  │
│  zuk_healer_damage             0.000    deaths_to_jad                 0.067  │
│  episode_return_normal         2.263    wins_normal                   0.000  │
│  min_zuk_hp_normal           969.079    score_normal                  0.192  │
│  zuk_objective_normal          0.192    phase_reached_normal          0.286  │
│  death_tick_normal            59.300    frac_min_hp_le_300_no…        0.000  │
╰──────────────────────────────────────────────────────────────────────────────╯

[0;0H╭──────────────────────────────────────────────────────────────────────────────╮
│  PufferLib 4.0    🐡              GPU: 0%      VRAM: 0.4/18G      RAM: 0.9G  │
│                                                                              │
│  Summary          Value    Evaluate   250ms  37%    Losses            Value  │
│  Env       osrs_inferno      GPU      208ms  30%    policy            0.016  │
│  Params          752.1K      Env       42ms   6%    value             0.037  │
│  Steps            29.0M    Train      423ms  62%    entropy           1.292  │
│  SPS             240.7K      Misc       0ms   0%    total             0.033  │
│  Epoch              885      Forwa…     0ms   0%    old_kl            0.027  │
│  Uptime     0d 0h 2m 0s                             kl                0.024  │
│  Remaini…  0d 0h 1m 27s                             clipfrac          0.208  │
│                                                     bc                0.000  │
│                                                                              │
│  User Stats                    Value    User Stats                    Value  │
│  episode_return                3.625    damage_dealt                379.767  │
│  damage_received             119.838    episode_length               89.084  │
│  wins                          0.000    wave                         68.000  │
│  idle_ticks                    1.158    brews_used                    5.193  │
│  blood_healed                  0.000    prayer_correct_rate           0.440  │
│  unavoidable_off_praye…        0.024    brews_remaining               6.807  │
│  restores_remaining            9.627    prayer_at_death              93.096  │
│  current_ranged               90.892    current_magic                84.218  │
│  behind_shield_pct             0.280    zuk_hp_remaining            822.152  │
│  min_zuk_hp_seen             823.633    hp_restored                   0.067  │
│  zuk_healer_damage             0.000    deaths_to_jad                 0.056  │
│  episode_return_normal         2.263    wins_normal                   0.000  │
│  min_zuk_hp_normal           968.612    score_normal                  0.193  │
│  zuk_objective_normal          0.193    phase_reached_normal          0.291  │
│  death_tick_normal            59.458    frac_min_hp_le_300_no…        0.000  │
╰──────────────────────────────────────────────────────────────────────────────╯

[0;0H╭──────────────────────────────────────────────────────────────────────────────╮
│  PufferLib 4.0   🐡               GPU: 0%      VRAM: 0.4/18G      RAM: 0.9G  │
│                                                                              │
│  Summary          Value    Evaluate   252ms  37%    Losses            Value  │
│  Env       osrs_inferno      GPU      209ms  30%    policy            0.003  │
│  Params          752.1K      Env       42ms   6%    value             0.032  │
│  Steps            29.2M    Train      425ms  62%    entropy           1.262  │
│  SPS             239.6K      Misc       0ms   0%    total             0.017  │
│  Epoch              890      Forwa…     0ms   0%    old_kl            0.024  │
│  Uptime     0d 0h 2m 1s                             kl                0.022  │
│  Remaini…  0d 0h 1m 26s                             clipfrac          0.199  │
│                                                     bc                0.000  │
│                                                                              │
│  User Stats                    Value    User Stats                    Value  │
│  episode_return                3.684    damage_dealt                384.925  │
│  damage_received             118.523    episode_length               90.023  │
│  wins                          0.000    wave                         68.000  │
│  idle_ticks                    1.079    brews_used                    4.995  │
│  blood_healed                  0.003    prayer_correct_rate           0.446  │
│  unavoidable_off_praye…        0.024    brews_remaining               7.005  │
│  restores_remaining            9.678    prayer_at_death              93.155  │
│  current_ranged               90.908    current_magic                84.244  │
│  behind_shield_pct             0.299    zuk_hp_remaining            816.893  │
│  min_zuk_hp_seen             818.021    hp_restored                   0.022  │
│  zuk_healer_damage             0.000    deaths_to_jad                 0.068  │
│  episode_return_normal         2.235    wins_normal                   0.000  │
│  min_zuk_hp_normal           972.250    score_normal                  0.190  │
│  zuk_objective_normal          0.190    phase_reached_normal          0.259  │
│  death_tick_normal            58.865    frac_min_hp_le_300_no…        0.000  │
╰──────────────────────────────────────────────────────────────────────────────╯

[0;0H╭──────────────────────────────────────────────────────────────────────────────╮
│  PufferLib 4.0  🐡                GPU: 0%      VRAM: 0.4/18G      RAM: 0.9G  │
│                                                                              │
│  Summary          Value    Evaluate   250ms  37%    Losses            Value  │
│  Env       osrs_inferno      GPU      208ms  30%    policy           -0.006  │
│  Params          752.1K      Env       42ms   6%    value             0.040  │
│  Steps            29.3M    Train      425ms  62%    entropy           1.300  │
│  SPS             240.1K      Misc       0ms   0%    total             0.012  │
│  Epoch              895      Forwa…     0ms   0%    old_kl            0.026  │
│  Uptime     0d 0h 2m 2s                             kl                0.024  │
│  Remaini…  0d 0h 1m 26s                             clipfrac          0.206  │
│                                                     bc                0.000  │
│                                                                              │
│  User Stats                    Value    User Stats                    Value  │
│  episode_return                3.771    damage_dealt                393.248  │
│  damage_received             121.537    episode_length               90.284  │
│  wins                          0.000    wave                         68.000  │
│  idle_ticks                    1.054    brews_used                    5.216  │
│  blood_healed                  0.000    prayer_correct_rate           0.440  │
│  unavoidable_off_praye…        0.024    brews_remaining               6.784  │
│  restores_remaining            9.664    prayer_at_death              92.943  │
│  current_ranged               90.017    current_magic                83.482  │
│  behind_shield_pct             0.293    zuk_hp_remaining            808.047  │
│  min_zuk_hp_seen             809.535    hp_restored                   0.045  │
│  zuk_healer_damage             0.000    deaths_to_jad                 0.072  │
│  episode_return_normal         2.388    wins_normal                   0.000  │
│  min_zuk_hp_normal           957.141    score_normal                  0.202  │
│  zuk_objective_normal          0.202    phase_reached_normal          0.310  │
│  death_tick_normal            59.844    frac_min_hp_le_300_no…        0.000  │
╰──────────────────────────────────────────────────────────────────────────────╯

[0;0H╭──────────────────────────────────────────────────────────────────────────────╮
│  PufferLib 4.0 🐡                 GPU: 0%      VRAM: 0.4/18G      RAM: 0.9G  │
│                                                                              │
│  Summary          Value    Evaluate   251ms  37%    Losses            Value  │
│  Env       osrs_inferno      GPU      209ms  30%    policy            0.017  │
│  Params          752.1K      Env       42ms   6%    value             0.034  │
│  Steps            29.5M    Train      424ms  62%    entropy           1.279  │
│  SPS             239.9K      Misc       0ms   0%    total             0.032  │
│  Epoch              900      Forwa…     0ms   0%    old_kl            0.022  │
│  Uptime     0d 0h 2m 2s                             kl                0.021  │
│  Remaini…  0d 0h 1m 25s                             clipfrac          0.208  │
│                                                     bc                0.000  │
│                                                                              │
│  User Stats                    Value    User Stats                    Value  │
│  episode_return                3.684    damage_dealt                383.678  │
│  damage_received             119.005    episode_length               87.661  │
│  wins                          0.000    wave                         68.000  │
│  idle_ticks                    1.018    brews_used                    5.098  │
│  blood_healed                  0.000    prayer_correct_rate           0.432  │
│  unavoidable_off_praye…        0.024    brews_remaining               6.902  │
│  restores_remaining            9.756    prayer_at_death              92.552  │
│  current_ranged               90.237    current_magic                83.390  │
│  behind_shield_pct             0.283    zuk_hp_remaining            817.409  │
│  min_zuk_hp_seen             818.963    hp_restored                   0.000  │
│  zuk_healer_damage             0.000    deaths_to_jad                 0.057  │
│  episode_return_normal         2.390    wins_normal                   0.000  │
│  min_zuk_hp_normal           956.902    score_normal                  0.203  │
│  zuk_objective_normal          0.203    phase_reached_normal          0.336  │
│  death_tick_normal            59.284    frac_min_hp_le_300_no…        0.000  │
╰──────────────────────────────────────────────────────────────────────────────╯

[0;0H╭──────────────────────────────────────────────────────────────────────────────╮
│  PufferLib 4.0          🐡        GPU: 0%      VRAM: 0.4/18G      RAM: 0.9G  │
│                                                                              │
│  Summary          Value    Evaluate   251ms  37%    Losses            Value  │
│  Env       osrs_inferno      GPU      209ms  30%    policy            0.022  │
│  Params          752.1K      Env       42ms   6%    value             0.031  │
│  Steps            29.7M    Train      427ms  62%    entropy           1.252  │
│  SPS             239.1K      Misc       0ms   0%    total             0.036  │
│  Epoch              905      Forwa…     0ms   0%    old_kl            0.025  │
│  Uptime     0d 0h 2m 3s                             kl                0.021  │
│  Remaini…  0d 0h 1m 25s                             clipfrac          0.197  │
│                                                     bc                0.000  │
│                                                                              │
│  User Stats                    Value    User Stats                    Value  │
│  episode_return                3.735    damage_dealt                389.835  │
│  damage_received             120.541    episode_length               89.710  │
│  wins                          0.000    wave                         68.000  │
│  idle_ticks                    1.073    brews_used                    5.049  │
│  blood_healed                  0.000    prayer_correct_rate           0.444  │
│  unavoidable_off_praye…        0.025    brews_remaining               6.951  │
│  restores_remaining            9.676    prayer_at_death              92.923  │
│  current_ranged               90.994    current_magic                84.499  │
│  behind_shield_pct             0.292    zuk_hp_remaining            811.165  │
│  min_zuk_hp_seen             812.959    hp_restored                   0.000  │
│  zuk_healer_damage             0.000    deaths_to_jad                 0.068  │
│  episode_return_normal         2.306    wins_normal                   0.000  │
│  min_zuk_hp_normal           965.104    score_normal                  0.196  │
│  zuk_objective_normal          0.196    phase_reached_normal          0.293  │
│  death_tick_normal            58.749    frac_min_hp_le_300_no…        0.000  │
╰──────────────────────────────────────────────────────────────────────────────╯

[0;0H╭──────────────────────────────────────────────────────────────────────────────╮
│  PufferLib 4.0         🐡         GPU: 0%      VRAM: 0.4/18G      RAM: 0.9G  │
│                                                                              │
│  Summary          Value    Evaluate   250ms  37%    Losses            Value  │
│  Env       osrs_inferno      GPU      207ms  30%    policy           -0.011  │
│  Params          752.1K      Env       43ms   6%    value             0.032  │
│  Steps            29.8M    Train      425ms  62%    entropy           1.257  │
│  SPS             240.0K      Misc       0ms   0%    total             0.003  │
│  Epoch              910      Forwa…     0ms   0%    old_kl            0.023  │
│  Uptime     0d 0h 2m 4s                             kl                0.022  │
│  Remaini…  0d 0h 1m 24s                             clipfrac          0.195  │
│                                                     bc                0.000  │
│                                                                              │
│  User Stats                    Value    User Stats                    Value  │
│  episode_return                3.691    damage_dealt                384.587  │
│  damage_received             121.299    episode_length               88.538  │
│  wins                          0.000    wave                         68.000  │
│  idle_ticks                    1.040    brews_used                    5.134  │
│  blood_healed                  0.000    prayer_correct_rate           0.434  │
│  unavoidable_off_praye…        0.024    brews_remaining               6.866  │
│  restores_remaining            9.707    prayer_at_death              93.001  │
│  current_ranged               90.483    current_magic                84.171  │
│  behind_shield_pct             0.292    zuk_hp_remaining            816.477  │
│  min_zuk_hp_seen             817.984    hp_restored                   0.024  │
│  zuk_healer_damage             0.000    deaths_to_jad                 0.062  │
│  episode_return_normal         2.360    wins_normal                   0.000  │
│  min_zuk_hp_normal           959.878    score_normal                  0.200  │
│  zuk_objective_normal          0.200    phase_reached_normal          0.317  │
│  death_tick_normal            59.565    frac_min_hp_le_300_no…        0.000  │
╰──────────────────────────────────────────────────────────────────────────────╯

[0;0H╭──────────────────────────────────────────────────────────────────────────────╮
│  PufferLib 4.0        🐡          GPU: 0%      VRAM: 0.4/18G      RAM: 0.9G  │
│                                                                              │
│  Summary          Value    Evaluate   243ms  36%    Losses            Value  │
│  Env       osrs_inferno      GPU      202ms  30%    policy           -0.011  │
│  Params          752.1K      Env       40ms   6%    value             0.035  │
│  Steps            30.0M    Train      424ms  63%    entropy           1.218  │
│  SPS             243.0K      Misc       0ms   0%    total             0.004  │
│  Epoch              915      Forwa…     0ms   0%    old_kl            0.021  │
│  Uptime     0d 0h 2m 4s                             kl                0.020  │
│  Remaini…  0d 0h 1m 22s                             clipfrac          0.198  │
│                                                     bc                0.000  │
│                                                                              │
│  User Stats                    Value    User Stats                    Value  │
│  episode_return                3.829    damage_dealt                399.779  │
│  damage_received             122.535    episode_length               91.403  │
│  wins                          0.000    wave                         68.000  │
│  idle_ticks                    1.071    brews_used                    5.107  │
│  blood_healed                  0.000    prayer_correct_rate           0.445  │
│  unavoidable_off_praye…        0.025    brews_remaining               6.893  │
│  restores_remaining            9.595    prayer_at_death              93.155  │
│  current_ranged               91.508    current_magic                85.222  │
│  behind_shield_pct             0.300    zuk_hp_remaining            801.475  │
│  min_zuk_hp_seen             803.143    hp_restored                   0.073  │
│  zuk_healer_damage             0.000    deaths_to_jad                 0.073  │
│  episode_return_normal         2.376    wins_normal                   0.000  │
│  min_zuk_hp_normal           958.075    score_normal                  0.202  │
│  zuk_objective_normal          0.202    phase_reached_normal          0.320  │
│  death_tick_normal            59.676    frac_min_hp_le_300_no…        0.000  │
╰──────────────────────────────────────────────────────────────────────────────╯

[0;0H╭──────────────────────────────────────────────────────────────────────────────╮
│  PufferLib 4.0       🐡           GPU: 0%      VRAM: 0.4/18G      RAM: 0.9G  │
│                                                                              │
│  Summary          Value    Evaluate   246ms  36%    Losses            Value  │
│  Env       osrs_inferno      GPU      204ms  30%    policy            0.008  │
│  Params          752.1K      Env       42ms   6%    value             0.035  │
│  Steps            30.1M    Train      422ms  63%    entropy           1.240  │
│  SPS             242.8K      Misc       0ms   0%    total             0.024  │
│  Epoch              920      Forwa…     0ms   0%    old_kl            0.023  │
│  Uptime     0d 0h 2m 5s                             kl                0.024  │
│  Remaini…  0d 0h 1m 21s                             clipfrac          0.192  │
│                                                     bc                0.000  │
│                                                                              │
│  User Stats                    Value    User Stats                    Value  │
│  episode_return                3.827    damage_dealt                399.442  │
│  damage_received             122.972    episode_length               91.483  │
│  wins                          0.000    wave                         68.000  │
│  idle_ticks                    1.053    brews_used                    5.172  │
│  blood_healed                  0.000    prayer_correct_rate           0.438  │
│  unavoidable_off_praye…        0.024    brews_remaining               6.828  │
│  restores_remaining            9.582    prayer_at_death              93.188  │
│  current_ranged               91.005    current_magic                84.918  │
│  behind_shield_pct             0.305    zuk_hp_remaining            802.027  │
│  min_zuk_hp_seen             803.612    hp_restored                   0.000  │
│  zuk_healer_damage             0.000    deaths_to_jad                 0.067  │
│  episode_return_normal         2.433    wins_normal                   0.000  │
│  min_zuk_hp_normal           952.183    score_normal                  0.207  │
│  zuk_objective_normal          0.207    phase_reached_normal          0.324  │
│  death_tick_normal            61.094    frac_min_hp_le_300_no…        0.000  │
╰──────────────────────────────────────────────────────────────────────────────╯

[0;0H╭──────────────────────────────────────────────────────────────────────────────╮
│  PufferLib 4.0      🐡            GPU: 0%      VRAM: 0.4/18G      RAM: 0.9G  │
│                                                                              │
│  Summary          Value    Evaluate   244ms  36%    Losses            Value  │
│  Env       osrs_inferno      GPU      202ms  30%    policy            0.008  │
│  Params          752.1K      Env       42ms   6%    value             0.034  │
│  Steps            30.3M    Train      424ms  63%    entropy           1.185  │
│  SPS             242.8K      Misc       0ms   0%    total             0.023  │
│  Epoch              925      Forwa…     0ms   0%    old_kl            0.024  │
│  Uptime     0d 0h 2m 6s                             kl                0.023  │
│  Remaini…  0d 0h 1m 21s                             clipfrac          0.191  │
│                                                     bc                0.000  │
│                                                                              │
│  User Stats                    Value    User Stats                    Value  │
│  episode_return                3.772    damage_dealt                392.834  │
│  damage_received             120.466    episode_length               89.971  │
│  wins                          0.000    wave                         68.000  │
│  idle_ticks                    1.049    brews_used                    4.978  │
│  blood_healed                  0.000    prayer_correct_rate           0.439  │
│  unavoidable_off_praye…        0.024    brews_remaining               7.022  │
│  restores_remaining            9.657    prayer_at_death              92.834  │
│  current_ranged               91.639    current_magic                85.068  │
│  behind_shield_pct             0.306    zuk_hp_remaining            808.585  │
│  min_zuk_hp_seen             809.974    hp_restored                   0.000  │
│  zuk_healer_damage             0.000    deaths_to_jad                 0.061  │
│  episode_return_normal         2.390    wins_normal                   0.000  │
│  min_zuk_hp_normal           957.348    score_normal                  0.202  │
│  zuk_objective_normal          0.202    phase_reached_normal          0.301  │
│  death_tick_normal            59.744    frac_min_hp_le_300_no…        0.000  │
╰──────────────────────────────────────────────────────────────────────────────╯

[0;0H╭──────────────────────────────────────────────────────────────────────────────╮
│  PufferLib 4.0     🐡             GPU: 0%      VRAM: 0.4/18G      RAM: 0.9G  │
│                                                                              │
│  Summary          Value    Evaluate   247ms  36%    Losses            Value  │
│  Env       osrs_inferno      GPU      205ms  30%    policy           -0.008  │
│  Params          752.1K      Env       42ms   6%    value             0.035  │
│  Steps            30.5M    Train      424ms  63%    entropy           1.190  │
│  SPS             241.5K      Misc       0ms   0%    total             0.008  │
│  Epoch              930      Forwa…     0ms   0%    old_kl            0.024  │
│  Uptime     0d 0h 2m 7s                             kl                0.024  │
│  Remaini…  0d 0h 1m 20s                             clipfrac          0.191  │
│                                                     bc                0.000  │
│                                                                              │
│  User Stats                    Value    User Stats                    Value  │
│  episode_return                3.742    damage_dealt                390.515  │
│  damage_received             119.714    episode_length               90.217  │
│  wins                          0.000    wave                         68.000  │
│  idle_ticks                    1.058    brews_used                    4.969  │
│  blood_healed                  0.000    prayer_correct_rate           0.438  │
│  unavoidable_off_praye…        0.023    brews_remaining               7.031  │
│  restores_remaining            9.708    prayer_at_death              92.518  │
│  current_ranged               91.230    current_magic                84.800  │
│  behind_shield_pct             0.314    zuk_hp_remaining            810.692  │
│  min_zuk_hp_seen             812.449    hp_restored                   0.000  │
│  zuk_healer_damage             0.000    deaths_to_jad                 0.077  │
│  episode_return_normal         2.370    wins_normal                   0.000  │
│  min_zuk_hp_normal           958.676    score_normal                  0.201  │
│  zuk_objective_normal          0.201    phase_reached_normal          0.300  │
│  death_tick_normal            60.221    frac_min_hp_le_300_no…        0.000  │
╰──────────────────────────────────────────────────────────────────────────────╯

[0;0H╭──────────────────────────────────────────────────────────────────────────────╮
│  PufferLib 4.0    🐡              GPU: 0%      VRAM: 0.4/18G      RAM: 0.9G  │
│                                                                              │
│  Summary          Value    Evaluate   250ms  37%    Losses            Value  │
│  Env       osrs_inferno      GPU      207ms  30%    policy           -0.008  │
│  Params          752.1K      Env       42ms   6%    value             0.035  │
│  Steps            30.6M    Train      424ms  62%    entropy           1.146  │
│  SPS             240.3K      Misc       0ms   0%    total             0.008  │
│  Epoch              935      Forwa…     0ms   0%    old_kl            0.024  │
│  Uptime     0d 0h 2m 7s                             kl                0.022  │
│  Remaini…  0d 0h 1m 20s                             clipfrac          0.182  │
│                                                     bc                0.000  │
│                                                                              │
│  User Stats                    Value    User Stats                    Value  │
│  episode_return                3.813    damage_dealt                397.087  │
│  damage_received             122.193    episode_length               90.205  │
│  wins                          0.000    wave                         68.000  │
│  idle_ticks                    1.007    brews_used                    5.102  │
│  blood_healed                  0.000    prayer_correct_rate           0.436  │
│  unavoidable_off_praye…        0.022    brews_remaining               6.898  │
│  restores_remaining            9.681    prayer_at_death              92.662  │
│  current_ranged               90.550    current_magic                84.104  │
│  behind_shield_pct             0.312    zuk_hp_remaining            804.488  │
│  min_zuk_hp_seen             805.772    hp_restored                   0.000  │
│  zuk_healer_damage             0.000    deaths_to_jad                 0.058  │
│  episode_return_normal         2.471    wins_normal                   0.000  │
│  min_zuk_hp_normal           949.014    score_normal                  0.209  │
│  zuk_objective_normal          0.209    phase_reached_normal          0.345  │
│  death_tick_normal            60.811    frac_min_hp_le_300_no…        0.000  │
╰──────────────────────────────────────────────────────────────────────────────╯

[0;0H╭──────────────────────────────────────────────────────────────────────────────╮
│  PufferLib 4.0   🐡               GPU: 0%      VRAM: 0.4/18G      RAM: 0.9G  │
│                                                                              │
│  Summary          Value    Evaluate   251ms  37%    Losses            Value  │
│  Env       osrs_inferno      GPU      208ms  30%    policy           -0.002  │
│  Params          752.1K      Env       42ms   6%    value             0.040  │
│  Steps            30.8M    Train      425ms  62%    entropy           1.174  │
│  SPS             239.8K      Misc       0ms   0%    total             0.016  │
│  Epoch              940      Forwa…     0ms   0%    old_kl            0.028  │
│  Uptime     0d 0h 2m 8s                             kl                0.026  │
│  Remaini…  0d 0h 1m 20s                             clipfrac          0.195  │
│                                                     bc                0.000  │
│                                                                              │
│  User Stats                    Value    User Stats                    Value  │
│  episode_return                3.706    damage_dealt                386.377  │
│  damage_received             116.161    episode_length               87.841  │
│  wins                          0.000    wave                         68.000  │
│  idle_ticks                    1.109    brews_used                    4.819  │
│  blood_healed                  0.000    prayer_correct_rate           0.424  │
│  unavoidable_off_praye…        0.021    brews_remaining               7.181  │
│  restores_remaining            9.712    prayer_at_death              92.798  │
│  current_ranged               91.507    current_magic                85.014  │
│  behind_shield_pct             0.324    zuk_hp_remaining            815.700  │
│  min_zuk_hp_seen             816.869    hp_restored                   0.000  │
│  zuk_healer_damage             0.000    deaths_to_jad                 0.046  │
│  episode_return_normal         2.473    wins_normal                   0.000  │
│  min_zuk_hp_normal           948.304    score_normal                  0.210  │
│  zuk_objective_normal          0.210    phase_reached_normal          0.339  │
│  death_tick_normal            60.977    frac_min_hp_le_300_no…        0.000  │
╰──────────────────────────────────────────────────────────────────────────────╯

[0;0H╭──────────────────────────────────────────────────────────────────────────────╮
│  PufferLib 4.0  🐡                GPU: 0%      VRAM: 0.4/18G      RAM: 0.9G  │
│                                                                              │
│  Summary          Value    Evaluate   248ms  36%    Losses            Value  │
│  Env       osrs_inferno      GPU      206ms  30%    policy           -0.001  │
│  Params          752.1K      Env       42ms   6%    value             0.039  │
│  Steps            31.0M    Train      426ms  63%    entropy           1.096  │
│  SPS             240.3K      Misc       0ms   0%    total             0.017  │
│  Epoch              945      Forwa…     0ms   0%    old_kl            0.035  │
│  Uptime     0d 0h 2m 9s                             kl                0.033  │
│  Remaini…  0d 0h 1m 19s                             clipfrac          0.181  │
│                                                     bc                0.000  │
│                                                                              │
│  User Stats                    Value    User Stats                    Value  │
│  episode_return                3.829    damage_dealt                399.368  │
│  damage_received             113.848    episode_length               90.594  │
│  wins                          0.000    wave                         68.000  │
│  idle_ticks                    1.151    brews_used                    4.724  │
│  blood_healed                  0.000    prayer_correct_rate           0.440  │
│  unavoidable_off_praye…        0.023    brews_remaining               7.276  │
│  restores_remaining            9.704    prayer_at_death              92.717  │
│  current_ranged               90.891    current_magic                84.596  │
│  behind_shield_pct             0.341    zuk_hp_remaining            802.430  │
│  min_zuk_hp_seen             803.919    hp_restored                   0.086  │
│  zuk_healer_damage             0.000    deaths_to_jad                 0.063  │
│  episode_return_normal         2.434    wins_normal                   0.000  │
│  min_zuk_hp_normal           952.846    score_normal                  0.206  │
│  zuk_objective_normal          0.206    phase_reached_normal          0.323  │
│  death_tick_normal            60.152    frac_min_hp_le_300_no…        0.000  │
╰──────────────────────────────────────────────────────────────────────────────╯

[0;0H╭──────────────────────────────────────────────────────────────────────────────╮
│  PufferLib 4.0 🐡                 GPU: 0%      VRAM: 0.4/18G      RAM: 0.9G  │
│                                                                              │
│  Summary          Value    Evaluate   249ms  36%    Losses            Value  │
│  Env       osrs_inferno      GPU      207ms  30%    policy            0.019  │
│  Params          752.1K      Env       41ms   6%    value             0.039  │
│  Steps            31.1M    Train      427ms  63%    entropy           1.063  │
│  SPS             239.6K      Misc       0ms   0%    total             0.036  │
│  Epoch              950      Forwa…     0ms   0%    old_kl            0.025  │
│  Uptime     0d 0h 2m 9s                             kl                0.023  │
│  Remaini…  0d 0h 1m 18s                             clipfrac          0.183  │
│                                                     bc                0.000  │
│                                                                              │
│  User Stats                    Value    User Stats                    Value  │
│  episode_return                3.849    damage_dealt                401.136  │
│  damage_received             115.730    episode_length               91.257  │
│  wins                          0.000    wave                         68.000  │
│  idle_ticks                    1.145    brews_used                    4.855  │
│  blood_healed                  0.000    prayer_correct_rate           0.435  │
│  unavoidable_off_praye…        0.022    brews_remaining               7.145  │
│  restores_remaining            9.669    prayer_at_death              92.782  │
│  current_ranged               89.908    current_magic                83.950  │
│  behind_shield_pct             0.340    zuk_hp_remaining            800.351  │
│  min_zuk_hp_seen             801.834    hp_restored                   0.034  │
│  zuk_healer_damage             0.000    deaths_to_jad                 0.065  │
│  episode_return_normal         2.483    wins_normal                   0.000  │
│  min_zuk_hp_normal           947.727    score_normal                  0.210  │
│  zuk_objective_normal          0.210    phase_reached_normal          0.343  │
│  death_tick_normal            61.255    frac_min_hp_le_300_no…        0.000  │
╰──────────────────────────────────────────────────────────────────────────────╯

[0;0H╭──────────────────────────────────────────────────────────────────────────────╮
│  PufferLib 4.0          🐡        GPU: 0%      VRAM: 0.4/18G      RAM: 0.9G  │
│                                                                              │
│  Summary          Value    Evaluate   247ms  36%    Losses            Value  │
│  Env       osrs_inferno      GPU      206ms  30%    policy           -0.001  │
│  Params          752.1K      Env       41ms   6%    value             0.035  │
│  Steps            31.3M    Train      425ms  63%    entropy           1.063  │
│  SPS             240.8K      Misc       0ms   0%    total             0.015  │
│  Epoch              955      Forwa…     0ms   0%    old_kl            0.027  │
│  Uptime    0d 0h 2m 10s                             kl                0.025  │
│  Remaini…  0d 0h 1m 17s                             clipfrac          0.178  │
│                                                     bc                0.000  │
│                                                                              │
│  User Stats                    Value    User Stats                    Value  │
│  episode_return                3.867    damage_dealt                403.081  │
│  damage_received             115.599    episode_length               91.026  │
│  wins                          0.000    wave                         68.000  │
│  idle_ticks                    1.161    brews_used                    4.863  │
│  blood_healed                  0.000    prayer_correct_rate           0.436  │
│  unavoidable_off_praye…        0.023    brews_remaining               7.137  │
│  restores_remaining            9.680    prayer_at_death              92.414  │
│  current_ranged               89.986    current_magic                83.689  │
│  behind_shield_pct             0.336    zuk_hp_remaining            798.667  │
│  min_zuk_hp_seen             800.065    hp_restored                   0.000  │
│  zuk_healer_damage             0.000    deaths_to_jad                 0.061  │
│  episode_return_normal         2.492    wins_normal                   0.000  │
│  min_zuk_hp_normal           946.665    score_normal                  0.211  │
│  zuk_objective_normal          0.211    phase_reached_normal          0.330  │
│  death_tick_normal            61.192    frac_min_hp_le_300_no…        0.000  │
╰──────────────────────────────────────────────────────────────────────────────╯

[0;0H╭──────────────────────────────────────────────────────────────────────────────╮
│  PufferLib 4.0         🐡         GPU: 0%      VRAM: 0.4/18G      RAM: 0.9G  │
│                                                                              │
│  Summary          Value    Evaluate   249ms  36%    Losses            Value  │
│  Env       osrs_inferno      GPU      208ms  30%    policy           -0.006  │
│  Params          752.1K      Env       41ms   6%    value             0.036  │
│  Steps            31.5M    Train      429ms  63%    entropy           1.107  │
│  SPS             238.9K      Misc       0ms   0%    total             0.010  │
│  Epoch              960      Forwa…     0ms   0%    old_kl            0.028  │
│  Uptime    0d 0h 2m 11s                             kl                0.026  │
│  Remaini…  0d 0h 1m 17s                             clipfrac          0.185  │
│                                                     bc                0.000  │
│                                                                              │
│  User Stats                    Value    User Stats                    Value  │
│  episode_return                3.877    damage_dealt                404.590  │
│  damage_received             116.580    episode_length               91.936  │
│  wins                          0.000    wave                         68.000  │
│  idle_ticks                    1.165    brews_used                    4.940  │
│  blood_healed                  0.000    prayer_correct_rate           0.434  │
│  unavoidable_off_praye…        0.023    brews_remaining               7.060  │
│  restores_remaining            9.613    prayer_at_death              92.939  │
│  current_ranged               90.226    current_magic                84.394  │
│  behind_shield_pct             0.334    zuk_hp_remaining            796.986  │
│  min_zuk_hp_seen             798.341    hp_restored                   0.000  │
│  zuk_healer_damage             0.000    deaths_to_jad                 0.057  │
│  episode_return_normal         2.504    wins_normal                   0.000  │
│  min_zuk_hp_normal           944.663    score_normal                  0.213  │
│  zuk_objective_normal          0.213    phase_reached_normal          0.336  │
│  death_tick_normal            62.092    frac_min_hp_le_300_no…        0.000  │
╰──────────────────────────────────────────────────────────────────────────────╯

[0;0H╭──────────────────────────────────────────────────────────────────────────────╮
│  PufferLib 4.0        🐡          GPU: 0%      VRAM: 0.4/18G      RAM: 0.9G  │
│                                                                              │
│  Summary          Value    Evaluate   250ms  36%    Losses            Value  │
│  Env       osrs_inferno      GPU      208ms  30%    policy            0.002  │
│  Params          752.1K      Env       42ms   6%    value             0.037  │
│  Steps            31.6M    Train      428ms  63%    entropy           1.079  │
│  SPS             239.2K      Misc       0ms   0%    total             0.019  │
│  Epoch              965      Forwa…     0ms   0%    old_kl            0.029  │
│  Uptime    0d 0h 2m 11s                             kl                0.028  │
│  Remaini…  0d 0h 1m 16s                             clipfrac          0.183  │
│                                                     bc                0.000  │
│                                                                              │
│  User Stats                    Value    User Stats                    Value  │
│  episode_return                3.676    damage_dealt                383.757  │
│  damage_received             111.731    episode_length               88.303  │
│  wins                          0.000    wave                         68.000  │
│  idle_ticks                    1.150    brews_used                    4.677  │
│  blood_healed                  0.002    prayer_correct_rate           0.428  │
│  unavoidable_off_praye…        0.023    brews_remaining               7.323  │
│  restores_remaining            9.723    prayer_at_death              92.867  │
│  current_ranged               91.027    current_magic                84.769  │
│  behind_shield_pct             0.320    zuk_hp_remaining            817.707  │
│  min_zuk_hp_seen             818.946    hp_restored                   0.000  │
│  zuk_healer_damage             0.000    deaths_to_jad                 0.052  │
│  episode_return_normal         2.385    wins_normal                   0.000  │
│  min_zuk_hp_normal           956.312    score_normal                  0.203  │
│  zuk_objective_normal          0.203    phase_reached_normal          0.298  │
│  death_tick_normal            60.322    frac_min_hp_le_300_no…        0.000  │
╰──────────────────────────────────────────────────────────────────────────────╯

[0;0H╭──────────────────────────────────────────────────────────────────────────────╮
│  PufferLib 4.0       🐡           GPU: 0%      VRAM: 0.4/18G      RAM: 0.9G  │
│                                                                              │
│  Summary          Value    Evaluate   250ms  37%    Losses            Value  │
│  Env       osrs_inferno      GPU      208ms  30%    policy            0.009  │
│  Params          752.1K      Env       41ms   6%    value             0.038  │
│  Steps            31.8M    Train      425ms  62%    entropy           1.068  │
│  SPS             240.3K      Misc       0ms   0%    total             0.026  │
│  Epoch              970      Forwa…     0ms   0%    old_kl            0.024  │
│  Uptime    0d 0h 2m 12s                             kl                0.023  │
│  Remaini…  0d 0h 1m 15s                             clipfrac          0.185  │
│                                                     bc                0.000  │
│                                                                              │
│  User Stats                    Value    User Stats                    Value  │
│  episode_return                3.894    damage_dealt                406.673  │
│  damage_received             116.925    episode_length               92.276  │
│  wins                          0.000    wave                         68.000  │
│  idle_ticks                    1.127    brews_used                    4.981  │
│  blood_healed                  0.000    prayer_correct_rate           0.436  │
│  unavoidable_off_praye…        0.023    brews_remaining               7.019  │
│  restores_remaining            9.598    prayer_at_death              93.022  │
│  current_ranged               90.287    current_magic                84.373  │
│  behind_shield_pct             0.326    zuk_hp_remaining            794.641  │
│  min_zuk_hp_seen             796.045    hp_restored                   0.000  │
│  zuk_healer_damage             0.000    deaths_to_jad                 0.061  │
│  episode_return_normal         2.512    wins_normal                   0.000  │
│  min_zuk_hp_normal           943.282    score_normal                  0.214  │
│  zuk_objective_normal          0.214    phase_reached_normal          0.353  │
│  death_tick_normal            61.949    frac_min_hp_le_300_no…        0.000  │
╰──────────────────────────────────────────────────────────────────────────────╯

[0;0H╭──────────────────────────────────────────────────────────────────────────────╮
│  PufferLib 4.0      🐡            GPU: 0%      VRAM: 0.4/18G      RAM: 0.9G  │
│                                                                              │
│  Summary          Value    Evaluate   249ms  36%    Losses            Value  │
│  Env       osrs_inferno      GPU      208ms  30%    policy            0.006  │
│  Params          752.1K      Env       42ms   6%    value             0.045  │
│  Steps            31.9M    Train      425ms  63%    entropy           1.042  │
│  SPS             240.2K      Misc       0ms   0%    total             0.027  │
│  Epoch              975      Forwa…     0ms   0%    old_kl            0.027  │
│  Uptime    0d 0h 2m 13s                             kl                0.026  │
│  Remaini…  0d 0h 1m 15s                             clipfrac          0.182  │
│                                                     bc                0.000  │
│                                                                              │
│  User Stats                    Value    User Stats                    Value  │
│  episode_return                3.897    damage_dealt                407.241  │
│  damage_received             117.103    episode_length               92.623  │
│  wins                          0.000    wave                         68.000  │
│  idle_ticks                    1.206    brews_used                    4.884  │
│  blood_healed                  0.000    prayer_correct_rate           0.435  │
│  unavoidable_off_praye…        0.023    brews_remaining               7.116  │
│  restores_remaining            9.571    prayer_at_death              92.927  │
│  current_ranged               90.667    current_magic                84.862  │
│  behind_shield_pct             0.330    zuk_hp_remaining            794.271  │
│  min_zuk_hp_seen             795.522    hp_restored                   0.024  │
│  zuk_healer_damage             0.000    deaths_to_jad                 0.057  │
│  episode_return_normal         2.542    wins_normal                   0.000  │
│  min_zuk_hp_normal           939.886    score_normal                  0.217  │
│  zuk_objective_normal          0.217    phase_reached_normal          0.349  │
│  death_tick_normal            62.635    frac_min_hp_le_300_no…        0.000  │
╰──────────────────────────────────────────────────────────────────────────────╯

[0;0H╭──────────────────────────────────────────────────────────────────────────────╮
│  PufferLib 4.0     🐡             GPU: 0%      VRAM: 0.4/18G      RAM: 0.9G  │
│                                                                              │
│  Summary          Value    Evaluate   249ms  36%    Losses            Value  │
│  Env       osrs_inferno      GPU      208ms  30%    policy            0.009  │
│  Params          752.1K      Env       41ms   6%    value             0.040  │
│  Steps            32.1M    Train      426ms  63%    entropy           1.038  │
│  SPS             240.1K      Misc       0ms   0%    total             0.028  │
│  Epoch              980      Forwa…     0ms   0%    old_kl            0.020  │
│  Uptime    0d 0h 2m 13s                             kl                0.018  │
│  Remaini…  0d 0h 1m 14s                             clipfrac          0.178  │
│                                                     bc                0.000  │
│                                                                              │
│  User Stats                    Value    User Stats                    Value  │
│  episode_return                3.836    damage_dealt                401.412  │
│  damage_received             118.265    episode_length               91.553  │
│  wins                          0.000    wave                         68.000  │
│  idle_ticks                    1.230    brews_used                    4.945  │
│  blood_healed                  0.000    prayer_correct_rate           0.421  │
│  unavoidable_off_praye…        0.021    brews_remaining               7.055  │
│  restores_remaining            9.480    prayer_at_death              93.568  │
│  current_ranged               90.999    current_magic                85.625  │
│  behind_shield_pct             0.322    zuk_hp_remaining            800.092  │
│  min_zuk_hp_seen             801.316    hp_restored                   0.018  │
│  zuk_healer_damage             0.000    deaths_to_jad                 0.050  │
│  episode_return_normal         2.575    wins_normal                   0.000  │
│  min_zuk_hp_normal           935.468    score_normal                  0.220  │
│  zuk_objective_normal          0.220    phase_reached_normal          0.341  │
│  death_tick_normal            63.920    frac_min_hp_le_300_no…        0.000  │
╰──────────────────────────────────────────────────────────────────────────────╯

[0;0H╭──────────────────────────────────────────────────────────────────────────────╮
│  PufferLib 4.0    🐡              GPU: 0%      VRAM: 0.4/18G      RAM: 0.9G  │
│                                                                              │
│  Summary          Value    Evaluate   249ms  36%    Losses            Value  │
│  Env       osrs_inferno      GPU      208ms  30%    policy            0.005  │
│  Params          752.1K      Env       42ms   6%    value             0.045  │
│  Steps            32.3M    Train      425ms  63%    entropy           1.007  │
│  SPS             240.3K      Misc       0ms   0%    total             0.026  │
│  Epoch              985      Forwa…     0ms   0%    old_kl            0.022  │
│  Uptime    0d 0h 2m 14s                             kl                0.021  │
│  Remaini…  0d 0h 1m 13s                             clipfrac          0.172  │
│                                                     bc                0.000  │
│                                                                              │
│  User Stats                    Value    User Stats                    Value  │
│  episode_return                3.790    damage_dealt                396.991  │
│  damage_received             114.370    episode_length               92.007  │
│  wins                          0.000    wave                         68.000  │
│  idle_ticks                    1.247    brews_used                    4.712  │
│  blood_healed                  0.000    prayer_correct_rate           0.431  │
│  unavoidable_off_praye…        0.021    brews_remaining               7.288  │
│  restores_remaining            9.546    prayer_at_death              93.145  │
│  current_ranged               91.106    current_magic                85.351  │
│  behind_shield_pct             0.327    zuk_hp_remaining            804.674  │
│  min_zuk_hp_seen             805.942    hp_restored                   0.000  │
│  zuk_healer_damage             0.000    deaths_to_jad                 0.056  │
│  episode_return_normal         2.458    wins_normal                   0.000  │
│  min_zuk_hp_normal           947.915    score_normal                  0.210  │
│  zuk_objective_normal          0.210    phase_reached_normal          0.306  │
│  death_tick_normal            62.593    frac_min_hp_le_300_no…        0.000  │
╰──────────────────────────────────────────────────────────────────────────────╯

[0;0H╭──────────────────────────────────────────────────────────────────────────────╮
│  PufferLib 4.0   🐡               GPU: 0%      VRAM: 0.4/18G      RAM: 0.9G  │
│                                                                              │
│  Summary          Value    Evaluate   250ms  37%    Losses            Value  │
│  Env       osrs_inferno      GPU      208ms  30%    policy            0.023  │
│  Params          752.1K      Env       42ms   6%    value             0.042  │
│  Steps            32.4M    Train      425ms  62%    entropy           1.003  │
│  SPS             240.1K      Misc       0ms   0%    total             0.043  │
│  Epoch              990      Forwa…     0ms   0%    old_kl            0.025  │
│  Uptime    0d 0h 2m 15s                             kl                0.024  │
│  Remaini…  0d 0h 1m 13s                             clipfrac          0.171  │
│                                                     bc                0.000  │
│                                                                              │
│  User Stats                    Value    User Stats                    Value  │
│  episode_return                3.817    damage_dealt                399.956  │
│  damage_received             116.739    episode_length               92.350  │
│  wins                          0.000    wave                         68.000  │
│  idle_ticks                    1.302    brews_used                    4.767  │
│  blood_healed                  0.000    prayer_correct_rate           0.426  │
│  unavoidable_off_praye…        0.021    brews_remaining               7.233  │
│  restores_remaining            9.488    prayer_at_death              93.336  │
│  current_ranged               91.993    current_magic                86.032  │
│  behind_shield_pct             0.322    zuk_hp_remaining            801.531  │
│  min_zuk_hp_seen             802.961    hp_restored                   0.000  │
│  zuk_healer_damage             0.000    deaths_to_jad                 0.060  │
│  episode_return_normal         2.488    wins_normal                   0.000  │
│  min_zuk_hp_normal           944.231    score_normal                  0.213  │
│  zuk_objective_normal          0.213    phase_reached_normal          0.307  │
│  death_tick_normal            63.476    frac_min_hp_le_300_no…        0.000  │
╰──────────────────────────────────────────────────────────────────────────────╯

[0;0H╭──────────────────────────────────────────────────────────────────────────────╮
│  PufferLib 4.0  🐡                GPU: 0%      VRAM: 0.4/18G      RAM: 0.9G  │
│                                                                              │
│  Summary          Value    Evaluate   249ms  37%    Losses            Value  │
│  Env       osrs_inferno      GPU      207ms  30%    policy            0.027  │
│  Params          752.1K      Env       42ms   6%    value             0.037  │
│  Steps            32.6M    Train      424ms  62%    entropy           0.953  │
│  SPS             240.9K      Misc       0ms   0%    total             0.044  │
│  Epoch              995      Forwa…     0ms   0%    old_kl            0.027  │
│  Uptime    0d 0h 2m 15s                             kl                0.024  │
│  Remaini…  0d 0h 1m 12s                             clipfrac          0.171  │
│                                                     bc                0.000  │
│                                                                              │
│  User Stats                    Value    User Stats                    Value  │
│  episode_return                3.923    damage_dealt                411.495  │
│  damage_received             118.001    episode_length               94.558  │
│  wins                          0.000    wave                         68.000  │
│  idle_ticks                    1.429    brews_used                    4.804  │
│  blood_healed                  0.000    prayer_correct_rate           0.435  │
│  unavoidable_off_praye…        0.021    brews_remaining               7.196  │
│  restores_remaining            9.423    prayer_at_death              93.334  │
│  current_ranged               92.032    current_magic                86.357  │
│  behind_shield_pct             0.325    zuk_hp_remaining            790.207  │
│  min_zuk_hp_seen             791.689    hp_restored                   0.048  │
│  zuk_healer_damage             0.000    deaths_to_jad                 0.063  │
│  episode_return_normal         2.524    wins_normal                   0.000  │
│  min_zuk_hp_normal           940.769    score_normal                  0.216  │
│  zuk_objective_normal          0.216    phase_reached_normal          0.324  │
│  death_tick_normal            63.713    frac_min_hp_le_300_no…        0.000  │
╰──────────────────────────────────────────────────────────────────────────────╯

[0;0H╭──────────────────────────────────────────────────────────────────────────────╮
│  PufferLib 4.0 🐡                 GPU: 0%      VRAM: 0.4/18G      RAM: 0.9G  │
│                                                                              │
│  Summary          Value    Evaluate   250ms  36%    Losses            Value  │
│  Env       osrs_inferno      GPU      207ms  30%    policy           -0.008  │
│  Params          752.1K      Env       42ms   6%    value             0.046  │
│  Steps            32.8M    Train      425ms  63%    entropy           0.965  │
│  SPS             240.1K      Misc       0ms   0%    total             0.013  │
│  Epoch             1000      Forwa…     0ms   0%    old_kl            0.019  │
│  Uptime    0d 0h 2m 16s                             kl                0.019  │
│  Remaini…  0d 0h 1m 11s                             clipfrac          0.164  │
│                                                     bc                0.000  │
│                                                                              │
│  User Stats                    Value    User Stats                    Value  │
│  episode_return                3.765    damage_dealt                395.363  │
│  damage_received             116.432    episode_length               91.903  │
│  wins                          0.000    wave                         68.000  │
│  idle_ticks                    1.483    brews_used                    4.765  │
│  blood_healed                  0.000    prayer_correct_rate           0.418  │
│  unavoidable_off_praye…        0.020    brews_remaining               7.235  │
│  restores_remaining            9.449    prayer_at_death              93.411  │
│  current_ranged               93.144    current_magic                87.133  │
│  behind_shield_pct             0.316    zuk_hp_remaining            806.141  │
│  min_zuk_hp_seen             807.464    hp_restored                   0.000  │
│  zuk_healer_damage             0.000    deaths_to_jad                 0.046  │
│  episode_return_normal         2.503    wins_normal                   0.000  │
│  min_zuk_hp_normal           941.500    score_normal                  0.215  │
│  zuk_objective_normal          0.215    phase_reached_normal          0.310  │
│  death_tick_normal            64.427    frac_min_hp_le_300_no…        0.000  │
╰──────────────────────────────────────────────────────────────────────────────╯

[0;0H╭──────────────────────────────────────────────────────────────────────────────╮
│  PufferLib 4.0          🐡        GPU: 0%      VRAM: 0.4/18G      RAM: 0.9G  │
│                                                                              │
│  Summary          Value    Evaluate   250ms  36%    Losses            Value  │
│  Env       osrs_inferno      GPU      208ms  30%    policy           -0.001  │
│  Params          752.1K      Env       42ms   6%    value             0.043  │
│  Steps            32.9M    Train      429ms  63%    entropy           0.941  │
│  SPS             238.7K      Misc       0ms   0%    total             0.020  │
│  Epoch             1005      Forwa…     0ms   0%    old_kl            0.022  │
│  Uptime    0d 0h 2m 17s                             kl                0.020  │
│  Remaini…  0d 0h 1m 11s                             clipfrac          0.167  │
│                                                     bc                0.000  │
│                                                                              │
│  User Stats                    Value    User Stats                    Value  │
│  episode_return                3.852    damage_dealt                403.945  │
│  damage_received             117.706    episode_length               93.528  │
│  wins                          0.000    wave                         68.000  │
│  idle_ticks                    1.480    brews_used                    4.824  │
│  blood_healed                  0.000    prayer_correct_rate           0.425  │
│  unavoidable_off_praye…        0.020    brews_remaining               7.176  │
│  restores_remaining            9.485    prayer_at_death              92.824  │
│  current_ranged               91.548    current_magic                85.486  │
│  behind_shield_pct             0.321    zuk_hp_remaining            797.511  │
│  min_zuk_hp_seen             798.979    hp_restored                   0.024  │
│  zuk_healer_damage             0.000    deaths_to_jad                 0.054  │
│  episode_return_normal         2.545    wins_normal                   0.000  │
│  min_zuk_hp_normal           938.025    score_normal                  0.218  │
│  zuk_objective_normal          0.218    phase_reached_normal          0.319  │
│  death_tick_normal            64.841    frac_min_hp_le_300_no…        0.000  │
╰──────────────────────────────────────────────────────────────────────────────╯

[0;0H╭──────────────────────────────────────────────────────────────────────────────╮
│  PufferLib 4.0         🐡         GPU: 0%      VRAM: 0.4/18G      RAM: 0.9G  │
│                                                                              │
│  Summary          Value    Evaluate   251ms  37%    Losses            Value  │
│  Env       osrs_inferno      GPU      208ms  30%    policy            0.007  │
│  Params          752.1K      Env       42ms   6%    value             0.048  │
│  Steps            33.1M    Train      425ms  62%    entropy           0.901  │
│  SPS             239.8K      Misc       0ms   0%    total             0.030  │
│  Epoch             1010      Forwa…     0ms   0%    old_kl            0.022  │
│  Uptime    0d 0h 2m 17s                             kl                0.023  │
│  Remaini…  0d 0h 1m 10s                             clipfrac          0.162  │
│                                                     bc                0.000  │
│                                                                              │
│  User Stats                    Value    User Stats                    Value  │
│  episode_return                3.734    damage_dealt                391.823  │
│  damage_received             112.740    episode_length               91.097  │
│  wins                          0.000    wave                         68.000  │
│  idle_ticks                    1.551    brews_used                    4.613  │
│  blood_healed                  0.000    prayer_correct_rate           0.424  │
│  unavoidable_off_praye…        0.019    brews_remaining               7.387  │
│  restores_remaining            9.605    prayer_at_death              92.666  │
│  current_ranged               92.226    current_magic                85.781  │
│  behind_shield_pct             0.313    zuk_hp_remaining            809.537  │
│  min_zuk_hp_seen             810.983    hp_restored                   0.000  │
│  zuk_healer_damage             0.000    deaths_to_jad                 0.053  │
│  episode_return_normal         2.449    wins_normal                   0.000  │
│  min_zuk_hp_normal           947.541    score_normal                  0.210  │
│  zuk_objective_normal          0.210    phase_reached_normal          0.298  │
│  death_tick_normal            62.919    frac_min_hp_le_300_no…        0.000  │
╰──────────────────────────────────────────────────────────────────────────────╯

[0;0H╭──────────────────────────────────────────────────────────────────────────────╮
│  PufferLib 4.0        🐡          GPU: 0%      VRAM: 0.4/18G      RAM: 0.9G  │
│                                                                              │
│  Summary          Value    Evaluate   250ms  36%    Losses            Value  │
│  Env       osrs_inferno      GPU      208ms  30%    policy           -0.001  │
│  Params          752.1K      Env       41ms   6%    value             0.046  │
│  Steps            33.3M    Train      427ms  63%    entropy           0.914  │
│  SPS             239.7K      Misc       0ms   0%    total             0.020  │
│  Epoch             1015      Forwa…     0ms   0%    old_kl            0.017  │
│  Uptime    0d 0h 2m 18s                             kl                0.017  │
│  Remaini…   0d 0h 1m 9s                             clipfrac          0.172  │
│                                                     bc                0.000  │
│                                                                              │
│  User Stats                    Value    User Stats                    Value  │
│  episode_return                3.850    damage_dealt                404.632  │
│  damage_received             116.259    episode_length               92.977  │
│  wins                          0.000    wave                         68.000  │
│  idle_ticks                    1.452    brews_used                    4.746  │
│  blood_healed                  0.000    prayer_correct_rate           0.425  │
│  unavoidable_off_praye…        0.019    brews_remaining               7.254  │
│  restores_remaining            9.513    prayer_at_death              92.907  │
│  current_ranged               92.381    current_magic                86.182  │
│  behind_shield_pct             0.316    zuk_hp_remaining            797.256  │
│  min_zuk_hp_seen             798.453    hp_restored                   0.018  │
│  zuk_healer_damage             0.000    deaths_to_jad                 0.052  │
│  episode_return_normal         2.543    wins_normal                   0.000  │
│  min_zuk_hp_normal           937.382    score_normal                  0.219  │
│  zuk_objective_normal          0.219    phase_reached_normal          0.313  │
│  death_tick_normal            63.937    frac_min_hp_le_300_no…        0.000  │
╰──────────────────────────────────────────────────────────────────────────────╯

[0;0H╭──────────────────────────────────────────────────────────────────────────────╮
│  PufferLib 4.0       🐡           GPU: 0%      VRAM: 0.4/18G      RAM: 0.9G  │
│                                                                              │
│  Summary          Value    Evaluate   251ms  36%    Losses            Value  │
│  Env       osrs_inferno      GPU      209ms  30%    policy           -0.006  │
│  Params          752.1K      Env       42ms   6%    value             0.049  │
│  Steps            33.4M    Train      429ms  63%    entropy           0.896  │
│  SPS             238.6K      Misc       0ms   0%    total             0.017  │
│  Epoch             1020      Forwa…     0ms   0%    old_kl            0.018  │
│  Uptime    0d 0h 2m 19s                             kl                0.018  │
│  Remaini…   0d 0h 1m 9s                             clipfrac          0.159  │
│                                                     bc                0.000  │
│                                                                              │
│  User Stats                    Value    User Stats                    Value  │
│  episode_return                3.847    damage_dealt                404.273  │
│  damage_received             116.646    episode_length               93.323  │
│  wins                          0.000    wave                         68.000  │
│  idle_ticks                    1.380    brews_used                    4.840  │
│  blood_healed                  0.000    prayer_correct_rate           0.433  │
│  unavoidable_off_praye…        0.019    brews_remaining               7.160  │
│  restores_remaining            9.530    prayer_at_death              92.543  │
│  current_ranged               92.293    current_magic                85.920  │
│  behind_shield_pct             0.316    zuk_hp_remaining            797.503  │
│  min_zuk_hp_seen             798.942    hp_restored                   0.000  │
│  zuk_healer_damage             0.000    deaths_to_jad                 0.049  │
│  episode_return_normal         2.496    wins_normal                   0.000  │
│  min_zuk_hp_normal           942.738    score_normal                  0.214  │
│  zuk_objective_normal          0.214    phase_reached_normal          0.306  │
│  death_tick_normal            63.061    frac_min_hp_le_300_no…        0.000  │
╰──────────────────────────────────────────────────────────────────────────────╯

[0;0H╭──────────────────────────────────────────────────────────────────────────────╮
│  PufferLib 4.0      🐡            GPU: 0%      VRAM: 0.4/18G      RAM: 0.9G  │
│                                                                              │
│  Summary          Value    Evaluate   248ms  36%    Losses            Value  │
│  Env       osrs_inferno      GPU      206ms  30%    policy            0.015  │
│  Params          752.1K      Env       42ms   6%    value             0.053  │
│  Steps            33.6M    Train      425ms  63%    entropy           0.881  │
│  SPS             240.6K      Misc       0ms   0%    total             0.040  │
│  Epoch             1025      Forwa…     0ms   0%    old_kl            0.025  │
│  Uptime    0d 0h 2m 19s                             kl                0.022  │
│  Remaini…   0d 0h 1m 8s                             clipfrac          0.164  │
│                                                     bc                0.000  │
│                                                                              │
│  User Stats                    Value    User Stats                    Value  │
│  episode_return                3.816    damage_dealt                401.021  │
│  damage_received             115.522    episode_length               92.544  │
│  wins                          0.000    wave                         68.000  │
│  idle_ticks                    1.359    brews_used                    4.776  │
│  blood_healed                  0.000    prayer_correct_rate           0.430  │
│  unavoidable_off_praye…        0.018    brews_remaining               7.224  │
│  restores_remaining            9.552    prayer_at_death              92.703  │
│  current_ranged               92.480    current_magic                85.973  │
│  behind_shield_pct             0.315    zuk_hp_remaining            801.215  │
│  min_zuk_hp_seen             802.261    hp_restored                   0.024  │
│  zuk_healer_damage             0.000    deaths_to_jad                 0.038  │
│  episode_return_normal         2.497    wins_normal                   0.000  │
│  min_zuk_hp_normal           942.685    score_normal                  0.214  │
│  zuk_objective_normal          0.214    phase_reached_normal          0.295  │
│  death_tick_normal            62.977    frac_min_hp_le_300_no…        0.000  │
╰──────────────────────────────────────────────────────────────────────────────╯

[0;0H╭──────────────────────────────────────────────────────────────────────────────╮
│  PufferLib 4.0     🐡             GPU: 0%      VRAM: 0.4/18G      RAM: 0.9G  │
│                                                                              │
│  Summary          Value    Evaluate   251ms  37%    Losses            Value  │
│  Env       osrs_inferno      GPU      208ms  30%    policy            0.006  │
│  Params          752.1K      Env       42ms   6%    value             0.045  │
│  Steps            33.8M    Train      424ms  62%    entropy           0.905  │
│  SPS             240.2K      Misc       0ms   0%    total             0.027  │
│  Epoch             1030      Forwa…     0ms   0%    old_kl            0.024  │
│  Uptime    0d 0h 2m 20s                             kl                0.022  │
│  Remaini…   0d 0h 1m 7s                             clipfrac          0.167  │
│                                                     bc                0.000  │
│                                                                              │
│  User Stats                    Value    User Stats                    Value  │
│  episode_return                3.726    damage_dealt                391.264  │
│  damage_received             115.363    episode_length               90.619  │
│  wins                          0.000    wave                         68.000  │
│  idle_ticks                    1.264    brews_used                    4.843  │
│  blood_healed                  0.000    prayer_correct_rate           0.424  │
│  unavoidable_off_praye…        0.017    brews_remaining               7.157  │
│  restores_remaining            9.695    prayer_at_death              92.475  │
│  current_ranged               91.147    current_magic                84.699  │
│  behind_shield_pct             0.310    zuk_hp_remaining            810.959  │
│  min_zuk_hp_seen             812.123    hp_restored                   0.000  │
│  zuk_healer_damage             0.000    deaths_to_jad                 0.043  │
│  episode_return_normal         2.481    wins_normal                   0.000  │
│  min_zuk_hp_normal           944.836    score_normal                  0.213  │
│  zuk_objective_normal          0.213    phase_reached_normal          0.300  │
│  death_tick_normal            62.392    frac_min_hp_le_300_no…        0.000  │
╰──────────────────────────────────────────────────────────────────────────────╯

[0;0H╭──────────────────────────────────────────────────────────────────────────────╮
│  PufferLib 4.0    🐡              GPU: 0%      VRAM: 0.4/18G      RAM: 0.9G  │
│                                                                              │
│  Summary          Value    Evaluate   251ms  37%    Losses            Value  │
│  Env       osrs_inferno      GPU      209ms  30%    policy            0.006  │
│  Params          752.1K      Env       42ms   6%    value             0.056  │
│  Steps            33.9M    Train      426ms  62%    entropy           0.897  │
│  SPS             239.4K      Misc       0ms   0%    total             0.033  │
│  Epoch             1035      Forwa…     0ms   0%    old_kl            0.025  │
│  Uptime    0d 0h 2m 21s                             kl                0.022  │
│  Remaini…   0d 0h 1m 7s                             clipfrac          0.168  │
│                                                     bc                0.000  │
│                                                                              │
│  User Stats                    Value    User Stats                    Value  │
│  episode_return                3.877    damage_dealt                406.948  │
│  damage_received             117.572    episode_length               92.269  │
│  wins                          0.000    wave                         68.000  │
│  idle_ticks                    1.221    brews_used                    5.009  │
│  blood_healed                  0.000    prayer_correct_rate           0.424  │
│  unavoidable_off_praye…        0.018    brews_remaining               6.991  │
│  restores_remaining            9.598    prayer_at_death              92.825  │
│  current_ranged               91.638    current_magic                85.329  │
│  behind_shield_pct             0.312    zuk_hp_remaining            794.935  │
│  min_zuk_hp_seen             796.315    hp_restored                   0.000  │
│  zuk_healer_damage             0.000    deaths_to_jad                 0.055  │
│  episode_return_normal         2.603    wins_normal                   0.000  │
│  min_zuk_hp_normal           931.968    score_normal                  0.223  │
│  zuk_objective_normal          0.223    phase_reached_normal          0.353  │
│  death_tick_normal            63.710    frac_min_hp_le_300_no…        0.000  │
╰──────────────────────────────────────────────────────────────────────────────╯

[0;0H╭──────────────────────────────────────────────────────────────────────────────╮
│  PufferLib 4.0   🐡               GPU: 0%      VRAM: 0.4/18G      RAM: 0.9G  │
│                                                                              │
│  Summary          Value    Evaluate   250ms  36%    Losses            Value  │
│  Env       osrs_inferno      GPU      208ms  30%    policy            0.015  │
│  Params          752.1K      Env       41ms   6%    value             0.050  │
│  Steps            34.1M    Train      427ms  63%    entropy           0.884  │
│  SPS             239.4K      Misc       0ms   0%    total             0.039  │
│  Epoch             1040      Forwa…     0ms   0%    old_kl            0.024  │
│  Uptime    0d 0h 2m 22s                             kl                0.023  │
│  Remaini…   0d 0h 1m 6s                             clipfrac          0.154  │
│                                                     bc                0.000  │
│                                                                              │
│  User Stats                    Value    User Stats                    Value  │
│  episode_return                3.905    damage_dealt                410.971  │
│  damage_received             120.305    episode_length               93.534  │
│  wins                          0.000    wave                         68.000  │
│  idle_ticks                    1.337    brews_used                    5.102  │
│  blood_healed                  0.000    prayer_correct_rate           0.421  │
│  unavoidable_off_praye…        0.018    brews_remaining               6.898  │
│  restores_remaining            9.522    prayer_at_death              92.902  │
│  current_ranged               92.125    current_magic                85.966  │
│  behind_shield_pct             0.310    zuk_hp_remaining            791.708  │
│  min_zuk_hp_seen             792.846    hp_restored                   0.000  │
│  zuk_healer_damage             0.000    deaths_to_jad                 0.044  │
│  episode_return_normal         2.649    wins_normal                   0.000  │
│  min_zuk_hp_normal           926.671    score_normal                  0.228  │
│  zuk_objective_normal          0.228    phase_reached_normal          0.353  │
│  death_tick_normal            65.378    frac_min_hp_le_300_no…        0.000  │
╰──────────────────────────────────────────────────────────────────────────────╯

[0;0H╭──────────────────────────────────────────────────────────────────────────────╮
│  PufferLib 4.0  🐡                GPU: 0%      VRAM: 0.4/18G      RAM: 0.9G  │
│                                                                              │
│  Summary          Value    Evaluate   252ms  37%    Losses            Value  │
│  Env       osrs_inferno      GPU      209ms  30%    policy            0.003  │
│  Params          752.1K      Env       42ms   6%    value             0.041  │
│  Steps            34.2M    Train      428ms  62%    entropy           0.828  │
│  SPS             238.3K      Misc       0ms   0%    total             0.022  │
│  Epoch             1045      Forwa…     0ms   0%    old_kl            0.019  │
│  Uptime    0d 0h 2m 22s                             kl                0.018  │
│  Remaini…   0d 0h 1m 6s                             clipfrac          0.146  │
│                                                     bc                0.000  │
│                                                                              │
│  User Stats                    Value    User Stats                    Value  │
│  episode_return                3.851    damage_dealt                404.144  │
│  damage_received             115.766    episode_length               92.176  │
│  wins                          0.000    wave                         68.000  │
│  idle_ticks                    1.389    brews_used                    4.888  │
│  blood_healed                  0.000    prayer_correct_rate           0.423  │
│  unavoidable_off_praye…        0.018    brews_remaining               7.112  │
│  restores_remaining            9.606    prayer_at_death              92.681  │
│  current_ranged               91.393    current_magic                85.133  │
│  behind_shield_pct             0.316    zuk_hp_remaining            798.050  │
│  min_zuk_hp_seen             799.436    hp_restored                   0.000  │
│  zuk_healer_damage             0.000    deaths_to_jad                 0.053  │
│  episode_return_normal         2.580    wins_normal                   0.000  │
│  min_zuk_hp_normal           934.940    score_normal                  0.221  │
│  zuk_objective_normal          0.221    phase_reached_normal          0.314  │
│  death_tick_normal            63.876    frac_min_hp_le_300_no…        0.000  │
╰──────────────────────────────────────────────────────────────────────────────╯

[0;0H╭──────────────────────────────────────────────────────────────────────────────╮
│  PufferLib 4.0 🐡                 GPU: 0%      VRAM: 0.4/18G      RAM: 0.9G  │
│                                                                              │
│  Summary          Value    Evaluate   251ms  37%    Losses            Value  │
│  Env       osrs_inferno      GPU      209ms  30%    policy            0.010  │
│  Params          752.1K      Env       42ms   6%    value             0.043  │
│  Steps            34.4M    Train      425ms  62%    entropy           0.848  │
│  SPS             239.5K      Misc       0ms   0%    total             0.030  │
│  Epoch             1050      Forwa…     0ms   0%    old_kl            0.023  │
│  Uptime    0d 0h 2m 23s                             kl                0.019  │
│  Remaini…   0d 0h 1m 5s                             clipfrac          0.158  │
│                                                     bc                0.000  │
│                                                                              │
│  User Stats                    Value    User Stats                    Value  │
│  episode_return                3.917    damage_dealt                411.186  │
│  damage_received             118.566    episode_length               92.662  │
│  wins                          0.000    wave                         68.000  │
│  idle_ticks                    1.287    brews_used                    5.058  │
│  blood_healed                  0.000    prayer_correct_rate           0.424  │
│  unavoidable_off_praye…        0.018    brews_remaining               6.942  │
│  restores_remaining            9.555    prayer_at_death              92.909  │
│  current_ranged               90.912    current_magic                84.873  │
│  behind_shield_pct             0.315    zuk_hp_remaining            791.465  │
│  min_zuk_hp_seen             792.552    hp_restored                   0.022  │
│  zuk_healer_damage             0.000    deaths_to_jad                 0.044  │
│  episode_return_normal         2.648    wins_normal                   0.000  │
│  min_zuk_hp_normal           927.964    score_normal                  0.227  │
│  zuk_objective_normal          0.227    phase_reached_normal          0.350  │
│  death_tick_normal            64.011    frac_min_hp_le_300_no…        0.001  │
╰──────────────────────────────────────────────────────────────────────────────╯

[0;0H╭──────────────────────────────────────────────────────────────────────────────╮
│  PufferLib 4.0          🐡        GPU: 0%      VRAM: 0.4/18G      RAM: 0.9G  │
│                                                                              │
│  Summary          Value    Evaluate   252ms  37%    Losses            Value  │
│  Env       osrs_inferno      GPU      209ms  30%    policy           -0.002  │
│  Params          752.1K      Env       43ms   6%    value             0.054  │
│  Steps            34.6M    Train      427ms  62%    entropy           0.870  │
│  SPS             238.6K      Misc       0ms   0%    total             0.023  │
│  Epoch             1055      Forwa…     0ms   0%    old_kl            0.026  │
│  Uptime    0d 0h 2m 24s                             kl                0.024  │
│  Remaini…   0d 0h 1m 4s                             clipfrac          0.160  │
│                                                     bc                0.000  │
│                                                                              │
│  User Stats                    Value    User Stats                    Value  │
│  episode_return                4.015    damage_dealt                421.704  │
│  damage_received             122.434    episode_length               93.996  │
│  wins                          0.000    wave                         68.000  │
│  idle_ticks                    1.401    brews_used                    5.274  │
│  blood_healed                  0.000    prayer_correct_rate           0.417  │
│  unavoidable_off_praye…        0.017    brews_remaining               6.726  │
│  restores_remaining            9.479    prayer_at_death              93.008  │
│  current_ranged               90.539    current_magic                84.613  │
│  behind_shield_pct             0.315    zuk_hp_remaining            781.242  │
│  min_zuk_hp_seen             782.495    hp_restored                   0.000  │
│  zuk_healer_damage             0.000    deaths_to_jad                 0.044  │
│  episode_return_normal         2.785    wins_normal                   0.000  │
│  min_zuk_hp_normal           913.976    score_normal                  0.238  │
│  zuk_objective_normal          0.238    phase_reached_normal          0.389  │
│  death_tick_normal            66.065    frac_min_hp_le_300_no…        0.000  │
╰──────────────────────────────────────────────────────────────────────────────╯

[0;0H╭──────────────────────────────────────────────────────────────────────────────╮
│  PufferLib 4.0         🐡         GPU: 0%      VRAM: 0.4/18G      RAM: 0.9G  │
│                                                                              │
│  Summary          Value    Evaluate   251ms  37%    Losses            Value  │
│  Env       osrs_inferno      GPU      209ms  30%    policy            0.008  │
│  Params          752.1K      Env       42ms   6%    value             0.046  │
│  Steps            34.7M    Train      425ms  62%    entropy           0.820  │
│  SPS             239.6K      Misc       0ms   0%    total             0.030  │
│  Epoch             1060      Forwa…     0ms   0%    old_kl            0.024  │
│  Uptime    0d 0h 2m 24s                             kl                0.022  │
│  Remaini…   0d 0h 1m 3s                             clipfrac          0.149  │
│                                                     bc                0.000  │
│                                                                              │
│  User Stats                    Value    User Stats                    Value  │
│  episode_return                3.946    damage_dealt                413.042  │
│  damage_received             117.991    episode_length               92.102  │
│  wins                          0.000    wave                         68.000  │
│  idle_ticks                    1.531    brews_used                    5.068  │
│  blood_healed                  0.000    prayer_correct_rate           0.419  │
│  unavoidable_off_praye…        0.018    brews_remaining               6.932  │
│  restores_remaining            9.568    prayer_at_death              92.954  │
│  current_ranged               90.802    current_magic                84.563  │
│  behind_shield_pct             0.308    zuk_hp_remaining            789.049  │
│  min_zuk_hp_seen             790.479    hp_restored                   0.000  │
│  zuk_healer_damage             0.000    deaths_to_jad                 0.042  │
│  episode_return_normal         2.730    wins_normal                   0.000  │
│  min_zuk_hp_normal           920.492    score_normal                  0.233  │
│  zuk_objective_normal          0.233    phase_reached_normal          0.370  │
│  death_tick_normal            64.393    frac_min_hp_le_300_no…        0.000  │
╰──────────────────────────────────────────────────────────────────────────────╯

[0;0H╭──────────────────────────────────────────────────────────────────────────────╮
│  PufferLib 4.0        🐡          GPU: 0%      VRAM: 0.4/18G      RAM: 0.9G  │
│                                                                              │
│  Summary          Value    Evaluate   246ms  36%    Losses            Value  │
│  Env       osrs_inferno      GPU      204ms  30%    policy            0.014  │
│  Params          752.1K      Env       41ms   6%    value             0.048  │
│  Steps            34.9M    Train      428ms  63%    entropy           0.812  │
│  SPS             240.4K      Misc       0ms   0%    total             0.037  │
│  Epoch             1065      Forwa…     0ms   0%    old_kl            0.022  │
│  Uptime    0d 0h 2m 25s                             kl                0.020  │
│  Remaini…   0d 0h 1m 2s                             clipfrac          0.152  │
│                                                     bc                0.000  │
│                                                                              │
│  User Stats                    Value    User Stats                    Value  │
│  episode_return                3.946    damage_dealt                414.340  │
│  damage_received             119.320    episode_length               92.077  │
│  wins                          0.000    wave                         68.000  │
│  idle_ticks                    1.384    brews_used                    5.145  │
│  blood_healed                  0.000    prayer_correct_rate           0.416  │
│  unavoidable_off_praye…        0.016    brews_remaining               6.855  │
│  restores_remaining            9.499    prayer_at_death              93.185  │
│  current_ranged               91.729    current_magic                85.305  │
│  behind_shield_pct             0.302    zuk_hp_remaining            788.083  │
│  min_zuk_hp_seen             789.447    hp_restored                   0.024  │
│  zuk_healer_damage             0.000    deaths_to_jad                 0.043  │
│  episode_return_normal         2.743    wins_normal                   0.000  │
│  min_zuk_hp_normal           918.002    score_normal                  0.235  │
│  zuk_objective_normal          0.235    phase_reached_normal          0.382  │
│  death_tick_normal            64.770    frac_min_hp_le_300_no…        0.000  │
╰──────────────────────────────────────────────────────────────────────────────╯

[0;0H╭──────────────────────────────────────────────────────────────────────────────╮
│  PufferLib 4.0       🐡           GPU: 0%      VRAM: 0.4/18G      RAM: 0.9G  │
│                                                                              │
│  Summary          Value    Evaluate   250ms  36%    Losses            Value  │
│  Env       osrs_inferno      GPU      208ms  30%    policy            0.007  │
│  Params          752.1K      Env       42ms   6%    value             0.049  │
│  Steps            35.1M    Train      427ms  63%    entropy           0.806  │
│  SPS             239.2K      Misc       0ms   0%    total             0.030  │
│  Epoch             1070      Forwa…     0ms   0%    old_kl            0.019  │
│  Uptime    0d 0h 2m 26s                             kl                0.017  │
│  Remaini…   0d 0h 1m 2s                             clipfrac          0.154  │
│                                                     bc                0.000  │
│                                                                              │
│  User Stats                    Value    User Stats                    Value  │
│  episode_return                3.937    damage_dealt                414.302  │
│  damage_received             119.110    episode_length               92.670  │
│  wins                          0.000    wave                         68.000  │
│  idle_ticks                    1.353    brews_used                    5.061  │
│  blood_healed                  0.000    prayer_correct_rate           0.419  │
│  unavoidable_off_praye…        0.017    brews_remaining               6.939  │
│  restores_remaining            9.468    prayer_at_death              93.442  │
│  current_ranged               92.318    current_magic                85.903  │
│  behind_shield_pct             0.303    zuk_hp_remaining            788.080  │
│  min_zuk_hp_seen             789.594    hp_restored                   0.000  │
│  zuk_healer_damage             0.000    deaths_to_jad                 0.039  │
│  episode_return_normal         2.718    wins_normal                   0.000  │
│  min_zuk_hp_normal           919.884    score_normal                  0.233  │
│  zuk_objective_normal          0.233    phase_reached_normal          0.359  │
│  death_tick_normal            64.762    frac_min_hp_le_300_no…        0.000  │
╰──────────────────────────────────────────────────────────────────────────────╯

[0;0H╭──────────────────────────────────────────────────────────────────────────────╮
│  PufferLib 4.0      🐡            GPU: 0%      VRAM: 0.4/18G      RAM: 0.9G  │
│                                                                              │
│  Summary          Value    Evaluate   251ms  37%    Losses            Value  │
│  Env       osrs_inferno      GPU      209ms  30%    policy           -0.001  │
│  Params          752.1K      Env       42ms   6%    value             0.051  │
│  Steps            35.2M    Train      426ms  62%    entropy           0.812  │
│  SPS             239.4K      Misc       0ms   0%    total             0.023  │
│  Epoch             1075      Forwa…     0ms   0%    old_kl            0.024  │
│  Uptime    0d 0h 2m 26s                             kl                0.022  │
│  Remaini…   0d 0h 1m 1s                             clipfrac          0.158  │
│                                                     bc                0.000  │
│                                                                              │
│  User Stats                    Value    User Stats                    Value  │
│  episode_return                4.047    damage_dealt                426.103  │
│  damage_received             121.987    episode_length               94.311  │
│  wins                          0.000    wave                         68.000  │
│  idle_ticks                    1.324    brews_used                    5.241  │
│  blood_healed                  0.000    prayer_correct_rate           0.420  │
│  unavoidable_off_praye…        0.016    brews_remaining               6.759  │
│  restores_remaining            9.443    prayer_at_death              93.237  │
│  current_ranged               92.091    current_magic                85.712  │
│  behind_shield_pct             0.307    zuk_hp_remaining            776.442  │
│  min_zuk_hp_seen             778.113    hp_restored                   0.000  │
│  zuk_healer_damage             0.000    deaths_to_jad                 0.044  │
│  episode_return_normal         2.804    wins_normal                   0.000  │
│  min_zuk_hp_normal           911.153    score_normal                  0.241  │
│  zuk_objective_normal          0.241    phase_reached_normal          0.404  │
│  death_tick_normal            65.668    frac_min_hp_le_300_no…        0.000  │
╰──────────────────────────────────────────────────────────────────────────────╯

[0;0H╭──────────────────────────────────────────────────────────────────────────────╮
│  PufferLib 4.0     🐡             GPU: 0%      VRAM: 0.4/18G      RAM: 0.9G  │
│                                                                              │
│  Summary          Value    Evaluate   251ms  37%    Losses            Value  │
│  Env       osrs_inferno      GPU      208ms  30%    policy            0.004  │
│  Params          752.1K      Env       42ms   6%    value             0.051  │
│  Steps            35.4M    Train      424ms  62%    entropy           0.772  │
│  SPS             239.9K      Misc       0ms   0%    total             0.029  │
│  Epoch             1080      Forwa…     0ms   0%    old_kl            0.024  │
│  Uptime    0d 0h 2m 27s                             kl                0.023  │
│  Remaini…   0d 0h 1m 0s                             clipfrac          0.148  │
│                                                     bc                0.000  │
│                                                                              │
│  User Stats                    Value    User Stats                    Value  │
│  episode_return                3.827    damage_dealt                402.442  │
│  damage_received             117.584    episode_length               90.064  │
│  wins                          0.000    wave                         68.000  │
│  idle_ticks                    1.460    brews_used                    5.060  │
│  blood_healed                  0.000    prayer_correct_rate           0.409  │
│  unavoidable_off_praye…        0.016    brews_remaining               6.940  │
│  restores_remaining            9.574    prayer_at_death              93.201  │
│  current_ranged               92.430    current_magic                85.621  │
│  behind_shield_pct             0.294    zuk_hp_remaining            800.086  │
│  min_zuk_hp_seen             801.324    hp_restored                   0.024  │
│  zuk_healer_damage             0.000    deaths_to_jad                 0.030  │
│  episode_return_normal         2.690    wins_normal                   0.000  │
│  min_zuk_hp_normal           922.786    score_normal                  0.231  │
│  zuk_objective_normal          0.231    phase_reached_normal          0.364  │
│  death_tick_normal            64.046    frac_min_hp_le_300_no…        0.000  │
╰──────────────────────────────────────────────────────────────────────────────╯

[0;0H╭──────────────────────────────────────────────────────────────────────────────╮
│  PufferLib 4.0    🐡              GPU: 0%      VRAM: 0.4/18G      RAM: 0.9G  │
│                                                                              │
│  Summary          Value    Evaluate   251ms  37%    Losses            Value  │
│  Env       osrs_inferno      GPU      209ms  30%    policy            0.011  │
│  Params          752.1K      Env       42ms   6%    value             0.044  │
│  Steps            35.6M    Train      425ms  62%    entropy           0.755  │
│  SPS             239.5K      Misc       0ms   0%    total             0.032  │
│  Epoch             1085      Forwa…     0ms   0%    old_kl            0.024  │
│  Uptime    0d 0h 2m 28s                             kl                0.021  │
│  Remaini…   0d 0h 1m 0s                             clipfrac          0.147  │
│                                                     bc                0.000  │
│                                                                              │
│  User Stats                    Value    User Stats                    Value  │
│  episode_return                3.900    damage_dealt                410.030  │
│  damage_received             120.596    episode_length               91.997  │
│  wins                          0.000    wave                         68.000  │
│  idle_ticks                    1.580    brews_used                    5.231  │
│  blood_healed                  0.000    prayer_correct_rate           0.407  │
│  unavoidable_off_praye…        0.015    brews_remaining               6.769  │
│  restores_remaining            9.491    prayer_at_death              93.202  │
│  current_ranged               92.328    current_magic                85.558  │
│  behind_shield_pct             0.294    zuk_hp_remaining            792.178  │
│  min_zuk_hp_seen             793.497    hp_restored                   0.000  │
│  zuk_healer_damage             0.000    deaths_to_jad                 0.031  │
│  episode_return_normal         2.741    wins_normal                   0.000  │
│  min_zuk_hp_normal           917.488    score_normal                  0.235  │
│  zuk_objective_normal          0.235    phase_reached_normal          0.380  │
│  death_tick_normal            65.653    frac_min_hp_le_300_no…        0.000  │
╰──────────────────────────────────────────────────────────────────────────────╯

[0;0H╭──────────────────────────────────────────────────────────────────────────────╮
│  PufferLib 4.0   🐡               GPU: 0%      VRAM: 0.4/18G      RAM: 0.9G  │
│                                                                              │
│  Summary          Value    Evaluate   250ms  37%    Losses            Value  │
│  Env       osrs_inferno      GPU      208ms  30%    policy           -0.006  │
│  Params          752.1K      Env       42ms   6%    value             0.048  │
│  Steps            35.7M    Train      426ms  62%    entropy           0.726  │
│  SPS             239.6K      Misc       0ms   0%    total             0.017  │
│  Epoch             1090      Forwa…     0ms   0%    old_kl            0.024  │
│  Uptime    0d 0h 2m 28s                             kl                0.022  │
│  Remaini…  0d 0h 0m 59s                             clipfrac          0.147  │
│                                                     bc                0.000  │
│                                                                              │
│  User Stats                    Value    User Stats                    Value  │
│  episode_return                4.033    damage_dealt                424.796  │
│  damage_received             118.874    episode_length               93.900  │
│  wins                          0.000    wave                         68.000  │
│  idle_ticks                    1.549    brews_used                    5.034  │
│  blood_healed                  0.000    prayer_correct_rate           0.419  │
│  unavoidable_off_praye…        0.016    brews_remaining               6.966  │
│  restores_remaining            9.388    prayer_at_death              93.458  │
│  current_ranged               93.534    current_magic                87.034  │
│  behind_shield_pct             0.305    zuk_hp_remaining            778.039  │
│  min_zuk_hp_seen             779.198    hp_restored                   0.000  │
│  zuk_healer_damage             0.000    deaths_to_jad                 0.027  │
│  episode_return_normal         2.776    wins_normal                   0.000  │
│  min_zuk_hp_normal           913.699    score_normal                  0.239  │
│  zuk_objective_normal          0.239    phase_reached_normal          0.370  │
│  death_tick_normal            65.268    frac_min_hp_le_300_no…        0.000  │
╰──────────────────────────────────────────────────────────────────────────────╯

[0;0H╭──────────────────────────────────────────────────────────────────────────────╮
│  PufferLib 4.0  🐡                GPU: 0%      VRAM: 0.4/18G      RAM: 0.9G  │
│                                                                              │
│  Summary          Value    Evaluate   253ms  37%    Losses            Value  │
│  Env       osrs_inferno      GPU      210ms  30%    policy            0.027  │
│  Params          752.1K      Env       43ms   6%    value             0.052  │
│  Steps            35.9M    Train      425ms  62%    entropy           0.700  │
│  SPS             239.1K      Misc       0ms   0%    total             0.052  │
│  Epoch             1095      Forwa…     0ms   0%    old_kl            0.023  │
│  Uptime    0d 0h 2m 29s                             kl                0.021  │
│  Remaini…  0d 0h 0m 59s                             clipfrac          0.144  │
│                                                     bc                0.000  │
│                                                                              │
│  User Stats                    Value    User Stats                    Value  │
│  episode_return                3.912    damage_dealt                412.497  │
│  damage_received             117.355    episode_length               91.774  │
│  wins                          0.000    wave                         68.000  │
│  idle_ticks                    1.599    brews_used                    4.960  │
│  blood_healed                  0.000    prayer_correct_rate           0.405  │
│  unavoidable_off_praye…        0.015    brews_remaining               7.040  │
│  restores_remaining            9.443    prayer_at_death              93.369  │
│  current_ranged               93.350    current_magic                86.926  │
│  behind_shield_pct             0.298    zuk_hp_remaining            790.504  │
│  min_zuk_hp_seen             791.539    hp_restored                   0.000  │
│  zuk_healer_damage             0.000    deaths_to_jad                 0.019  │
│  episode_return_normal         2.761    wins_normal                   0.000  │
│  min_zuk_hp_normal           914.411    score_normal                  0.238  │
│  zuk_objective_normal          0.238    phase_reached_normal          0.359  │
│  death_tick_normal            65.838    frac_min_hp_le_300_no…        0.000  │
╰──────────────────────────────────────────────────────────────────────────────╯

[0;0H╭──────────────────────────────────────────────────────────────────────────────╮
│  PufferLib 4.0 🐡                 GPU: 0%      VRAM: 0.4/18G      RAM: 0.9G  │
│                                                                              │
│  Summary          Value    Evaluate   251ms  37%    Losses            Value  │
│  Env       osrs_inferno      GPU      209ms  31%    policy            0.000  │
│  Params          752.1K      Env       42ms   6%    value             0.056  │
│  Steps            36.0M    Train      423ms  62%    entropy           0.690  │
│  SPS             240.1K      Misc       0ms   0%    total             0.027  │
│  Epoch             1100      Forwa…     0ms   0%    old_kl            0.024  │
│  Uptime    0d 0h 2m 30s                             kl                0.021  │
│  Remaini…  0d 0h 0m 58s                             clipfrac          0.143  │
│                                                     bc                0.000  │
│                                                                              │
│  User Stats                    Value    User Stats                    Value  │
│  episode_return                3.936    damage_dealt                415.322  │
│  damage_received             118.956    episode_length               92.699  │
│  wins                          0.000    wave                         68.000  │
│  idle_ticks                    1.510    brews_used                    5.172  │
│  blood_healed                  0.000    prayer_correct_rate           0.400  │
│  unavoidable_off_praye…        0.014    brews_remaining               6.828  │
│  restores_remaining            9.436    prayer_at_death              93.265  │
│  current_ranged               93.310    current_magic                86.609  │
│  behind_shield_pct             0.295    zuk_hp_remaining            787.454  │
│  min_zuk_hp_seen             788.512    hp_restored                   0.025  │
│  zuk_healer_damage             0.000    deaths_to_jad                 0.023  │
│  episode_return_normal         2.792    wins_normal                   0.000  │
│  min_zuk_hp_normal           910.646    score_normal                  0.241  │
│  zuk_objective_normal          0.241    phase_reached_normal          0.375  │
│  death_tick_normal            66.843    frac_min_hp_le_300_no…        0.000  │
╰──────────────────────────────────────────────────────────────────────────────╯

[0;0H╭──────────────────────────────────────────────────────────────────────────────╮
│  PufferLib 4.0          🐡        GPU: 0%      VRAM: 0.4/18G      RAM: 0.9G  │
│                                                                              │
│  Summary          Value    Evaluate   251ms  37%    Losses            Value  │
│  Env       osrs_inferno      GPU      208ms  30%    policy            0.006  │
│  Params          752.1K      Env       42ms   6%    value             0.053  │
│  Steps            36.2M    Train      427ms  62%    entropy           0.678  │
│  SPS             239.2K      Misc       0ms   0%    total             0.031  │
│  Epoch             1105      Forwa…     0ms   0%    old_kl            0.019  │
│  Uptime    0d 0h 2m 30s                             kl                0.018  │
│  Remaini…  0d 0h 0m 57s                             clipfrac          0.140  │
│                                                     bc                0.000  │
│                                                                              │
│  User Stats                    Value    User Stats                    Value  │
│  episode_return                3.930    damage_dealt                415.888  │
│  damage_received             120.077    episode_length               94.093  │
│  wins                          0.000    wave                         68.000  │
│  idle_ticks                    1.649    brews_used                    5.245  │
│  blood_healed                  0.000    prayer_correct_rate           0.399  │
│  unavoidable_off_praye…        0.014    brews_remaining               6.755  │
│  restores_remaining            9.382    prayer_at_death              93.320  │
│  current_ranged               93.659    current_magic                86.813  │
│  behind_shield_pct             0.296    zuk_hp_remaining            787.348  │
│  min_zuk_hp_seen             788.211    hp_restored                   0.000  │
│  zuk_healer_damage             0.000    deaths_to_jad                 0.022  │
│  episode_return_normal         2.785    wins_normal                   0.000  │
│  min_zuk_hp_normal           910.190    score_normal                  0.242  │
│  zuk_objective_normal          0.242    phase_reached_normal          0.381  │
│  death_tick_normal            68.255    frac_min_hp_le_300_no…        0.000  │
╰──────────────────────────────────────────────────────────────────────────────╯

[0;0H╭──────────────────────────────────────────────────────────────────────────────╮
│  PufferLib 4.0         🐡         GPU: 0%      VRAM: 0.4/18G      RAM: 0.9G  │
│                                                                              │
│  Summary          Value    Evaluate   250ms  36%    Losses            Value  │
│  Env       osrs_inferno      GPU      208ms  30%    policy            0.009  │
│  Params          752.1K      Env       42ms   6%    value             0.051  │
│  Steps            36.4M    Train      426ms  63%    entropy           0.675  │
│  SPS             239.7K      Misc       0ms   0%    total             0.033  │
│  Epoch             1110      Forwa…     0ms   0%    old_kl            0.025  │
│  Uptime    0d 0h 2m 31s                             kl                0.022  │
│  Remaini…  0d 0h 0m 56s                             clipfrac          0.141  │
│                                                     bc                0.000  │
│                                                                              │
│  User Stats                    Value    User Stats                    Value  │
│  episode_return                3.899    damage_dealt                410.688  │
│  damage_received             117.428    episode_length               92.634  │
│  wins                          0.000    wave                         68.000  │
│  idle_ticks                    1.510    brews_used                    5.097  │
│  blood_healed                  0.000    prayer_correct_rate           0.409  │
│  unavoidable_off_praye…        0.014    brews_remaining               6.903  │
│  restores_remaining            9.464    prayer_at_death              93.162  │
│  current_ranged               93.457    current_magic                86.261  │
│  behind_shield_pct             0.296    zuk_hp_remaining            791.813  │
│  min_zuk_hp_seen             792.868    hp_restored                   0.000  │
│  zuk_healer_damage             0.000    deaths_to_jad                 0.018  │
│  episode_return_normal         2.730    wins_normal                   0.000  │
│  min_zuk_hp_normal           917.878    score_normal                  0.235  │
│  zuk_objective_normal          0.235    phase_reached_normal          0.383  │
│  death_tick_normal            65.773    frac_min_hp_le_300_no…        0.000  │
╰──────────────────────────────────────────────────────────────────────────────╯

[0;0H╭──────────────────────────────────────────────────────────────────────────────╮
│  PufferLib 4.0        🐡          GPU: 0%      VRAM: 0.4/18G      RAM: 0.9G  │
│                                                                              │
│  Summary          Value    Evaluate   251ms  37%    Losses            Value  │
│  Env       osrs_inferno      GPU      209ms  30%    policy            0.015  │
│  Params          752.1K      Env       42ms   6%    value             0.046  │
│  Steps            36.5M    Train      425ms  62%    entropy           0.657  │
│  SPS             239.8K      Misc       0ms   0%    total             0.037  │
│  Epoch             1115      Forwa…     0ms   0%    old_kl            0.024  │
│  Uptime    0d 0h 2m 32s                             kl                0.022  │
│  Remaini…  0d 0h 0m 56s                             clipfrac          0.141  │
│                                                     bc                0.000  │
│                                                                              │
│  User Stats                    Value    User Stats                    Value  │
│  episode_return                3.918    damage_dealt                412.708  │
│  damage_received             115.705    episode_length               91.822  │
│  wins                          0.000    wave                         68.000  │
│  idle_ticks                    1.449    brews_used                    5.010  │
│  blood_healed                  0.000    prayer_correct_rate           0.413  │
│  unavoidable_off_praye…        0.013    brews_remaining               6.990  │
│  restores_remaining            9.500    prayer_at_death              93.415  │
│  current_ranged               93.894    current_magic                86.710  │
│  behind_shield_pct             0.304    zuk_hp_remaining            790.189  │
│  min_zuk_hp_seen             791.093    hp_restored                   0.000  │
│  zuk_healer_damage             0.000    deaths_to_jad                 0.015  │
│  episode_return_normal         2.721    wins_normal                   0.000  │
│  min_zuk_hp_normal           919.343    score_normal                  0.234  │
│  zuk_objective_normal          0.234    phase_reached_normal          0.376  │
│  death_tick_normal            64.425    frac_min_hp_le_300_no…        0.000  │
╰──────────────────────────────────────────────────────────────────────────────╯

[0;0H╭──────────────────────────────────────────────────────────────────────────────╮
│  PufferLib 4.0       🐡           GPU: 0%      VRAM: 0.4/18G      RAM: 0.9G  │
│                                                                              │
│  Summary          Value    Evaluate   250ms  36%    Losses            Value  │
│  Env       osrs_inferno      GPU      208ms  30%    policy            0.015  │
│  Params          752.1K      Env       41ms   6%    value             0.045  │
│  Steps            36.7M    Train      428ms  63%    entropy           0.667  │
│  SPS             239.1K      Misc       0ms   0%    total             0.036  │
│  Epoch             1120      Forwa…     0ms   0%    old_kl            0.024  │
│  Uptime    0d 0h 2m 32s                             kl                0.022  │
│  Remaini…  0d 0h 0m 55s                             clipfrac          0.140  │
│                                                     bc                0.000  │
│                                                                              │
│  User Stats                    Value    User Stats                    Value  │
│  episode_return                3.992    damage_dealt                420.578  │
│  damage_received             117.901    episode_length               92.664  │
│  wins                          0.000    wave                         68.000  │
│  idle_ticks                    1.305    brews_used                    5.072  │
│  blood_healed                  0.000    prayer_correct_rate           0.408  │
│  unavoidable_off_praye…        0.015    brews_remaining               6.928  │
│  restores_remaining            9.438    prayer_at_death              93.020  │
│  current_ranged               94.174    current_magic                87.059  │
│  behind_shield_pct             0.308    zuk_hp_remaining            782.374  │
│  min_zuk_hp_seen             782.985    hp_restored                   0.000  │
│  zuk_healer_damage             0.000    deaths_to_jad                 0.018  │
│  episode_return_normal         2.815    wins_normal                   0.000  │
│  min_zuk_hp_normal           908.853    score_normal                  0.243  │
│  zuk_objective_normal          0.243    phase_reached_normal          0.387  │
│  death_tick_normal            65.909    frac_min_hp_le_300_no…        0.000  │
╰──────────────────────────────────────────────────────────────────────────────╯

[0;0H╭──────────────────────────────────────────────────────────────────────────────╮
│  PufferLib 4.0      🐡            GPU: 0%      VRAM: 0.4/18G      RAM: 0.9G  │
│                                                                              │
│  Summary          Value    Evaluate   249ms  36%    Losses            Value  │
│  Env       osrs_inferno      GPU      208ms  30%    policy            0.003  │
│  Params          752.1K      Env       41ms   6%    value             0.051  │
│  Steps            36.9M    Train      428ms  63%    entropy           0.660  │
│  SPS             239.3K      Misc       0ms   0%    total             0.027  │
│  Epoch             1125      Forwa…     0ms   0%    old_kl            0.019  │
│  Uptime    0d 0h 2m 33s                             kl                0.019  │
│  Remaini…  0d 0h 0m 54s                             clipfrac          0.140  │
│                                                     bc                0.000  │
│                                                                              │
│  User Stats                    Value    User Stats                    Value  │
│  episode_return                4.017    damage_dealt                423.687  │
│  damage_received             118.236    episode_length               92.771  │
│  wins                          0.000    wave                         68.000  │
│  idle_ticks                    1.269    brews_used                    5.117  │
│  blood_healed                  0.000    prayer_correct_rate           0.404  │
│  unavoidable_off_praye…        0.015    brews_remaining               6.883  │
│  restores_remaining            9.427    prayer_at_death              93.063  │
│  current_ranged               94.045    current_magic                87.069  │
│  behind_shield_pct             0.309    zuk_hp_remaining            779.680  │
│  min_zuk_hp_seen             780.211    hp_restored                   0.000  │
│  zuk_healer_damage             0.000    deaths_to_jad                 0.014  │
│  episode_return_normal         2.862    wins_normal                   0.000  │
│  min_zuk_hp_normal           903.664    score_normal                  0.247  │
│  zuk_objective_normal          0.247    phase_reached_normal          0.394  │
│  death_tick_normal            66.435    frac_min_hp_le_300_no…        0.000  │
╰──────────────────────────────────────────────────────────────────────────────╯

[0;0H╭──────────────────────────────────────────────────────────────────────────────╮
│  PufferLib 4.0     🐡             GPU: 0%      VRAM: 0.4/18G      RAM: 0.9G  │
│                                                                              │
│  Summary          Value    Evaluate   249ms  36%    Losses            Value  │
│  Env       osrs_inferno      GPU      207ms  30%    policy            0.007  │
│  Params          752.1K      Env       42ms   6%    value             0.054  │
│  Steps            37.0M    Train      426ms  63%    entropy           0.651  │
│  SPS             239.8K      Misc       0ms   0%    total             0.033  │
│  Epoch             1130      Forwa…     0ms   0%    old_kl            0.021  │
│  Uptime    0d 0h 2m 34s                             kl                0.021  │
│  Remaini…  0d 0h 0m 54s                             clipfrac          0.141  │
│                                                     bc                0.000  │
│                                                                              │
│  User Stats                    Value    User Stats                    Value  │
│  episode_return                3.915    damage_dealt                412.881  │
│  damage_received             116.543    episode_length               90.961  │
│  wins                          0.000    wave                         68.000  │
│  idle_ticks                    1.302    brews_used                    5.036  │
│  blood_healed                  0.000    prayer_correct_rate           0.402  │
│  unavoidable_off_praye…        0.015    brews_remaining               6.964  │
│  restores_remaining            9.466    prayer_at_death              93.218  │
│  current_ranged               94.492    current_magic                87.382  │
│  behind_shield_pct             0.302    zuk_hp_remaining            790.278  │
│  min_zuk_hp_seen             790.761    hp_restored                   0.024  │
│  zuk_healer_damage             0.000    deaths_to_jad                 0.015  │
│  episode_return_normal         2.796    wins_normal                   0.000  │
│  min_zuk_hp_normal           910.256    score_normal                  0.241  │
│  zuk_objective_normal          0.241    phase_reached_normal          0.369  │
│  death_tick_normal            65.419    frac_min_hp_le_300_no…        0.000  │
╰──────────────────────────────────────────────────────────────────────────────╯

[0;0H╭──────────────────────────────────────────────────────────────────────────────╮
│  PufferLib 4.0    🐡              GPU: 0%      VRAM: 0.4/18G      RAM: 0.9G  │
│                                                                              │
│  Summary          Value    Evaluate   251ms  37%    Losses            Value  │
│  Env       osrs_inferno      GPU      209ms  30%    policy            0.009  │
│  Params          752.1K      Env       42ms   6%    value             0.055  │
│  Steps            37.2M    Train      426ms  62%    entropy           0.612  │
│  SPS             239.5K      Misc       0ms   0%    total             0.035  │
│  Epoch             1135      Forwa…     0ms   0%    old_kl            0.023  │
│  Uptime    0d 0h 2m 35s                             kl                0.021  │
│  Remaini…  0d 0h 0m 53s                             clipfrac          0.136  │
│                                                     bc                0.000  │
│                                                                              │
│  User Stats                    Value    User Stats                    Value  │
│  episode_return                3.947    damage_dealt                415.536  │
│  damage_received             115.279    episode_length               91.304  │
│  wins                          0.000    wave                         68.000  │
│  idle_ticks                    1.433    brews_used                    4.950  │
│  blood_healed                  0.000    prayer_correct_rate           0.413  │
│  unavoidable_off_praye…        0.016    brews_remaining               7.050  │
│  restores_remaining            9.462    prayer_at_death              93.218  │
│  current_ranged               93.971    current_magic                86.846  │
│  behind_shield_pct             0.306    zuk_hp_remaining            787.651  │
│  min_zuk_hp_seen             788.241    hp_restored                   0.000  │
│  zuk_healer_damage             0.000    deaths_to_jad                 0.016  │
│  episode_return_normal         2.755    wins_normal                   0.000  │
│  min_zuk_hp_normal           915.523    score_normal                  0.237  │
│  zuk_objective_normal          0.237    phase_reached_normal          0.358  │
│  death_tick_normal            64.475    frac_min_hp_le_300_no…        0.000  │
╰──────────────────────────────────────────────────────────────────────────────╯

[0;0H╭──────────────────────────────────────────────────────────────────────────────╮
│  PufferLib 4.0   🐡               GPU: 0%      VRAM: 0.4/18G      RAM: 0.9G  │
│                                                                              │
│  Summary          Value    Evaluate   248ms  36%    Losses            Value  │
│  Env       osrs_inferno      GPU      207ms  30%    policy           -0.004  │
│  Params          752.1K      Env       42ms   6%    value             0.056  │
│  Steps            37.4M    Train      425ms  63%    entropy           0.614  │
│  SPS             240.7K      Misc       0ms   0%    total             0.023  │
│  Epoch             1140      Forwa…     0ms   0%    old_kl            0.022  │
│  Uptime    0d 0h 2m 35s                             kl                0.020  │
│  Remaini…  0d 0h 0m 52s                             clipfrac          0.140  │
│                                                     bc                0.000  │
│                                                                              │
│  User Stats                    Value    User Stats                    Value  │
│  episode_return                3.982    damage_dealt                419.073  │
│  damage_received             118.782    episode_length               92.038  │
│  wins                          0.000    wave                         68.000  │
│  idle_ticks                    1.350    brews_used                    5.234  │
│  blood_healed                  0.000    prayer_correct_rate           0.403  │
│  unavoidable_off_praye…        0.014    brews_remaining               6.766  │
│  restores_remaining            9.452    prayer_at_death              93.396  │
│  current_ranged               93.239    current_magic                86.385  │
│  behind_shield_pct             0.302    zuk_hp_remaining            783.409  │
│  min_zuk_hp_seen             784.670    hp_restored                   0.000  │
│  zuk_healer_damage             0.000    deaths_to_jad                 0.021  │
│  episode_return_normal         2.857    wins_normal                   0.000  │
│  min_zuk_hp_normal           905.194    score_normal                  0.246  │
│  zuk_objective_normal          0.246    phase_reached_normal          0.403  │
│  death_tick_normal            66.329    frac_min_hp_le_300_no…        0.000  │
╰──────────────────────────────────────────────────────────────────────────────╯

[0;0H╭──────────────────────────────────────────────────────────────────────────────╮
│  PufferLib 4.0  🐡                GPU: 0%      VRAM: 0.4/18G      RAM: 0.9G  │
│                                                                              │
│  Summary          Value    Evaluate   248ms  36%    Losses            Value  │
│  Env       osrs_inferno      GPU      207ms  30%    policy           -0.013  │
│  Params          752.1K      Env       41ms   6%    value             0.049  │
│  Steps            37.5M    Train      427ms  63%    entropy           0.570  │
│  SPS             240.1K      Misc       0ms   0%    total             0.011  │
│  Epoch             1145      Forwa…     0ms   0%    old_kl            0.023  │
│  Uptime    0d 0h 2m 36s                             kl                0.022  │
│  Remaini…  0d 0h 0m 51s                             clipfrac          0.129  │
│                                                     bc                0.000  │
│                                                                              │
│  User Stats                    Value    User Stats                    Value  │
│  episode_return                4.035    damage_dealt                424.661  │
│  damage_received             117.915    episode_length               92.870  │
│  wins                          0.000    wave                         68.000  │
│  idle_ticks                    1.374    brews_used                    5.160  │
│  blood_healed                  0.000    prayer_correct_rate           0.412  │
│  unavoidable_off_praye…        0.014    brews_remaining               6.840  │
│  restores_remaining            9.426    prayer_at_death              93.458  │
│  current_ranged               92.694    current_magic                86.074  │
│  behind_shield_pct             0.309    zuk_hp_remaining            778.523  │
│  min_zuk_hp_seen             779.102    hp_restored                   0.024  │
│  zuk_healer_damage             0.000    deaths_to_jad                 0.013  │
│  episode_return_normal         2.843    wins_normal                   0.000  │
│  min_zuk_hp_normal           907.089    score_normal                  0.244  │
│  zuk_objective_normal          0.244    phase_reached_normal          0.401  │
│  death_tick_normal            65.510    frac_min_hp_le_300_no…        0.000  │
╰──────────────────────────────────────────────────────────────────────────────╯

[0;0H╭──────────────────────────────────────────────────────────────────────────────╮
│  PufferLib 4.0 🐡                 GPU: 0%      VRAM: 0.4/18G      RAM: 0.9G  │
│                                                                              │
│  Summary          Value    Evaluate   250ms  36%    Losses            Value  │
│  Env       osrs_inferno      GPU      208ms  30%    policy            0.001  │
│  Params          752.1K      Env       41ms   6%    value             0.055  │
│  Steps            37.7M    Train      427ms  63%    entropy           0.605  │
│  SPS             239.5K      Misc       0ms   0%    total             0.028  │
│  Epoch             1150      Forwa…     0ms   0%    old_kl            0.018  │
│  Uptime    0d 0h 2m 37s                             kl                0.017  │
│  Remaini…  0d 0h 0m 51s                             clipfrac          0.130  │
│                                                     bc                0.000  │
│                                                                              │
│  User Stats                    Value    User Stats                    Value  │
│  episode_return                3.944    damage_dealt                414.748  │
│  damage_received             116.156    episode_length               91.534  │
│  wins                          0.000    wave                         68.000  │
│  idle_ticks                    1.289    brews_used                    4.998  │
│  blood_healed                  0.000    prayer_correct_rate           0.410  │
│  unavoidable_off_praye…        0.015    brews_remaining               7.002  │
│  restores_remaining            9.519    prayer_at_death              93.345  │
│  current_ranged               92.379    current_magic                85.575  │
│  behind_shield_pct             0.312    zuk_hp_remaining            788.295  │
│  min_zuk_hp_seen             788.862    hp_restored                   0.000  │
│  zuk_healer_damage             0.000    deaths_to_jad                 0.011  │
│  episode_return_normal         2.755    wins_normal                   0.000  │
│  min_zuk_hp_normal           916.558    score_normal                  0.236  │
│  zuk_objective_normal          0.236    phase_reached_normal          0.365  │
│  death_tick_normal            64.511    frac_min_hp_le_300_no…        0.000  │
╰──────────────────────────────────────────────────────────────────────────────╯

[0;0H╭──────────────────────────────────────────────────────────────────────────────╮
│  PufferLib 4.0          🐡        GPU: 0%      VRAM: 0.4/18G      RAM: 0.9G  │
│                                                                              │
│  Summary          Value    Evaluate   250ms  37%    Losses            Value  │
│  Env       osrs_inferno      GPU      208ms  30%    policy            0.001  │
│  Params          752.1K      Env       42ms   6%    value             0.047  │
│  Steps            37.8M    Train      425ms  62%    entropy           0.614  │
│  SPS             240.0K      Misc       0ms   0%    total             0.023  │
│  Epoch             1155      Forwa…     0ms   0%    old_kl            0.022  │
│  Uptime    0d 0h 2m 37s                             kl                0.020  │
│  Remaini…  0d 0h 0m 50s                             clipfrac          0.133  │
│                                                     bc                0.000  │
│                                                                              │
│  User Stats                    Value    User Stats                    Value  │
│  episode_return                3.773    damage_dealt                394.606  │
│  damage_received             111.630    episode_length               87.532  │
│  wins                          0.000    wave                         68.000  │
│  idle_ticks                    1.157    brews_used                    4.701  │
│  blood_healed                  0.000    prayer_correct_rate           0.404  │
│  unavoidable_off_praye…        0.015    brews_remaining               7.299  │
│  restores_remaining            9.722    prayer_at_death              93.281  │
│  current_ranged               92.349    current_magic                85.169  │
│  behind_shield_pct             0.302    zuk_hp_remaining            807.928  │
│  min_zuk_hp_seen             808.596    hp_restored                   0.000  │
│  zuk_healer_damage             0.000    deaths_to_jad                 0.012  │
│  episode_return_normal         2.657    wins_normal                   0.000  │
│  min_zuk_hp_normal           928.740    score_normal                  0.226  │
│  zuk_objective_normal          0.226    phase_reached_normal          0.346  │
│  death_tick_normal            62.245    frac_min_hp_le_300_no…        0.000  │
╰──────────────────────────────────────────────────────────────────────────────╯

[0;0H╭──────────────────────────────────────────────────────────────────────────────╮
│  PufferLib 4.0         🐡         GPU: 0%      VRAM: 0.4/18G      RAM: 0.9G  │
│                                                                              │
│  Summary          Value    Evaluate   249ms  36%    Losses            Value  │
│  Env       osrs_inferno      GPU      207ms  30%    policy           -0.007  │
│  Params          752.1K      Env       41ms   6%    value             0.039  │
│  Steps            38.0M    Train      427ms  63%    entropy           0.613  │
│  SPS             239.9K      Misc       0ms   0%    total             0.011  │
│  Epoch             1160      Forwa…     0ms   0%    old_kl            0.020  │
│  Uptime    0d 0h 2m 38s                             kl                0.018  │
│  Remaini…  0d 0h 0m 49s                             clipfrac          0.133  │
│                                                     bc                0.000  │
│                                                                              │
│  User Stats                    Value    User Stats                    Value  │
│  episode_return                3.858    damage_dealt                401.870  │
│  damage_received             112.910    episode_length               88.808  │
│  wins                          0.000    wave                         68.000  │
│  idle_ticks                    1.095    brews_used                    4.663  │
│  blood_healed                  0.000    prayer_correct_rate           0.411  │
│  unavoidable_off_praye…        0.016    brews_remaining               7.337  │
│  restores_remaining            9.712    prayer_at_death              93.473  │
│  current_ranged               91.689    current_magic                84.512  │
│  behind_shield_pct             0.307    zuk_hp_remaining            800.502  │
│  min_zuk_hp_seen             800.989    hp_restored                   0.000  │
│  zuk_healer_damage             0.000    deaths_to_jad                 0.011  │
│  episode_return_normal         2.681    wins_normal                   0.000  │
│  min_zuk_hp_normal           928.085    score_normal                  0.227  │
│  zuk_objective_normal          0.227    phase_reached_normal          0.341  │
│  death_tick_normal            62.168    frac_min_hp_le_300_no…        0.000  │
╰──────────────────────────────────────────────────────────────────────────────╯

[0;0H╭──────────────────────────────────────────────────────────────────────────────╮
│  PufferLib 4.0        🐡          GPU: 0%      VRAM: 0.4/18G      RAM: 0.9G  │
│                                                                              │
│  Summary          Value    Evaluate   250ms  36%    Losses            Value  │
│  Env       osrs_inferno      GPU      208ms  30%    policy            0.001  │
│  Params          752.1K      Env       42ms   6%    value             0.036  │
│  Steps            38.2M    Train      426ms  63%    entropy           0.603  │
│  SPS             239.6K      Misc       0ms   0%    total             0.018  │
│  Epoch             1165      Forwa…     0ms   0%    old_kl            0.022  │
│  Uptime    0d 0h 2m 39s                             kl                0.021  │
│  Remaini…  0d 0h 0m 49s                             clipfrac          0.130  │
│                                                     bc                0.000  │
│                                                                              │
│  User Stats                    Value    User Stats                    Value  │
│  episode_return                3.888    damage_dealt                405.603  │
│  damage_received             113.256    episode_length               89.374  │
│  wins                          0.000    wave                         68.000  │
│  idle_ticks                    1.188    brews_used                    4.760  │
│  blood_healed                  0.000    prayer_correct_rate           0.412  │
│  unavoidable_off_praye…        0.016    brews_remaining               7.240  │
│  restores_remaining            9.679    prayer_at_death              93.191  │
│  current_ranged               91.462    current_magic                84.286  │
│  behind_shield_pct             0.309    zuk_hp_remaining            797.072  │
│  min_zuk_hp_seen             797.386    hp_restored                   0.000  │
│  zuk_healer_damage             0.000    deaths_to_jad                 0.009  │
│  episode_return_normal         2.696    wins_normal                   0.000  │
│  min_zuk_hp_normal           925.807    score_normal                  0.228  │
│  zuk_objective_normal          0.228    phase_reached_normal          0.337  │
│  death_tick_normal            62.500    frac_min_hp_le_300_no…        0.000  │
╰──────────────────────────────────────────────────────────────────────────────╯

[0;0H╭──────────────────────────────────────────────────────────────────────────────╮
│  PufferLib 4.0       🐡           GPU: 0%      VRAM: 0.4/18G      RAM: 0.9G  │
│                                                                              │
│  Summary          Value    Evaluate   250ms  36%    Losses            Value  │
│  Env       osrs_inferno      GPU      208ms  30%    policy            0.016  │
│  Params          752.1K      Env       41ms   6%    value             0.042  │
│  Steps            38.3M    Train      428ms  63%    entropy           0.607  │
│  SPS             239.2K      Misc       0ms   0%    total             0.036  │
│  Epoch             1170      Forwa…     0ms   0%    old_kl            0.024  │
│  Uptime    0d 0h 2m 39s                             kl                0.022  │
│  Remaini…  0d 0h 0m 48s                             clipfrac          0.134  │
│                                                     bc                0.000  │
│                                                                              │
│  User Stats                    Value    User Stats                    Value  │
│  episode_return                3.872    damage_dealt                404.439  │
│  damage_received             110.892    episode_length               88.818  │
│  wins                          0.000    wave                         68.000  │
│  idle_ticks                    1.188    brews_used                    4.731  │
│  blood_healed                  0.000    prayer_correct_rate           0.408  │
│  unavoidable_off_praye…        0.015    brews_remaining               7.269  │
│  restores_remaining            9.698    prayer_at_death              93.125  │
│  current_ranged               91.406    current_magic                84.185  │
│  behind_shield_pct             0.309    zuk_hp_remaining            797.839  │
│  min_zuk_hp_seen             798.375    hp_restored                   0.000  │
│  zuk_healer_damage             0.000    deaths_to_jad                 0.008  │
│  episode_return_normal         2.720    wins_normal                   0.000  │
│  min_zuk_hp_normal           922.594    score_normal                  0.231  │
│  zuk_objective_normal          0.231    phase_reached_normal          0.346  │
│  death_tick_normal            62.571    frac_min_hp_le_300_no…        0.000  │
╰──────────────────────────────────────────────────────────────────────────────╯

[0;0H╭──────────────────────────────────────────────────────────────────────────────╮
│  PufferLib 4.0      🐡            GPU: 0%      VRAM: 0.4/18G      RAM: 0.9G  │
│                                                                              │
│  Summary          Value    Evaluate   251ms  37%    Losses            Value  │
│  Env       osrs_inferno      GPU      209ms  30%    policy            0.004  │
│  Params          752.1K      Env       42ms   6%    value             0.041  │
│  Steps            38.5M    Train      425ms  62%    entropy           0.597  │
│  SPS             239.6K      Misc       0ms   0%    total             0.023  │
│  Epoch             1175      Forwa…     0ms   0%    old_kl            0.022  │
│  Uptime    0d 0h 2m 40s                             kl                0.020  │
│  Remaini…  0d 0h 0m 47s                             clipfrac          0.128  │
│                                                     bc                0.000  │
│                                                                              │
│  User Stats                    Value    User Stats                    Value  │
│  episode_return                3.773    damage_dealt                394.584  │
│  damage_received             109.258    episode_length               87.324  │
│  wins                          0.000    wave                         68.000  │
│  idle_ticks                    1.132    brews_used                    4.600  │
│  blood_healed                  0.000    prayer_correct_rate           0.411  │
│  unavoidable_off_praye…        0.015    brews_remaining               7.400  │
│  restores_remaining            9.777    prayer_at_death              92.881  │
│  current_ranged               91.568    current_magic                84.186  │
│  behind_shield_pct             0.306    zuk_hp_remaining            807.688  │
│  min_zuk_hp_seen             808.188    hp_restored                   0.000  │
│  zuk_healer_damage             0.000    deaths_to_jad                 0.010  │
│  episode_return_normal         2.608    wins_normal                   0.000  │
│  min_zuk_hp_normal           933.856    score_normal                  0.222  │
│  zuk_objective_normal          0.222    phase_reached_normal          0.323  │
│  death_tick_normal            60.861    frac_min_hp_le_300_no…        0.000  │
╰──────────────────────────────────────────────────────────────────────────────╯

[0;0H╭──────────────────────────────────────────────────────────────────────────────╮
│  PufferLib 4.0     🐡             GPU: 0%      VRAM: 0.4/18G      RAM: 0.9G  │
│                                                                              │
│  Summary          Value    Evaluate   249ms  36%    Losses            Value  │
│  Env       osrs_inferno      GPU      208ms  30%    policy            0.005  │
│  Params          752.1K      Env       41ms   6%    value             0.046  │
│  Steps            38.7M    Train      425ms  63%    entropy           0.597  │
│  SPS             240.4K      Misc       0ms   0%    total             0.027  │
│  Epoch             1180      Forwa…     0ms   0%    old_kl            0.023  │
│  Uptime    0d 0h 2m 41s                             kl                0.021  │
│  Remaini…  0d 0h 0m 47s                             clipfrac          0.130  │
│                                                     bc                0.000  │
│                                                                              │
│  User Stats                    Value    User Stats                    Value  │
│  episode_return                3.822    damage_dealt                400.819  │
│  damage_received             110.729    episode_length               88.180  │
│  wins                          0.000    wave                         68.000  │
│  idle_ticks                    1.193    brews_used                    4.723  │
│  blood_healed                  0.000    prayer_correct_rate           0.411  │
│  unavoidable_off_praye…        0.016    brews_remaining               7.277  │
│  restores_remaining            9.680    prayer_at_death              92.911  │
│  current_ranged               91.897    current_magic                84.788  │
│  behind_shield_pct             0.306    zuk_hp_remaining            801.442  │
│  min_zuk_hp_seen             802.000    hp_restored                   0.000  │
│  zuk_healer_damage             0.000    deaths_to_jad                 0.010  │
│  episode_return_normal         2.647    wins_normal                   0.000  │
│  min_zuk_hp_normal           928.111    score_normal                  0.227  │
│  zuk_objective_normal          0.227    phase_reached_normal          0.335  │
│  death_tick_normal            61.733    frac_min_hp_le_300_no…        0.000  │
╰──────────────────────────────────────────────────────────────────────────────╯

[0;0H╭──────────────────────────────────────────────────────────────────────────────╮
│  PufferLib 4.0    🐡              GPU: 0%      VRAM: 0.4/18G      RAM: 0.9G  │
│                                                                              │
│  Summary          Value    Evaluate   251ms  36%    Losses            Value  │
│  Env       osrs_inferno      GPU      209ms  30%    policy            0.005  │
│  Params          752.1K      Env       42ms   6%    value             0.044  │
│  Steps            38.8M    Train      428ms  63%    entropy           0.597  │
│  SPS             238.8K      Misc       0ms   0%    total             0.026  │
│  Epoch             1185      Forwa…     0ms   0%    old_kl            0.020  │
│  Uptime    0d 0h 2m 41s                             kl                0.017  │
│  Remaini…  0d 0h 0m 46s                             clipfrac          0.125  │
│                                                     bc                0.000  │
│                                                                              │
│  User Stats                    Value    User Stats                    Value  │
│  episode_return                3.767    damage_dealt                394.891  │
│  damage_received             109.073    episode_length               86.524  │
│  wins                          0.000    wave                         68.000  │
│  idle_ticks                    1.171    brews_used                    4.647  │
│  blood_healed                  0.000    prayer_correct_rate           0.406  │
│  unavoidable_off_praye…        0.015    brews_remaining               7.353  │
│  restores_remaining            9.763    prayer_at_death              92.942  │
│  current_ranged               91.321    current_magic                84.304  │
│  behind_shield_pct             0.301    zuk_hp_remaining            807.408  │
│  min_zuk_hp_seen             807.824    hp_restored                   0.000  │
│  zuk_healer_damage             0.000    deaths_to_jad                 0.004  │
│  episode_return_normal         2.653    wins_normal                   0.000  │
│  min_zuk_hp_normal           927.854    score_normal                  0.227  │
│  zuk_objective_normal          0.227    phase_reached_normal          0.326  │
│  death_tick_normal            61.073    frac_min_hp_le_300_no…        0.000  │
╰──────────────────────────────────────────────────────────────────────────────╯

[0;0H╭──────────────────────────────────────────────────────────────────────────────╮
│  PufferLib 4.0   🐡               GPU: 0%      VRAM: 0.4/18G      RAM: 0.9G  │
│                                                                              │
│  Summary          Value    Evaluate   247ms  36%    Losses            Value  │
│  Env       osrs_inferno      GPU      205ms  30%    policy            0.014  │
│  Params          752.1K      Env       42ms   6%    value             0.046  │
│  Steps            39.0M    Train      425ms  63%    entropy           0.565  │
│  SPS             241.0K      Misc       0ms   0%    total             0.036  │
│  Epoch             1190      Forwa…     0ms   0%    old_kl            0.018  │
│  Uptime    0d 0h 2m 42s                             kl                0.017  │
│  Remaini…  0d 0h 0m 45s                             clipfrac          0.117  │
│                                                     bc                0.000  │
│                                                                              │
│  User Stats                    Value    User Stats                    Value  │
│  episode_return                3.889    damage_dealt                409.068  │
│  damage_received             111.025    episode_length               89.304  │
│  wins                          0.000    wave                         68.000  │
│  idle_ticks                    1.164    brews_used                    4.774  │
│  blood_healed                  0.000    prayer_correct_rate           0.406  │
│  unavoidable_off_praye…        0.015    brews_remaining               7.226  │
│  restores_remaining            9.621    prayer_at_death              92.982  │
│  current_ranged               92.549    current_magic                85.786  │
│  behind_shield_pct             0.309    zuk_hp_remaining            793.871  │
│  min_zuk_hp_seen             794.134    hp_restored                   0.000  │
│  zuk_healer_damage             0.000    deaths_to_jad                 0.005  │
│  episode_return_normal         2.753    wins_normal                   0.000  │
│  min_zuk_hp_normal           916.301    score_normal                  0.236  │
│  zuk_objective_normal          0.236    phase_reached_normal          0.362  │
│  death_tick_normal            63.279    frac_min_hp_le_300_no…        0.000  │
╰──────────────────────────────────────────────────────────────────────────────╯

[0;0H╭──────────────────────────────────────────────────────────────────────────────╮
│  PufferLib 4.0  🐡                GPU: 0%      VRAM: 0.4/18G      RAM: 0.9G  │
│                                                                              │
│  Summary          Value    Evaluate   251ms  36%    Losses            Value  │
│  Env       osrs_inferno      GPU      208ms  30%    policy            0.007  │
│  Params          752.1K      Env       42ms   6%    value             0.048  │
│  Steps            39.2M    Train      428ms  63%    entropy           0.581  │
│  SPS             238.9K      Misc       0ms   0%    total             0.030  │
│  Epoch             1195      Forwa…     0ms   0%    old_kl            0.019  │
│  Uptime    0d 0h 2m 43s                             kl                0.018  │
│  Remaini…  0d 0h 0m 45s                             clipfrac          0.122  │
│                                                     bc                0.000  │
│                                                                              │
│  User Stats                    Value    User Stats                    Value  │
│  episode_return                3.961    damage_dealt                416.920  │
│  damage_received             116.529    episode_length               91.162  │
│  wins                          0.000    wave                         68.000  │
│  idle_ticks                    1.169    brews_used                    5.038  │
│  blood_healed                  0.000    prayer_correct_rate           0.397  │
│  unavoidable_off_praye…        0.014    brews_remaining               6.962  │
│  restores_remaining            9.532    prayer_at_death              92.983  │
│  current_ranged               93.151    current_magic                86.138  │
│  behind_shield_pct             0.307    zuk_hp_remaining            786.088  │
│  min_zuk_hp_seen             786.402    hp_restored                   0.000  │
│  zuk_healer_damage             0.000    deaths_to_jad                 0.006  │
│  episode_return_normal         2.862    wins_normal                   0.000  │
│  min_zuk_hp_normal           904.609    score_normal                  0.246  │
│  zuk_objective_normal          0.246    phase_reached_normal          0.387  │
│  death_tick_normal            66.124    frac_min_hp_le_300_no…        0.000  │
╰──────────────────────────────────────────────────────────────────────────────╯

[0;0H╭──────────────────────────────────────────────────────────────────────────────╮
│  PufferLib 4.0 🐡                 GPU: 0%      VRAM: 0.4/18G      RAM: 0.9G  │
│                                                                              │
│  Summary          Value    Evaluate   250ms  36%    Losses            Value  │
│  Env       osrs_inferno      GPU      208ms  30%    policy            0.013  │
│  Params          752.1K      Env       42ms   6%    value             0.052  │
│  Steps            39.3M    Train      427ms  63%    entropy           0.588  │
│  SPS             239.4K      Misc       0ms   0%    total             0.038  │
│  Epoch             1200      Forwa…     0ms   0%    old_kl            0.023  │
│  Uptime    0d 0h 2m 43s                             kl                0.020  │
│  Remaini…  0d 0h 0m 44s                             clipfrac          0.129  │
│                                                     bc                0.000  │
│                                                                              │
│  User Stats                    Value    User Stats                    Value  │
│  episode_return                3.835    damage_dealt                403.106  │
│  damage_received             111.258    episode_length               87.857  │
│  wins                          0.000    wave                         68.000  │
│  idle_ticks                    1.232    brews_used                    4.856  │
│  blood_healed                  0.000    prayer_correct_rate           0.389  │
│  unavoidable_off_praye…        0.013    brews_remaining               7.144  │
│  restores_remaining            9.686    prayer_at_death              92.661  │
│  current_ranged               92.618    current_magic                85.304  │
│  behind_shield_pct             0.298    zuk_hp_remaining            799.735  │
│  min_zuk_hp_seen             800.031    hp_restored                   0.000  │
│  zuk_healer_damage             0.000    deaths_to_jad                 0.004  │
│  episode_return_normal         2.808    wins_normal                   0.000  │
│  min_zuk_hp_normal           910.634    score_normal                  0.241  │
│  zuk_objective_normal          0.241    phase_reached_normal          0.383  │
│  death_tick_normal            64.256    frac_min_hp_le_300_no…        0.000  │
╰──────────────────────────────────────────────────────────────────────────────╯

[0;0H╭──────────────────────────────────────────────────────────────────────────────╮
│  PufferLib 4.0          🐡        GPU: 0%      VRAM: 0.4/18G      RAM: 0.9G  │
│                                                                              │
│  Summary          Value    Evaluate   251ms  37%    Losses            Value  │
│  Env       osrs_inferno      GPU      208ms  30%    policy            0.012  │
│  Params          752.1K      Env       42ms   6%    value             0.054  │
│  Steps            39.5M    Train      424ms  62%    entropy           0.563  │
│  SPS             240.0K      Misc       0ms   0%    total             0.038  │
│  Epoch             1205      Forwa…     0ms   0%    old_kl            0.024  │
│  Uptime    0d 0h 2m 44s                             kl                0.023  │
│  Remaini…  0d 0h 0m 43s                             clipfrac          0.129  │
│                                                     bc                0.000  │
│                                                                              │
│  User Stats                    Value    User Stats                    Value  │
│  episode_return                3.881    damage_dealt                409.154  │
│  damage_received             113.804    episode_length               89.618  │
│  wins                          0.000    wave                         68.000  │
│  idle_ticks                    1.315    brews_used                    4.999  │
│  blood_healed                  0.000    prayer_correct_rate           0.384  │
│  unavoidable_off_praye…        0.013    brews_remaining               7.001  │
│  restores_remaining            9.567    prayer_at_death              92.820  │
│  current_ranged               93.754    current_magic                86.360  │
│  behind_shield_pct             0.302    zuk_hp_remaining            793.657  │
│  min_zuk_hp_seen             794.262    hp_restored                   0.000  │
│  zuk_healer_damage             0.000    deaths_to_jad                 0.004  │
│  episode_return_normal         2.872    wins_normal                   0.000  │
│  min_zuk_hp_normal           902.885    score_normal                  0.248  │
│  zuk_objective_normal          0.248    phase_reached_normal          0.387  │
│  death_tick_normal            66.384    frac_min_hp_le_300_no…        0.000  │
╰──────────────────────────────────────────────────────────────────────────────╯

[0;0H╭──────────────────────────────────────────────────────────────────────────────╮
│  PufferLib 4.0         🐡         GPU: 0%      VRAM: 0.4/18G      RAM: 0.9G  │
│                                                                              │
│  Summary          Value    Evaluate   251ms  37%    Losses            Value  │
│  Env       osrs_inferno      GPU      209ms  30%    policy            0.004  │
│  Params          752.1K      Env       42ms   6%    value             0.058  │
│  Steps            39.6M    Train      427ms  62%    entropy           0.568  │
│  SPS             238.9K      Misc       0ms   0%    total             0.032  │
│  Epoch             1210      Forwa…     0ms   0%    old_kl            0.021  │
│  Uptime    0d 0h 2m 45s                             kl                0.019  │
│  Remaini…  0d 0h 0m 43s                             clipfrac          0.125  │
│                                                     bc                0.000  │
│                                                                              │
│  User Stats                    Value    User Stats                    Value  │
│  episode_return                3.848    damage_dealt                406.296  │
│  damage_received             113.364    episode_length               89.556  │
│  wins                          0.000    wave                         68.000  │
│  idle_ticks                    1.267    brews_used                    5.027  │
│  blood_healed                  0.000    prayer_correct_rate           0.386  │
│  unavoidable_off_praye…        0.013    brews_remaining               6.973  │
│  restores_remaining            9.594    prayer_at_death              92.580  │
│  current_ranged               93.264    current_magic                85.910  │
│  behind_shield_pct             0.299    zuk_hp_remaining            796.350  │
│  min_zuk_hp_seen             797.145    hp_restored                   0.000  │
│  zuk_healer_damage             0.000    deaths_to_jad                 0.001  │
│  episode_return_normal         2.811    wins_normal                   0.000  │
│  min_zuk_hp_normal           908.838    score_normal                  0.243  │
│  zuk_objective_normal          0.243    phase_reached_normal          0.371  │
│  death_tick_normal            65.883    frac_min_hp_le_300_no…        0.000  │
╰──────────────────────────────────────────────────────────────────────────────╯

[0;0H╭──────────────────────────────────────────────────────────────────────────────╮
│  PufferLib 4.0        🐡          GPU: 0%      VRAM: 0.4/18G      RAM: 0.9G  │
│                                                                              │
│  Summary          Value    Evaluate   250ms  37%    Losses            Value  │
│  Env       osrs_inferno      GPU      207ms  30%    policy            0.013  │
│  Params          752.1K      Env       42ms   6%    value             0.054  │
│  Steps            39.8M    Train      421ms  62%    entropy           0.570  │
│  SPS             241.5K      Misc       0ms   0%    total             0.040  │
│  Epoch             1215      Forwa…     0ms   0%    old_kl            0.022  │
│  Uptime    0d 0h 2m 45s                             kl                0.020  │
│  Remaini…  0d 0h 0m 42s                             clipfrac          0.123  │
│                                                     bc                0.000  │
│                                                                              │
│  User Stats                    Value    User Stats                    Value  │
│  episode_return                3.799    damage_dealt                400.916  │
│  damage_received             114.891    episode_length               88.586  │
│  wins                          0.000    wave                         68.000  │
│  idle_ticks                    1.234    brews_used                    5.162  │
│  blood_healed                  0.000    prayer_correct_rate           0.367  │
│  unavoidable_off_praye…        0.012    brews_remaining               6.838  │
│  restores_remaining            9.637    prayer_at_death              92.296  │
│  current_ranged               92.671    current_magic                85.244  │
│  behind_shield_pct             0.290    zuk_hp_remaining            802.135  │
│  min_zuk_hp_seen             802.529    hp_restored                   0.000  │
│  zuk_healer_damage             0.000    deaths_to_jad                 0.001  │
│  episode_return_normal         2.890    wins_normal                   0.000  │
│  min_zuk_hp_normal           900.708    score_normal                  0.249  │
│  zuk_objective_normal          0.249    phase_reached_normal          0.409  │
│  death_tick_normal            67.668    frac_min_hp_le_300_no…        0.000  │
╰──────────────────────────────────────────────────────────────────────────────╯

[0;0H╭──────────────────────────────────────────────────────────────────────────────╮
│  PufferLib 4.0       🐡           GPU: 0%      VRAM: 0.4/18G      RAM: 0.9G  │
│                                                                              │
│  Summary          Value    Evaluate   250ms  36%    Losses            Value  │
│  Env       osrs_inferno      GPU      208ms  30%    policy            0.006  │
│  Params          752.1K      Env       42ms   6%    value             0.056  │
│  Steps            40.0M    Train      427ms  63%    entropy           0.566  │
│  SPS             239.3K      Misc       0ms   0%    total             0.033  │
│  Epoch             1220      Forwa…     0ms   0%    old_kl            0.023  │
│  Uptime    0d 0h 2m 46s                             kl                0.022  │
│  Remaini…  0d 0h 0m 41s                             clipfrac          0.122  │
│                                                     bc                0.000  │
│                                                                              │
│  User Stats                    Value    User Stats                    Value  │
│  episode_return                3.829    damage_dealt                404.213  │
│  damage_received             116.516    episode_length               88.721  │
│  wins                          0.000    wave                         68.000  │
│  idle_ticks                    1.346    brews_used                    5.245  │
│  blood_healed                  0.000    prayer_correct_rate           0.365  │
│  unavoidable_off_praye…        0.012    brews_remaining               6.755  │
│  restores_remaining            9.597    prayer_at_death              92.414  │
│  current_ranged               92.800    current_magic                85.535  │
│  behind_shield_pct             0.282    zuk_hp_remaining            798.713  │
│  min_zuk_hp_seen             799.254    hp_restored                   0.000  │
│  zuk_healer_damage             0.000    deaths_to_jad                 0.005  │
│  episode_return_normal         2.924    wins_normal                   0.000  │
│  min_zuk_hp_normal           896.779    score_normal                  0.253  │
│  zuk_objective_normal          0.253    phase_reached_normal          0.416  │
│  death_tick_normal            67.990    frac_min_hp_le_300_no…        0.000  │
╰──────────────────────────────────────────────────────────────────────────────╯

[0;0H╭──────────────────────────────────────────────────────────────────────────────╮
│  PufferLib 4.0      🐡            GPU: 0%      VRAM: 0.4/18G      RAM: 0.9G  │
│                                                                              │
│  Summary          Value    Evaluate   251ms  37%    Losses            Value  │
│  Env       osrs_inferno      GPU      208ms  30%    policy            0.020  │
│  Params          752.1K      Env       42ms   6%    value             0.053  │
│  Steps            40.1M    Train      425ms  62%    entropy           0.558  │
│  SPS             239.8K      Misc       0ms   0%    total             0.046  │
│  Epoch             1225      Forwa…     0ms   0%    old_kl            0.019  │
│  Uptime    0d 0h 2m 47s                             kl                0.017  │
│  Remaini…  0d 0h 0m 41s                             clipfrac          0.119  │
│                                                     bc                0.000  │
│                                                                              │
│  User Stats                    Value    User Stats                    Value  │
│  episode_return                3.850    damage_dealt                406.788  │
│  damage_received             115.597    episode_length               89.908  │
│  wins                          0.000    wave                         68.000  │
│  idle_ticks                    1.319    brews_used                    5.128  │
│  blood_healed                  0.000    prayer_correct_rate           0.376  │
│  unavoidable_off_praye…        0.013    brews_remaining               6.872  │
│  restores_remaining            9.592    prayer_at_death              92.274  │
│  current_ranged               93.196    current_magic                85.702  │
│  behind_shield_pct             0.293    zuk_hp_remaining            796.142  │
│  min_zuk_hp_seen             796.804    hp_restored                   0.000  │
│  zuk_healer_damage             0.000    deaths_to_jad                 0.002  │
│  episode_return_normal         2.880    wins_normal                   0.000  │
│  min_zuk_hp_normal           901.373    score_normal                  0.249  │
│  zuk_objective_normal          0.249    phase_reached_normal          0.385  │
│  death_tick_normal            67.704    frac_min_hp_le_300_no…        0.000  │
╰──────────────────────────────────────────────────────────────────────────────╯

[0;0H╭──────────────────────────────────────────────────────────────────────────────╮
│  PufferLib 4.0     🐡             GPU: 0%      VRAM: 0.4/18G      RAM: 0.9G  │
│                                                                              │
│  Summary          Value    Evaluate   250ms  36%    Losses            Value  │
│  Env       osrs_inferno      GPU      208ms  30%    policy            0.004  │
│  Params          752.1K      Env       42ms   6%    value             0.052  │
│  Steps            40.3M    Train      426ms  63%    entropy           0.560  │
│  SPS             240.0K      Misc       0ms   0%    total             0.029  │
│  Epoch             1230      Forwa…     0ms   0%    old_kl            0.021  │
│  Uptime    0d 0h 2m 48s                             kl                0.019  │
│  Remaini…  0d 0h 0m 40s                             clipfrac          0.114  │
│                                                     bc                0.000  │
│                                                                              │
│  User Stats                    Value    User Stats                    Value  │
│  episode_return                3.887    damage_dealt                410.162  │
│  damage_received             116.822    episode_length               90.565  │
│  wins                          0.000    wave                         68.000  │
│  idle_ticks                    1.266    brews_used                    5.178  │
│  blood_healed                  0.000    prayer_correct_rate           0.380  │
│  unavoidable_off_praye…        0.013    brews_remaining               6.822  │
│  restores_remaining            9.585    prayer_at_death              92.234  │
│  current_ranged               93.657    current_magic                86.046  │
│  behind_shield_pct             0.294    zuk_hp_remaining            792.599  │
│  min_zuk_hp_seen             793.401    hp_restored                   0.000  │
│  zuk_healer_damage             0.000    deaths_to_jad                 0.001  │
│  episode_return_normal         2.887    wins_normal                   0.000  │
│  min_zuk_hp_normal           901.208    score_normal                  0.249  │
│  zuk_objective_normal          0.249    phase_reached_normal          0.388  │
│  death_tick_normal            67.590    frac_min_hp_le_300_no…        0.000  │
╰──────────────────────────────────────────────────────────────────────────────╯

[0;0H╭──────────────────────────────────────────────────────────────────────────────╮
│  PufferLib 4.0    🐡              GPU: 0%      VRAM: 0.4/18G      RAM: 0.9G  │
│                                                                              │
│  Summary          Value    Evaluate   251ms  37%    Losses            Value  │
│  Env       osrs_inferno      GPU      208ms  30%    policy           -0.006  │
│  Params          752.1K      Env       42ms   6%    value             0.057  │
│  Steps            40.5M    Train      425ms  62%    entropy           0.583  │
│  SPS             239.8K      Misc       0ms   0%    total             0.021  │
│  Epoch             1235      Forwa…     0ms   0%    old_kl            0.023  │
│  Uptime    0d 0h 2m 48s                             kl                0.023  │
│  Remaini…  0d 0h 0m 39s                             clipfrac          0.120  │
│                                                     bc                0.000  │
│                                                                              │
│  User Stats                    Value    User Stats                    Value  │
│  episode_return                3.875    damage_dealt                409.200  │
│  damage_received             116.480    episode_length               90.389  │
│  wins                          0.000    wave                         68.000  │
│  idle_ticks                    1.267    brews_used                    5.233  │
│  blood_healed                  0.000    prayer_correct_rate           0.370  │
│  unavoidable_off_praye…        0.012    brews_remaining               6.767  │
│  restores_remaining            9.582    prayer_at_death              92.539  │
│  current_ranged               93.894    current_magic                86.332  │
│  behind_shield_pct             0.294    zuk_hp_remaining            793.964  │
│  min_zuk_hp_seen             794.323    hp_restored                   0.000  │
│  zuk_healer_damage             0.000    deaths_to_jad                 0.001  │
│  episode_return_normal         2.939    wins_normal                   0.000  │
│  min_zuk_hp_normal           895.538    score_normal                  0.254  │
│  zuk_objective_normal          0.254    phase_reached_normal          0.411  │
│  death_tick_normal            68.515    frac_min_hp_le_300_no…        0.000  │
╰──────────────────────────────────────────────────────────────────────────────╯

[0;0H╭──────────────────────────────────────────────────────────────────────────────╮
│  PufferLib 4.0   🐡               GPU: 0%      VRAM: 0.4/18G      RAM: 0.9G  │
│                                                                              │
│  Summary          Value    Evaluate   248ms  36%    Losses            Value  │
│  Env       osrs_inferno      GPU      206ms  30%    policy            0.055  │
│  Params          752.1K      Env       42ms   6%    value             0.061  │
│  Steps            40.6M    Train      426ms  63%    entropy           0.585  │
│  SPS             240.4K      Misc       0ms   0%    total             0.085  │
│  Epoch             1240      Forwa…     0ms   0%    old_kl            0.024  │
│  Uptime    0d 0h 2m 49s                             kl                0.097  │
│  Remaini…  0d 0h 0m 38s                             clipfrac          0.120  │
│                                                     bc                0.000  │
│                                                                              │
│  User Stats                    Value    User Stats                    Value  │
│  episode_return                3.802    damage_dealt                401.007  │
│  damage_received             113.198    episode_length               88.769  │
│  wins                          0.000    wave                         68.000  │
│  idle_ticks                    1.237    brews_used                    5.037  │
│  blood_healed                  0.000    prayer_correct_rate           0.373  │
│  unavoidable_off_praye…        0.012    brews_remaining               6.963  │
│  restores_remaining            9.666    prayer_at_death              92.570  │
│  current_ranged               94.302    current_magic                86.383  │
│  behind_shield_pct             0.295    zuk_hp_remaining            802.016  │
│  min_zuk_hp_seen             802.370    hp_restored                   0.000  │
│  zuk_healer_damage             0.000    deaths_to_jad                 0.001  │
│  episode_return_normal         2.870    wins_normal                   0.000  │
│  min_zuk_hp_normal           903.660    score_normal                  0.247  │
│  zuk_objective_normal          0.247    phase_reached_normal          0.388  │
│  death_tick_normal            66.647    frac_min_hp_le_300_no…        0.000  │
╰──────────────────────────────────────────────────────────────────────────────╯

[0;0H╭──────────────────────────────────────────────────────────────────────────────╮
│  PufferLib 4.0  🐡                GPU: 0%      VRAM: 0.4/18G      RAM: 0.9G  │
│                                                                              │
│  Summary          Value    Evaluate   251ms  37%    Losses            Value  │
│  Env       osrs_inferno      GPU      209ms  30%    policy           -0.003  │
│  Params          752.1K      Env       42ms   6%    value             0.051  │
│  Steps            40.8M    Train      426ms  62%    entropy           0.563  │
│  SPS             239.5K      Misc       0ms   0%    total             0.021  │
│  Epoch             1245      Forwa…     0ms   0%    old_kl            0.021  │
│  Uptime    0d 0h 2m 50s                             kl                0.019  │
│  Remaini…  0d 0h 0m 38s                             clipfrac          0.121  │
│                                                     bc                0.000  │
│                                                                              │
│  User Stats                    Value    User Stats                    Value  │
│  episode_return                3.801    damage_dealt                400.910  │
│  damage_received             112.938    episode_length               88.974  │
│  wins                          0.000    wave                         68.000  │
│  idle_ticks                    1.244    brews_used                    5.041  │
│  blood_healed                  0.000    prayer_correct_rate           0.375  │
│  unavoidable_off_praye…        0.012    brews_remaining               6.959  │
│  restores_remaining            9.685    prayer_at_death              92.411  │
│  current_ranged               94.364    current_magic                86.395  │
│  behind_shield_pct             0.295    zuk_hp_remaining            802.190  │
│  min_zuk_hp_seen             802.532    hp_restored                   0.000  │
│  zuk_healer_damage             0.000    deaths_to_jad                 0.002  │
│  episode_return_normal         2.853    wins_normal                   0.000  │
│  min_zuk_hp_normal           905.396    score_normal                  0.246  │
│  zuk_objective_normal          0.246    phase_reached_normal          0.378  │
│  death_tick_normal            66.625    frac_min_hp_le_300_no…        0.000  │
╰──────────────────────────────────────────────────────────────────────────────╯

[0;0H╭──────────────────────────────────────────────────────────────────────────────╮
│  PufferLib 4.0 🐡                 GPU: 0%      VRAM: 0.4/18G      RAM: 0.9G  │
│                                                                              │
│  Summary          Value    Evaluate   251ms  37%    Losses            Value  │
│  Env       osrs_inferno      GPU      208ms  30%    policy            0.011  │
│  Params          752.1K      Env       42ms   6%    value             0.055  │
│  Steps            41.0M    Train      427ms  62%    entropy           0.579  │
│  SPS             239.2K      Misc       0ms   0%    total             0.038  │
│  Epoch             1250      Forwa…     0ms   0%    old_kl            0.021  │
│  Uptime    0d 0h 2m 50s                             kl                0.019  │
│  Remaini…  0d 0h 0m 37s                             clipfrac          0.129  │
│                                                     bc                0.000  │
│                                                                              │
│  User Stats                    Value    User Stats                    Value  │
│  episode_return                3.850    damage_dealt                405.748  │
│  damage_received             113.691    episode_length               89.180  │
│  wins                          0.000    wave                         68.000  │
│  idle_ticks                    1.241    brews_used                    5.089  │
│  blood_healed                  0.000    prayer_correct_rate           0.374  │
│  unavoidable_off_praye…        0.012    brews_remaining               6.911  │
│  restores_remaining            9.680    prayer_at_death              92.491  │
│  current_ranged               94.313    current_magic                86.360  │
│  behind_shield_pct             0.296    zuk_hp_remaining            797.304  │
│  min_zuk_hp_seen             797.640    hp_restored                   0.000  │
│  zuk_healer_damage             0.000    deaths_to_jad                 0.000  │
│  episode_return_normal         2.912    wins_normal                   0.000  │
│  min_zuk_hp_normal           899.848    score_normal                  0.250  │
│  zuk_objective_normal          0.250    phase_reached_normal          0.389  │
│  death_tick_normal            66.722    frac_min_hp_le_300_no…        0.000  │
╰──────────────────────────────────────────────────────────────────────────────╯

[0;0H╭──────────────────────────────────────────────────────────────────────────────╮
│  PufferLib 4.0          🐡        GPU: 0%      VRAM: 0.4/18G      RAM: 0.9G  │
│                                                                              │
│  Summary          Value    Evaluate   251ms  37%    Losses            Value  │
│  Env       osrs_inferno      GPU      208ms  30%    policy            0.007  │
│  Params          752.1K      Env       42ms   6%    value             0.047  │
│  Steps            41.1M    Train      427ms  62%    entropy           0.583  │
│  SPS             239.1K      Misc       0ms   0%    total             0.030  │
│  Epoch             1255      Forwa…     0ms   0%    old_kl            0.023  │
│  Uptime    0d 0h 2m 51s                             kl                0.022  │
│  Remaini…  0d 0h 0m 37s                             clipfrac          0.128  │
│                                                     bc                0.000  │
│                                                                              │
│  User Stats                    Value    User Stats                    Value  │
│  episode_return                3.750    damage_dealt                395.110  │
│  damage_received             113.158    episode_length               86.927  │
│  wins                          0.000    wave                         68.000  │
│  idle_ticks                    1.247    brews_used                    5.107  │
│  blood_healed                  0.000    prayer_correct_rate           0.350  │
│  unavoidable_off_praye…        0.010    brews_remaining               6.893  │
│  restores_remaining            9.712    prayer_at_death              92.573  │
│  current_ranged               94.407    current_magic                86.532  │
│  behind_shield_pct             0.285    zuk_hp_remaining            807.691  │
│  min_zuk_hp_seen             808.176    hp_restored                   0.000  │
│  zuk_healer_damage             0.000    deaths_to_jad                 0.002  │
│  episode_return_normal         2.938    wins_normal                   0.000  │
│  min_zuk_hp_normal           896.737    score_normal                  0.253  │
│  zuk_objective_normal          0.253    phase_reached_normal          0.404  │
│  death_tick_normal            67.474    frac_min_hp_le_300_no…        0.000  │
╰──────────────────────────────────────────────────────────────────────────────╯

[0;0H╭──────────────────────────────────────────────────────────────────────────────╮
│  PufferLib 4.0         🐡         GPU: 0%      VRAM: 0.4/18G      RAM: 0.9G  │
│                                                                              │
│  Summary          Value    Evaluate   251ms  37%    Losses            Value  │
│  Env       osrs_inferno      GPU      209ms  30%    policy            0.002  │
│  Params          752.1K      Env       42ms   6%    value             0.049  │
│  Steps            41.3M    Train      425ms  62%    entropy           0.559  │
│  SPS             239.7K      Misc       0ms   0%    total             0.026  │
│  Epoch             1260      Forwa…     0ms   0%    old_kl            0.024  │
│  Uptime    0d 0h 2m 52s                             kl                0.024  │
│  Remaini…  0d 0h 0m 36s                             clipfrac          0.125  │
│                                                     bc                0.000  │
│                                                                              │
│  User Stats                    Value    User Stats                    Value  │
│  episode_return                3.776    damage_dealt                397.751  │
│  damage_received             111.929    episode_length               87.747  │
│  wins                          0.000    wave                         68.000  │
│  idle_ticks                    1.236    brews_used                    4.978  │
│  blood_healed                  0.000    prayer_correct_rate           0.370  │
│  unavoidable_off_praye…        0.012    brews_remaining               7.022  │
│  restores_remaining            9.661    prayer_at_death              92.640  │
│  current_ranged               93.831    current_magic                86.392  │
│  behind_shield_pct             0.291    zuk_hp_remaining            805.357  │
│  min_zuk_hp_seen             805.653    hp_restored                   0.000  │
│  zuk_healer_damage             0.000    deaths_to_jad                 0.001  │
│  episode_return_normal         2.864    wins_normal                   0.000  │
│  min_zuk_hp_normal           904.860    score_normal                  0.246  │
│  zuk_objective_normal          0.246    phase_reached_normal          0.384  │
│  death_tick_normal            66.176    frac_min_hp_le_300_no…        0.000  │
╰──────────────────────────────────────────────────────────────────────────────╯

[0;0H╭──────────────────────────────────────────────────────────────────────────────╮
│  PufferLib 4.0        🐡          GPU: 0%      VRAM: 0.4/18G      RAM: 0.9G  │
│                                                                              │
│  Summary          Value    Evaluate   250ms  37%    Losses            Value  │
│  Env       osrs_inferno      GPU      208ms  30%    policy            0.005  │
│  Params          752.1K      Env       41ms   6%    value             0.059  │
│  Steps            41.5M    Train      425ms  62%    entropy           0.576  │
│  SPS             239.9K      Misc       0ms   0%    total             0.033  │
│  Epoch             1265      Forwa…     0ms   0%    old_kl            0.022  │
│  Uptime    0d 0h 2m 52s                             kl                0.021  │
│  Remaini…  0d 0h 0m 35s                             clipfrac          0.127  │
│                                                     bc                0.000  │
│                                                                              │
│  User Stats                    Value    User Stats                    Value  │
│  episode_return                3.742    damage_dealt                393.895  │
│  damage_received             110.346    episode_length               86.890  │
│  wins                          0.000    wave                         68.000  │
│  idle_ticks                    1.230    brews_used                    4.952  │
│  blood_healed                  0.000    prayer_correct_rate           0.359  │
│  unavoidable_off_praye…        0.011    brews_remaining               7.048  │
│  restores_remaining            9.718    prayer_at_death              92.536  │
│  current_ranged               94.126    current_magic                86.434  │
│  behind_shield_pct             0.289    zuk_hp_remaining            808.710  │
│  min_zuk_hp_seen             809.280    hp_restored                   0.000  │
│  zuk_healer_damage             0.000    deaths_to_jad                 0.013  │
│  episode_return_normal         2.885    wins_normal                   0.000  │
│  min_zuk_hp_normal           902.666    score_normal                  0.248  │
│  zuk_objective_normal          0.248    phase_reached_normal          0.402  │
│  death_tick_normal            66.417    frac_min_hp_le_300_no…        0.000  │
╰──────────────────────────────────────────────────────────────────────────────╯

[0;0H╭──────────────────────────────────────────────────────────────────────────────╮
│  PufferLib 4.0       🐡           GPU: 0%      VRAM: 0.4/18G      RAM: 0.9G  │
│                                                                              │
│  Summary          Value    Evaluate   249ms  36%    Losses            Value  │
│  Env       osrs_inferno      GPU      207ms  30%    policy            0.005  │
│  Params          752.1K      Env       41ms   6%    value             0.051  │
│  Steps            41.6M    Train      426ms  63%    entropy           0.576  │
│  SPS             240.2K      Misc       0ms   0%    total             0.030  │
│  Epoch             1270      Forwa…     0ms   0%    old_kl            0.020  │
│  Uptime    0d 0h 2m 53s                             kl                0.019  │
│  Remaini…  0d 0h 0m 34s                             clipfrac          0.122  │
│                                                     bc                0.000  │
│                                                                              │
│  User Stats                    Value    User Stats                    Value  │
│  episode_return                3.782    damage_dealt                398.546  │
│  damage_received             112.463    episode_length               87.369  │
│  wins                          0.000    wave                         68.000  │
│  idle_ticks                    1.280    brews_used                    5.091  │
│  blood_healed                  0.000    prayer_correct_rate           0.352  │
│  unavoidable_off_praye…        0.010    brews_remaining               6.909  │
│  restores_remaining            9.750    prayer_at_death              92.440  │
│  current_ranged               94.177    current_magic                86.305  │
│  behind_shield_pct             0.287    zuk_hp_remaining            804.780  │
│  min_zuk_hp_seen             805.045    hp_restored                   0.000  │
│  zuk_healer_damage             0.000    deaths_to_jad                 0.005  │
│  episode_return_normal         2.960    wins_normal                   0.000  │
│  min_zuk_hp_normal           895.021    score_normal                  0.254  │
│  zuk_objective_normal          0.254    phase_reached_normal          0.421  │
│  death_tick_normal            67.283    frac_min_hp_le_300_no…        0.000  │
╰──────────────────────────────────────────────────────────────────────────────╯

[0;0H╭──────────────────────────────────────────────────────────────────────────────╮
│  PufferLib 4.0      🐡            GPU: 0%      VRAM: 0.4/18G      RAM: 0.9G  │
│                                                                              │
│  Summary          Value    Evaluate   250ms  37%    Losses            Value  │
│  Env       osrs_inferno      GPU      209ms  30%    policy           -0.003  │
│  Params          752.1K      Env       41ms   6%    value             0.045  │
│  Steps            41.8M    Train      424ms  62%    entropy           0.559  │
│  SPS             240.4K      Misc       0ms   0%    total             0.019  │
│  Epoch             1275      Forwa…     0ms   0%    old_kl            0.025  │
│  Uptime    0d 0h 2m 54s                             kl                0.022  │
│  Remaini…  0d 0h 0m 34s                             clipfrac          0.119  │
│                                                     bc                0.000  │
│                                                                              │
│  User Stats                    Value    User Stats                    Value  │
│  episode_return                3.790    damage_dealt                399.411  │
│  damage_received             111.037    episode_length               87.714  │
│  wins                          0.000    wave                         68.000  │
│  idle_ticks                    1.285    brews_used                    4.976  │
│  blood_healed                  0.000    prayer_correct_rate           0.365  │
│  unavoidable_off_praye…        0.011    brews_remaining               7.024  │
│  restores_remaining            9.736    prayer_at_death              92.543  │
│  current_ranged               94.627    current_magic                86.744  │
│  behind_shield_pct             0.293    zuk_hp_remaining            803.574  │
│  min_zuk_hp_seen             804.033    hp_restored                   0.000  │
│  zuk_healer_damage             0.000    deaths_to_jad                 0.001  │
│  episode_return_normal         2.902    wins_normal                   0.000  │
│  min_zuk_hp_normal           900.937    score_normal                  0.249  │
│  zuk_objective_normal          0.249    phase_reached_normal          0.388  │
│  death_tick_normal            66.221    frac_min_hp_le_300_no…        0.000  │
╰──────────────────────────────────────────────────────────────────────────────╯

[0;0H╭──────────────────────────────────────────────────────────────────────────────╮
│  PufferLib 4.0     🐡             GPU: 0%      VRAM: 0.4/18G      RAM: 0.9G  │
│                                                                              │
│  Summary          Value    Evaluate   250ms  36%    Losses            Value  │
│  Env       osrs_inferno      GPU      209ms  30%    policy            0.012  │
│  Params          752.1K      Env       41ms   6%    value             0.048  │
│  Steps            41.9M    Train      426ms  63%    entropy           0.542  │
│  SPS             239.6K      Misc       0ms   0%    total             0.035  │
│  Epoch             1280      Forwa…     0ms   0%    old_kl            0.020  │
│  Uptime    0d 0h 2m 54s                             kl                0.020  │
│  Remaini…  0d 0h 0m 33s                             clipfrac          0.122  │
│                                                     bc                0.000  │
│                                                                              │
│  User Stats                    Value    User Stats                    Value  │
│  episode_return                3.767    damage_dealt                396.362  │
│  damage_received             112.468    episode_length               87.046  │
│  wins                          0.000    wave                         68.000  │
│  idle_ticks                    1.258    brews_used                    5.070  │
│  blood_healed                  0.000    prayer_correct_rate           0.358  │
│  unavoidable_off_praye…        0.012    brews_remaining               6.930  │
│  restores_remaining            9.769    prayer_at_death              92.013  │
│  current_ranged               94.357    current_magic                86.288  │
│  behind_shield_pct             0.286    zuk_hp_remaining            806.737  │
│  min_zuk_hp_seen             806.900    hp_restored                   0.000  │
│  zuk_healer_damage             0.000    deaths_to_jad                 0.000  │
│  episode_return_normal         2.912    wins_normal                   0.000  │
│  min_zuk_hp_normal           900.112    score_normal                  0.250  │
│  zuk_objective_normal          0.250    phase_reached_normal          0.389  │
│  death_tick_normal            66.543    frac_min_hp_le_300_no…        0.000  │
╰──────────────────────────────────────────────────────────────────────────────╯

[0;0H╭──────────────────────────────────────────────────────────────────────────────╮
│  PufferLib 4.0    🐡              GPU: 0%      VRAM: 0.4/18G      RAM: 0.9G  │
│                                                                              │
│  Summary          Value    Evaluate   250ms  36%    Losses            Value  │
│  Env       osrs_inferno      GPU      209ms  30%    policy           -0.004  │
│  Params          752.1K      Env       41ms   6%    value             0.042  │
│  Steps            42.1M    Train      427ms  63%    entropy           0.545  │
│  SPS             239.2K      Misc       0ms   0%    total             0.016  │
│  Epoch             1285      Forwa…     0ms   0%    old_kl            0.018  │
│  Uptime    0d 0h 2m 55s                             kl                0.015  │
│  Remaini…  0d 0h 0m 33s                             clipfrac          0.117  │
│                                                     bc                0.000  │
│                                                                              │
│  User Stats                    Value    User Stats                    Value  │
│  episode_return                3.795    damage_dealt                398.944  │
│  damage_received             114.021    episode_length               88.814  │
│  wins                          0.000    wave                         68.000  │
│  idle_ticks                    1.254    brews_used                    5.042  │
│  blood_healed                  0.000    prayer_correct_rate           0.376  │
│  unavoidable_off_praye…        0.012    brews_remaining               6.958  │
│  restores_remaining            9.782    prayer_at_death              91.788  │
│  current_ranged               94.338    current_magic                86.167  │
│  behind_shield_pct             0.293    zuk_hp_remaining            804.239  │
│  min_zuk_hp_seen             804.297    hp_restored                   0.000  │
│  zuk_healer_damage             0.000    deaths_to_jad                 0.001  │
│  episode_return_normal         2.818    wins_normal                   0.000  │
│  min_zuk_hp_normal           910.642    score_normal                  0.241  │
│  zuk_objective_normal          0.241    phase_reached_normal          0.362  │
│  death_tick_normal            65.500    frac_min_hp_le_300_no…        0.000  │
╰──────────────────────────────────────────────────────────────────────────────╯

[0;0H╭──────────────────────────────────────────────────────────────────────────────╮
│  PufferLib 4.0   🐡               GPU: 0%      VRAM: 0.4/18G      RAM: 0.9G  │
│                                                                              │
│  Summary          Value    Evaluate   249ms  36%    Losses            Value  │
│  Env       osrs_inferno      GPU      208ms  30%    policy            0.008  │
│  Params          752.1K      Env       41ms   6%    value             0.045  │
│  Steps            42.3M    Train      427ms  63%    entropy           0.532  │
│  SPS             239.7K      Misc       0ms   0%    total             0.030  │
│  Epoch             1290      Forwa…     0ms   0%    old_kl            0.020  │
│  Uptime    0d 0h 2m 56s                             kl                0.018  │
│  Remaini…  0d 0h 0m 32s                             clipfrac          0.114  │
│                                                     bc                0.000  │
│                                                                              │
│  User Stats                    Value    User Stats                    Value  │
│  episode_return                3.656    damage_dealt                383.259  │
│  damage_received             107.955    episode_length               85.527  │
│  wins                          0.000    wave                         68.000  │
│  idle_ticks                    1.180    brews_used                    4.783  │
│  blood_healed                  0.000    prayer_correct_rate           0.368  │
│  unavoidable_off_praye…        0.011    brews_remaining               7.217  │
│  restores_remaining            9.900    prayer_at_death              91.529  │
│  current_ranged               94.508    current_magic                85.909  │
│  behind_shield_pct             0.294    zuk_hp_remaining            819.742  │
│  min_zuk_hp_seen             819.914    hp_restored                   0.000  │
│  zuk_healer_damage             0.000    deaths_to_jad                 0.000  │
│  episode_return_normal         2.742    wins_normal                   0.000  │
│  min_zuk_hp_normal           919.750    score_normal                  0.234  │
│  zuk_objective_normal          0.234    phase_reached_normal          0.341  │
│  death_tick_normal            63.538    frac_min_hp_le_300_no…        0.000  │
╰──────────────────────────────────────────────────────────────────────────────╯

[0;0H╭──────────────────────────────────────────────────────────────────────────────╮
│  PufferLib 4.0  🐡                GPU: 0%      VRAM: 0.4/18G      RAM: 0.9G  │
│                                                                              │
│  Summary          Value    Evaluate   248ms  36%    Losses            Value  │
│  Env       osrs_inferno      GPU      207ms  30%    policy           -0.006  │
│  Params          752.1K      Env       41ms   6%    value             0.047  │
│  Steps            42.4M    Train      426ms  63%    entropy           0.548  │
│  SPS             240.3K      Misc       0ms   0%    total             0.017  │
│  Epoch             1295      Forwa…     0ms   0%    old_kl            0.023  │
│  Uptime    0d 0h 2m 56s                             kl                0.024  │
│  Remaini…  0d 0h 0m 31s                             clipfrac          0.117  │
│                                                     bc                0.000  │
│                                                                              │
│  User Stats                    Value    User Stats                    Value  │
│  episode_return                3.564    damage_dealt                373.279  │
│  damage_received             105.919    episode_length               83.822  │
│  wins                          0.000    wave                         68.000  │
│  idle_ticks                    1.208    brews_used                    4.715  │
│  blood_healed                  0.000    prayer_correct_rate           0.357  │
│  unavoidable_off_praye…        0.011    brews_remaining               7.285  │
│  restores_remaining            9.929    prayer_at_death              91.710  │
│  current_ranged               94.731    current_magic                86.420  │
│  behind_shield_pct             0.290    zuk_hp_remaining            829.268  │
│  min_zuk_hp_seen             829.727    hp_restored                   0.000  │
│  zuk_healer_damage             0.000    deaths_to_jad                 0.001  │
│  episode_return_normal         2.720    wins_normal                   0.000  │
│  min_zuk_hp_normal           921.829    score_normal                  0.232  │
│  zuk_objective_normal          0.232    phase_reached_normal          0.329  │
│  death_tick_normal            63.578    frac_min_hp_le_300_no…        0.000  │
╰──────────────────────────────────────────────────────────────────────────────╯

[0;0H╭──────────────────────────────────────────────────────────────────────────────╮
│  PufferLib 4.0 🐡                 GPU: 0%      VRAM: 0.4/18G      RAM: 0.9G  │
│                                                                              │
│  Summary          Value    Evaluate   251ms  37%    Losses            Value  │
│  Env       osrs_inferno      GPU      209ms  30%    policy            0.016  │
│  Params          752.1K      Env       42ms   6%    value             0.040  │
│  Steps            42.6M    Train      426ms  62%    entropy           0.519  │
│  SPS             239.3K      Misc       0ms   0%    total             0.036  │
│  Epoch             1300      Forwa…     0ms   0%    old_kl            0.017  │
│  Uptime    0d 0h 2m 57s                             kl                0.019  │
│  Remaini…  0d 0h 0m 30s                             clipfrac          0.111  │
│                                                     bc                0.000  │
│                                                                              │
│  User Stats                    Value    User Stats                    Value  │
│  episode_return                3.679    damage_dealt                385.727  │
│  damage_received             107.154    episode_length               86.171  │
│  wins                          0.000    wave                         68.000  │
│  idle_ticks                    1.176    brews_used                    4.821  │
│  blood_healed                  0.000    prayer_correct_rate           0.369  │
│  unavoidable_off_praye…        0.011    brews_remaining               7.179  │
│  restores_remaining            9.875    prayer_at_death              92.097  │
│  current_ranged               95.098    current_magic                86.873  │
│  behind_shield_pct             0.297    zuk_hp_remaining            817.141  │
│  min_zuk_hp_seen             817.316    hp_restored                   0.000  │
│  zuk_healer_damage             0.000    deaths_to_jad                 0.000  │
│  episode_return_normal         2.770    wins_normal                   0.000  │
│  min_zuk_hp_normal           916.980    score_normal                  0.236  │
│  zuk_objective_normal          0.236    phase_reached_normal          0.344  │
│  death_tick_normal            63.877    frac_min_hp_le_300_no…        0.000  │
╰──────────────────────────────────────────────────────────────────────────────╯

[0;0H╭──────────────────────────────────────────────────────────────────────────────╮
│  PufferLib 4.0          🐡        GPU: 0%      VRAM: 0.4/18G      RAM: 0.9G  │
│                                                                              │
│  Summary          Value    Evaluate   249ms  36%    Losses            Value  │
│  Env       osrs_inferno      GPU      208ms  30%    policy           -0.007  │
│  Params          752.1K      Env       41ms   6%    value             0.046  │
│  Steps            42.8M    Train      426ms  63%    entropy           0.529  │
│  SPS             239.9K      Misc       0ms   0%    total             0.015  │
│  Epoch             1305      Forwa…     0ms   0%    old_kl            0.020  │
│  Uptime    0d 0h 2m 58s                             kl                0.019  │
│  Remaini…  0d 0h 0m 30s                             clipfrac          0.116  │
│                                                     bc                0.000  │
│                                                                              │
│  User Stats                    Value    User Stats                    Value  │
│  episode_return                3.732    damage_dealt                390.244  │
│  damage_received             112.264    episode_length               86.131  │
│  wins                          0.000    wave                         68.000  │
│  idle_ticks                    1.204    brews_used                    4.953  │
│  blood_healed                  0.000    prayer_correct_rate           0.366  │
│  unavoidable_off_praye…        0.012    brews_remaining               7.047  │
│  restores_remaining            9.817    prayer_at_death              92.332  │
│  current_ranged               94.953    current_magic                86.381  │
│  behind_shield_pct             0.292    zuk_hp_remaining            812.469  │
│  min_zuk_hp_seen             812.680    hp_restored                   0.000  │
│  zuk_healer_damage             0.000    deaths_to_jad                 0.000  │
│  episode_return_normal         2.844    wins_normal                   0.000  │
│  min_zuk_hp_normal           909.924    score_normal                  0.242  │
│  zuk_objective_normal          0.242    phase_reached_normal          0.354  │
│  death_tick_normal            64.501    frac_min_hp_le_300_no…        0.000  │
╰──────────────────────────────────────────────────────────────────────────────╯

[0;0H╭──────────────────────────────────────────────────────────────────────────────╮
│  PufferLib 4.0         🐡         GPU: 0%      VRAM: 0.4/18G      RAM: 0.9G  │
│                                                                              │
│  Summary          Value    Evaluate   248ms  36%    Losses            Value  │
│  Env       osrs_inferno      GPU      207ms  30%    policy           -0.008  │
│  Params          752.1K      Env       41ms   6%    value             0.043  │
│  Steps            42.9M    Train      426ms  63%    entropy           0.531  │
│  SPS             240.4K      Misc       0ms   0%    total             0.012  │
│  Epoch             1310      Forwa…     0ms   0%    old_kl            0.021  │
│  Uptime    0d 0h 2m 58s                             kl                0.017  │
│  Remaini…  0d 0h 0m 29s                             clipfrac          0.112  │
│                                                     bc                0.000  │
│                                                                              │
│  User Stats                    Value    User Stats                    Value  │
│  episode_return                3.745    damage_dealt                391.812  │
│  damage_received             113.308    episode_length               86.621  │
│  wins                          0.000    wave                         68.000  │
│  idle_ticks                    1.290    brews_used                    5.087  │
│  blood_healed                  0.000    prayer_correct_rate           0.357  │
│  unavoidable_off_praye…        0.011    brews_remaining               6.913  │
│  restores_remaining            9.813    prayer_at_death              92.363  │
│  current_ranged               93.731    current_magic                85.343  │
│  behind_shield_pct             0.294    zuk_hp_remaining            810.653  │
│  min_zuk_hp_seen             811.205    hp_restored                   0.000  │
│  zuk_healer_damage             0.000    deaths_to_jad                 0.000  │
│  episode_return_normal         2.898    wins_normal                   0.000  │
│  min_zuk_hp_normal           904.371    score_normal                  0.246  │
│  zuk_objective_normal          0.246    phase_reached_normal          0.385  │
│  death_tick_normal            65.800    frac_min_hp_le_300_no…        0.000  │
╰──────────────────────────────────────────────────────────────────────────────╯

[0;0H╭──────────────────────────────────────────────────────────────────────────────╮
│  PufferLib 4.0        🐡          GPU: 0%      VRAM: 0.4/18G      RAM: 0.9G  │
│                                                                              │
│  Summary          Value    Evaluate   250ms  36%    Losses            Value  │
│  Env       osrs_inferno      GPU      208ms  30%    policy            0.012  │
│  Params          752.1K      Env       41ms   6%    value             0.041  │
│  Steps            43.1M    Train      426ms  63%    entropy           0.536  │
│  SPS             239.6K      Misc       0ms   0%    total             0.031  │
│  Epoch             1315      Forwa…     0ms   0%    old_kl            0.023  │
│  Uptime    0d 0h 2m 59s                             kl                0.021  │
│  Remaini…  0d 0h 0m 28s                             clipfrac          0.117  │
│                                                     bc                0.000  │
│                                                                              │
│  User Stats                    Value    User Stats                    Value  │
│  episode_return                3.747    damage_dealt                392.433  │
│  damage_received             114.746    episode_length               86.635  │
│  wins                          0.000    wave                         68.000  │
│  idle_ticks                    1.317    brews_used                    5.184  │
│  blood_healed                  0.000    prayer_correct_rate           0.357  │
│  unavoidable_off_praye…        0.010    brews_remaining               6.816  │
│  restores_remaining            9.800    prayer_at_death              92.512  │
│  current_ranged               93.868    current_magic                85.601  │
│  behind_shield_pct             0.291    zuk_hp_remaining            810.427  │
│  min_zuk_hp_seen             810.814    hp_restored                   0.000  │
│  zuk_healer_damage             0.000    deaths_to_jad                 0.000  │
│  episode_return_normal         2.919    wins_normal                   0.000  │
│  min_zuk_hp_normal           901.841    score_normal                  0.248  │
│  zuk_objective_normal          0.248    phase_reached_normal          0.395  │
│  death_tick_normal            65.947    frac_min_hp_le_300_no…        0.000  │
╰──────────────────────────────────────────────────────────────────────────────╯

[0;0H╭──────────────────────────────────────────────────────────────────────────────╮
│  PufferLib 4.0       🐡           GPU: 0%      VRAM: 0.4/18G      RAM: 0.9G  │
│                                                                              │
│  Summary          Value    Evaluate   250ms  36%    Losses            Value  │
│  Env       osrs_inferno      GPU      208ms  30%    policy            0.008  │
│  Params          752.1K      Env       41ms   6%    value             0.047  │
│  Steps            43.3M    Train      426ms  63%    entropy           0.528  │
│  SPS             239.8K      Misc       0ms   0%    total             0.031  │
│  Epoch             1320      Forwa…     0ms   0%    old_kl            0.026  │
│  Uptime     0d 0h 3m 0s                             kl                0.025  │
│  Remaini…  0d 0h 0m 28s                             clipfrac          0.114  │
│                                                     bc                0.000  │
│                                                                              │
│  User Stats                    Value    User Stats                    Value  │
│  episode_return                3.687    damage_dealt                387.601  │
│  damage_received             112.311    episode_length               86.300  │
│  wins                          0.000    wave                         68.000  │
│  idle_ticks                    1.376    brews_used                    5.035  │
│  blood_healed                  0.000    prayer_correct_rate           0.350  │
│  unavoidable_off_praye…        0.011    brews_remaining               6.965  │
│  restores_remaining            9.754    prayer_at_death              92.446  │
│  current_ranged               92.890    current_magic                85.148  │
│  behind_shield_pct             0.298    zuk_hp_remaining            815.917  │
│  min_zuk_hp_seen             816.268    hp_restored                   0.000  │
│  zuk_healer_damage             0.000    deaths_to_jad                 0.000  │
│  episode_return_normal         2.874    wins_normal                   0.000  │
│  min_zuk_hp_normal           905.345    score_normal                  0.246  │
│  zuk_objective_normal          0.246    phase_reached_normal          0.415  │
│  death_tick_normal            66.480    frac_min_hp_le_300_no…        0.000  │
╰──────────────────────────────────────────────────────────────────────────────╯

[0;0H╭──────────────────────────────────────────────────────────────────────────────╮
│  PufferLib 4.0      🐡            GPU: 0%      VRAM: 0.4/18G      RAM: 0.9G  │
│                                                                              │
│  Summary          Value    Evaluate   249ms  36%    Losses            Value  │
│  Env       osrs_inferno      GPU      207ms  30%    policy            0.017  │
│  Params          752.1K      Env       41ms   6%    value             0.048  │
│  Steps            43.4M    Train      427ms  63%    entropy           0.547  │
│  SPS             239.9K      Misc       0ms   0%    total             0.040  │
│  Epoch             1325      Forwa…     0ms   0%    old_kl            0.021  │
│  Uptime     0d 0h 3m 1s                             kl                0.055  │
│  Remaini…  0d 0h 0m 27s                             clipfrac          0.115  │
│                                                     bc                0.000  │
│                                                                              │
│  User Stats                    Value    User Stats                    Value  │
│  episode_return                3.638    damage_dealt                384.147  │
│  damage_received             111.588    episode_length               86.699  │
│  wins                          0.000    wave                         68.000  │
│  idle_ticks                    1.282    brews_used                    5.036  │
│  blood_healed                  0.000    prayer_correct_rate           0.349  │
│  unavoidable_off_praye…        0.010    brews_remaining               6.964  │
│  restores_remaining            9.641    prayer_at_death              92.362  │
│  current_ranged               91.504    current_magic                84.391  │
│  behind_shield_pct             0.301    zuk_hp_remaining            819.619  │
│  min_zuk_hp_seen             820.153    hp_restored                   0.000  │
│  zuk_healer_damage             0.000    deaths_to_jad                 0.000  │
│  episode_return_normal         2.811    wins_normal                   0.000  │
│  min_zuk_hp_normal           910.196    score_normal                  0.242  │
│  zuk_objective_normal          0.242    phase_reached_normal          0.406  │
│  death_tick_normal            67.001    frac_min_hp_le_300_no…        0.000  │
╰──────────────────────────────────────────────────────────────────────────────╯

[0;0H╭──────────────────────────────────────────────────────────────────────────────╮
│  PufferLib 4.0     🐡             GPU: 0%      VRAM: 0.4/18G      RAM: 0.9G  │
│                                                                              │
│  Summary          Value    Evaluate   249ms  37%    Losses            Value  │
│  Env       osrs_inferno      GPU      207ms  30%    policy            0.028  │
│  Params          752.1K      Env       41ms   6%    value             0.041  │
│  Steps            43.6M    Train      423ms  62%    entropy           0.556  │
│  SPS             241.0K      Misc       0ms   0%    total             0.048  │
│  Epoch             1330      Forwa…     0ms   0%    old_kl            0.019  │
│  Uptime     0d 0h 3m 1s                             kl                0.020  │
│  Remaini…  0d 0h 0m 26s                             clipfrac          0.115  │
│                                                     bc                0.000  │
│                                                                              │
│  User Stats                    Value    User Stats                    Value  │
│  episode_return                3.641    damage_dealt                384.039  │
│  damage_received             114.370    episode_length               87.087  │
│  wins                          0.000    wave                         68.000  │
│  idle_ticks                    1.278    brews_used                    5.145  │
│  blood_healed                  0.000    prayer_correct_rate           0.346  │
│  unavoidable_off_praye…        0.009    brews_remaining               6.855  │
│  restores_remaining            9.671    prayer_at_death              92.394  │
│  current_ranged               91.077    current_magic                83.985  │
│  behind_shield_pct             0.298    zuk_hp_remaining            818.900  │
│  min_zuk_hp_seen             819.600    hp_restored                   0.000  │
│  zuk_healer_damage             0.000    deaths_to_jad                 0.000  │
│  episode_return_normal         2.820    wins_normal                   0.000  │
│  min_zuk_hp_normal           909.235    score_normal                  0.242  │
│  zuk_objective_normal          0.242    phase_reached_normal          0.424  │
│  death_tick_normal            67.225    frac_min_hp_le_300_no…        0.000  │
╰──────────────────────────────────────────────────────────────────────────────╯

[0;0H╭──────────────────────────────────────────────────────────────────────────────╮
│  PufferLib 4.0    🐡              GPU: 0%      VRAM: 0.4/18G      RAM: 0.9G  │
│                                                                              │
│  Summary          Value    Evaluate   249ms  37%    Losses            Value  │
│  Env       osrs_inferno      GPU      208ms  30%    policy           -0.008  │
│  Params          752.1K      Env       41ms   6%    value             0.047  │
│  Steps            43.7M    Train      425ms  62%    entropy           0.564  │
│  SPS             240.4K      Misc       0ms   0%    total             0.015  │
│  Epoch             1335      Forwa…     0ms   0%    old_kl            0.024  │
│  Uptime     0d 0h 3m 2s                             kl                0.022  │
│  Remaini…  0d 0h 0m 26s                             clipfrac          0.114  │
│                                                     bc                0.000  │
│                                                                              │
│  User Stats                    Value    User Stats                    Value  │
│  episode_return                3.620    damage_dealt                382.316  │
│  damage_received             111.956    episode_length               86.260  │
│  wins                          0.000    wave                         68.000  │
│  idle_ticks                    1.205    brews_used                    5.081  │
│  blood_healed                  0.000    prayer_correct_rate           0.340  │
│  unavoidable_off_praye…        0.009    brews_remaining               6.919  │
│  restores_remaining            9.619    prayer_at_death              92.696  │
│  current_ranged               91.499    current_magic                84.589  │
│  behind_shield_pct             0.300    zuk_hp_remaining            820.674  │
│  min_zuk_hp_seen             821.255    hp_restored                   0.000  │
│  zuk_healer_damage             0.000    deaths_to_jad                 0.000  │
│  episode_return_normal         2.824    wins_normal                   0.000  │
│  min_zuk_hp_normal           908.172    score_normal                  0.243  │
│  zuk_objective_normal          0.243    phase_reached_normal          0.416  │
│  death_tick_normal            66.896    frac_min_hp_le_300_no…        0.000  │
╰──────────────────────────────────────────────────────────────────────────────╯

[0;0H╭──────────────────────────────────────────────────────────────────────────────╮
│  PufferLib 4.0   🐡               GPU: 0%      VRAM: 0.4/18G      RAM: 0.9G  │
│                                                                              │
│  Summary          Value    Evaluate   249ms  36%    Losses            Value  │
│  Env       osrs_inferno      GPU      208ms  30%    policy            0.007  │
│  Params          752.1K      Env       41ms   6%    value             0.044  │
│  Steps            43.9M    Train      426ms  63%    entropy           0.548  │
│  SPS             239.9K      Misc       0ms   0%    total             0.028  │
│  Epoch             1340      Forwa…     0ms   0%    old_kl            0.025  │
│  Uptime     0d 0h 3m 3s                             kl                0.024  │
│  Remaini…  0d 0h 0m 25s                             clipfrac          0.114  │
│                                                     bc                0.000  │
│                                                                              │
│  User Stats                    Value    User Stats                    Value  │
│  episode_return                3.651    damage_dealt                386.515  │
│  damage_received             112.688    episode_length               87.853  │
│  wins                          0.000    wave                         68.000  │
│  idle_ticks                    1.265    brews_used                    5.078  │
│  blood_healed                  0.000    prayer_correct_rate           0.350  │
│  unavoidable_off_praye…        0.010    brews_remaining               6.922  │
│  restores_remaining            9.537    prayer_at_death              92.878  │
│  current_ranged               91.713    current_magic                84.978  │
│  behind_shield_pct             0.303    zuk_hp_remaining            816.499  │
│  min_zuk_hp_seen             817.115    hp_restored                   0.000  │
│  zuk_healer_damage             0.000    deaths_to_jad                 0.000  │
│  episode_return_normal         2.786    wins_normal                   0.000  │
│  min_zuk_hp_normal           911.234    score_normal                  0.241  │
│  zuk_objective_normal          0.241    phase_reached_normal          0.410  │
│  death_tick_normal            67.107    frac_min_hp_le_300_no…        0.000  │
╰──────────────────────────────────────────────────────────────────────────────╯

[0;0H╭──────────────────────────────────────────────────────────────────────────────╮
│  PufferLib 4.0  🐡                GPU: 0%      VRAM: 0.4/18G      RAM: 0.9G  │
│                                                                              │
│  Summary          Value    Evaluate   251ms  37%    Losses            Value  │
│  Env       osrs_inferno      GPU      209ms  30%    policy            0.009  │
│  Params          752.1K      Env       42ms   6%    value             0.050  │
│  Steps            44.1M    Train      427ms  62%    entropy           0.539  │
│  SPS             238.8K      Misc       0ms   0%    total             0.034  │
│  Epoch             1345      Forwa…     0ms   0%    old_kl            0.022  │
│  Uptime     0d 0h 3m 3s                             kl                0.020  │
│  Remaini…  0d 0h 0m 24s                             clipfrac          0.114  │
│                                                     bc                0.000  │
│                                                                              │
│  User Stats                    Value    User Stats                    Value  │
│  episode_return                3.747    damage_dealt                396.030  │
│  damage_received             115.172    episode_length               88.550  │
│  wins                          0.000    wave                         68.000  │
│  idle_ticks                    1.216    brews_used                    5.218  │
│  blood_healed                  0.000    prayer_correct_rate           0.349  │
│  unavoidable_off_praye…        0.010    brews_remaining               6.782  │
│  restores_remaining            9.524    prayer_at_death              92.789  │
│  current_ranged               91.210    current_magic                84.640  │
│  behind_shield_pct             0.302    zuk_hp_remaining            806.936  │
│  min_zuk_hp_seen             807.599    hp_restored                   0.000  │
│  zuk_healer_damage             0.000    deaths_to_jad                 0.000  │
│  episode_return_normal         2.906    wins_normal                   0.000  │
│  min_zuk_hp_normal           899.433    score_normal                  0.250  │
│  zuk_objective_normal          0.250    phase_reached_normal          0.451  │
│  death_tick_normal            67.821    frac_min_hp_le_300_no…        0.000  │
╰──────────────────────────────────────────────────────────────────────────────╯

[0;0H╭──────────────────────────────────────────────────────────────────────────────╮
│  PufferLib 4.0 🐡                 GPU: 0%      VRAM: 0.4/18G      RAM: 0.9G  │
│                                                                              │
│  Summary          Value    Evaluate   251ms  37%    Losses            Value  │
│  Env       osrs_inferno      GPU      209ms  30%    policy            0.013  │
│  Params          752.1K      Env       42ms   6%    value             0.050  │
│  Steps            44.2M    Train      425ms  62%    entropy           0.534  │
│  SPS             239.8K      Misc       0ms   0%    total             0.037  │
│  Epoch             1350      Forwa…     0ms   0%    old_kl            0.022  │
│  Uptime     0d 0h 3m 4s                             kl                0.020  │
│  Remaini…  0d 0h 0m 24s                             clipfrac          0.116  │
│                                                     bc                0.000  │
│                                                                              │
│  User Stats                    Value    User Stats                    Value  │
│  episode_return                3.518    damage_dealt                371.732  │
│  damage_received             110.083    episode_length               84.703  │
│  wins                          0.000    wave                         68.000  │
│  idle_ticks                    1.194    brews_used                    4.948  │
│  blood_healed                  0.000    prayer_correct_rate           0.340  │
│  unavoidable_off_praye…        0.008    brews_remaining               7.052  │
│  restores_remaining            9.702    prayer_at_death              92.476  │
│  current_ranged               90.772    current_magic                84.203  │
│  behind_shield_pct             0.294    zuk_hp_remaining            830.837  │
│  min_zuk_hp_seen             831.418    hp_restored                   0.000  │
│  zuk_healer_damage             0.000    deaths_to_jad                 0.000  │
│  episode_return_normal         2.738    wins_normal                   0.000  │
│  min_zuk_hp_normal           916.646    score_normal                  0.236  │
│  zuk_objective_normal          0.236    phase_reached_normal          0.405  │
│  death_tick_normal            65.396    frac_min_hp_le_300_no…        0.000  │
╰──────────────────────────────────────────────────────────────────────────────╯

[0;0H╭──────────────────────────────────────────────────────────────────────────────╮
│  PufferLib 4.0          🐡        GPU: 0%      VRAM: 0.4/18G      RAM: 0.9G  │
│                                                                              │
│  Summary          Value    Evaluate   250ms  37%    Losses            Value  │
│  Env       osrs_inferno      GPU      208ms  30%    policy           -0.002  │
│  Params          752.1K      Env       42ms   6%    value             0.048  │
│  Steps            44.4M    Train      425ms  62%    entropy           0.543  │
│  SPS             239.9K      Misc       0ms   0%    total             0.022  │
│  Epoch             1355      Forwa…     0ms   0%    old_kl            0.019  │
│  Uptime     0d 0h 3m 5s                             kl                0.017  │
│  Remaini…  0d 0h 0m 23s                             clipfrac          0.118  │
│                                                     bc                0.000  │
│                                                                              │
│  User Stats                    Value    User Stats                    Value  │
│  episode_return                3.389    damage_dealt                357.376  │
│  damage_received             104.372    episode_length               82.275  │
│  wins                          0.000    wave                         68.000  │
│  idle_ticks                    1.306    brews_used                    4.745  │
│  blood_healed                  0.000    prayer_correct_rate           0.342  │
│  unavoidable_off_praye…        0.008    brews_remaining               7.255  │
│  restores_remaining            9.917    prayer_at_death              92.020  │
│  current_ranged               91.604    current_magic                84.268  │
│  behind_shield_pct             0.288    zuk_hp_remaining            845.535  │
│  min_zuk_hp_seen             846.069    hp_restored                   0.000  │
│  zuk_healer_damage             0.000    deaths_to_jad                 0.000  │
│  episode_return_normal         2.597    wins_normal                   0.000  │
│  min_zuk_hp_normal           932.878    score_normal                  0.223  │
│  zuk_objective_normal          0.223    phase_reached_normal          0.362  │
│  death_tick_normal            62.749    frac_min_hp_le_300_no…        0.000  │
╰──────────────────────────────────────────────────────────────────────────────╯

[0;0H╭──────────────────────────────────────────────────────────────────────────────╮
│  PufferLib 4.0         🐡         GPU: 0%      VRAM: 0.4/18G      RAM: 0.9G  │
│                                                                              │
│  Summary          Value    Evaluate   247ms  36%    Losses            Value  │
│  Env       osrs_inferno      GPU      205ms  30%    policy            0.012  │
│  Params          752.1K      Env       41ms   6%    value             0.047  │
│  Steps            44.6M    Train      425ms  63%    entropy           0.532  │
│  SPS             241.0K      Misc       0ms   0%    total             0.035  │
│  Epoch             1360      Forwa…     0ms   0%    old_kl            0.028  │
│  Uptime     0d 0h 3m 5s                             kl                0.026  │
│  Remaini…  0d 0h 0m 22s                             clipfrac          0.114  │
│                                                     bc                0.000  │
│                                                                              │
│  User Stats                    Value    User Stats                    Value  │
│  episode_return                3.439    damage_dealt                361.990  │
│  damage_received             104.907    episode_length               83.077  │
│  wins                          0.000    wave                         68.000  │
│  idle_ticks                    1.385    brews_used                    4.764  │
│  blood_healed                  0.000    prayer_correct_rate           0.346  │
│  unavoidable_off_praye…        0.008    brews_remaining               7.236  │
│  restores_remaining            9.929    prayer_at_death              91.937  │
│  current_ranged               91.806    current_magic                84.446  │
│  behind_shield_pct             0.289    zuk_hp_remaining            840.207  │
│  min_zuk_hp_seen             841.079    hp_restored                   0.000  │
│  zuk_healer_damage             0.000    deaths_to_jad                 0.000  │
│  episode_return_normal         2.617    wins_normal                   0.000  │
│  min_zuk_hp_normal           931.150    score_normal                  0.224  │
│  zuk_objective_normal          0.224    phase_reached_normal          0.360  │
│  death_tick_normal            63.040    frac_min_hp_le_300_no…        0.000  │
╰──────────────────────────────────────────────────────────────────────────────╯

[0;0H╭──────────────────────────────────────────────────────────────────────────────╮
│  PufferLib 4.0        🐡          GPU: 0%      VRAM: 0.4/18G      RAM: 0.9G  │
│                                                                              │
│  Summary          Value    Evaluate   250ms  37%    Losses            Value  │
│  Env       osrs_inferno      GPU      208ms  30%    policy            0.003  │
│  Params          752.1K      Env       42ms   6%    value             0.045  │
│  Steps            44.7M    Train      425ms  62%    entropy           0.535  │
│  SPS             240.1K      Misc       0ms   0%    total             0.025  │
│  Epoch             1365      Forwa…     0ms   0%    old_kl            0.023  │
│  Uptime     0d 0h 3m 6s                             kl                0.020  │
│  Remaini…  0d 0h 0m 21s                             clipfrac          0.117  │
│                                                     bc                0.000  │
│                                                                              │
│  User Stats                    Value    User Stats                    Value  │
│  episode_return                3.490    damage_dealt                368.054  │
│  damage_received             106.366    episode_length               84.400  │
│  wins                          0.000    wave                         68.000  │
│  idle_ticks                    1.524    brews_used                    4.818  │
│  blood_healed                  0.000    prayer_correct_rate           0.346  │
│  unavoidable_off_praye…        0.008    brews_remaining               7.182  │
│  restores_remaining            9.838    prayer_at_death              92.214  │
│  current_ranged               92.405    current_magic                85.053  │
│  behind_shield_pct             0.297    zuk_hp_remaining            834.449  │
│  min_zuk_hp_seen             835.332    hp_restored                   0.000  │
│  zuk_healer_damage             0.000    deaths_to_jad                 0.000  │
│  episode_return_normal         2.666    wins_normal                   0.000  │
│  min_zuk_hp_normal           925.848    score_normal                  0.228  │
│  zuk_objective_normal          0.228    phase_reached_normal          0.369  │
│  death_tick_normal            64.250    frac_min_hp_le_300_no…        0.000  │
╰──────────────────────────────────────────────────────────────────────────────╯

[0;0H╭──────────────────────────────────────────────────────────────────────────────╮
│  PufferLib 4.0       🐡           GPU: 0%      VRAM: 0.4/18G      RAM: 0.9G  │
│                                                                              │
│  Summary          Value    Evaluate   249ms  36%    Losses            Value  │
│  Env       osrs_inferno      GPU      208ms  30%    policy            0.017  │
│  Params          752.1K      Env       41ms   6%    value             0.050  │
│  Steps            44.9M    Train      426ms  63%    entropy           0.557  │
│  SPS             239.9K      Misc       0ms   0%    total             0.041  │
│  Epoch             1370      Forwa…     0ms   0%    old_kl            0.023  │
│  Uptime     0d 0h 3m 7s                             kl                0.021  │
│  Remaini…  0d 0h 0m 21s                             clipfrac          0.115  │
│                                                     bc                0.000  │
│                                                                              │
│  User Stats                    Value    User Stats                    Value  │
│  episode_return                3.442    damage_dealt                362.757  │
│  damage_received             105.603    episode_length               82.430  │
│  wins                          0.000    wave                         68.000  │
│  idle_ticks                    1.425    brews_used                    4.800  │
│  blood_healed                  0.000    prayer_correct_rate           0.332  │
│  unavoidable_off_praye…        0.008    brews_remaining               7.200  │
│  restores_remaining            9.911    prayer_at_death              91.958  │
│  current_ranged               92.713    current_magic                84.698  │
│  behind_shield_pct             0.291    zuk_hp_remaining            839.987  │
│  min_zuk_hp_seen             840.965    hp_restored                   0.000  │
│  zuk_healer_damage             0.000    deaths_to_jad                 0.001  │
│  episode_return_normal         2.712    wins_normal                   0.000  │
│  min_zuk_hp_normal           921.174    score_normal                  0.232  │
│  zuk_objective_normal          0.232    phase_reached_normal          0.397  │
│  death_tick_normal            64.404    frac_min_hp_le_300_no…        0.000  │
╰──────────────────────────────────────────────────────────────────────────────╯

[0;0H╭──────────────────────────────────────────────────────────────────────────────╮
│  PufferLib 4.0      🐡            GPU: 0%      VRAM: 0.4/18G      RAM: 0.9G  │
│                                                                              │
│  Summary          Value    Evaluate   251ms  37%    Losses            Value  │
│  Env       osrs_inferno      GPU      209ms  30%    policy            0.001  │
│  Params          752.1K      Env       42ms   6%    value             0.051  │
│  Steps            45.1M    Train      425ms  62%    entropy           0.548  │
│  SPS             239.6K      Misc       0ms   0%    total             0.025  │
│  Epoch             1375      Forwa…     0ms   0%    old_kl            0.029  │
│  Uptime     0d 0h 3m 7s                             kl                0.027  │
│  Remaini…  0d 0h 0m 20s                             clipfrac          0.113  │
│                                                     bc                0.000  │
│                                                                              │
│  User Stats                    Value    User Stats                    Value  │
│  episode_return                3.442    damage_dealt                362.299  │
│  damage_received             104.584    episode_length               81.941  │
│  wins                          0.000    wave                         68.000  │
│  idle_ticks                    1.355    brews_used                    4.795  │
│  blood_healed                  0.000    prayer_correct_rate           0.332  │
│  unavoidable_off_praye…        0.007    brews_remaining               7.205  │
│  restores_remaining            9.984    prayer_at_death              91.816  │
│  current_ranged               92.981    current_magic                84.766  │
│  behind_shield_pct             0.290    zuk_hp_remaining            840.197  │
│  min_zuk_hp_seen             841.151    hp_restored                   0.000  │
│  zuk_healer_damage             0.000    deaths_to_jad                 0.000  │
│  episode_return_normal         2.719    wins_normal                   0.000  │
│  min_zuk_hp_normal           920.778    score_normal                  0.233  │
│  zuk_objective_normal          0.233    phase_reached_normal          0.391  │
│  death_tick_normal            63.776    frac_min_hp_le_300_no…        0.000  │
╰──────────────────────────────────────────────────────────────────────────────╯

[0;0H╭──────────────────────────────────────────────────────────────────────────────╮
│  PufferLib 4.0     🐡             GPU: 0%      VRAM: 0.4/18G      RAM: 0.9G  │
│                                                                              │
│  Summary          Value    Evaluate   250ms  37%    Losses            Value  │
│  Env       osrs_inferno      GPU      208ms  30%    policy           -0.009  │
│  Params          752.1K      Env       42ms   6%    value             0.047  │
│  Steps            45.2M    Train      424ms  62%    entropy           0.551  │
│  SPS             240.5K      Misc       0ms   0%    total             0.014  │
│  Epoch             1380      Forwa…     0ms   0%    old_kl            0.025  │
│  Uptime     0d 0h 3m 8s                             kl                0.022  │
│  Remaini…  0d 0h 0m 19s                             clipfrac          0.112  │
│                                                     bc                0.000  │
│                                                                              │
│  User Stats                    Value    User Stats                    Value  │
│  episode_return                3.539    damage_dealt                373.722  │
│  damage_received             105.180    episode_length               84.020  │
│  wins                          0.000    wave                         68.000  │
│  idle_ticks                    1.377    brews_used                    4.884  │
│  blood_healed                  0.000    prayer_correct_rate           0.331  │
│  unavoidable_off_praye…        0.006    brews_remaining               7.116  │
│  restores_remaining            9.937    prayer_at_death              91.852  │
│  current_ranged               92.914    current_magic                84.702  │
│  behind_shield_pct             0.296    zuk_hp_remaining            829.711  │
│  min_zuk_hp_seen             830.211    hp_restored                   0.000  │
│  zuk_healer_damage             0.000    deaths_to_jad                 0.000  │
│  episode_return_normal         2.782    wins_normal                   0.000  │
│  min_zuk_hp_normal           914.073    score_normal                  0.238  │
│  zuk_objective_normal          0.238    phase_reached_normal          0.408  │
│  death_tick_normal            64.768    frac_min_hp_le_300_no…        0.000  │
╰──────────────────────────────────────────────────────────────────────────────╯

[0;0H╭──────────────────────────────────────────────────────────────────────────────╮
│  PufferLib 4.0    🐡              GPU: 0%      VRAM: 0.4/18G      RAM: 0.9G  │
│                                                                              │
│  Summary          Value    Evaluate   248ms  36%    Losses            Value  │
│  Env       osrs_inferno      GPU      206ms  30%    policy            0.011  │
│  Params          752.1K      Env       42ms   6%    value             0.051  │
│  Steps            45.4M    Train      424ms  63%    entropy           0.522  │
│  SPS             240.9K      Misc       0ms   0%    total             0.036  │
│  Epoch             1385      Forwa…     0ms   0%    old_kl            0.021  │
│  Uptime     0d 0h 3m 9s                             kl                0.020  │
│  Remaini…  0d 0h 0m 19s                             clipfrac          0.112  │
│                                                     bc                0.000  │
│                                                                              │
│  User Stats                    Value    User Stats                    Value  │
│  episode_return                3.484    damage_dealt                368.277  │
│  damage_received             105.536    episode_length               84.333  │
│  wins                          0.000    wave                         68.000  │
│  idle_ticks                    1.471    brews_used                    4.890  │
│  blood_healed                  0.000    prayer_correct_rate           0.343  │
│  unavoidable_off_praye…        0.006    brews_remaining               7.110  │
│  restores_remaining            9.880    prayer_at_death              91.967  │
│  current_ranged               92.685    current_magic                84.871  │
│  behind_shield_pct             0.293    zuk_hp_remaining            835.132  │
│  min_zuk_hp_seen             835.669    hp_restored                   0.000  │
│  zuk_healer_damage             0.000    deaths_to_jad                 0.001  │
│  episode_return_normal         2.679    wins_normal                   0.000  │
│  min_zuk_hp_normal           924.276    score_normal                  0.230  │
│  zuk_objective_normal          0.230    phase_reached_normal          0.382  │
│  death_tick_normal            64.275    frac_min_hp_le_300_no…        0.000  │
╰──────────────────────────────────────────────────────────────────────────────╯

[0;0H╭──────────────────────────────────────────────────────────────────────────────╮
│  PufferLib 4.0   🐡               GPU: 0%      VRAM: 0.4/18G      RAM: 0.9G  │
│                                                                              │
│  Summary          Value    Evaluate   252ms  37%    Losses            Value  │
│  Env       osrs_inferno      GPU      209ms  30%    policy           -0.004  │
│  Params          752.1K      Env       42ms   6%    value             0.049  │
│  Steps            45.5M    Train      427ms  62%    entropy           0.526  │
│  SPS             238.9K      Misc       0ms   0%    total             0.020  │
│  Epoch             1390      Forwa…     0ms   0%    old_kl            0.026  │
│  Uptime     0d 0h 3m 9s                             kl                0.024  │
│  Remaini…  0d 0h 0m 18s                             clipfrac          0.111  │
│                                                     bc                0.000  │
│                                                                              │
│  User Stats                    Value    User Stats                    Value  │
│  episode_return                3.463    damage_dealt                364.894  │
│  damage_received             105.761    episode_length               82.565  │
│  wins                          0.000    wave                         68.000  │
│  idle_ticks                    1.453    brews_used                    4.890  │
│  blood_healed                  0.000    prayer_correct_rate           0.318  │
│  unavoidable_off_praye…        0.006    brews_remaining               7.110  │
│  restores_remaining            9.929    prayer_at_death              92.061  │
│  current_ranged               92.609    current_magic                84.764  │
│  behind_shield_pct             0.289    zuk_hp_remaining            838.056  │
│  min_zuk_hp_seen             838.417    hp_restored                   0.000  │
│  zuk_healer_damage             0.000    deaths_to_jad                 0.000  │
│  episode_return_normal         2.729    wins_normal                   0.000  │
│  min_zuk_hp_normal           919.443    score_normal                  0.234  │
│  zuk_objective_normal          0.234    phase_reached_normal          0.394  │
│  death_tick_normal            63.976    frac_min_hp_le_300_no…        0.000  │
╰──────────────────────────────────────────────────────────────────────────────╯

[0;0H╭──────────────────────────────────────────────────────────────────────────────╮
│  PufferLib 4.0  🐡                GPU: 0%      VRAM: 0.4/18G      RAM: 0.9G  │
│                                                                              │
│  Summary          Value    Evaluate   250ms  36%    Losses            Value  │
│  Env       osrs_inferno      GPU      208ms  30%    policy            0.012  │
│  Params          752.1K      Env       42ms   6%    value             0.053  │
│  Steps            45.7M    Train      427ms  63%    entropy           0.515  │
│  SPS             239.6K      Misc       0ms   0%    total             0.038  │
│  Epoch             1395      Forwa…     0ms   0%    old_kl            0.026  │
│  Uptime    0d 0h 3m 10s                             kl                0.023  │
│  Remaini…  0d 0h 0m 17s                             clipfrac          0.109  │
│                                                     bc                0.000  │
│                                                                              │
│  User Stats                    Value    User Stats                    Value  │
│  episode_return                3.523    damage_dealt                371.346  │
│  damage_received             107.964    episode_length               83.692  │
│  wins                          0.000    wave                         68.000  │
│  idle_ticks                    1.493    brews_used                    4.947  │
│  blood_healed                  0.000    prayer_correct_rate           0.320  │
│  unavoidable_off_praye…        0.006    brews_remaining               7.053  │
│  restores_remaining            9.953    prayer_at_death              92.021  │
│  current_ranged               92.909    current_magic                85.067  │
│  behind_shield_pct             0.293    zuk_hp_remaining            831.417  │
│  min_zuk_hp_seen             831.873    hp_restored                   0.000  │
│  zuk_healer_damage             0.000    deaths_to_jad                 0.000  │
│  episode_return_normal         2.749    wins_normal                   0.000  │
│  min_zuk_hp_normal           917.382    score_normal                  0.236  │
│  zuk_objective_normal          0.236    phase_reached_normal          0.390  │
│  death_tick_normal            64.394    frac_min_hp_le_300_no…        0.000  │
╰──────────────────────────────────────────────────────────────────────────────╯

[0;0H╭──────────────────────────────────────────────────────────────────────────────╮
│  PufferLib 4.0 🐡                 GPU: 0%      VRAM: 0.4/18G      RAM: 0.9G  │
│                                                                              │
│  Summary          Value    Evaluate   249ms  37%    Losses            Value  │
│  Env       osrs_inferno      GPU      207ms  30%    policy            0.006  │
│  Params          752.1K      Env       41ms   6%    value             0.050  │
│  Steps            45.9M    Train      423ms  62%    entropy           0.526  │
│  SPS             241.0K      Misc       0ms   0%    total             0.031  │
│  Epoch             1400      Forwa…     0ms   0%    old_kl            0.030  │
│  Uptime    0d 0h 3m 11s                             kl                0.028  │
│  Remaini…  0d 0h 0m 17s                             clipfrac          0.109  │
│                                                     bc                0.000  │
│                                                                              │
│  User Stats                    Value    User Stats                    Value  │
│  episode_return                3.487    damage_dealt                367.783  │
│  damage_received             109.059    episode_length               83.025  │
│  wins                          0.000    wave                         68.000  │
│  idle_ticks                    1.462    brews_used                    4.894  │
│  blood_healed                  0.000    prayer_correct_rate           0.318  │
│  unavoidable_off_praye…        0.006    brews_remaining               7.106  │
│  restores_remaining            9.978    prayer_at_death              91.764  │
│  current_ranged               92.409    current_magic                84.498  │
│  behind_shield_pct             0.290    zuk_hp_remaining            834.964  │
│  min_zuk_hp_seen             835.442    hp_restored                   0.000  │
│  zuk_healer_damage             0.000    deaths_to_jad                 0.001  │
│  episode_return_normal         2.726    wins_normal                   0.000  │
│  min_zuk_hp_normal           919.440    score_normal                  0.234  │
│  zuk_objective_normal          0.234    phase_reached_normal          0.382  │
│  death_tick_normal            64.066    frac_min_hp_le_300_no…        0.000  │
╰──────────────────────────────────────────────────────────────────────────────╯

[0;0H╭──────────────────────────────────────────────────────────────────────────────╮
│  PufferLib 4.0          🐡        GPU: 0%      VRAM: 0.4/18G      RAM: 0.9G  │
│                                                                              │
│  Summary          Value    Evaluate   250ms  36%    Losses            Value  │
│  Env       osrs_inferno      GPU      208ms  30%    policy            0.003  │
│  Params          752.1K      Env       42ms   6%    value             0.051  │
│  Steps            46.0M    Train      427ms  63%    entropy           0.532  │
│  SPS             239.1K      Misc       0ms   0%    total             0.027  │
│  Epoch             1405      Forwa…     0ms   0%    old_kl            0.028  │
│  Uptime    0d 0h 3m 11s                             kl                0.029  │
│  Remaini…  0d 0h 0m 16s                             clipfrac          0.116  │
│                                                     bc                0.000  │
│                                                                              │
│  User Stats                    Value    User Stats                    Value  │
│  episode_return                3.513    damage_dealt                370.706  │
│  damage_received             108.856    episode_length               83.488  │
│  wins                          0.000    wave                         68.000  │
│  idle_ticks                    1.471    brews_used                    4.914  │
│  blood_healed                  0.000    prayer_correct_rate           0.311  │
│  unavoidable_off_praye…        0.004    brews_remaining               7.086  │
│  restores_remaining            9.981    prayer_at_death              92.156  │
│  current_ranged               92.709    current_magic                85.045  │
│  behind_shield_pct             0.297    zuk_hp_remaining            832.039  │
│  min_zuk_hp_seen             832.543    hp_restored                   0.000  │
│  zuk_healer_damage             0.000    deaths_to_jad                 0.000  │
│  episode_return_normal         2.735    wins_normal                   0.000  │
│  min_zuk_hp_normal           918.894    score_normal                  0.234  │
│  zuk_objective_normal          0.234    phase_reached_normal          0.389  │
│  death_tick_normal            64.091    frac_min_hp_le_300_no…        0.000  │
╰──────────────────────────────────────────────────────────────────────────────╯

[0;0H╭──────────────────────────────────────────────────────────────────────────────╮
│  PufferLib 4.0         🐡         GPU: 0%      VRAM: 0.4/18G      RAM: 0.9G  │
│                                                                              │
│  Summary          Value    Evaluate   250ms  36%    Losses            Value  │
│  Env       osrs_inferno      GPU      208ms  30%    policy           -0.003  │
│  Params          752.1K      Env       42ms   6%    value             0.053  │
│  Steps            46.2M    Train      427ms  63%    entropy           0.517  │
│  SPS             239.5K      Misc       0ms   0%    total             0.023  │
│  Epoch             1410      Forwa…     0ms   0%    old_kl            0.029  │
│  Uptime    0d 0h 3m 12s                             kl                0.029  │
│  Remaini…  0d 0h 0m 15s                             clipfrac          0.111  │
│                                                     bc                0.000  │
│                                                                              │
│  User Stats                    Value    User Stats                    Value  │
│  episode_return                3.514    damage_dealt                370.781  │
│  damage_received             108.802    episode_length               82.884  │
│  wins                          0.000    wave                         68.000  │
│  idle_ticks                    1.561    brews_used                    4.937  │
│  blood_healed                  0.000    prayer_correct_rate           0.313  │
│  unavoidable_off_praye…        0.005    brews_remaining               7.063  │
│  restores_remaining            9.989    prayer_at_death              92.140  │
│  current_ranged               92.703    current_magic                85.197  │
│  behind_shield_pct             0.288    zuk_hp_remaining            832.198  │
│  min_zuk_hp_seen             832.680    hp_restored                   0.000  │
│  zuk_healer_damage             0.000    deaths_to_jad                 0.000  │
│  episode_return_normal         2.752    wins_normal                   0.000  │
│  min_zuk_hp_normal           917.013    score_normal                  0.236  │
│  zuk_objective_normal          0.236    phase_reached_normal          0.387  │
│  death_tick_normal            63.864    frac_min_hp_le_300_no…        0.000  │
╰──────────────────────────────────────────────────────────────────────────────╯

[0;0H╭──────────────────────────────────────────────────────────────────────────────╮
│  PufferLib 4.0        🐡          GPU: 0%      VRAM: 0.4/18G      RAM: 0.9G  │
│                                                                              │
│  Summary          Value    Evaluate   251ms  37%    Losses            Value  │
│  Env       osrs_inferno      GPU      209ms  30%    policy            0.004  │
│  Params          752.1K      Env       42ms   6%    value             0.048  │
│  Steps            46.4M    Train      425ms  62%    entropy           0.521  │
│  SPS             239.6K      Misc       0ms   0%    total             0.027  │
│  Epoch             1415      Forwa…     0ms   0%    old_kl            0.031  │
│  Uptime    0d 0h 3m 13s                             kl                0.029  │
│  Remaini…  0d 0h 0m 15s                             clipfrac          0.107  │
│                                                     bc                0.000  │
│                                                                              │
│  User Stats                    Value    User Stats                    Value  │
│  episode_return                3.530    damage_dealt                371.777  │
│  damage_received             109.869    episode_length               82.196  │
│  wins                          0.000    wave                         68.000  │
│  idle_ticks                    1.533    brews_used                    5.041  │
│  blood_healed                  0.000    prayer_correct_rate           0.307  │
│  unavoidable_off_praye…        0.005    brews_remaining               6.959  │
│  restores_remaining            9.958    prayer_at_death              92.315  │
│  current_ranged               92.451    current_magic                85.044  │
│  behind_shield_pct             0.283    zuk_hp_remaining            830.983  │
│  min_zuk_hp_seen             831.671    hp_restored                   0.000  │
│  zuk_healer_damage             0.000    deaths_to_jad                 0.001  │
│  episode_return_normal         2.807    wins_normal                   0.000  │
│  min_zuk_hp_normal           911.802    score_normal                  0.240  │
│  zuk_objective_normal          0.240    phase_reached_normal          0.404  │
│  death_tick_normal            63.924    frac_min_hp_le_300_no…        0.000  │
╰──────────────────────────────────────────────────────────────────────────────╯

[0;0H╭──────────────────────────────────────────────────────────────────────────────╮
│  PufferLib 4.0       🐡           GPU: 0%      VRAM: 0.4/18G      RAM: 0.9G  │
│                                                                              │
│  Summary          Value    Evaluate   251ms  37%    Losses            Value  │
│  Env       osrs_inferno      GPU      209ms  30%    policy            0.018  │
│  Params          752.1K      Env       42ms   6%    value             0.048  │
│  Steps            46.5M    Train      424ms  62%    entropy           0.511  │
│  SPS             240.1K      Misc       0ms   0%    total             0.041  │
│  Epoch             1420      Forwa…     0ms   0%    old_kl            0.031  │
│  Uptime    0d 0h 3m 13s                             kl                0.029  │
│  Remaini…  0d 0h 0m 14s                             clipfrac          0.112  │
│                                                     bc                0.000  │
│                                                                              │
│  User Stats                    Value    User Stats                    Value  │
│  episode_return                3.578    damage_dealt                376.703  │
│  damage_received             109.099    episode_length               83.253  │
│  wins                          0.000    wave                         68.000  │
│  idle_ticks                    1.509    brews_used                    4.974  │
│  blood_healed                  0.000    prayer_correct_rate           0.325  │
│  unavoidable_off_praye…        0.005    brews_remaining               7.026  │
│  restores_remaining            9.957    prayer_at_death              92.233  │
│  current_ranged               91.505    current_magic                84.155  │
│  behind_shield_pct             0.291    zuk_hp_remaining            826.347  │
│  min_zuk_hp_seen             826.729    hp_restored                   0.000  │
│  zuk_healer_damage             0.000    deaths_to_jad                 0.003  │
│  episode_return_normal         2.768    wins_normal                   0.000  │
│  min_zuk_hp_normal           916.223    score_normal                  0.236  │
│  zuk_objective_normal          0.236    phase_reached_normal          0.375  │
│  death_tick_normal            62.821    frac_min_hp_le_300_no…        0.000  │
╰──────────────────────────────────────────────────────────────────────────────╯

[0;0H╭──────────────────────────────────────────────────────────────────────────────╮
│  PufferLib 4.0      🐡            GPU: 0%      VRAM: 0.4/18G      RAM: 0.9G  │
│                                                                              │
│  Summary          Value    Evaluate   250ms  36%    Losses            Value  │
│  Env       osrs_inferno      GPU      209ms  30%    policy            0.006  │
│  Params          752.1K      Env       41ms   6%    value             0.045  │
│  Steps            46.7M    Train      428ms  63%    entropy           0.490  │
│  SPS             238.9K      Misc       0ms   0%    total             0.028  │
│  Epoch             1425      Forwa…     0ms   0%    old_kl            0.026  │
│  Uptime    0d 0h 3m 14s                             kl                0.024  │
│  Remaini…  0d 0h 0m 13s                             clipfrac          0.108  │
│                                                     bc                0.000  │
│                                                                              │
│  User Stats                    Value    User Stats                    Value  │
│  episode_return                3.639    damage_dealt                383.375  │
│  damage_received             108.607    episode_length               84.440  │
│  wins                          0.000    wave                         68.000  │
│  idle_ticks                    1.529    brews_used                    4.940  │
│  blood_healed                  0.000    prayer_correct_rate           0.337  │
│  unavoidable_off_praye…        0.005    brews_remaining               7.060  │
│  restores_remaining            9.889    prayer_at_death              92.311  │
│  current_ranged               91.895    current_magic                84.650  │
│  behind_shield_pct             0.299    zuk_hp_remaining            819.892  │
│  min_zuk_hp_seen             820.207    hp_restored                   0.000  │
│  zuk_healer_damage             0.000    deaths_to_jad                 0.003  │
│  episode_return_normal         2.745    wins_normal                   0.000  │
│  min_zuk_hp_normal           918.643    score_normal                  0.234  │
│  zuk_objective_normal          0.234    phase_reached_normal          0.375  │
│  death_tick_normal            62.265    frac_min_hp_le_300_no…        0.000  │
╰──────────────────────────────────────────────────────────────────────────────╯

[0;0H╭──────────────────────────────────────────────────────────────────────────────╮
│  PufferLib 4.0     🐡             GPU: 0%      VRAM: 0.4/18G      RAM: 0.9G  │
│                                                                              │
│  Summary          Value    Evaluate   248ms  36%    Losses            Value  │
│  Env       osrs_inferno      GPU      207ms  30%    policy            0.019  │
│  Params          752.1K      Env       41ms   6%    value             0.049  │
│  Steps            46.9M    Train      424ms  63%    entropy           0.506  │
│  SPS             241.0K      Misc       0ms   0%    total             0.043  │
│  Epoch             1430      Forwa…     0ms   0%    old_kl            0.027  │
│  Uptime    0d 0h 3m 15s                             kl                0.024  │
│  Remaini…  0d 0h 0m 13s                             clipfrac          0.104  │
│                                                     bc                0.000  │
│                                                                              │
│  User Stats                    Value    User Stats                    Value  │
│  episode_return                3.539    damage_dealt                371.966  │
│  damage_received             107.886    episode_length               82.383  │
│  wins                          0.000    wave                         68.000  │
│  idle_ticks                    1.428    brews_used                    4.952  │
│  blood_healed                  0.000    prayer_correct_rate           0.322  │
│  unavoidable_off_praye…        0.006    brews_remaining               7.048  │
│  restores_remaining            9.953    prayer_at_death              92.165  │
│  current_ranged               92.262    current_magic                84.870  │
│  behind_shield_pct             0.290    zuk_hp_remaining            830.937  │
│  min_zuk_hp_seen             831.241    hp_restored                   0.000  │
│  zuk_healer_damage             0.000    deaths_to_jad                 0.004  │
│  episode_return_normal         2.734    wins_normal                   0.000  │
│  min_zuk_hp_normal           919.979    score_normal                  0.233  │
│  zuk_objective_normal          0.233    phase_reached_normal          0.378  │
│  death_tick_normal            62.411    frac_min_hp_le_300_no…        0.000  │
╰──────────────────────────────────────────────────────────────────────────────╯

[0;0H╭──────────────────────────────────────────────────────────────────────────────╮
│  PufferLib 4.0    🐡              GPU: 0%      VRAM: 0.4/18G      RAM: 0.9G  │
│                                                                              │
│  Summary          Value    Evaluate   249ms  36%    Losses            Value  │
│  Env       osrs_inferno      GPU      208ms  30%    policy            0.005  │
│  Params          752.1K      Env       41ms   6%    value             0.055  │
│  Steps            47.0M    Train      425ms  63%    entropy           0.521  │
│  SPS             240.2K      Misc       0ms   0%    total             0.032  │
│  Epoch             1435      Forwa…     0ms   0%    old_kl            0.026  │
│  Uptime    0d 0h 3m 16s                             kl                0.022  │
│  Remaini…  0d 0h 0m 12s                             clipfrac          0.110  │
│                                                     bc                0.000  │
│                                                                              │
│  User Stats                    Value    User Stats                    Value  │
│  episode_return                3.607    damage_dealt                380.081  │
│  damage_received             111.470    episode_length               84.567  │
│  wins                          0.000    wave                         68.000  │
│  idle_ticks                    1.455    brews_used                    5.194  │
│  blood_healed                  0.000    prayer_correct_rate           0.328  │
│  unavoidable_off_praye…        0.007    brews_remaining               6.806  │
│  restores_remaining            9.861    prayer_at_death              92.125  │
│  current_ranged               91.959    current_magic                84.793  │
│  behind_shield_pct             0.291    zuk_hp_remaining            822.681  │
│  min_zuk_hp_seen             823.208    hp_restored                   0.000  │
│  zuk_healer_damage             0.000    deaths_to_jad                 0.006  │
│  episode_return_normal         2.765    wins_normal                   0.000  │
│  min_zuk_hp_normal           915.882    score_normal                  0.237  │
│  zuk_objective_normal          0.237    phase_reached_normal          0.391  │
│  death_tick_normal            63.748    frac_min_hp_le_300_no…        0.000  │
╰──────────────────────────────────────────────────────────────────────────────╯

[0;0H╭──────────────────────────────────────────────────────────────────────────────╮
│  PufferLib 4.0   🐡               GPU: 0%      VRAM: 0.4/18G      RAM: 0.9G  │
│                                                                              │
│  Summary          Value    Evaluate   250ms  36%    Losses            Value  │
│  Env       osrs_inferno      GPU      208ms  30%    policy            0.022  │
│  Params          752.1K      Env       42ms   6%    value             0.057  │
│  Steps            47.2M    Train      427ms  63%    entropy           0.514  │
│  SPS             239.4K      Misc       0ms   0%    total             0.049  │
│  Epoch             1440      Forwa…     0ms   0%    old_kl            0.024  │
│  Uptime    0d 0h 3m 16s                             kl                0.023  │
│  Remaini…  0d 0h 0m 11s                             clipfrac          0.112  │
│                                                     bc                0.000  │
│                                                                              │
│  User Stats                    Value    User Stats                    Value  │
│  episode_return                3.556    damage_dealt                374.369  │
│  damage_received             111.682    episode_length               83.166  │
│  wins                          0.000    wave                         68.000  │
│  idle_ticks                    1.561    brews_used                    5.144  │
│  blood_healed                  0.000    prayer_correct_rate           0.310  │
│  unavoidable_off_praye…        0.005    brews_remaining               6.856  │
│  restores_remaining            9.849    prayer_at_death              92.198  │
│  current_ranged               91.980    current_magic                85.131  │
│  behind_shield_pct             0.289    zuk_hp_remaining            828.139  │
│  min_zuk_hp_seen             828.700    hp_restored                   0.000  │
│  zuk_healer_damage             0.000    deaths_to_jad                 0.008  │
│  episode_return_normal         2.784    wins_normal                   0.000  │
│  min_zuk_hp_normal           913.644    score_normal                  0.239  │
│  zuk_objective_normal          0.239    phase_reached_normal          0.386  │
│  death_tick_normal            64.219    frac_min_hp_le_300_no…        0.000  │
╰──────────────────────────────────────────────────────────────────────────────╯

[0;0H╭──────────────────────────────────────────────────────────────────────────────╮
│  PufferLib 4.0  🐡                GPU: 0%      VRAM: 0.4/18G      RAM: 0.9G  │
│                                                                              │
│  Summary          Value    Evaluate   249ms  36%    Losses            Value  │
│  Env       osrs_inferno      GPU      207ms  30%    policy            0.025  │
│  Params          752.1K      Env       41ms   6%    value             0.052  │
│  Steps            47.3M    Train      426ms  63%    entropy           0.525  │
│  SPS             240.1K      Misc       0ms   0%    total             0.051  │
│  Epoch             1445      Forwa…     0ms   0%    old_kl            0.027  │
│  Uptime    0d 0h 3m 17s                             kl                0.026  │
│  Remaini…  0d 0h 0m 11s                             clipfrac          0.119  │
│                                                     bc                0.000  │
│                                                                              │
│  User Stats                    Value    User Stats                    Value  │
│  episode_return                3.551    damage_dealt                373.921  │
│  damage_received             112.138    episode_length               83.330  │
│  wins                          0.000    wave                         68.000  │
│  idle_ticks                    1.433    brews_used                    5.163  │
│  blood_healed                  0.000    prayer_correct_rate           0.318  │
│  unavoidable_off_praye…        0.004    brews_remaining               6.837  │
│  restores_remaining            9.887    prayer_at_death              92.064  │
│  current_ranged               91.648    current_magic                84.527  │
│  behind_shield_pct             0.289    zuk_hp_remaining            828.487  │
│  min_zuk_hp_seen             829.146    hp_restored                   0.000  │
│  zuk_healer_damage             0.000    deaths_to_jad                 0.008  │
│  episode_return_normal         2.739    wins_normal                   0.000  │
│  min_zuk_hp_normal           918.447    score_normal                  0.235  │
│  zuk_objective_normal          0.235    phase_reached_normal          0.383  │
│  death_tick_normal            63.360    frac_min_hp_le_300_no…        0.000  │
╰──────────────────────────────────────────────────────────────────────────────╯

[0;0H╭──────────────────────────────────────────────────────────────────────────────╮
│  PufferLib 4.0 🐡                 GPU: 0%      VRAM: 0.4/18G      RAM: 0.9G  │
│                                                                              │
│  Summary          Value    Evaluate   249ms  36%    Losses            Value  │
│  Env       osrs_inferno      GPU      208ms  30%    policy            0.010  │
│  Params          752.1K      Env       41ms   6%    value             0.050  │
│  Steps            47.5M    Train      428ms  63%    entropy           0.529  │
│  SPS             239.2K      Misc       0ms   0%    total             0.034  │
│  Epoch             1450      Forwa…     0ms   0%    old_kl            0.030  │
│  Uptime    0d 0h 3m 18s                             kl                0.027  │
│  Remaini…  0d 0h 0m 10s                             clipfrac          0.116  │
│                                                     bc                0.000  │
│                                                                              │
│  User Stats                    Value    User Stats                    Value  │
│  episode_return                3.538    damage_dealt                372.401  │
│  damage_received             110.531    episode_length               82.800  │
│  wins                          0.000    wave                         68.000  │
│  idle_ticks                    1.449    brews_used                    5.151  │
│  blood_healed                  0.000    prayer_correct_rate           0.318  │
│  unavoidable_off_praye…        0.003    brews_remaining               6.849  │
│  restores_remaining            9.868    prayer_at_death              92.144  │
│  current_ranged               91.947    current_magic                84.927  │
│  behind_shield_pct             0.284    zuk_hp_remaining            829.751  │
│  min_zuk_hp_seen             830.498    hp_restored                   0.000  │
│  zuk_healer_damage             0.000    deaths_to_jad                 0.008  │
│  episode_return_normal         2.755    wins_normal                   0.000  │
│  min_zuk_hp_normal           916.617    score_normal                  0.236  │
│  zuk_objective_normal          0.236    phase_reached_normal          0.388  │
│  death_tick_normal            63.219    frac_min_hp_le_300_no…        0.000  │
╰──────────────────────────────────────────────────────────────────────────────╯

[0;0H╭──────────────────────────────────────────────────────────────────────────────╮
│  PufferLib 4.0          🐡        GPU: 0%      VRAM: 0.4/18G      RAM: 0.9G  │
│                                                                              │
│  Summary          Value    Evaluate   250ms  36%    Losses            Value  │
│  Env       osrs_inferno      GPU      208ms  30%    policy            0.016  │
│  Params          752.1K      Env       41ms   6%    value             0.048  │
│  Steps            47.7M    Train      429ms  63%    entropy           0.509  │
│  SPS             238.8K      Misc       0ms   0%    total             0.039  │
│  Epoch             1455      Forwa…     0ms   0%    old_kl            0.024  │
│  Uptime    0d 0h 3m 18s                             kl                0.022  │
│  Remaini…   0d 0h 0m 9s                             clipfrac          0.114  │
│                                                     bc                0.000  │
│                                                                              │
│  User Stats                    Value    User Stats                    Value  │
│  episode_return                3.567    damage_dealt                375.593  │
│  damage_received             109.671    episode_length               83.527  │
│  wins                          0.000    wave                         68.000  │
│  idle_ticks                    1.438    brews_used                    5.151  │
│  blood_healed                  0.004    prayer_correct_rate           0.327  │
│  unavoidable_off_praye…        0.003    brews_remaining               6.849  │
│  restores_remaining            9.839    prayer_at_death              92.241  │
│  current_ranged               91.975    current_magic                84.804  │
│  behind_shield_pct             0.290    zuk_hp_remaining            826.850  │
│  min_zuk_hp_seen             827.544    hp_restored                   0.000  │
│  zuk_healer_damage             0.000    deaths_to_jad                 0.004  │
│  episode_return_normal         2.699    wins_normal                   0.000  │
│  min_zuk_hp_normal           922.922    score_normal                  0.231  │
│  zuk_objective_normal          0.231    phase_reached_normal          0.367  │
│  death_tick_normal            62.216    frac_min_hp_le_300_no…        0.000  │
╰──────────────────────────────────────────────────────────────────────────────╯

[0;0H╭──────────────────────────────────────────────────────────────────────────────╮
│  PufferLib 4.0         🐡         GPU: 0%      VRAM: 0.4/18G      RAM: 0.9G  │
│                                                                              │
│  Summary          Value    Evaluate   249ms  36%    Losses            Value  │
│  Env       osrs_inferno      GPU      208ms  30%    policy            0.010  │
│  Params          752.1K      Env       41ms   6%    value             0.059  │
│  Steps            47.8M    Train      425ms  63%    entropy           0.535  │
│  SPS             240.4K      Misc       0ms   0%    total             0.039  │
│  Epoch             1460      Forwa…     0ms   0%    old_kl            0.028  │
│  Uptime    0d 0h 3m 19s                             kl                0.026  │
│  Remaini…   0d 0h 0m 8s                             clipfrac          0.114  │
│                                                     bc                0.000  │
│                                                                              │
│  User Stats                    Value    User Stats                    Value  │
│  episode_return                3.547    damage_dealt                373.307  │
│  damage_received             109.864    episode_length               82.724  │
│  wins                          0.000    wave                         68.000  │
│  idle_ticks                    1.359    brews_used                    5.136  │
│  blood_healed                  0.000    prayer_correct_rate           0.315  │
│  unavoidable_off_praye…        0.003    brews_remaining               6.864  │
│  restores_remaining            9.899    prayer_at_death              91.872  │
│  current_ranged               91.601    current_magic                84.094  │
│  behind_shield_pct             0.290    zuk_hp_remaining            829.283  │
│  min_zuk_hp_seen             829.871    hp_restored                   0.000  │
│  zuk_healer_damage             0.000    deaths_to_jad                 0.006  │
│  episode_return_normal         2.737    wins_normal                   0.000  │
│  min_zuk_hp_normal           919.229    score_normal                  0.234  │
│  zuk_objective_normal          0.234    phase_reached_normal          0.378  │
│  death_tick_normal            62.719    frac_min_hp_le_300_no…        0.000  │
╰──────────────────────────────────────────────────────────────────────────────╯

[0;0H╭──────────────────────────────────────────────────────────────────────────────╮
│  PufferLib 4.0        🐡          GPU: 0%      VRAM: 0.4/18G      RAM: 0.9G  │
│                                                                              │
│  Summary          Value    Evaluate   250ms  37%    Losses            Value  │
│  Env       osrs_inferno      GPU      208ms  30%    policy            0.011  │
│  Params          752.1K      Env       41ms   6%    value             0.052  │
│  Steps            48.0M    Train      424ms  62%    entropy           0.520  │
│  SPS             240.5K      Misc       0ms   0%    total             0.037  │
│  Epoch             1465      Forwa…     0ms   0%    old_kl            0.029  │
│  Uptime    0d 0h 3m 20s                             kl                0.026  │
│  Remaini…   0d 0h 0m 8s                             clipfrac          0.119  │
│                                                     bc                0.000  │
│                                                                              │
│  User Stats                    Value    User Stats                    Value  │
│  episode_return                3.479    damage_dealt                366.480  │
│  damage_received             107.761    episode_length               81.634  │
│  wins                          0.000    wave                         68.000  │
│  idle_ticks                    1.387    brews_used                    5.018  │
│  blood_healed                  0.000    prayer_correct_rate           0.316  │
│  unavoidable_off_praye…        0.002    brews_remaining               6.982  │
│  restores_remaining            9.929    prayer_at_death              91.721  │
│  current_ranged               92.365    current_magic                84.464  │
│  behind_shield_pct             0.285    zuk_hp_remaining            836.027  │
│  min_zuk_hp_seen             836.615    hp_restored                   0.000  │
│  zuk_healer_damage             0.000    deaths_to_jad                 0.004  │
│  episode_return_normal         2.658    wins_normal                   0.000  │
│  min_zuk_hp_normal           926.983    score_normal                  0.228  │
│  zuk_objective_normal          0.228    phase_reached_normal          0.361  │
│  death_tick_normal            61.258    frac_min_hp_le_300_no…        0.000  │
╰──────────────────────────────────────────────────────────────────────────────╯

[0;0H╭──────────────────────────────────────────────────────────────────────────────╮
│  PufferLib 4.0       🐡           GPU: 0%      VRAM: 0.4/18G      RAM: 0.9G  │
│                                                                              │
│  Summary          Value    Evaluate   250ms  36%    Losses            Value  │
│  Env       osrs_inferno      GPU      208ms  30%    policy            0.005  │
│  Params          752.1K      Env       41ms   6%    value             0.060  │
│  Steps            48.2M    Train      428ms  63%    entropy           0.534  │
│  SPS             239.1K      Misc       0ms   0%    total             0.034  │
│  Epoch             1470      Forwa…     0ms   0%    old_kl            0.032  │
│  Uptime    0d 0h 3m 20s                             kl                0.031  │
│  Remaini…   0d 0h 0m 7s                             clipfrac          0.114  │
│                                                     bc                0.000  │
│                                                                              │
│  User Stats                    Value    User Stats                    Value  │
│  episode_return                3.535    damage_dealt                372.912  │
│  damage_received             112.342    episode_length               83.527  │
│  wins                          0.000    wave                         68.000  │
│  idle_ticks                    1.437    brews_used                    5.243  │
│  blood_healed                  0.000    prayer_correct_rate           0.319  │
│  unavoidable_off_praye…        0.003    brews_remaining               6.757  │
│  restores_remaining            9.888    prayer_at_death              91.929  │
│  current_ranged               91.766    current_magic                84.398  │
│  behind_shield_pct             0.294    zuk_hp_remaining            829.051  │
│  min_zuk_hp_seen             830.580    hp_restored                   0.000  │
│  zuk_healer_damage             0.000    deaths_to_jad                 0.007  │
│  episode_return_normal         2.666    wins_normal                   0.000  │
│  min_zuk_hp_normal           926.272    score_normal                  0.228  │
│  zuk_objective_normal          0.228    phase_reached_normal          0.373  │
│  death_tick_normal            62.299    frac_min_hp_le_300_no…        0.000  │
╰──────────────────────────────────────────────────────────────────────────────╯

[0;0H╭──────────────────────────────────────────────────────────────────────────────╮
│  PufferLib 4.0      🐡            GPU: 0%      VRAM: 0.4/18G      RAM: 0.9G  │
│                                                                              │
│  Summary          Value    Evaluate   249ms  36%    Losses            Value  │
│  Env       osrs_inferno      GPU      208ms  30%    policy            0.002  │
│  Params          752.1K      Env       41ms   6%    value             0.055  │
│  Steps            48.3M    Train      427ms  63%    entropy           0.535  │
│  SPS             239.6K      Misc       0ms   0%    total             0.028  │
│  Epoch             1475      Forwa…     0ms   0%    old_kl            0.027  │
│  Uptime    0d 0h 3m 21s                             kl                0.026  │
│  Remaini…   0d 0h 0m 6s                             clipfrac          0.113  │
│                                                     bc                0.000  │
│                                                                              │
│  User Stats                    Value    User Stats                    Value  │
│  episode_return                3.485    damage_dealt                367.308  │
│  damage_received             110.892    episode_length               82.520  │
│  wins                          0.000    wave                         68.000  │
│  idle_ticks                    1.426    brews_used                    5.306  │
│  blood_healed                  0.000    prayer_correct_rate           0.303  │
│  unavoidable_off_praye…        0.004    brews_remaining               6.694  │
│  restores_remaining            9.973    prayer_at_death              91.816  │
│  current_ranged               91.150    current_magic                83.622  │
│  behind_shield_pct             0.289    zuk_hp_remaining            834.952  │
│  min_zuk_hp_seen             835.849    hp_restored                   0.000  │
│  zuk_healer_damage             0.000    deaths_to_jad                 0.005  │
│  episode_return_normal         2.734    wins_normal                   0.000  │
│  min_zuk_hp_normal           918.962    score_normal                  0.234  │
│  zuk_objective_normal          0.234    phase_reached_normal          0.388  │
│  death_tick_normal            63.836    frac_min_hp_le_300_no…        0.000  │
╰──────────────────────────────────────────────────────────────────────────────╯

[0;0H╭──────────────────────────────────────────────────────────────────────────────╮
│  PufferLib 4.0     🐡             GPU: 0%      VRAM: 0.4/18G      RAM: 0.9G  │
│                                                                              │
│  Summary          Value    Evaluate   249ms  36%    Losses            Value  │
│  Env       osrs_inferno      GPU      208ms  30%    policy            0.013  │
│  Params          752.1K      Env       41ms   6%    value             0.053  │
│  Steps            48.5M    Train      426ms  63%    entropy           0.532  │
│  SPS             240.0K      Misc       0ms   0%    total             0.039  │
│  Epoch             1480      Forwa…     0ms   0%    old_kl            0.027  │
│  Uptime    0d 0h 3m 22s                             kl                0.027  │
│  Remaini…   0d 0h 0m 6s                             clipfrac          0.117  │
│                                                     bc                0.000  │
│                                                                              │
│  User Stats                    Value    User Stats                    Value  │
│  episode_return                3.554    damage_dealt                374.151  │
│  damage_received             113.508    episode_length               82.582  │
│  wins                          0.000    wave                         68.000  │
│  idle_ticks                    1.379    brews_used                    5.517  │
│  blood_healed                  0.000    prayer_correct_rate           0.284  │
│  unavoidable_off_praye…        0.003    brews_remaining               6.483  │
│  restores_remaining            9.895    prayer_at_death              91.890  │
│  current_ranged               91.543    current_magic                83.958  │
│  behind_shield_pct             0.283    zuk_hp_remaining            828.171  │
│  min_zuk_hp_seen             828.929    hp_restored                   0.000  │
│  zuk_healer_damage             0.000    deaths_to_jad                 0.005  │
│  episode_return_normal         2.883    wins_normal                   0.000  │
│  min_zuk_hp_normal           903.658    score_normal                  0.247  │
│  zuk_objective_normal          0.247    phase_reached_normal          0.439  │
│  death_tick_normal            65.416    frac_min_hp_le_300_no…        0.000  │
╰──────────────────────────────────────────────────────────────────────────────╯

[0;0H╭──────────────────────────────────────────────────────────────────────────────╮
│  PufferLib 4.0    🐡              GPU: 0%      VRAM: 0.4/18G      RAM: 0.9G  │
│                                                                              │
│  Summary          Value    Evaluate   249ms  36%    Losses            Value  │
│  Env       osrs_inferno      GPU      208ms  30%    policy            0.017  │
│  Params          752.1K      Env       41ms   6%    value             0.057  │
│  Steps            48.7M    Train      425ms  63%    entropy           0.536  │
│  SPS             240.3K      Misc       0ms   0%    total             0.044  │
│  Epoch             1485      Forwa…     0ms   0%    old_kl            0.026  │
│  Uptime    0d 0h 3m 22s                             kl                0.032  │
│  Remaini…   0d 0h 0m 5s                             clipfrac          0.116  │
│                                                     bc                0.000  │
│                                                                              │
│  User Stats                    Value    User Stats                    Value  │
│  episode_return                3.599    damage_dealt                379.152  │
│  damage_received             115.783    episode_length               83.523  │
│  wins                          0.000    wave                         68.000  │
│  idle_ticks                    1.486    brews_used                    5.644  │
│  blood_healed                  0.000    prayer_correct_rate           0.286  │
│  unavoidable_off_praye…        0.002    brews_remaining               6.356  │
│  restores_remaining            9.861    prayer_at_death              91.833  │
│  current_ranged               91.200    current_magic                84.011  │
│  behind_shield_pct             0.282    zuk_hp_remaining            823.738  │
│  min_zuk_hp_seen             824.282    hp_restored                   0.000  │
│  zuk_healer_damage             0.000    deaths_to_jad                 0.003  │
│  episode_return_normal         2.911    wins_normal                   0.000  │
│  min_zuk_hp_normal           900.877    score_normal                  0.249  │
│  zuk_objective_normal          0.249    phase_reached_normal          0.435  │
│  death_tick_normal            65.899    frac_min_hp_le_300_no…        0.000  │
╰──────────────────────────────────────────────────────────────────────────────╯

[0;0H╭──────────────────────────────────────────────────────────────────────────────╮
│  PufferLib 4.0   🐡               GPU: 0%      VRAM: 0.4/18G      RAM: 0.9G  │
│                                                                              │
│  Summary          Value    Evaluate   251ms  37%    Losses            Value  │
│  Env       osrs_inferno      GPU      209ms  30%    policy            0.008  │
│  Params          752.1K      Env       41ms   6%    value             0.052  │
│  Steps            48.8M    Train      426ms  62%    entropy           0.537  │
│  SPS             239.4K      Misc       0ms   0%    total             0.034  │
│  Epoch             1490      Forwa…     0ms   0%    old_kl            0.024  │
│  Uptime    0d 0h 3m 23s                             kl                0.022  │
│  Remaini…   0d 0h 0m 4s                             clipfrac          0.114  │
│                                                     bc                0.000  │
│                                                                              │
│  User Stats                    Value    User Stats                    Value  │
│  episode_return                3.598    damage_dealt                380.158  │
│  damage_received             115.610    episode_length               83.875  │
│  wins                          0.000    wave                         68.000  │
│  idle_ticks                    1.467    brews_used                    5.619  │
│  blood_healed                  0.000    prayer_correct_rate           0.289  │
│  unavoidable_off_praye…        0.002    brews_remaining               6.381  │
│  restores_remaining            9.873    prayer_at_death              91.864  │
│  current_ranged               90.186    current_magic                83.299  │
│  behind_shield_pct             0.287    zuk_hp_remaining            823.685  │
│  min_zuk_hp_seen             824.056    hp_restored                   0.000  │
│  zuk_healer_damage             0.000    deaths_to_jad                 0.002  │
│  episode_return_normal         2.880    wins_normal                   0.000  │
│  min_zuk_hp_normal           904.007    score_normal                  0.247  │
│  zuk_objective_normal          0.247    phase_reached_normal          0.429  │
│  death_tick_normal            65.533    frac_min_hp_le_300_no…        0.000  │
╰──────────────────────────────────────────────────────────────────────────────╯

[0;0H╭──────────────────────────────────────────────────────────────────────────────╮
│  PufferLib 4.0  🐡                GPU: 0%      VRAM: 0.4/18G      RAM: 0.9G  │
│                                                                              │
│  Summary          Value    Evaluate   250ms  37%    Losses            Value  │
│  Env       osrs_inferno      GPU      208ms  30%    policy            0.013  │
│  Params          752.1K      Env       41ms   6%    value             0.054  │
│  Steps            49.0M    Train      425ms  62%    entropy           0.536  │
│  SPS             240.2K      Misc       0ms   0%    total             0.039  │
│  Epoch             1495      Forwa…     0ms   0%    old_kl            0.026  │
│  Uptime    0d 0h 3m 24s                             kl                0.025  │
│  Remaini…   0d 0h 0m 4s                             clipfrac          0.117  │
│                                                     bc                0.000  │
│                                                                              │
│  User Stats                    Value    User Stats                    Value  │
│  episode_return                3.668    damage_dealt                387.890  │
│  damage_received             118.871    episode_length               85.928  │
│  wins                          0.000    wave                         68.000  │
│  idle_ticks                    1.536    brews_used                    5.765  │
│  blood_healed                  0.004    prayer_correct_rate           0.288  │
│  unavoidable_off_praye…        0.003    brews_remaining               6.235  │
│  restores_remaining            9.762    prayer_at_death              92.242  │
│  current_ranged               91.054    current_magic                84.491  │
│  behind_shield_pct             0.295    zuk_hp_remaining            815.916  │
│  min_zuk_hp_seen             816.451    hp_restored                   0.000  │
│  zuk_healer_damage             0.000    deaths_to_jad                 0.005  │
│  episode_return_normal         2.914    wins_normal                   0.000  │
│  min_zuk_hp_normal           900.174    score_normal                  0.250  │
│  zuk_objective_normal          0.250    phase_reached_normal          0.443  │
│  death_tick_normal            67.440    frac_min_hp_le_300_no…        0.000  │
╰──────────────────────────────────────────────────────────────────────────────╯

[0;0H╭──────────────────────────────────────────────────────────────────────────────╮
│  PufferLib 4.0 🐡                 GPU: 0%      VRAM: 0.4/18G      RAM: 0.9G  │
│                                                                              │
│  Summary          Value    Evaluate   250ms  36%    Losses            Value  │
│  Env       osrs_inferno      GPU      208ms  30%    policy            0.010  │
│  Params          752.1K      Env       41ms   6%    value             0.053  │
│  Steps            49.2M    Train      427ms  63%    entropy           0.528  │
│  SPS             239.5K      Misc       0ms   0%    total             0.036  │
│  Epoch             1500      Forwa…     0ms   0%    old_kl            0.029  │
│  Uptime    0d 0h 3m 24s                             kl                0.027  │
│  Remaini…   0d 0h 0m 3s                             clipfrac          0.113  │
│                                                     bc                0.000  │
│                                                                              │
│  User Stats                    Value    User Stats                    Value  │
│  episode_return                3.771    damage_dealt                398.151  │
│  damage_received             121.449    episode_length               86.457  │
│  wins                          0.000    wave                         68.000  │
│  idle_ticks                    1.558    brews_used                    5.939  │
│  blood_healed                  0.000    prayer_correct_rate           0.281  │
│  unavoidable_off_praye…        0.003    brews_remaining               6.061  │
│  restores_remaining            9.758    prayer_at_death              92.173  │
│  current_ranged               89.687    current_magic                82.856  │
│  behind_shield_pct             0.292    zuk_hp_remaining            804.950  │
│  min_zuk_hp_seen             806.189    hp_restored                   0.000  │
│  zuk_healer_damage             0.000    deaths_to_jad                 0.011  │
│  episode_return_normal         3.044    wins_normal                   0.000  │
│  min_zuk_hp_normal           886.965    score_normal                  0.261  │
│  zuk_objective_normal          0.261    phase_reached_normal          0.475  │
│  death_tick_normal            68.511    frac_min_hp_le_300_no…        0.000  │
╰──────────────────────────────────────────────────────────────────────────────╯

[0;0H╭──────────────────────────────────────────────────────────────────────────────╮
│  PufferLib 4.0          🐡        GPU: 0%      VRAM: 0.4/18G      RAM: 0.9G  │
│                                                                              │
│  Summary          Value    Evaluate   250ms  37%    Losses            Value  │
│  Env       osrs_inferno      GPU      208ms  30%    policy            0.018  │
│  Params          752.1K      Env       41ms   6%    value             0.050  │
│  Steps            49.3M    Train      425ms  62%    entropy           0.526  │
│  SPS             240.0K      Misc       0ms   0%    total             0.043  │
│  Epoch             1505      Forwa…     0ms   0%    old_kl            0.025  │
│  Uptime    0d 0h 3m 25s                             kl                0.024  │
│  Remaini…   0d 0h 0m 2s                             clipfrac          0.116  │
│                                                     bc                0.000  │
│                                                                              │
│  User Stats                    Value    User Stats                    Value  │
│  episode_return                3.649    damage_dealt                386.108  │
│  damage_received             118.557    episode_length               84.357  │
│  wins                          0.000    wave                         68.000  │
│  idle_ticks                    1.551    brews_used                    5.827  │
│  blood_healed                  0.000    prayer_correct_rate           0.271  │
│  unavoidable_off_praye…        0.003    brews_remaining               6.173  │
│  restores_remaining            9.791    prayer_at_death              92.400  │
│  current_ranged               90.924    current_magic                84.322  │
│  behind_shield_pct             0.286    zuk_hp_remaining            817.751  │
│  min_zuk_hp_seen             818.498    hp_restored                   0.000  │
│  zuk_healer_damage             0.000    deaths_to_jad                 0.006  │
│  episode_return_normal         3.006    wins_normal                   0.000  │
│  min_zuk_hp_normal           890.496    score_normal                  0.258  │
│  zuk_objective_normal          0.258    phase_reached_normal          0.466  │
│  death_tick_normal            67.853    frac_min_hp_le_300_no…        0.000  │
╰──────────────────────────────────────────────────────────────────────────────╯

[0;0H╭──────────────────────────────────────────────────────────────────────────────╮
│  PufferLib 4.0         🐡         GPU: 0%      VRAM: 0.4/18G      RAM: 0.9G  │
│                                                                              │
│  Summary          Value    Evaluate   250ms  36%    Losses            Value  │
│  Env       osrs_inferno      GPU      204ms  30%    policy            0.008  │
│  Params          752.1K      Env       46ms   6%    value             0.047  │
│  Steps            49.5M    Train      427ms  63%    entropy           0.515  │
│  SPS             239.2K      Misc       0ms   0%    total             0.030  │
│  Epoch             1510      Forwa…     0ms   0%    old_kl            0.020  │
│  Uptime    0d 0h 3m 26s                             kl                0.018  │
│  Remaini…   0d 0h 0m 2s                             clipfrac          0.111  │
│                                                     bc                0.000  │
│                                                                              │
│  User Stats                    Value    User Stats                    Value  │
│  episode_return                3.621    damage_dealt                382.815  │
│  damage_received             114.707    episode_length               82.586  │
│  wins                          0.000    wave                         68.000  │
│  idle_ticks                    1.623    brews_used                    5.683  │
│  blood_healed                  0.000    prayer_correct_rate           0.255  │
│  unavoidable_off_praye…        0.003    brews_remaining               6.317  │
│  restores_remaining            9.857    prayer_at_death              92.426  │
│  current_ranged               90.886    current_magic                84.518  │
│  behind_shield_pct             0.287    zuk_hp_remaining            821.339  │
│  min_zuk_hp_seen             821.928    hp_restored                   0.000  │
│  zuk_healer_damage             0.000    deaths_to_jad                 0.007  │
│  episode_return_normal         2.989    wins_normal                   0.000  │
│  min_zuk_hp_normal           892.846    score_normal                  0.256  │
│  zuk_objective_normal          0.256    phase_reached_normal          0.460  │
│  death_tick_normal            66.892    frac_min_hp_le_300_no…        0.000  │
╰──────────────────────────────────────────────────────────────────────────────╯

[0;0H╭──────────────────────────────────────────────────────────────────────────────╮
│  PufferLib 4.0        🐡          GPU: 0%      VRAM: 0.4/18G      RAM: 0.9G  │
│                                                                              │
│  Summary          Value    Evaluate   250ms  36%    Losses            Value  │
│  Env       osrs_inferno      GPU      208ms  30%    policy            0.008  │
│  Params          752.1K      Env       41ms   6%    value             0.049  │
│  Steps            49.6M    Train      426ms  63%    entropy           0.522  │
│  SPS             239.8K      Misc       0ms   0%    total             0.032  │
│  Epoch             1515      Forwa…     0ms   0%    old_kl            0.025  │
│  Uptime    0d 0h 3m 26s                             kl                0.025  │
│  Remaini…   0d 0h 0m 1s                             clipfrac          0.115  │
│                                                     bc                0.000  │
│                                                                              │
│  User Stats                    Value    User Stats                    Value  │
│  episode_return                3.532    damage_dealt                373.228  │
│  damage_received             112.838    episode_length               81.269  │
│  wins                          0.000    wave                         68.000  │
│  idle_ticks                    1.562    brews_used                    5.567  │
│  blood_healed                  0.000    prayer_correct_rate           0.252  │
│  unavoidable_off_praye…        0.004    brews_remaining               6.433  │
│  restores_remaining            9.932    prayer_at_death              92.290  │
│  current_ranged               90.054    current_magic                83.788  │
│  behind_shield_pct             0.284    zuk_hp_remaining            830.459  │
│  min_zuk_hp_seen             831.201    hp_restored                   0.000  │
│  zuk_healer_damage             0.000    deaths_to_jad                 0.002  │
│  episode_return_normal         2.942    wins_normal                   0.000  │
│  min_zuk_hp_normal           897.841    score_normal                  0.252  │
│  zuk_objective_normal          0.252    phase_reached_normal          0.450  │
│  death_tick_normal            66.221    frac_min_hp_le_300_no…        0.000  │
╰──────────────────────────────────────────────────────────────────────────────╯

[0;0H╭──────────────────────────────────────────────────────────────────────────────╮
│  PufferLib 4.0       🐡           GPU: 0%      VRAM: 0.4/18G      RAM: 0.9G  │
│                                                                              │
│  Summary          Value    Evaluate   250ms  36%    Losses            Value  │
│  Env       osrs_inferno      GPU      208ms  30%    policy            0.017  │
│  Params          752.1K      Env       41ms   6%    value             0.056  │
│  Steps            49.8M    Train      428ms  63%    entropy           0.528  │
│  SPS             238.8K      Misc       0ms   0%    total             0.044  │
│  Epoch             1520      Forwa…     0ms   0%    old_kl            0.025  │
│  Uptime    0d 0h 3m 27s                             kl                0.022  │
│  Remaini…         807ms                             clipfrac          0.112  │
│                                                     bc                0.000  │
│                                                                              │
│  User Stats                    Value    User Stats                    Value  │
│  episode_return                3.542    damage_dealt                373.423  │
│  damage_received             112.181    episode_length               81.319  │
│  wins                          0.000    wave                         68.000  │
│  idle_ticks                    1.488    brews_used                    5.482  │
│  blood_healed                  0.000    prayer_correct_rate           0.245  │
│  unavoidable_off_praye…        0.003    brews_remaining               6.518  │
│  restores_remaining            9.905    prayer_at_death              92.573  │
│  current_ranged               90.579    current_magic                84.338  │
│  behind_shield_pct             0.286    zuk_hp_remaining            829.804  │
│  min_zuk_hp_seen             830.456    hp_restored                   0.000  │
│  zuk_healer_damage             0.000    deaths_to_jad                 0.002  │
│  episode_return_normal         2.955    wins_normal                   0.000  │
│  min_zuk_hp_normal           896.844    score_normal                  0.253  │
│  zuk_objective_normal          0.253    phase_reached_normal          0.460  │
│  death_tick_normal            66.250    frac_min_hp_le_300_no…        0.000  │
╰──────────────────────────────────────────────────────────────────────────────╯

[0;0H╭──────────────────────────────────────────────────────────────────────────────╮
│  PufferLib 4.0      🐡            GPU: 0%      VRAM: 0.4/18G      RAM: 0.9G  │
│                                                                              │
│  Summary          Value    Evaluate   250ms  37%    Losses            Value  │
│  Env       osrs_inferno      GPU      209ms  30%    policy           -0.002  │
│  Params          752.1K      Env       41ms   6%    value             0.050  │
│  Steps            50.0M    Train      426ms  62%    entropy           0.525  │
│  SPS             239.5K      Misc       0ms   0%    total             0.022  │
│  Epoch             1525      Forwa…     0ms   0%    old_kl            0.026  │
│  Uptime    0d 0h 3m 28s                             kl                0.024  │
│  Remaini…         120ms                             clipfrac          0.113  │
│                                                     bc                0.000  │
│                                                                              │
│  User Stats                    Value    User Stats                    Value  │
│  episode_return                3.502    damage_dealt                368.878  │
│  damage_received             107.979    episode_length               80.969  │
│  wins                          0.000    wave                         68.000  │
│  idle_ticks                    1.346    brews_used                    5.305  │
│  blood_healed                  0.000    prayer_correct_rate           0.250  │
│  unavoidable_off_praye…        0.004    brews_remaining               6.695  │
│  restores_remaining           10.001    prayer_at_death              92.296  │
│  current_ranged               90.841    current_magic                84.053  │
│  behind_shield_pct             0.293    zuk_hp_remaining            833.903  │
│  min_zuk_hp_seen             834.479    hp_restored                   0.000  │
│  zuk_healer_damage             0.000    deaths_to_jad                 0.001  │
│  episode_return_normal         2.921    wins_normal                   0.000  │
│  min_zuk_hp_normal           900.461    score_normal                  0.250  │
│  zuk_objective_normal          0.250    phase_reached_normal          0.435  │
│  death_tick_normal            65.853    frac_min_hp_le_300_no…        0.000  │
╰──────────────────────────────────────────────────────────────────────────────╯

[0;0H╭──────────────────────────────────────────────────────────────────────────────╮
│  PufferLib 4.0     🐡             GPU: 0%      VRAM: 0.4/18G      RAM: 0.9G  │
│                                                                              │
│  Summary          Value    Evaluate   250ms  37%    Losses            Value  │
│  Env       osrs_inferno      GPU      209ms  30%    policy           -0.002  │
│  Params          752.1K      Env       41ms   6%    value             0.050  │
│  Steps            50.0M    Train      426ms  62%    entropy           0.525  │
│  SPS             239.5K      Misc       0ms   0%    total             0.022  │
│  Epoch             1525      Forwa…     0ms   0%    old_kl            0.026  │
│  Uptime    0d 0h 3m 28s                             kl                0.024  │
│  Remaini…         120ms                             clipfrac          0.113  │
│                                                     bc                0.000  │
│                                                                              │
│  User Stats                    Value    User Stats                    Value  │
│  episode_return                3.613    damage_dealt                380.171  │
│  damage_received             111.161    episode_length               81.283  │
│  wins                          0.000    wave                         68.000  │
│  idle_ticks                    1.647    brews_used                    5.494  │
│  blood_healed                  0.000    prayer_correct_rate           0.242  │
│  unavoidable_off_praye…        0.005    brews_remaining               6.506  │
│  restores_remaining            9.873    prayer_at_death              92.785  │
│  current_ranged               92.554    current_magic                85.797  │
│  behind_shield_pct             0.283    zuk_hp_remaining            822.938  │
│  min_zuk_hp_seen             823.590    hp_restored                   0.000  │
│  zuk_healer_damage             0.000    deaths_to_jad                 0.000  │
│  episode_return_normal         3.069    wins_normal                   0.000  │
│  min_zuk_hp_normal           885.208    score_normal                  0.262  │
│  zuk_objective_normal          0.262    phase_reached_normal          0.489  │
│  death_tick_normal            67.010    frac_min_hp_le_300_no…        0.000  │
╰──────────────────────────────────────────────────────────────────────────────╯

[0;0H╭──────────────────────────────────────────────────────────────────────────────╮
│  PufferLib 4.0    🐡              GPU: 0%      VRAM: 0.4/18G      RAM: 0.9G  │
│                                                                              │
│  Summary          Value    Evaluate   250ms  37%    Losses            Value  │
│  Env       osrs_inferno      GPU      209ms  30%    policy           -0.002  │
│  Params          752.1K      Env       41ms   6%    value             0.050  │
│  Steps            50.0M    Train      426ms  62%    entropy           0.525  │
│  SPS             239.5K      Misc       0ms   0%    total             0.022  │
│  Epoch             1525      Forwa…     0ms   0%    old_kl            0.026  │
│  Uptime    0d 0h 3m 28s                             kl                0.024  │
│  Remaini…         120ms                             clipfrac          0.113  │
│                                                     bc                0.000  │
│                                                                              │
│  User Stats                    Value    User Stats                    Value  │
│  episode_return                3.593    damage_dealt                377.617  │
│  damage_received             111.119    episode_length               80.712  │
│  wins                          0.000    wave                         68.000  │
│  idle_ticks                    1.562    brews_used                    5.545  │
│  blood_healed                  0.000    prayer_correct_rate           0.236  │
│  unavoidable_off_praye…        0.004    brews_remaining               6.455  │
│  restores_remaining            9.908    prayer_at_death              92.683  │
│  current_ranged               91.821    current_magic                85.015  │
│  behind_shield_pct             0.281    zuk_hp_remaining            825.066  │
│  min_zuk_hp_seen             825.844    hp_restored                   0.000  │
│  zuk_healer_damage             0.000    deaths_to_jad                 0.000  │
│  episode_return_normal         3.077    wins_normal                   0.000  │
│  min_zuk_hp_normal           884.638    score_normal                  0.263  │
│  zuk_objective_normal          0.263    phase_reached_normal          0.482  │
│  death_tick_normal            66.920    frac_min_hp_le_300_no…        0.000  │
╰──────────────────────────────────────────────────────────────────────────────╯

[0;0H╭──────────────────────────────────────────────────────────────────────────────╮
│  PufferLib 4.0   🐡               GPU: 0%      VRAM: 0.4/18G      RAM: 0.9G  │
│                                                                              │
│  Summary          Value    Evaluate   250ms  37%    Losses            Value  │
│  Env       osrs_inferno      GPU      209ms  30%    policy           -0.002  │
│  Params          752.1K      Env       41ms   6%    value             0.050  │
│  Steps            50.0M    Train      426ms  62%    entropy           0.525  │
│  SPS             239.5K      Misc       0ms   0%    total             0.022  │
│  Epoch             1525      Forwa…     0ms   0%    old_kl            0.026  │
│  Uptime    0d 0h 3m 28s                             kl                0.024  │
│  Remaini…         120ms                             clipfrac          0.113  │
│                                                     bc                0.000  │
│                                                                              │
│  User Stats                    Value    User Stats                    Value  │
│  episode_return                3.601    damage_dealt                378.971  │
│  damage_received             109.946    episode_length               81.144  │
│  wins                          0.000    wave                         68.000  │
│  idle_ticks                    1.511    brews_used                    5.473  │
│  blood_healed                  0.000    prayer_correct_rate           0.246  │
│  unavoidable_off_praye…        0.004    brews_remaining               6.527  │
│  restores_remaining            9.955    prayer_at_death              92.442  │
│  current_ranged               91.311    current_magic                84.396  │
│  behind_shield_pct             0.285    zuk_hp_remaining            823.853  │
│  min_zuk_hp_seen             824.655    hp_restored                   0.000  │
│  zuk_healer_damage             0.000    deaths_to_jad                 0.001  │
│  episode_return_normal         3.046    wins_normal                   0.000  │
│  min_zuk_hp_normal           887.858    score_normal                  0.260  │
│  zuk_objective_normal          0.260    phase_reached_normal          0.472  │
│  death_tick_normal            66.354    frac_min_hp_le_300_no…        0.000  │
╰──────────────────────────────────────────────────────────────────────────────╯

[0;0H╭──────────────────────────────────────────────────────────────────────────────╮
│  PufferLib 4.0  🐡                GPU: 0%      VRAM: 0.4/18G      RAM: 0.9G  │
│                                                                              │
│  Summary          Value    Evaluate   250ms  37%    Losses            Value  │
│  Env       osrs_inferno      GPU      209ms  30%    policy           -0.002  │
│  Params          752.1K      Env       41ms   6%    value             0.050  │
│  Steps            50.0M    Train      426ms  62%    entropy           0.525  │
│  SPS             239.5K      Misc       0ms   0%    total             0.022  │
│  Epoch             1525      Forwa…     0ms   0%    old_kl            0.026  │
│  Uptime    0d 0h 3m 28s                             kl                0.024  │
│  Remaini…         120ms                             clipfrac          0.113  │
│                                                     bc                0.000  │
│                                                                              │
│  User Stats                    Value    User Stats                    Value  │
│  episode_return                3.564    damage_dealt                375.039  │
│  damage_received             108.878    episode_length               80.682  │
│  wins                          0.000    wave                         68.000  │
│  idle_ticks                    1.490    brews_used                    5.428  │
│  blood_healed                  0.000    prayer_correct_rate           0.240  │
│  unavoidable_off_praye…        0.004    brews_remaining               6.572  │
│  restores_remaining            9.977    prayer_at_death              92.378  │
│  current_ranged               91.382    current_magic                84.488  │
│  behind_shield_pct             0.285    zuk_hp_remaining            827.733  │
│  min_zuk_hp_seen             828.481    hp_restored                   0.000  │
│  zuk_healer_damage             0.000    deaths_to_jad                 0.001  │
│  episode_return_normal         3.021    wins_normal                   0.000  │
│  min_zuk_hp_normal           890.591    score_normal                  0.258  │
│  zuk_objective_normal          0.258    phase_reached_normal          0.458  │
│  death_tick_normal            66.204    frac_min_hp_le_300_no…        0.000  │
╰──────────────────────────────────────────────────────────────────────────────╯

[0;0H╭──────────────────────────────────────────────────────────────────────────────╮
│  PufferLib 4.0 🐡                 GPU: 0%      VRAM: 0.4/18G      RAM: 0.9G  │
│                                                                              │
│  Summary          Value    Evaluate   250ms  37%    Losses            Value  │
│  Env       osrs_inferno      GPU      209ms  30%    policy           -0.002  │
│  Params          752.1K      Env       41ms   6%    value             0.050  │
│  Steps            50.0M    Train      426ms  62%    entropy           0.525  │
│  SPS             239.5K      Misc       0ms   0%    total             0.022  │
│  Epoch             1525      Forwa…     0ms   0%    old_kl            0.026  │
│  Uptime    0d 0h 3m 28s                             kl                0.024  │
│  Remaini…         120ms                             clipfrac          0.113  │
│                                                     bc                0.000  │
│                                                                              │
│  User Stats                    Value    User Stats                    Value  │
│  episode_return                3.595    damage_dealt                378.312  │
│  damage_received             110.627    episode_length               81.491  │
│  wins                          0.000    wave                         68.000  │
│  idle_ticks                    1.484    brews_used                    5.509  │
│  blood_healed                  0.000    prayer_correct_rate           0.247  │
│  unavoidable_off_praye…        0.003    brews_remaining               6.491  │
│  restores_remaining            9.950    prayer_at_death              92.468  │
│  current_ranged               91.322    current_magic                84.521  │
│  behind_shield_pct             0.285    zuk_hp_remaining            824.460  │
│  min_zuk_hp_seen             825.323    hp_restored                   0.000  │
│  zuk_healer_damage             0.000    deaths_to_jad                 0.001  │
│  episode_return_normal         3.034    wins_normal                   0.000  │
│  min_zuk_hp_normal           889.365    score_normal                  0.259  │
│  zuk_objective_normal          0.259    phase_reached_normal          0.464  │
│  death_tick_normal            66.452    frac_min_hp_le_300_no…        0.000  │
╰──────────────────────────────────────────────────────────────────────────────╯

[0;0H╭──────────────────────────────────────────────────────────────────────────────╮
│  PufferLib 4.0          🐡        GPU: 0%      VRAM: 0.4/18G      RAM: 0.9G  │
│                                                                              │
│  Summary          Value    Evaluate   250ms  37%    Losses            Value  │
│  Env       osrs_inferno      GPU      209ms  30%    policy           -0.002  │
│  Params          752.1K      Env       41ms   6%    value             0.050  │
│  Steps            50.0M    Train      426ms  62%    entropy           0.525  │
│  SPS             239.5K      Misc       0ms   0%    total             0.022  │
│  Epoch             1525      Forwa…     0ms   0%    old_kl            0.026  │
│  Uptime    0d 0h 3m 28s                             kl                0.024  │
│  Remaini…         120ms                             clipfrac          0.113  │
│                                                     bc                0.000  │
│                                                                              │
│  User Stats                    Value    User Stats                    Value  │
│  episode_return                3.595    damage_dealt                378.309  │
│  damage_received             110.407    episode_length               81.524  │
│  wins                          0.000    wave                         68.000  │
│  idle_ticks                    1.489    brews_used                    5.500  │
│  blood_healed                  0.000    prayer_correct_rate           0.247  │
│  unavoidable_off_praye…        0.003    brews_remaining               6.500  │
│  restores_remaining            9.953    prayer_at_death              92.428  │
│  current_ranged               91.228    current_magic                84.450  │
│  behind_shield_pct             0.285    zuk_hp_remaining            824.589  │
│  min_zuk_hp_seen             825.313    hp_restored                   0.000  │
│  zuk_healer_damage             0.000    deaths_to_jad                 0.001  │
│  episode_return_normal         3.034    wins_normal                   0.000  │
│  min_zuk_hp_normal           889.260    score_normal                  0.259  │
│  zuk_objective_normal          0.259    phase_reached_normal          0.462  │
│  death_tick_normal            66.580    frac_min_hp_le_300_no…        0.000  │
╰──────────────────────────────────────────────────────────────────────────────╯

[0;0H╭──────────────────────────────────────────────────────────────────────────────╮
│  PufferLib 4.0         🐡         GPU: 0%      VRAM: 0.4/18G      RAM: 0.9G  │
│                                                                              │
│  Summary          Value    Evaluate   250ms  37%    Losses            Value  │
│  Env       osrs_inferno      GPU      209ms  30%    policy           -0.002  │
│  Params          752.1K      Env       41ms   6%    value             0.050  │
│  Steps            50.0M    Train      426ms  62%    entropy           0.525  │
│  SPS             239.5K      Misc       0ms   0%    total             0.022  │
│  Epoch             1525      Forwa…     0ms   0%    old_kl            0.026  │
│  Uptime    0d 0h 3m 28s                             kl                0.024  │
│  Remaini…         120ms                             clipfrac          0.113  │
│                                                     bc                0.000  │
│                                                                              │
│  User Stats                    Value    User Stats                    Value  │
│  episode_return                3.594    damage_dealt                378.307  │
│  damage_received             110.213    episode_length               81.412  │
│  wins                          0.000    wave                         68.000  │
│  idle_ticks                    1.486    brews_used                    5.501  │
│  blood_healed                  0.000    prayer_correct_rate           0.244  │
│  unavoidable_off_praye…        0.003    brews_remaining               6.499  │
│  restores_remaining            9.952    prayer_at_death              92.464  │
│  current_ranged               91.256    current_magic                84.530  │
│  behind_shield_pct             0.285    zuk_hp_remaining            824.617  │
│  min_zuk_hp_seen             825.356    hp_restored                   0.000  │
│  zuk_healer_damage             0.000    deaths_to_jad                 0.001  │
│  episode_return_normal         3.045    wins_normal                   0.000  │
│  min_zuk_hp_normal           888.071    score_normal                  0.260  │
│  zuk_objective_normal          0.260    phase_reached_normal          0.465  │
│  death_tick_normal            66.718    frac_min_hp_le_300_no…        0.000  │
╰──────────────────────────────────────────────────────────────────────────────╯

[0;0H╭──────────────────────────────────────────────────────────────────────────────╮
│  PufferLib 4.0        🐡          GPU: 0%      VRAM: 0.4/18G      RAM: 0.9G  │
│                                                                              │
│  Summary          Value    Evaluate   250ms  37%    Losses            Value  │
│  Env       osrs_inferno      GPU      209ms  30%    policy           -0.002  │
│  Params          752.1K      Env       41ms   6%    value             0.050  │
│  Steps            50.0M    Train      426ms  62%    entropy           0.525  │
│  SPS             239.5K      Misc       0ms   0%    total             0.022  │
│  Epoch             1525      Forwa…     0ms   0%    old_kl            0.026  │
│  Uptime    0d 0h 3m 28s                             kl                0.024  │
│  Remaini…         120ms                             clipfrac          0.113  │
│                                                     bc                0.000  │
│                                                                              │
│  User Stats                    Value    User Stats                    Value  │
│  episode_return                3.600    damage_dealt                379.093  │
│  damage_received             110.543    episode_length               81.368  │
│  wins                          0.000    wave                         68.000  │
│  idle_ticks                    1.520    brews_used                    5.509  │
│  blood_healed                  0.000    prayer_correct_rate           0.242  │
│  unavoidable_off_praye…        0.003    brews_remaining               6.491  │
│  restores_remaining            9.950    prayer_at_death              92.463  │
│  current_ranged               91.133    current_magic                84.419  │
│  behind_shield_pct             0.285    zuk_hp_remaining            823.911  │
│  min_zuk_hp_seen             824.710    hp_restored                   0.000  │
│  zuk_healer_damage             0.000    deaths_to_jad                 0.000  │
│  episode_return_normal         3.049    wins_normal                   0.000  │
│  min_zuk_hp_normal           887.904    score_normal                  0.260  │
│  zuk_objective_normal          0.260    phase_reached_normal          0.467  │
│  death_tick_normal            66.551    frac_min_hp_le_300_no…        0.000  │
╰──────────────────────────────────────────────────────────────────────────────╯

[0;0H╭──────────────────────────────────────────────────────────────────────────────╮
│  PufferLib 4.0       🐡           GPU: 0%      VRAM: 0.4/18G      RAM: 0.9G  │
│                                                                              │
│  Summary          Value    Evaluate   250ms  37%    Losses            Value  │
│  Env       osrs_inferno      GPU      209ms  30%    policy           -0.002  │
│  Params          752.1K      Env       41ms   6%    value             0.050  │
│  Steps            50.0M    Train      426ms  62%    entropy           0.525  │
│  SPS             239.5K      Misc       0ms   0%    total             0.022  │
│  Epoch             1525      Forwa…     0ms   0%    old_kl            0.026  │
│  Uptime    0d 0h 3m 28s                             kl                0.024  │
│  Remaini…         120ms                             clipfrac          0.113  │
│                                                     bc                0.000  │
│                                                                              │
│  User Stats                    Value    User Stats                    Value  │
│  episode_return                3.607    damage_dealt                379.799  │
│  damage_received             110.656    episode_length               81.576  │
│  wins                          0.000    wave                         68.000  │
│  idle_ticks                    1.548    brews_used                    5.523  │
│  blood_healed                  0.000    prayer_correct_rate           0.243  │
│  unavoidable_off_praye…        0.003    brews_remaining               6.477  │
│  restores_remaining            9.950    prayer_at_death              92.449  │
│  current_ranged               90.961    current_magic                84.266  │
│  behind_shield_pct             0.286    zuk_hp_remaining            823.129  │
│  min_zuk_hp_seen             823.986    hp_restored                   0.000  │
│  zuk_healer_damage             0.000    deaths_to_jad                 0.000  │
│  episode_return_normal         3.049    wins_normal                   0.000  │
│  min_zuk_hp_normal           887.933    score_normal                  0.260  │
│  zuk_objective_normal          0.260    phase_reached_normal          0.467  │
│  death_tick_normal            66.598    frac_min_hp_le_300_no…        0.000  │
╰──────────────────────────────────────────────────────────────────────────────╯

[0;0H╭──────────────────────────────────────────────────────────────────────────────╮
│  PufferLib 4.0      🐡            GPU: 0%      VRAM: 0.4/18G      RAM: 0.9G  │
│                                                                              │
│  Summary          Value    Evaluate   250ms  37%    Losses            Value  │
│  Env       osrs_inferno      GPU      209ms  30%    policy           -0.002  │
│  Params          752.1K      Env       41ms   6%    value             0.050  │
│  Steps            50.0M    Train      426ms  62%    entropy           0.525  │
│  SPS             239.5K      Misc       0ms   0%    total             0.022  │
│  Epoch             1525      Forwa…     0ms   0%    old_kl            0.026  │
│  Uptime    0d 0h 3m 28s                             kl                0.024  │
│  Remaini…         120ms                             clipfrac          0.113  │
│                                                     bc                0.000  │
│                                                                              │
│  User Stats                    Value    User Stats                    Value  │
│  episode_return                3.605    damage_dealt                379.719  │
│  damage_received             110.491    episode_length               81.541  │
│  wins                          0.000    wave                         68.000  │
│  idle_ticks                    1.591    brews_used                    5.509  │
│  blood_healed                  0.000    prayer_correct_rate           0.243  │
│  unavoidable_off_praye…        0.004    brews_remaining               6.491  │
│  restores_remaining            9.954    prayer_at_death              92.410  │
│  current_ranged               91.046    current_magic                84.285  │
│  behind_shield_pct             0.286    zuk_hp_remaining            823.272  │
│  min_zuk_hp_seen             824.149    hp_restored                   0.000  │
│  zuk_healer_damage             0.000    deaths_to_jad                 0.001  │
│  episode_return_normal         3.044    wins_normal                   0.000  │
│  min_zuk_hp_normal           888.397    score_normal                  0.260  │
│  zuk_objective_normal          0.260    phase_reached_normal          0.466  │
│  death_tick_normal            66.528    frac_min_hp_le_300_no…        0.000  │
╰──────────────────────────────────────────────────────────────────────────────╯

[0;0H╭──────────────────────────────────────────────────────────────────────────────╮
│  PufferLib 4.0     🐡             GPU: 0%      VRAM: 0.4/18G      RAM: 0.9G  │
│                                                                              │
│  Summary          Value    Evaluate   250ms  37%    Losses            Value  │
│  Env       osrs_inferno      GPU      209ms  30%    policy           -0.002  │
│  Params          752.1K      Env       41ms   6%    value             0.050  │
│  Steps            50.0M    Train      426ms  62%    entropy           0.525  │
│  SPS             239.5K      Misc       0ms   0%    total             0.022  │
│  Epoch             1525      Forwa…     0ms   0%    old_kl            0.026  │
│  Uptime    0d 0h 3m 28s                             kl                0.024  │
│  Remaini…         120ms                             clipfrac          0.113  │
│                                                     bc                0.000  │
│                                                                              │
│  User Stats                    Value    User Stats                    Value  │
│  episode_return                3.592    damage_dealt                378.175  │
│  damage_received             110.379    episode_length               81.139  │
│  wins                          0.000    wave                         68.000  │
│  idle_ticks                    1.578    brews_used                    5.498  │
│  blood_healed                  0.000    prayer_correct_rate           0.240  │
│  unavoidable_off_praye…        0.004    brews_remaining               6.502  │
│  restores_remaining            9.964    prayer_at_death              92.403  │
│  current_ranged               91.047    current_magic                84.277  │
│  behind_shield_pct             0.285    zuk_hp_remaining            824.747  │
│  min_zuk_hp_seen             825.637    hp_restored                   0.000  │
│  zuk_healer_damage             0.000    deaths_to_jad                 0.001  │
│  episode_return_normal         3.041    wins_normal                   0.000  │
│  min_zuk_hp_normal           888.721    score_normal                  0.259  │
│  zuk_objective_normal          0.259    phase_reached_normal          0.466  │
│  death_tick_normal            66.386    frac_min_hp_le_300_no…        0.000  │
╰──────────────────────────────────────────────────────────────────────────────╯

[0;0H╭──────────────────────────────────────────────────────────────────────────────╮
│  PufferLib 4.0    🐡              GPU: 0%      VRAM: 0.4/18G      RAM: 0.9G  │
│                                                                              │
│  Summary          Value    Evaluate   250ms  37%    Losses            Value  │
│  Env       osrs_inferno      GPU      209ms  30%    policy           -0.002  │
│  Params          752.1K      Env       41ms   6%    value             0.050  │
│  Steps            50.0M    Train      426ms  62%    entropy           0.525  │
│  SPS             239.5K      Misc       0ms   0%    total             0.022  │
│  Epoch             1525      Forwa…     0ms   0%    old_kl            0.026  │
│  Uptime    0d 0h 3m 28s                             kl                0.024  │
│  Remaini…         120ms                             clipfrac          0.113  │
│                                                     bc                0.000  │
│                                                                              │
│  User Stats                    Value    User Stats                    Value  │
│  episode_return                3.595    damage_dealt                378.693  │
│  damage_received             110.829    episode_length               81.392  │
│  wins                          0.000    wave                         68.000  │
│  idle_ticks                    1.563    brews_used                    5.523  │
│  blood_healed                  0.000    prayer_correct_rate           0.239  │
│  unavoidable_off_praye…        0.003    brews_remaining               6.477  │
│  restores_remaining            9.957    prayer_at_death              92.386  │
│  current_ranged               90.989    current_magic                84.240  │
│  behind_shield_pct             0.285    zuk_hp_remaining            824.171  │
│  min_zuk_hp_seen             825.099    hp_restored                   0.000  │
│  zuk_healer_damage             0.000    deaths_to_jad                 0.000  │
│  episode_return_normal         3.047    wins_normal                   0.000  │
│  min_zuk_hp_normal           888.011    score_normal                  0.260  │
│  zuk_objective_normal          0.260    phase_reached_normal          0.469  │
│  death_tick_normal            66.633    frac_min_hp_le_300_no…        0.000  │
╰──────────────────────────────────────────────────────────────────────────────╯

[0;0H╭──────────────────────────────────────────────────────────────────────────────╮
│  PufferLib 4.0   🐡               GPU: 0%      VRAM: 0.4/18G      RAM: 0.9G  │
│                                                                              │
│  Summary          Value    Evaluate   250ms  37%    Losses            Value  │
│  Env       osrs_inferno      GPU      209ms  30%    policy           -0.002  │
│  Params          752.1K      Env       41ms   6%    value             0.050  │
│  Steps            50.0M    Train      426ms  62%    entropy           0.525  │
│  SPS             239.5K      Misc       0ms   0%    total             0.022  │
│  Epoch             1525      Forwa…     0ms   0%    old_kl            0.026  │
│  Uptime    0d 0h 3m 28s                             kl                0.024  │
│  Remaini…         120ms                             clipfrac          0.113  │
│                                                     bc                0.000  │
│                                                                              │
│  User Stats                    Value    User Stats                    Value  │
│  episode_return                3.584    damage_dealt                377.377  │
│  damage_received             110.206    episode_length               81.064  │
│  wins                          0.000    wave                         68.000  │
│  idle_ticks                    1.551    brews_used                    5.490  │
│  blood_healed                  0.000    prayer_correct_rate           0.238  │
│  unavoidable_off_praye…        0.004    brews_remaining               6.510  │
│  restores_remaining            9.971    prayer_at_death              92.382  │
│  current_ranged               91.033    current_magic                84.261  │
│  behind_shield_pct             0.284    zuk_hp_remaining            825.444  │
│  min_zuk_hp_seen             826.373    hp_restored                   0.000  │
│  zuk_healer_damage             0.000    deaths_to_jad                 0.001  │
│  episode_return_normal         3.040    wins_normal                   0.000  │
│  min_zuk_hp_normal           888.775    score_normal                  0.259  │
│  zuk_objective_normal          0.259    phase_reached_normal          0.466  │
│  death_tick_normal            66.432    frac_min_hp_le_300_no…        0.000  │
╰──────────────────────────────────────────────────────────────────────────────╯

[0;0H╭──────────────────────────────────────────────────────────────────────────────╮
│  PufferLib 4.0  🐡                GPU: 0%      VRAM: 0.4/18G      RAM: 0.9G  │
│                                                                              │
│  Summary          Value    Evaluate   250ms  37%    Losses            Value  │
│  Env       osrs_inferno      GPU      209ms  30%    policy           -0.002  │
│  Params          752.1K      Env       41ms   6%    value             0.050  │
│  Steps            50.0M    Train      426ms  62%    entropy           0.525  │
│  SPS             239.5K      Misc       0ms   0%    total             0.022  │
│  Epoch             1525      Forwa…     0ms   0%    old_kl            0.026  │
│  Uptime    0d 0h 3m 28s                             kl                0.024  │
│  Remaini…         120ms                             clipfrac          0.113  │
│                                                     bc                0.000  │
│                                                                              │
│  User Stats                    Value    User Stats                    Value  │
│  episode_return                3.595    damage_dealt                378.606  │
│  damage_received             110.794    episode_length               81.294  │
│  wins                          0.000    wave                         68.000  │
│  idle_ticks                    1.546    brews_used                    5.516  │
│  blood_healed                  0.000    prayer_correct_rate           0.238  │
│  unavoidable_off_praye…        0.004    brews_remaining               6.484  │
│  restores_remaining            9.958    prayer_at_death              92.411  │
│  current_ranged               91.016    current_magic                84.243  │
│  behind_shield_pct             0.285    zuk_hp_remaining            824.235  │
│  min_zuk_hp_seen             825.169    hp_restored                   0.000  │
│  zuk_healer_damage             0.000    deaths_to_jad                 0.001  │
│  episode_return_normal         3.049    wins_normal                   0.000  │
│  min_zuk_hp_normal           887.791    score_normal                  0.260  │
│  zuk_objective_normal          0.260    phase_reached_normal          0.470  │
│  death_tick_normal            66.649    frac_min_hp_le_300_no…        0.000  │
╰──────────────────────────────────────────────────────────────────────────────╯

[0;0H╭──────────────────────────────────────────────────────────────────────────────╮
│  PufferLib 4.0 🐡                 GPU: 0%      VRAM: 0.4/18G      RAM: 0.9G  │
│                                                                              │
│  Summary          Value    Evaluate   250ms  37%    Losses            Value  │
│  Env       osrs_inferno      GPU      209ms  30%    policy           -0.002  │
│  Params          752.1K      Env       41ms   6%    value             0.050  │
│  Steps            50.0M    Train      426ms  62%    entropy           0.525  │
│  SPS             239.5K      Misc       0ms   0%    total             0.022  │
│  Epoch             1525      Forwa…     0ms   0%    old_kl            0.026  │
│  Uptime    0d 0h 3m 28s                             kl                0.024  │
│  Remaini…         120ms                             clipfrac          0.113  │
│                                                     bc                0.000  │
│                                                                              │
│  User Stats                    Value    User Stats                    Value  │
│  episode_return                3.599    damage_dealt                379.116  │
│  damage_received             110.570    episode_length               81.406  │
│  wins                          0.000    wave                         68.000  │
│  idle_ticks                    1.547    brews_used                    5.512  │
│  blood_healed                  0.000    prayer_correct_rate           0.239  │
│  unavoidable_off_praye…        0.004    brews_remaining               6.488  │
│  restores_remaining            9.960    prayer_at_death              92.395  │
│  current_ranged               90.962    current_magic                84.208  │
│  behind_shield_pct             0.286    zuk_hp_remaining            823.773  │
│  min_zuk_hp_seen             824.690    hp_restored                   0.000  │
│  zuk_healer_damage             0.000    deaths_to_jad                 0.001  │
│  episode_return_normal         3.049    wins_normal                   0.000  │
│  min_zuk_hp_normal           887.886    score_normal                  0.260  │
│  zuk_objective_normal          0.260    phase_reached_normal          0.469  │
│  death_tick_normal            66.616    frac_min_hp_le_300_no…        0.000  │
╰──────────────────────────────────────────────────────────────────────────────╯

[0;0H╭──────────────────────────────────────────────────────────────────────────────╮
│  PufferLib 4.0          🐡        GPU: 0%      VRAM: 0.4/18G      RAM: 0.9G  │
│                                                                              │
│  Summary          Value    Evaluate   250ms  37%    Losses            Value  │
│  Env       osrs_inferno      GPU      209ms  30%    policy           -0.002  │
│  Params          752.1K      Env       41ms   6%    value             0.050  │
│  Steps            50.0M    Train      426ms  62%    entropy           0.525  │
│  SPS             239.5K      Misc       0ms   0%    total             0.022  │
│  Epoch             1525      Forwa…     0ms   0%    old_kl            0.026  │
│  Uptime    0d 0h 3m 28s                             kl                0.024  │
│  Remaini…         120ms                             clipfrac          0.113  │
│                                                     bc                0.000  │
│                                                                              │
│  User Stats                    Value    User Stats                    Value  │
│  episode_return                3.598    damage_dealt                378.997  │
│  damage_received             110.295    episode_length               81.326  │
│  wins                          0.000    wave                         68.000  │
│  idle_ticks                    1.551    brews_used                    5.493  │
│  blood_healed                  0.000    prayer_correct_rate           0.239  │
│  unavoidable_off_praye…        0.004    brews_remaining               6.507  │
│  restores_remaining            9.965    prayer_at_death              92.401  │
│  current_ranged               90.980    current_magic                84.220  │
│  behind_shield_pct             0.286    zuk_hp_remaining            823.949  │
│  min_zuk_hp_seen             824.850    hp_restored                   0.000  │
│  zuk_healer_damage             0.000    deaths_to_jad                 0.001  │
│  episode_return_normal         3.043    wins_normal                   0.000  │
│  min_zuk_hp_normal           888.485    score_normal                  0.260  │
│  zuk_objective_normal          0.260    phase_reached_normal          0.468  │
│  death_tick_normal            66.462    frac_min_hp_le_300_no…        0.000  │
╰──────────────────────────────────────────────────────────────────────────────╯

[0;0H╭──────────────────────────────────────────────────────────────────────────────╮
│  PufferLib 4.0         🐡         GPU: 0%      VRAM: 0.4/18G      RAM: 0.9G  │
│                                                                              │
│  Summary          Value    Evaluate   250ms  37%    Losses            Value  │
│  Env       osrs_inferno      GPU      209ms  30%    policy           -0.002  │
│  Params          752.1K      Env       41ms   6%    value             0.050  │
│  Steps            50.0M    Train      426ms  62%    entropy           0.525  │
│  SPS             239.5K      Misc       0ms   0%    total             0.022  │
│  Epoch             1525      Forwa…     0ms   0%    old_kl            0.026  │
│  Uptime    0d 0h 3m 28s                             kl                0.024  │
│  Remaini…         120ms                             clipfrac          0.113  │
│                                                     bc                0.000  │
│                                                                              │
│  User Stats                    Value    User Stats                    Value  │
│  episode_return                3.601    damage_dealt                379.378  │
│  damage_received             110.566    episode_length               81.452  │
│  wins                          0.000    wave                         68.000  │
│  idle_ticks                    1.554    brews_used                    5.505  │
│  blood_healed                  0.000    prayer_correct_rate           0.240  │
│  unavoidable_off_praye…        0.004    brews_remaining               6.495  │
│  restores_remaining            9.964    prayer_at_death              92.366  │
│  current_ranged               90.916    current_magic                84.141  │
│  behind_shield_pct             0.286    zuk_hp_remaining            823.589  │
│  min_zuk_hp_seen             824.480    hp_restored                   0.000  │
│  zuk_healer_damage             0.000    deaths_to_jad                 0.001  │
│  episode_return_normal         3.046    wins_normal                   0.000  │
│  min_zuk_hp_normal           888.119    score_normal                  0.260  │
│  zuk_objective_normal          0.260    phase_reached_normal          0.469  │
│  death_tick_normal            66.586    frac_min_hp_le_300_no…        0.000  │
╰──────────────────────────────────────────────────────────────────────────────╯

[0;0H╭──────────────────────────────────────────────────────────────────────────────╮
│  PufferLib 4.0        🐡          GPU: 0%      VRAM: 0.4/18G      RAM: 0.9G  │
│                                                                              │
│  Summary          Value    Evaluate   250ms  37%    Losses            Value  │
│  Env       osrs_inferno      GPU      209ms  30%    policy           -0.002  │
│  Params          752.1K      Env       41ms   6%    value             0.050  │
│  Steps            50.0M    Train      426ms  62%    entropy           0.525  │
│  SPS             239.5K      Misc       0ms   0%    total             0.022  │
│  Epoch             1525      Forwa…     0ms   0%    old_kl            0.026  │
│  Uptime    0d 0h 3m 28s                             kl                0.024  │
│  Remaini…         120ms                             clipfrac          0.113  │
│                                                     bc                0.000  │
│                                                                              │
│  User Stats                    Value    User Stats                    Value  │
│  episode_return                3.594    damage_dealt                378.641  │
│  damage_received             110.449    episode_length               81.357  │
│  wins                          0.000    wave                         68.000  │
│  idle_ticks                    1.549    brews_used                    5.498  │
│  blood_healed                  0.000    prayer_correct_rate           0.238  │
│  unavoidable_off_praye…        0.004    brews_remaining               6.502  │
│  restores_remaining            9.963    prayer_at_death              92.387  │
│  current_ranged               90.970    current_magic                84.172  │
│  behind_shield_pct             0.286    zuk_hp_remaining            824.300  │
│  min_zuk_hp_seen             825.216    hp_restored                   0.000  │
│  zuk_healer_damage             0.000    deaths_to_jad                 0.001  │
│  episode_return_normal         3.042    wins_normal                   0.000  │
│  min_zuk_hp_normal           888.514    score_normal                  0.260  │
│  zuk_objective_normal          0.260    phase_reached_normal          0.467  │
│  death_tick_normal            66.595    frac_min_hp_le_300_no…        0.000  │
╰──────────────────────────────────────────────────────────────────────────────╯

[0;0H╭──────────────────────────────────────────────────────────────────────────────╮
│  PufferLib 4.0       🐡           GPU: 0%      VRAM: 0.4/18G      RAM: 0.9G  │
│                                                                              │
│  Summary          Value    Evaluate   250ms  37%    Losses            Value  │
│  Env       osrs_inferno      GPU      209ms  30%    policy           -0.002  │
│  Params          752.1K      Env       41ms   6%    value             0.050  │
│  Steps            50.0M    Train      426ms  62%    entropy           0.525  │
│  SPS             239.5K      Misc       0ms   0%    total             0.022  │
│  Epoch             1525      Forwa…     0ms   0%    old_kl            0.026  │
│  Uptime    0d 0h 3m 28s                             kl                0.024  │
│  Remaini…         120ms                             clipfrac          0.113  │
│                                                     bc                0.000  │
│                                                                              │
│  User Stats                    Value    User Stats                    Value  │
│  episode_return                3.594    damage_dealt                378.716  │
│  damage_received             110.380    episode_length               81.386  │
│  wins                          0.000    wave                         68.000  │
│  idle_ticks                    1.552    brews_used                    5.491  │
│  blood_healed                  0.000    prayer_correct_rate           0.238  │
│  unavoidable_off_praye…        0.004    brews_remaining               6.509  │
│  restores_remaining            9.961    prayer_at_death              92.383  │
│  current_ranged               90.976    current_magic                84.173  │
│  behind_shield_pct             0.287    zuk_hp_remaining            824.263  │
│  min_zuk_hp_seen             825.190    hp_restored                   0.000  │
│  zuk_healer_damage             0.000    deaths_to_jad                 0.001  │
│  episode_return_normal         3.037    wins_normal                   0.000  │
│  min_zuk_hp_normal           889.036    score_normal                  0.259  │
│  zuk_objective_normal          0.259    phase_reached_normal          0.467  │
│  death_tick_normal            66.525    frac_min_hp_le_300_no…        0.000  │
╰──────────────────────────────────────────────────────────────────────────────╯

[0;0H╭──────────────────────────────────────────────────────────────────────────────╮
│  PufferLib 4.0      🐡            GPU: 0%      VRAM: 0.4/18G      RAM: 0.9G  │
│                                                                              │
│  Summary          Value    Evaluate   250ms  37%    Losses            Value  │
│  Env       osrs_inferno      GPU      209ms  30%    policy           -0.002  │
│  Params          752.1K      Env       41ms   6%    value             0.050  │
│  Steps            50.0M    Train      426ms  62%    entropy           0.525  │
│  SPS             239.5K      Misc       0ms   0%    total             0.022  │
│  Epoch             1525      Forwa…     0ms   0%    old_kl            0.026  │
│  Uptime    0d 0h 3m 28s                             kl                0.024  │
│  Remaini…         120ms                             clipfrac          0.113  │
│                                                     bc                0.000  │
│                                                                              │
│  User Stats                    Value    User Stats                    Value  │
│  episode_return                3.596    damage_dealt                378.951  │
│  damage_received             110.444    episode_length               81.447  │
│  wins                          0.000    wave                         68.000  │
│  idle_ticks                    1.559    brews_used                    5.490  │
│  blood_healed                  0.000    prayer_correct_rate           0.238  │
│  unavoidable_off_praye…        0.004    brews_remaining               6.510  │
│  restores_remaining            9.962    prayer_at_death              92.354  │
│  current_ranged               90.909    current_magic                84.106  │
│  behind_shield_pct             0.288    zuk_hp_remaining            824.070  │
│  min_zuk_hp_seen             825.007    hp_restored                   0.000  │
│  zuk_healer_damage             0.000    deaths_to_jad                 0.001  │
│  episode_return_normal         3.035    wins_normal                   0.000  │
│  min_zuk_hp_normal           889.304    score_normal                  0.259  │
│  zuk_objective_normal          0.259    phase_reached_normal          0.466  │
│  death_tick_normal            66.509    frac_min_hp_le_300_no…        0.000  │
╰──────────────────────────────────────────────────────────────────────────────╯

wandb: uploading data; uploading artifact 6b68dgup; updating run metadata
wandb: uploading artifact 6b68dgup; updating run metadata
wandb: uploading artifact 6b68dgup; updating run metadata; uploading history steps 305-305, summary
wandb: uploading artifact 6b68dgup; updating run metadata
wandb: uploading artifact 6b68dgup
wandb: uploading artifact 6b68dgup; uploading config.yaml
wandb: uploading artifact 6b68dgup
wandb: uploading data
wandb: 
wandb: Run history:
wandb:                   SPS ▃▄▃▂▅▅▃▄▃▁▃▂▃▃▂▂▂▅▄▃▂▃▆▂▂█▃▂▃▃▃▁▆▄▄▃▃▄▃▃
wandb:           agent_steps ▁▁▁▁▂▂▂▂▂▂▃▃▃▃▃▃▄▄▄▄▄▄▄▄▅▅▅▅▆▆▆▆▇▇▇▇▇███
wandb: env/behind_shield_pct ▁▆▆▆▆▆▅▅▄▄▅▄▄▄▄▄▄▄▃▃▃▄▄▄██▇▇▆▇▅▆▆▅▆▆▆▆▆▅
wandb:      env/blood_healed █▄▁▁▁▁▁▁▁▁▁▁▁▁▁▁▁▁▁▁▁▁▁▁▁▁▁▁▁▁▁▁▁▁▁▁▁▁▁▂
wandb:   env/brews_remaining █▆▆▆▆▆▅▅▅▅▄▄▄▄▃▃▃▃▃▃▃▃▃▃▂▃▃▃▃▃▂▃▂▂▂▂▃▃▂▁
wandb:        env/brews_used ▁▁▂▃▃▃▄▅▅▅▄▅▅▅▆▆▅▆▆▅▆▇▇▇▆▆▇▇▆▆▆▆▇▇▇▇▆▆▆█
wandb:     env/current_magic █▇▆▆▆▆▅▄▅▅▃▄▄▆▆▅▅▆▆▆▄▂▃▂▅▄▃▄▅▄▅▅▅▅▅▃▃▃▂▁
wandb:    env/current_ranged █▆▅▅▇▆▅▂▄▄▇█▇▇▅▆▃▂▂▂▂▁▃▄▄▆▄▄▄▅▆▆▃▄▄▃▃▃▂▂
wandb:      env/damage_dealt ▁▁▂▂▂▄▄▅▅▄▄▅▆▆▆▆▅▅▅▅▅▇▆▆▇▇▇▇▇▇▇███▇▆▅▆▆▆
wandb:   env/damage_received ▁▁▂▂▂▂▂▃▃▃▄▄▅▅▄▅▅▆▅▅▄▅▅▆▇█▇▇▇▇▇▇▆▇▇▆▆▆▆█
wandb:                  +114 ...
wandb: 
wandb: Run summary:
wandb:                   SPS 239492
wandb:           agent_steps 50626560
wandb: env/behind_shield_pct 0.2927
wandb:      env/blood_healed 0
wandb:   env/brews_remaining 6.69469
wandb:        env/brews_used 5.30531
wandb:     env/current_magic 84.05347
wandb:    env/current_ranged 90.84076
wandb:      env/damage_dealt 368.87756
wandb:   env/damage_received 107.97946
wandb:                  +114 ...
wandb: 
wandb: 🚀 View run mythical-trooper-34 at: https://wandb.ai/valtterivalo-clock-cloud/puffer4/runs/6b68dgup
wandb: ⭐️ View project at: https://wandb.ai/valtterivalo-clock-cloud/puffer4
wandb: Synced 4 W&B file(s), 0 media file(s), 2 artifact file(s) and 0 other file(s)
wandb: Find logs at: ./wandb/run-20260505_013535-6b68dgup/logs
[0;0H╭──────────────────────────────────────────────────────────────────────────────╮
│  PufferLib 4.0     🐡             GPU: 0%      VRAM: 0.4/18G      RAM: 0.9G  │
│                                                                              │
│  Summary          Value    Evaluate   250ms  37%    Losses            Value  │
│  Env       osrs_inferno      GPU      209ms  30%    policy           -0.002  │
│  Params          752.1K      Env       41ms   6%    value             0.050  │
│  Steps            50.0M    Train      426ms  62%    entropy           0.525  │
│  SPS             239.5K      Misc       0ms   0%    total             0.022  │
│  Epoch             1525      Forwa…     0ms   0%    old_kl            0.026  │
│  Uptime    0d 0h 3m 28s                             kl                0.024  │
│  Remaini…         120ms                             clipfrac          0.113  │
│                                                     bc                0.000  │
│                                                                              │
│  User Stats                    Value    User Stats                    Value  │
│  episode_return                3.596    damage_dealt                378.951  │
│  damage_received             110.444    episode_length               81.447  │
│  wins                          0.000    wave                         68.000  │
│  idle_ticks                    1.559    brews_used                    5.490  │
│  blood_healed                  0.000    prayer_correct_rate           0.238  │
│  unavoidable_off_praye…        0.004    brews_remaining               6.510  │
│  restores_remaining            9.962    prayer_at_death              92.354  │
│  current_ranged               90.909    current_magic                84.106  │
│  behind_shield_pct             0.288    zuk_hp_remaining            824.070  │
│  min_zuk_hp_seen             825.007    hp_restored                   0.000  │
│  zuk_healer_damage             0.000    deaths_to_jad                 0.001  │
│  episode_return_normal         3.035    wins_normal                   0.000  │
│  min_zuk_hp_normal           889.304    score_normal                  0.259  │
│  zuk_objective_normal          0.259    phase_reached_normal          0.466  │
│  death_tick_normal            66.509    frac_min_hp_le_300_no…        0.000  │
╰──────────────────────────────────────────────────────────────────────────────╯

