/Users/valtterivalo/.pyenv/versions/3.12.3/lib/python3.12/site-packages/torch/cuda/__init__.py:61: FutureWarning: The pynvml package is deprecated. Please install nvidia-ml-py instead. If you did not install pynvml directly, please report this to the maintainers of the package that installed pynvml for you.
  import pynvml  # type: ignore[import]
wandb: Currently logged in as: valtterivalo (valtterivalo-clock-cloud) to https://api.wandb.ai. Use `wandb login --relogin` to force relogin
wandb: setting up run 1wv5prug
wandb: Tracking run with wandb version 0.23.1
wandb: Run data is saved locally in /Users/valtterivalo/Projects/pufferlib-metal-inferno-sync/wandb/run-20260505_005544-1wv5prug
wandb: Run `wandb offline` to turn off syncing.
wandb: Syncing run hokey-fleet-23
wandb: ⭐️ View project at https://wandb.ai/valtterivalo-clock-cloud/puffer4
wandb: 🚀 View run at https://wandb.ai/valtterivalo-clock-cloud/puffer4/runs/1wv5prug
[0;0H╭──────────────────────────────────────────────────────────────────────────────╮
│  PufferLib 4.0 🐡                 GPU: 0%      VRAM: 0.4/18G      RAM: 0.6G  │
│                                                                              │
│  Summary          Value    Evaluate     0ms   0%    Losses            Value  │
│  Env       osrs_inferno      GPU        0ms   0%                             │
│  Params          752.1K      Env        0ms   0%                             │
│  Steps              0.0    Train        0ms   0%                             │
│  SPS                0.0      Misc       0ms   0%                             │
│  Epoch                0      Forwa…     0ms   0%                             │
│  Uptime             0ms                                                      │
│  Remaini…   A hair past                                                      │
│               a freckle                                                      │
│                                                                              │
│  User Stats                    Value    User Stats                    Value  │
╰──────────────────────────────────────────────────────────────────────────────╯

[0;0H╭──────────────────────────────────────────────────────────────────────────────╮
│  PufferLib 4.0          🐡        GPU: 0%      VRAM: 0.4/18G      RAM: 0.6G  │
│                                                                              │
│  Summary          Value    Evaluate   268ms  39%    Losses            Value  │
│  Env       osrs_inferno      GPU      224ms  33%    policy           -0.003  │
│  Params          752.1K      Env       43ms   6%    value             0.012  │
│  Steps           163.8K    Train      410ms  60%    entropy           8.063  │
│  SPS             239.5K      Misc       0ms   0%    total            -0.009  │
│  Epoch                5      Forwa…     0ms   0%    old_kl            0.002  │
│  Uptime           684ms                             kl                0.002  │
│  Remaini…  0d 0h 3m 28s                             clipfrac          0.170  │
│                                                     bc                0.000  │
│                                                                              │
│  User Stats                    Value    User Stats                    Value  │
│  episode_return                0.367    damage_dealt                 37.120  │
│  damage_received              57.456    episode_length               36.719  │
│  wins                          0.000    wave                         68.000  │
│  idle_ticks                   17.205    brews_used                    2.158  │
│  blood_healed                  0.005    prayer_correct_rate           0.003  │
│  unavoidable_off_praye…        0.000    brews_remaining               9.842  │
│  restores_remaining           11.293    prayer_at_death              93.476  │
│  current_ranged               98.344    current_magic                89.721  │
│  behind_shield_pct             0.092    zuk_hp_remaining           1162.268  │
│  min_zuk_hp_seen            1163.238    hp_restored                   0.000  │
│  zuk_healer_damage             0.000    deaths_to_jad                 0.000  │
│  episode_return_normal         0.367    wins_normal                   0.000  │
│  min_zuk_hp_normal          1163.238    score_normal                  0.031  │
│  zuk_objective_normal          0.031    phase_reached_normal          0.000  │
│  death_tick_normal            36.719    frac_min_hp_le_300_no…        0.000  │
╰──────────────────────────────────────────────────────────────────────────────╯

[0;0H╭──────────────────────────────────────────────────────────────────────────────╮
│  PufferLib 4.0         🐡         GPU: 0%      VRAM: 0.4/18G      RAM: 0.6G  │
│                                                                              │
│  Summary          Value    Evaluate   250ms  38%    Losses            Value  │
│  Env       osrs_inferno      GPU      208ms  31%    policy           -0.010  │
│  Params          752.1K      Env       42ms   6%    value             0.015  │
│  Steps           327.7K    Train      405ms  61%    entropy           7.952  │
│  SPS             247.5K      Misc       0ms   0%    total            -0.015  │
│  Epoch               10      Forwa…     0ms   0%    old_kl            0.002  │
│  Uptime     0d 0h 0m 1s                             kl                0.002  │
│  Remaini…  0d 0h 3m 20s                             clipfrac          0.190  │
│                                                     bc                0.000  │
│                                                                              │
│  User Stats                    Value    User Stats                    Value  │
│  episode_return                0.480    damage_dealt                 48.649  │
│  damage_received              59.914    episode_length               37.011  │
│  wins                          0.000    wave                         68.000  │
│  idle_ticks                   14.369    brews_used                    2.232  │
│  blood_healed                  0.013    prayer_correct_rate           0.004  │
│  unavoidable_off_praye…        0.001    brews_remaining               9.768  │
│  restores_remaining           11.287    prayer_at_death              93.541  │
│  current_ranged               97.749    current_magic                89.145  │
│  behind_shield_pct             0.112    zuk_hp_remaining           1150.730  │
│  min_zuk_hp_seen            1151.850    hp_restored                   0.000  │
│  zuk_healer_damage             0.000    deaths_to_jad                 0.000  │
│  episode_return_normal         0.480    wins_normal                   0.000  │
│  min_zuk_hp_normal          1151.850    score_normal                  0.040  │
│  zuk_objective_normal          0.040    phase_reached_normal          0.000  │
│  death_tick_normal            37.011    frac_min_hp_le_300_no…        0.000  │
╰──────────────────────────────────────────────────────────────────────────────╯

[0;0H╭──────────────────────────────────────────────────────────────────────────────╮
│  PufferLib 4.0        🐡          GPU: 0%      VRAM: 0.4/18G      RAM: 0.6G  │
│                                                                              │
│  Summary          Value    Evaluate   251ms  38%    Losses            Value  │
│  Env       osrs_inferno      GPU      208ms  31%    policy            0.012  │
│  Params          752.1K      Env       42ms   6%    value             0.019  │
│  Steps           491.5K    Train      408ms  61%    entropy           7.818  │
│  SPS             244.9K      Misc       0ms   0%    total             0.010  │
│  Epoch               15      Forwa…     0ms   0%    old_kl            0.002  │
│  Uptime     0d 0h 0m 2s                             kl                0.002  │
│  Remaini…  0d 0h 3m 22s                             clipfrac          0.208  │
│                                                     bc                0.000  │
│                                                                              │
│  User Stats                    Value    User Stats                    Value  │
│  episode_return                0.688    damage_dealt                 70.387  │
│  damage_received              66.951    episode_length               39.436  │
│  wins                          0.000    wave                         68.000  │
│  idle_ticks                   12.072    brews_used                    2.621  │
│  blood_healed                  0.023    prayer_correct_rate           0.008  │
│  unavoidable_off_praye…        0.000    brews_remaining               9.379  │
│  restores_remaining           11.149    prayer_at_death              93.567  │
│  current_ranged               97.014    current_magic                88.600  │
│  behind_shield_pct             0.126    zuk_hp_remaining           1128.969  │
│  min_zuk_hp_seen            1130.659    hp_restored                   0.000  │
│  zuk_healer_damage             0.000    deaths_to_jad                 0.000  │
│  episode_return_normal         0.688    wins_normal                   0.000  │
│  min_zuk_hp_normal          1130.659    score_normal                  0.058  │
│  zuk_objective_normal          0.058    phase_reached_normal          0.001  │
│  death_tick_normal            39.436    frac_min_hp_le_300_no…        0.000  │
╰──────────────────────────────────────────────────────────────────────────────╯

[0;0H╭──────────────────────────────────────────────────────────────────────────────╮
│  PufferLib 4.0       🐡           GPU: 0%      VRAM: 0.4/18G      RAM: 0.6G  │
│                                                                              │
│  Summary          Value    Evaluate   250ms  37%    Losses            Value  │
│  Env       osrs_inferno      GPU      208ms  31%    policy           -0.012  │
│  Params          752.1K      Env       41ms   6%    value             0.024  │
│  Steps           655.4K    Train      409ms  62%    entropy           7.614  │
│  SPS             246.2K      Misc       0ms   0%    total            -0.012  │
│  Epoch               20      Forwa…     0ms   0%    old_kl            0.002  │
│  Uptime     0d 0h 0m 2s                             kl                0.002  │
│  Remaini…  0d 0h 3m 20s                             clipfrac          0.197  │
│                                                     bc                0.000  │
│                                                                              │
│  User Stats                    Value    User Stats                    Value  │
│  episode_return                0.746    damage_dealt                 75.923  │
│  damage_received              62.197    episode_length               39.391  │
│  wins                          0.000    wave                         68.000  │
│  idle_ticks                    8.573    brews_used                    2.592  │
│  blood_healed                  0.027    prayer_correct_rate           0.006  │
│  unavoidable_off_praye…        0.000    brews_remaining               9.408  │
│  restores_remaining           11.130    prayer_at_death              93.727  │
│  current_ranged               97.685    current_magic                89.421  │
│  behind_shield_pct             0.140    zuk_hp_remaining           1123.091  │
│  min_zuk_hp_seen            1125.016    hp_restored                   0.000  │
│  zuk_healer_damage             0.000    deaths_to_jad                 0.000  │
│  episode_return_normal         0.746    wins_normal                   0.000  │
│  min_zuk_hp_normal          1125.016    score_normal                  0.062  │
│  zuk_objective_normal          0.062    phase_reached_normal          0.005  │
│  death_tick_normal            39.391    frac_min_hp_le_300_no…        0.000  │
╰──────────────────────────────────────────────────────────────────────────────╯

[0;0H╭──────────────────────────────────────────────────────────────────────────────╮
│  PufferLib 4.0      🐡            GPU: 0%      VRAM: 0.4/18G      RAM: 0.6G  │
│                                                                              │
│  Summary          Value    Evaluate   250ms  37%    Losses            Value  │
│  Env       osrs_inferno      GPU      208ms  31%    policy            0.006  │
│  Params          752.1K      Env       41ms   6%    value             0.028  │
│  Steps           819.2K    Train      409ms  62%    entropy           7.447  │
│  SPS             246.1K      Misc       0ms   0%    total             0.009  │
│  Epoch               25      Forwa…     0ms   0%    old_kl            0.002  │
│  Uptime     0d 0h 0m 3s                             kl                0.002  │
│  Remaini…  0d 0h 3m 19s                             clipfrac          0.208  │
│                                                     bc                0.000  │
│                                                                              │
│  User Stats                    Value    User Stats                    Value  │
│  episode_return                0.924    damage_dealt                 93.864  │
│  damage_received              65.457    episode_length               39.832  │
│  wins                          0.000    wave                         68.000  │
│  idle_ticks                    6.793    brews_used                    2.701  │
│  blood_healed                  0.011    prayer_correct_rate           0.007  │
│  unavoidable_off_praye…        0.000    brews_remaining               9.299  │
│  restores_remaining           11.116    prayer_at_death              93.679  │
│  current_ranged               96.795    current_magic                88.582  │
│  behind_shield_pct             0.149    zuk_hp_remaining           1105.114  │
│  min_zuk_hp_seen            1107.119    hp_restored                   0.000  │
│  zuk_healer_damage             0.000    deaths_to_jad                 0.000  │
│  episode_return_normal         0.924    wins_normal                   0.000  │
│  min_zuk_hp_normal          1107.119    score_normal                  0.077  │
│  zuk_objective_normal          0.077    phase_reached_normal          0.011  │
│  death_tick_normal            39.832    frac_min_hp_le_300_no…        0.000  │
╰──────────────────────────────────────────────────────────────────────────────╯

[0;0H╭──────────────────────────────────────────────────────────────────────────────╮
│  PufferLib 4.0     🐡             GPU: 0%      VRAM: 0.4/18G      RAM: 0.6G  │
│                                                                              │
│  Summary          Value    Evaluate   249ms  37%    Losses            Value  │
│  Env       osrs_inferno      GPU      206ms  31%    policy           -0.012  │
│  Params          752.1K      Env       42ms   6%    value             0.030  │
│  Steps           983.0K    Train      407ms  62%    entropy           7.192  │
│  SPS             247.0K      Misc       0ms   0%    total            -0.008  │
│  Epoch               30      Forwa…     0ms   0%    old_kl            0.002  │
│  Uptime     0d 0h 0m 4s                             kl                0.002  │
│  Remaini…  0d 0h 3m 18s                             clipfrac          0.226  │
│                                                     bc                0.000  │
│                                                                              │
│  User Stats                    Value    User Stats                    Value  │
│  episode_return                1.021    damage_dealt                103.169  │
│  damage_received              65.527    episode_length               39.032  │
│  wins                          0.000    wave                         68.000  │
│  idle_ticks                    4.711    brews_used                    2.672  │
│  blood_healed                  0.018    prayer_correct_rate           0.005  │
│  unavoidable_off_praye…        0.000    brews_remaining               9.328  │
│  restores_remaining           11.167    prayer_at_death              93.622  │
│  current_ranged               96.773    current_magic                88.551  │
│  behind_shield_pct             0.156    zuk_hp_remaining           1095.403  │
│  min_zuk_hp_seen            1097.468    hp_restored                   0.000  │
│  zuk_healer_damage             0.000    deaths_to_jad                 0.000  │
│  episode_return_normal         1.021    wins_normal                   0.000  │
│  min_zuk_hp_normal          1097.468    score_normal                  0.085  │
│  zuk_objective_normal          0.085    phase_reached_normal          0.013  │
│  death_tick_normal            39.032    frac_min_hp_le_300_no…        0.000  │
╰──────────────────────────────────────────────────────────────────────────────╯

[0;0H╭──────────────────────────────────────────────────────────────────────────────╮
│  PufferLib 4.0    🐡              GPU: 0%      VRAM: 0.4/18G      RAM: 0.6G  │
│                                                                              │
│  Summary          Value    Evaluate   249ms  37%    Losses            Value  │
│  Env       osrs_inferno      GPU      207ms  31%    policy            0.002  │
│  Params          752.1K      Env       41ms   6%    value             0.028  │
│  Steps             1.1M    Train      408ms  62%    entropy           7.022  │
│  SPS             246.9K      Misc       0ms   0%    total             0.005  │
│  Epoch               35      Forwa…     0ms   0%    old_kl            0.002  │
│  Uptime     0d 0h 0m 4s                             kl                0.002  │
│  Remaini…  0d 0h 3m 17s                             clipfrac          0.200  │
│                                                     bc                0.000  │
│                                                                              │
│  User Stats                    Value    User Stats                    Value  │
│  episode_return                0.997    damage_dealt                100.434  │
│  damage_received              59.502    episode_length               37.649  │
│  wins                          0.000    wave                         68.000  │
│  idle_ticks                    3.333    brews_used                    2.421  │
│  blood_healed                  0.010    prayer_correct_rate           0.003  │
│  unavoidable_off_praye…        0.000    brews_remaining               9.579  │
│  restores_remaining           11.259    prayer_at_death              93.475  │
│  current_ranged               97.524    current_magic                88.796  │
│  behind_shield_pct             0.158    zuk_hp_remaining           1097.907  │
│  min_zuk_hp_seen            1100.051    hp_restored                   0.000  │
│  zuk_healer_damage             0.000    deaths_to_jad                 0.000  │
│  episode_return_normal         0.997    wins_normal                   0.000  │
│  min_zuk_hp_normal          1100.051    score_normal                  0.083  │
│  zuk_objective_normal          0.083    phase_reached_normal          0.010  │
│  death_tick_normal            37.649    frac_min_hp_le_300_no…        0.000  │
╰──────────────────────────────────────────────────────────────────────────────╯

[0;0H╭──────────────────────────────────────────────────────────────────────────────╮
│  PufferLib 4.0   🐡               GPU: 0%      VRAM: 0.4/18G      RAM: 0.6G  │
│                                                                              │
│  Summary          Value    Evaluate   250ms  37%    Losses            Value  │
│  Env       osrs_inferno      GPU      208ms  31%    policy            0.012  │
│  Params          752.1K      Env       41ms   6%    value             0.032  │
│  Steps             1.3M    Train      410ms  62%    entropy           7.026  │
│  SPS             245.8K      Misc       0ms   0%    total             0.017  │
│  Epoch               40      Forwa…     0ms   0%    old_kl            0.002  │
│  Uptime     0d 0h 0m 5s                             kl                0.002  │
│  Remaini…  0d 0h 3m 18s                             clipfrac          0.217  │
│                                                     bc                0.000  │
│                                                                              │
│  User Stats                    Value    User Stats                    Value  │
│  episode_return                1.234    damage_dealt                124.906  │
│  damage_received              70.863    episode_length               41.829  │
│  wins                          0.000    wave                         68.000  │
│  idle_ticks                    3.598    brews_used                    2.971  │
│  blood_healed                  0.009    prayer_correct_rate           0.007  │
│  unavoidable_off_praye…        0.000    brews_remaining               9.029  │
│  restores_remaining           11.044    prayer_at_death              93.399  │
│  current_ranged               96.289    current_magic                87.914  │
│  behind_shield_pct             0.160    zuk_hp_remaining           1074.085  │
│  min_zuk_hp_seen            1076.033    hp_restored                   0.000  │
│  zuk_healer_damage             0.000    deaths_to_jad                 0.000  │
│  episode_return_normal         1.234    wins_normal                   0.000  │
│  min_zuk_hp_normal          1076.033    score_normal                  0.103  │
│  zuk_objective_normal          0.103    phase_reached_normal          0.030  │
│  death_tick_normal            41.829    frac_min_hp_le_300_no…        0.000  │
╰──────────────────────────────────────────────────────────────────────────────╯

[0;0H╭──────────────────────────────────────────────────────────────────────────────╮
│  PufferLib 4.0  🐡                GPU: 0%      VRAM: 0.4/18G      RAM: 0.6G  │
│                                                                              │
│  Summary          Value    Evaluate   250ms  37%    Losses            Value  │
│  Env       osrs_inferno      GPU      209ms  31%    policy           -0.002  │
│  Params          752.1K      Env       41ms   6%    value             0.035  │
│  Steps             1.5M    Train      411ms  62%    entropy           6.848  │
│  SPS             245.2K      Misc       0ms   0%    total             0.005  │
│  Epoch               45      Forwa…     0ms   0%    old_kl            0.002  │
│  Uptime     0d 0h 0m 6s                             kl                0.002  │
│  Remaini…  0d 0h 3m 17s                             clipfrac          0.217  │
│                                                     bc                0.000  │
│                                                                              │
│  User Stats                    Value    User Stats                    Value  │
│  episode_return                1.208    damage_dealt                122.418  │
│  damage_received              65.882    episode_length               40.089  │
│  wins                          0.000    wave                         68.000  │
│  idle_ticks                    2.577    brews_used                    2.784  │
│  blood_healed                  0.007    prayer_correct_rate           0.006  │
│  unavoidable_off_praye…        0.000    brews_remaining               9.216  │
│  restores_remaining           11.134    prayer_at_death              93.173  │
│  current_ranged               96.159    current_magic                87.657  │
│  behind_shield_pct             0.163    zuk_hp_remaining           1076.911  │
│  min_zuk_hp_seen            1078.534    hp_restored                   0.000  │
│  zuk_healer_damage             0.000    deaths_to_jad                 0.000  │
│  episode_return_normal         1.208    wins_normal                   0.000  │
│  min_zuk_hp_normal          1078.534    score_normal                  0.101  │
│  zuk_objective_normal          0.101    phase_reached_normal          0.030  │
│  death_tick_normal            40.089    frac_min_hp_le_300_no…        0.000  │
╰──────────────────────────────────────────────────────────────────────────────╯

[0;0H╭──────────────────────────────────────────────────────────────────────────────╮
│  PufferLib 4.0 🐡                 GPU: 0%      VRAM: 0.4/18G      RAM: 0.6G  │
│                                                                              │
│  Summary          Value    Evaluate   250ms  38%    Losses            Value  │
│  Env       osrs_inferno      GPU      208ms  31%    policy            0.003  │
│  Params          752.1K      Env       41ms   6%    value             0.039  │
│  Steps             1.6M    Train      407ms  61%    entropy           6.771  │
│  SPS             246.8K      Misc       0ms   0%    total             0.012  │
│  Epoch               50      Forwa…     0ms   0%    old_kl            0.002  │
│  Uptime     0d 0h 0m 6s                             kl                0.002  │
│  Remaini…  0d 0h 3m 15s                             clipfrac          0.197  │
│                                                     bc                0.000  │
│                                                                              │
│  User Stats                    Value    User Stats                    Value  │
│  episode_return                1.158    damage_dealt                116.579  │
│  damage_received              64.891    episode_length               38.443  │
│  wins                          0.000    wave                         68.000  │
│  idle_ticks                    2.069    brews_used                    2.594  │
│  blood_healed                  0.005    prayer_correct_rate           0.003  │
│  unavoidable_off_praye…        0.000    brews_remaining               9.406  │
│  restores_remaining           11.214    prayer_at_death              93.142  │
│  current_ranged               96.258    current_magic                87.713  │
│  behind_shield_pct             0.162    zuk_hp_remaining           1082.728  │
│  min_zuk_hp_seen            1083.825    hp_restored                   0.000  │
│  zuk_healer_damage             0.000    deaths_to_jad                 0.000  │
│  episode_return_normal         1.158    wins_normal                   0.000  │
│  min_zuk_hp_normal          1083.825    score_normal                  0.097  │
│  zuk_objective_normal          0.097    phase_reached_normal          0.025  │
│  death_tick_normal            38.443    frac_min_hp_le_300_no…        0.000  │
╰──────────────────────────────────────────────────────────────────────────────╯

[0;0H╭──────────────────────────────────────────────────────────────────────────────╮
│  PufferLib 4.0          🐡        GPU: 0%      VRAM: 0.4/18G      RAM: 0.6G  │
│                                                                              │
│  Summary          Value    Evaluate   249ms  37%    Losses            Value  │
│  Env       osrs_inferno      GPU      208ms  31%    policy           -0.005  │
│  Params          752.1K      Env       41ms   6%    value             0.039  │
│  Steps             1.8M    Train      412ms  62%    entropy           6.632  │
│  SPS             245.4K      Misc       0ms   0%    total             0.004  │
│  Epoch               55      Forwa…     0ms   0%    old_kl            0.001  │
│  Uptime     0d 0h 0m 7s                             kl                0.002  │
│  Remaini…  0d 0h 3m 16s                             clipfrac          0.202  │
│                                                     bc                0.000  │
│                                                                              │
│  User Stats                    Value    User Stats                    Value  │
│  episode_return                1.284    damage_dealt                129.088  │
│  damage_received              61.859    episode_length               38.582  │
│  wins                          0.000    wave                         68.000  │
│  idle_ticks                    1.445    brews_used                    2.485  │
│  blood_healed                  0.001    prayer_correct_rate           0.004  │
│  unavoidable_off_praye…        0.000    brews_remaining               9.515  │
│  restores_remaining           11.195    prayer_at_death              93.135  │
│  current_ranged               97.187    current_magic                88.354  │
│  behind_shield_pct             0.165    zuk_hp_remaining           1070.209  │
│  min_zuk_hp_seen            1071.197    hp_restored                   0.000  │
│  zuk_healer_damage             0.000    deaths_to_jad                 0.000  │
│  episode_return_normal         1.284    wins_normal                   0.000  │
│  min_zuk_hp_normal          1071.197    score_normal                  0.107  │
│  zuk_objective_normal          0.107    phase_reached_normal          0.027  │
│  death_tick_normal            38.582    frac_min_hp_le_300_no…        0.000  │
╰──────────────────────────────────────────────────────────────────────────────╯

[0;0H╭──────────────────────────────────────────────────────────────────────────────╮
│  PufferLib 4.0         🐡         GPU: 0%      VRAM: 0.4/18G      RAM: 0.6G  │
│                                                                              │
│  Summary          Value    Evaluate   249ms  37%    Losses            Value  │
│  Env       osrs_inferno      GPU      208ms  31%    policy            0.011  │
│  Params          752.1K      Env       41ms   6%    value             0.039  │
│  Steps             2.0M    Train      411ms  62%    entropy           6.584  │
│  SPS             245.8K      Misc       0ms   0%    total             0.020  │
│  Epoch               60      Forwa…     0ms   0%    old_kl            0.002  │
│  Uptime     0d 0h 0m 8s                             kl                0.002  │
│  Remaini…  0d 0h 3m 15s                             clipfrac          0.192  │
│                                                     bc                0.000  │
│                                                                              │
│  User Stats                    Value    User Stats                    Value  │
│  episode_return                1.426    damage_dealt                143.660  │
│  damage_received              69.579    episode_length               39.950  │
│  wins                          0.000    wave                         68.000  │
│  idle_ticks                    1.382    brews_used                    2.766  │
│  blood_healed                  0.008    prayer_correct_rate           0.005  │
│  unavoidable_off_praye…        0.000    brews_remaining               9.234  │
│  restores_remaining           11.080    prayer_at_death              93.038  │
│  current_ranged               95.854    current_magic                87.632  │
│  behind_shield_pct             0.163    zuk_hp_remaining           1055.945  │
│  min_zuk_hp_seen            1056.768    hp_restored                   0.000  │
│  zuk_healer_damage             0.000    deaths_to_jad                 0.000  │
│  episode_return_normal         1.426    wins_normal                   0.000  │
│  min_zuk_hp_normal          1056.768    score_normal                  0.119  │
│  zuk_objective_normal          0.119    phase_reached_normal          0.056  │
│  death_tick_normal            39.950    frac_min_hp_le_300_no…        0.000  │
╰──────────────────────────────────────────────────────────────────────────────╯

[0;0H╭──────────────────────────────────────────────────────────────────────────────╮
│  PufferLib 4.0        🐡          GPU: 0%      VRAM: 0.4/18G      RAM: 0.6G  │
│                                                                              │
│  Summary          Value    Evaluate   249ms  37%    Losses            Value  │
│  Env       osrs_inferno      GPU      208ms  31%    policy           -0.003  │
│  Params          752.1K      Env       41ms   6%    value             0.044  │
│  Steps             2.1M    Train      411ms  62%    entropy           6.488  │
│  SPS             245.8K      Misc       0ms   0%    total             0.009  │
│  Epoch               65      Forwa…     0ms   0%    old_kl            0.002  │
│  Uptime     0d 0h 0m 8s                             kl                0.002  │
│  Remaini…  0d 0h 3m 14s                             clipfrac          0.191  │
│                                                     bc                0.000  │
│                                                                              │
│  User Stats                    Value    User Stats                    Value  │
│  episode_return                1.334    damage_dealt                133.745  │
│  damage_received              62.556    episode_length               37.701  │
│  wins                          0.000    wave                         68.000  │
│  idle_ticks                    1.143    brews_used                    2.466  │
│  blood_healed                  0.002    prayer_correct_rate           0.001  │
│  unavoidable_off_praye…        0.000    brews_remaining               9.534  │
│  restores_remaining           11.246    prayer_at_death              92.553  │
│  current_ranged               95.665    current_magic                87.172  │
│  behind_shield_pct             0.158    zuk_hp_remaining           1065.816  │
│  min_zuk_hp_seen            1066.350    hp_restored                   0.000  │
│  zuk_healer_damage             0.000    deaths_to_jad                 0.000  │
│  episode_return_normal         1.334    wins_normal                   0.000  │
│  min_zuk_hp_normal          1066.350    score_normal                  0.111  │
│  zuk_objective_normal          0.111    phase_reached_normal          0.033  │
│  death_tick_normal            37.701    frac_min_hp_le_300_no…        0.000  │
╰──────────────────────────────────────────────────────────────────────────────╯

[0;0H╭──────────────────────────────────────────────────────────────────────────────╮
│  PufferLib 4.0       🐡           GPU: 0%      VRAM: 0.4/18G      RAM: 0.6G  │
│                                                                              │
│  Summary          Value    Evaluate   249ms  37%    Losses            Value  │
│  Env       osrs_inferno      GPU      208ms  31%    policy            0.011  │
│  Params          752.1K      Env       41ms   6%    value             0.048  │
│  Steps             2.3M    Train      408ms  62%    entropy           6.431  │
│  SPS             246.6K      Misc       0ms   0%    total             0.025  │
│  Epoch               70      Forwa…     0ms   0%    old_kl            0.002  │
│  Uptime     0d 0h 0m 9s                             kl                0.002  │
│  Remaini…  0d 0h 3m 13s                             clipfrac          0.195  │
│                                                     bc                0.000  │
│                                                                              │
│  User Stats                    Value    User Stats                    Value  │
│  episode_return                1.436    damage_dealt                144.134  │
│  damage_received              63.519    episode_length               38.733  │
│  wins                          0.000    wave                         68.000  │
│  idle_ticks                    1.107    brews_used                    2.565  │
│  blood_healed                  0.001    prayer_correct_rate           0.002  │
│  unavoidable_off_praye…        0.000    brews_remaining               9.435  │
│  restores_remaining           11.164    prayer_at_death              92.801  │
│  current_ranged               97.052    current_magic                88.578  │
│  behind_shield_pct             0.165    zuk_hp_remaining           1055.568  │
│  min_zuk_hp_seen            1055.993    hp_restored                   0.000  │
│  zuk_healer_damage             0.000    deaths_to_jad                 0.000  │
│  episode_return_normal         1.436    wins_normal                   0.000  │
│  min_zuk_hp_normal          1055.993    score_normal                  0.120  │
│  zuk_objective_normal          0.120    phase_reached_normal          0.057  │
│  death_tick_normal            38.733    frac_min_hp_le_300_no…        0.000  │
╰──────────────────────────────────────────────────────────────────────────────╯

[0;0H╭──────────────────────────────────────────────────────────────────────────────╮
│  PufferLib 4.0      🐡            GPU: 0%      VRAM: 0.4/18G      RAM: 0.6G  │
│                                                                              │
│  Summary          Value    Evaluate   249ms  37%    Losses            Value  │
│  Env       osrs_inferno      GPU      208ms  31%    policy           -0.005  │
│  Params          752.1K      Env       41ms   6%    value             0.049  │
│  Steps             2.5M    Train      408ms  62%    entropy           6.367  │
│  SPS             246.7K      Misc       0ms   0%    total             0.010  │
│  Epoch               75      Forwa…     0ms   0%    old_kl            0.002  │
│  Uptime    0d 0h 0m 10s                             kl                0.002  │
│  Remaini…  0d 0h 3m 12s                             clipfrac          0.189  │
│                                                     bc                0.000  │
│                                                                              │
│  User Stats                    Value    User Stats                    Value  │
│  episode_return                1.289    damage_dealt                129.111  │
│  damage_received              58.822    episode_length               36.613  │
│  wins                          0.000    wave                         68.000  │
│  idle_ticks                    0.953    brews_used                    2.351  │
│  blood_healed                  0.000    prayer_correct_rate           0.000  │
│  unavoidable_off_praye…        0.000    brews_remaining               9.649  │
│  restores_remaining           11.323    prayer_at_death              92.394  │
│  current_ranged               97.024    current_magic                88.231  │
│  behind_shield_pct             0.166    zuk_hp_remaining           1070.500  │
│  min_zuk_hp_seen            1070.935    hp_restored                   0.000  │
│  zuk_healer_damage             0.000    deaths_to_jad                 0.000  │
│  episode_return_normal         1.289    wins_normal                   0.000  │
│  min_zuk_hp_normal          1070.935    score_normal                  0.108  │
│  zuk_objective_normal          0.108    phase_reached_normal          0.033  │
│  death_tick_normal            36.613    frac_min_hp_le_300_no…        0.000  │
╰──────────────────────────────────────────────────────────────────────────────╯

[0;0H╭──────────────────────────────────────────────────────────────────────────────╮
│  PufferLib 4.0     🐡             GPU: 0%      VRAM: 0.4/18G      RAM: 0.6G  │
│                                                                              │
│  Summary          Value    Evaluate   250ms  37%    Losses            Value  │
│  Env       osrs_inferno      GPU      208ms  31%    policy           -0.003  │
│  Params          752.1K      Env       41ms   6%    value             0.054  │
│  Steps             2.6M    Train      409ms  62%    entropy           6.279  │
│  SPS             246.2K      Misc       0ms   0%    total             0.014  │
│  Epoch               80      Forwa…     0ms   0%    old_kl            0.002  │
│  Uptime    0d 0h 0m 10s                             kl                0.002  │
│  Remaini…  0d 0h 3m 12s                             clipfrac          0.204  │
│                                                     bc                0.000  │
│                                                                              │
│  User Stats                    Value    User Stats                    Value  │
│  episode_return                1.450    damage_dealt                145.972  │
│  damage_received              67.291    episode_length               40.244  │
│  wins                          0.000    wave                         68.000  │
│  idle_ticks                    0.837    brews_used                    2.758  │
│  blood_healed                  0.000    prayer_correct_rate           0.002  │
│  unavoidable_off_praye…        0.000    brews_remaining               9.242  │
│  restores_remaining           11.051    prayer_at_death              92.896  │
│  current_ranged               96.896    current_magic                88.605  │
│  behind_shield_pct             0.170    zuk_hp_remaining           1053.869  │
│  min_zuk_hp_seen            1054.185    hp_restored                   0.000  │
│  zuk_healer_damage             0.000    deaths_to_jad                 0.000  │
│  episode_return_normal         1.450    wins_normal                   0.000  │
│  min_zuk_hp_normal          1054.185    score_normal                  0.122  │
│  zuk_objective_normal          0.122    phase_reached_normal          0.077  │
│  death_tick_normal            40.244    frac_min_hp_le_300_no…        0.000  │
╰──────────────────────────────────────────────────────────────────────────────╯

[0;0H╭──────────────────────────────────────────────────────────────────────────────╮
│  PufferLib 4.0    🐡              GPU: 0%      VRAM: 0.4/18G      RAM: 0.6G  │
│                                                                              │
│  Summary          Value    Evaluate   249ms  37%    Losses            Value  │
│  Env       osrs_inferno      GPU      208ms  31%    policy           -0.007  │
│  Params          752.1K      Env       41ms   6%    value             0.050  │
│  Steps             2.8M    Train      408ms  62%    entropy           6.225  │
│  SPS             246.8K      Misc       0ms   0%    total             0.008  │
│  Epoch               85      Forwa…     0ms   0%    old_kl            0.002  │
│  Uptime    0d 0h 0m 11s                             kl                0.002  │
│  Remaini…  0d 0h 3m 11s                             clipfrac          0.190  │
│                                                     bc                0.000  │
│                                                                              │
│  User Stats                    Value    User Stats                    Value  │
│  episode_return                1.340    damage_dealt                134.405  │
│  damage_received              63.441    episode_length               37.725  │
│  wins                          0.000    wave                         68.000  │
│  idle_ticks                    0.717    brews_used                    2.603  │
│  blood_healed                  0.000    prayer_correct_rate           0.001  │
│  unavoidable_off_praye…        0.000    brews_remaining               9.397  │
│  restores_remaining           11.274    prayer_at_death              92.186  │
│  current_ranged               94.950    current_magic                86.693  │
│  behind_shield_pct             0.165    zuk_hp_remaining           1065.559  │
│  min_zuk_hp_seen            1065.667    hp_restored                   0.000  │
│  zuk_healer_damage             0.000    deaths_to_jad                 0.000  │
│  episode_return_normal         1.340    wins_normal                   0.000  │
│  min_zuk_hp_normal          1065.667    score_normal                  0.112  │
│  zuk_objective_normal          0.112    phase_reached_normal          0.035  │
│  death_tick_normal            37.725    frac_min_hp_le_300_no…        0.000  │
╰──────────────────────────────────────────────────────────────────────────────╯

[0;0H╭──────────────────────────────────────────────────────────────────────────────╮
│  PufferLib 4.0   🐡               GPU: 0%      VRAM: 0.4/18G      RAM: 0.6G  │
│                                                                              │
│  Summary          Value    Evaluate   250ms  38%    Losses            Value  │
│  Env       osrs_inferno      GPU      209ms  31%    policy            0.002  │
│  Params          752.1K      Env       41ms   6%    value             0.045  │
│  Steps             2.9M    Train      408ms  61%    entropy           6.181  │
│  SPS             246.4K      Misc       0ms   0%    total             0.015  │
│  Epoch               90      Forwa…     0ms   0%    old_kl            0.002  │
│  Uptime    0d 0h 0m 11s                             kl                0.002  │
│  Remaini…  0d 0h 3m 10s                             clipfrac          0.188  │
│                                                     bc                0.000  │
│                                                                              │
│  User Stats                    Value    User Stats                    Value  │
│  episode_return                1.351    damage_dealt                135.311  │
│  damage_received              66.704    episode_length               37.847  │
│  wins                          0.000    wave                         68.000  │
│  idle_ticks                    0.696    brews_used                    2.716  │
│  blood_healed                  0.000    prayer_correct_rate           0.001  │
│  unavoidable_off_praye…        0.000    brews_remaining               9.284  │
│  restores_remaining           11.295    prayer_at_death              91.768  │
│  current_ranged               93.671    current_magic                85.339  │
│  behind_shield_pct             0.162    zuk_hp_remaining           1064.533  │
│  min_zuk_hp_seen            1064.718    hp_restored                   0.000  │
│  zuk_healer_damage             0.000    deaths_to_jad                 0.000  │
│  episode_return_normal         1.351    wins_normal                   0.000  │
│  min_zuk_hp_normal          1064.718    score_normal                  0.113  │
│  zuk_objective_normal          0.113    phase_reached_normal          0.049  │
│  death_tick_normal            37.847    frac_min_hp_le_300_no…        0.000  │
╰──────────────────────────────────────────────────────────────────────────────╯

[0;0H╭──────────────────────────────────────────────────────────────────────────────╮
│  PufferLib 4.0  🐡                GPU: 0%      VRAM: 0.4/18G      RAM: 0.6G  │
│                                                                              │
│  Summary          Value    Evaluate   249ms  37%    Losses            Value  │
│  Env       osrs_inferno      GPU      208ms  31%    policy            0.004  │
│  Params          752.1K      Env       41ms   6%    value             0.052  │
│  Steps             3.1M    Train      411ms  62%    entropy           6.118  │
│  SPS             245.9K      Misc       0ms   0%    total             0.021  │
│  Epoch               95      Forwa…     0ms   0%    old_kl            0.002  │
│  Uptime    0d 0h 0m 12s                             kl                0.002  │
│  Remaini…  0d 0h 3m 10s                             clipfrac          0.189  │
│                                                     bc                0.000  │
│                                                                              │
│  User Stats                    Value    User Stats                    Value  │
│  episode_return                1.501    damage_dealt                150.960  │
│  damage_received              70.250    episode_length               41.808  │
│  wins                          0.000    wave                         68.000  │
│  idle_ticks                    0.695    brews_used                    3.089  │
│  blood_healed                  0.000    prayer_correct_rate           0.001  │
│  unavoidable_off_praye…        0.000    brews_remaining               8.911  │
│  restores_remaining           10.955    prayer_at_death              92.863  │
│  current_ranged               96.008    current_magic                88.095  │
│  behind_shield_pct             0.168    zuk_hp_remaining           1049.032  │
│  min_zuk_hp_seen            1049.195    hp_restored                   0.000  │
│  zuk_healer_damage             0.000    deaths_to_jad                 0.000  │
│  episode_return_normal         1.501    wins_normal                   0.000  │
│  min_zuk_hp_normal          1049.195    score_normal                  0.126  │
│  zuk_objective_normal          0.126    phase_reached_normal          0.093  │
│  death_tick_normal            41.808    frac_min_hp_le_300_no…        0.000  │
╰──────────────────────────────────────────────────────────────────────────────╯

[0;0H╭──────────────────────────────────────────────────────────────────────────────╮
│  PufferLib 4.0 🐡                 GPU: 0%      VRAM: 0.4/18G      RAM: 0.6G  │
│                                                                              │
│  Summary          Value    Evaluate   252ms  38%    Losses            Value  │
│  Env       osrs_inferno      GPU      209ms  31%    policy            0.020  │
│  Params          752.1K      Env       42ms   6%    value             0.053  │
│  Steps             3.3M    Train      407ms  61%    entropy           6.121  │
│  SPS             246.2K      Misc       0ms   0%    total             0.037  │
│  Epoch              100      Forwa…     0ms   0%    old_kl            0.002  │
│  Uptime    0d 0h 0m 13s                             kl                0.002  │
│  Remaini…   0d 0h 3m 9s                             clipfrac          0.187  │
│                                                     bc                0.000  │
│                                                                              │
│  User Stats                    Value    User Stats                    Value  │
│  episode_return                1.591    damage_dealt                160.484  │
│  damage_received              71.622    episode_length               41.991  │
│  wins                          0.000    wave                         68.000  │
│  idle_ticks                    0.822    brews_used                    3.133  │
│  blood_healed                  0.001    prayer_correct_rate           0.003  │
│  unavoidable_off_praye…        0.000    brews_remaining               8.867  │
│  restores_remaining           10.925    prayer_at_death              92.484  │
│  current_ranged               95.821    current_magic                87.835  │
│  behind_shield_pct             0.163    zuk_hp_remaining           1039.545  │
│  min_zuk_hp_seen            1039.808    hp_restored                   0.000  │
│  zuk_healer_damage             0.000    deaths_to_jad                 0.000  │
│  episode_return_normal         1.591    wins_normal                   0.000  │
│  min_zuk_hp_normal          1039.808    score_normal                  0.133  │
│  zuk_objective_normal          0.133    phase_reached_normal          0.093  │
│  death_tick_normal            41.991    frac_min_hp_le_300_no…        0.000  │
╰──────────────────────────────────────────────────────────────────────────────╯

[0;0H╭──────────────────────────────────────────────────────────────────────────────╮
│  PufferLib 4.0          🐡        GPU: 0%      VRAM: 0.4/18G      RAM: 0.6G  │
│                                                                              │
│  Summary          Value    Evaluate   250ms  37%    Losses            Value  │
│  Env       osrs_inferno      GPU      208ms  31%    policy            0.010  │
│  Params          752.1K      Env       41ms   6%    value             0.049  │
│  Steps             3.4M    Train      408ms  62%    entropy           6.130  │
│  SPS             246.2K      Misc       0ms   0%    total             0.025  │
│  Epoch              105      Forwa…     0ms   0%    old_kl            0.002  │
│  Uptime    0d 0h 0m 13s                             kl                0.002  │
│  Remaini…   0d 0h 3m 9s                             clipfrac          0.181  │
│                                                     bc                0.000  │
│                                                                              │
│  User Stats                    Value    User Stats                    Value  │
│  episode_return                1.207    damage_dealt                121.543  │
│  damage_received              61.072    episode_length               38.261  │
│  wins                          0.000    wave                         68.000  │
│  idle_ticks                    0.848    brews_used                    2.655  │
│  blood_healed                  0.002    prayer_correct_rate           0.002  │
│  unavoidable_off_praye…        0.000    brews_remaining               9.345  │
│  restores_remaining           11.224    prayer_at_death              92.132  │
│  current_ranged               96.378    current_magic                87.778  │
│  behind_shield_pct             0.166    zuk_hp_remaining           1078.115  │
│  min_zuk_hp_seen            1078.551    hp_restored                   0.000  │
│  zuk_healer_damage             0.000    deaths_to_jad                 0.000  │
│  episode_return_normal         1.207    wins_normal                   0.000  │
│  min_zuk_hp_normal          1078.551    score_normal                  0.101  │
│  zuk_objective_normal          0.101    phase_reached_normal          0.041  │
│  death_tick_normal            38.261    frac_min_hp_le_300_no…        0.000  │
╰──────────────────────────────────────────────────────────────────────────────╯

[0;0H╭──────────────────────────────────────────────────────────────────────────────╮
│  PufferLib 4.0         🐡         GPU: 0%      VRAM: 0.4/18G      RAM: 0.6G  │
│                                                                              │
│  Summary          Value    Evaluate   250ms  38%    Losses            Value  │
│  Env       osrs_inferno      GPU      208ms  31%    policy           -0.000  │
│  Params          752.1K      Env       41ms   6%    value             0.052  │
│  Steps             3.6M    Train      405ms  61%    entropy           6.139  │
│  SPS             247.7K      Misc       0ms   0%    total             0.016  │
│  Epoch              110      Forwa…     0ms   0%    old_kl            0.002  │
│  Uptime    0d 0h 0m 14s                             kl                0.002  │
│  Remaini…   0d 0h 3m 7s                             clipfrac          0.177  │
│                                                     bc                0.000  │
│                                                                              │
│  User Stats                    Value    User Stats                    Value  │
│  episode_return                1.489    damage_dealt                149.359  │
│  damage_received              65.401    episode_length               38.789  │
│  wins                          0.000    wave                         68.000  │
│  idle_ticks                    0.865    brews_used                    2.893  │
│  blood_healed                  0.002    prayer_correct_rate           0.001  │
│  unavoidable_off_praye…        0.000    brews_remaining               9.107  │
│  restores_remaining           11.214    prayer_at_death              91.920  │
│  current_ranged               94.704    current_magic                86.357  │
│  behind_shield_pct             0.161    zuk_hp_remaining           1050.426  │
│  min_zuk_hp_seen            1050.687    hp_restored                   0.000  │
│  zuk_healer_damage             0.000    deaths_to_jad                 0.000  │
│  episode_return_normal         1.489    wins_normal                   0.000  │
│  min_zuk_hp_normal          1050.687    score_normal                  0.124  │
│  zuk_objective_normal          0.124    phase_reached_normal          0.092  │
│  death_tick_normal            38.789    frac_min_hp_le_300_no…        0.000  │
╰──────────────────────────────────────────────────────────────────────────────╯

[0;0H╭──────────────────────────────────────────────────────────────────────────────╮
│  PufferLib 4.0        🐡          GPU: 0%      VRAM: 0.4/18G      RAM: 0.6G  │
│                                                                              │
│  Summary          Value    Evaluate   251ms  38%    Losses            Value  │
│  Env       osrs_inferno      GPU      209ms  31%    policy           -0.005  │
│  Params          752.1K      Env       43ms   6%    value             0.048  │
│  Steps             3.8M    Train      409ms  61%    entropy           6.140  │
│  SPS             245.3K      Misc       0ms   0%    total             0.009  │
│  Epoch              115      Forwa…     0ms   0%    old_kl            0.002  │
│  Uptime    0d 0h 0m 15s                             kl                0.002  │
│  Remaini…   0d 0h 3m 8s                             clipfrac          0.178  │
│                                                     bc                0.000  │
│                                                                              │
│  User Stats                    Value    User Stats                    Value  │
│  episode_return                1.495    damage_dealt                150.663  │
│  damage_received              80.581    episode_length               42.045  │
│  wins                          0.000    wave                         68.000  │
│  idle_ticks                    0.927    brews_used                    3.494  │
│  blood_healed                  0.002    prayer_correct_rate           0.003  │
│  unavoidable_off_praye…        0.000    brews_remaining               8.506  │
│  restores_remaining           11.047    prayer_at_death              92.213  │
│  current_ranged               91.991    current_magic                84.613  │
│  behind_shield_pct             0.165    zuk_hp_remaining           1049.342  │
│  min_zuk_hp_seen            1049.596    hp_restored                   0.000  │
│  zuk_healer_damage             0.000    deaths_to_jad                 0.000  │
│  episode_return_normal         1.495    wins_normal                   0.000  │
│  min_zuk_hp_normal          1049.596    score_normal                  0.125  │
│  zuk_objective_normal          0.125    phase_reached_normal          0.063  │
│  death_tick_normal            42.045    frac_min_hp_le_300_no…        0.000  │
╰──────────────────────────────────────────────────────────────────────────────╯

[0;0H╭──────────────────────────────────────────────────────────────────────────────╮
│  PufferLib 4.0       🐡           GPU: 0%      VRAM: 0.4/18G      RAM: 0.6G  │
│                                                                              │
│  Summary          Value    Evaluate   247ms  37%    Losses            Value  │
│  Env       osrs_inferno      GPU      206ms  31%    policy            0.026  │
│  Params          752.1K      Env       40ms   6%    value             0.050  │
│  Steps             3.9M    Train      409ms  62%    entropy           6.017  │
│  SPS             247.3K      Misc       0ms   0%    total             0.041  │
│  Epoch              120      Forwa…     0ms   0%    old_kl            0.002  │
│  Uptime    0d 0h 0m 15s                             kl                0.002  │
│  Remaini…   0d 0h 3m 6s                             clipfrac          0.186  │
│                                                     bc                0.000  │
│                                                                              │
│  User Stats                    Value    User Stats                    Value  │
│  episode_return                1.406    damage_dealt                140.982  │
│  damage_received              69.796    episode_length               38.521  │
│  wins                          0.000    wave                         68.000  │
│  idle_ticks                    0.575    brews_used                    2.838  │
│  blood_healed                  0.000    prayer_correct_rate           0.000  │
│  unavoidable_off_praye…        0.000    brews_remaining               9.162  │
│  restores_remaining           11.265    prayer_at_death              92.194  │
│  current_ranged               94.772    current_magic                86.520  │
│  behind_shield_pct             0.169    zuk_hp_remaining           1058.887  │
│  min_zuk_hp_seen            1059.079    hp_restored                   0.000  │
│  zuk_healer_damage             0.000    deaths_to_jad                 0.000  │
│  episode_return_normal         1.406    wins_normal                   0.000  │
│  min_zuk_hp_normal          1059.079    score_normal                  0.117  │
│  zuk_objective_normal          0.117    phase_reached_normal          0.070  │
│  death_tick_normal            38.521    frac_min_hp_le_300_no…        0.000  │
╰──────────────────────────────────────────────────────────────────────────────╯

[0;0H╭──────────────────────────────────────────────────────────────────────────────╮
│  PufferLib 4.0      🐡            GPU: 0%      VRAM: 0.4/18G      RAM: 0.6G  │
│                                                                              │
│  Summary          Value    Evaluate   250ms  37%    Losses            Value  │
│  Env       osrs_inferno      GPU      208ms  31%    policy            0.007  │
│  Params          752.1K      Env       41ms   6%    value             0.053  │
│  Steps             4.1M    Train      407ms  62%    entropy           5.967  │
│  SPS             246.8K      Misc       0ms   0%    total             0.024  │
│  Epoch              125      Forwa…     0ms   0%    old_kl            0.002  │
│  Uptime    0d 0h 0m 16s                             kl                0.002  │
│  Remaini…   0d 0h 3m 5s                             clipfrac          0.179  │
│                                                     bc                0.000  │
│                                                                              │
│  User Stats                    Value    User Stats                    Value  │
│  episode_return                1.406    damage_dealt                141.202  │
│  damage_received              63.213    episode_length               38.316  │
│  wins                          0.000    wave                         68.000  │
│  idle_ticks                    0.541    brews_used                    2.762  │
│  blood_healed                  0.000    prayer_correct_rate           0.001  │
│  unavoidable_off_praye…        0.000    brews_remaining               9.238  │
│  restores_remaining           11.256    prayer_at_death              91.611  │
│  current_ranged               95.091    current_magic                86.149  │
│  behind_shield_pct             0.163    zuk_hp_remaining           1058.669  │
│  min_zuk_hp_seen            1058.870    hp_restored                   0.000  │
│  zuk_healer_damage             0.000    deaths_to_jad                 0.000  │
│  episode_return_normal         1.406    wins_normal                   0.000  │
│  min_zuk_hp_normal          1058.870    score_normal                  0.118  │
│  zuk_objective_normal          0.118    phase_reached_normal          0.078  │
│  death_tick_normal            38.316    frac_min_hp_le_300_no…        0.000  │
╰──────────────────────────────────────────────────────────────────────────────╯

[0;0H╭──────────────────────────────────────────────────────────────────────────────╮
│  PufferLib 4.0     🐡             GPU: 0%      VRAM: 0.4/18G      RAM: 0.6G  │
│                                                                              │
│  Summary          Value    Evaluate   250ms  37%    Losses            Value  │
│  Env       osrs_inferno      GPU      208ms  31%    policy           -0.003  │
│  Params          752.1K      Env       41ms   6%    value             0.049  │
│  Steps             4.3M    Train      408ms  62%    entropy           5.860  │
│  SPS             246.4K      Misc       0ms   0%    total             0.012  │
│  Epoch              130      Forwa…     0ms   0%    old_kl            0.002  │
│  Uptime    0d 0h 0m 17s                             kl                0.002  │
│  Remaini…   0d 0h 3m 5s                             clipfrac          0.186  │
│                                                     bc                0.000  │
│                                                                              │
│  User Stats                    Value    User Stats                    Value  │
│  episode_return                1.336    damage_dealt                133.991  │
│  damage_received              70.308    episode_length               39.099  │
│  wins                          0.000    wave                         68.000  │
│  idle_ticks                    0.430    brews_used                    2.963  │
│  blood_healed                  0.001    prayer_correct_rate           0.000  │
│  unavoidable_off_praye…        0.000    brews_remaining               9.037  │
│  restores_remaining           11.245    prayer_at_death              91.904  │
│  current_ranged               93.372    current_magic                85.524  │
│  behind_shield_pct             0.164    zuk_hp_remaining           1065.847  │
│  min_zuk_hp_seen            1066.032    hp_restored                   0.000  │
│  zuk_healer_damage             0.000    deaths_to_jad                 0.000  │
│  episode_return_normal         1.336    wins_normal                   0.000  │
│  min_zuk_hp_normal          1066.032    score_normal                  0.112  │
│  zuk_objective_normal          0.112    phase_reached_normal          0.039  │
│  death_tick_normal            39.099    frac_min_hp_le_300_no…        0.000  │
╰──────────────────────────────────────────────────────────────────────────────╯

[0;0H╭──────────────────────────────────────────────────────────────────────────────╮
│  PufferLib 4.0    🐡              GPU: 0%      VRAM: 0.4/18G      RAM: 0.6G  │
│                                                                              │
│  Summary          Value    Evaluate   248ms  37%    Losses            Value  │
│  Env       osrs_inferno      GPU      208ms  31%    policy            0.020  │
│  Params          752.1K      Env       40ms   6%    value             0.055  │
│  Steps             4.4M    Train      413ms  62%    entropy           5.856  │
│  SPS             245.0K      Misc       0ms   0%    total             0.039  │
│  Epoch              135      Forwa…     0ms   0%    old_kl            0.002  │
│  Uptime    0d 0h 0m 17s                             kl                0.002  │
│  Remaini…   0d 0h 3m 6s                             clipfrac          0.184  │
│                                                     bc                0.000  │
│                                                                              │
│  User Stats                    Value    User Stats                    Value  │
│  episode_return                1.604    damage_dealt                160.901  │
│  damage_received              69.879    episode_length               40.204  │
│  wins                          0.000    wave                         68.000  │
│  idle_ticks                    0.475    brews_used                    3.056  │
│  blood_healed                  0.000    prayer_correct_rate           0.001  │
│  unavoidable_off_praye…        0.000    brews_remaining               8.944  │
│  restores_remaining           11.153    prayer_at_death              91.924  │
│  current_ranged               94.351    current_magic                86.220  │
│  behind_shield_pct             0.164    zuk_hp_remaining           1039.002  │
│  min_zuk_hp_seen            1039.151    hp_restored                   0.000  │
│  zuk_healer_damage             0.000    deaths_to_jad                 0.000  │
│  episode_return_normal         1.604    wins_normal                   0.000  │
│  min_zuk_hp_normal          1039.151    score_normal                  0.134  │
│  zuk_objective_normal          0.134    phase_reached_normal          0.076  │
│  death_tick_normal            40.204    frac_min_hp_le_300_no…        0.000  │
╰──────────────────────────────────────────────────────────────────────────────╯

[0;0H╭──────────────────────────────────────────────────────────────────────────────╮
│  PufferLib 4.0   🐡               GPU: 0%      VRAM: 0.4/18G      RAM: 0.6G  │
│                                                                              │
│  Summary          Value    Evaluate   251ms  38%    Losses            Value  │
│  Env       osrs_inferno      GPU      209ms  31%    policy            0.020  │
│  Params          752.1K      Env       41ms   6%    value             0.061  │
│  Steps             4.6M    Train      409ms  61%    entropy           5.830  │
│  SPS             245.7K      Misc       0ms   0%    total             0.042  │
│  Epoch              140      Forwa…     0ms   0%    old_kl            0.002  │
│  Uptime    0d 0h 0m 18s                             kl                0.002  │
│  Remaini…   0d 0h 3m 4s                             clipfrac          0.172  │
│                                                     bc                0.000  │
│                                                                              │
│  User Stats                    Value    User Stats                    Value  │
│  episode_return                1.552    damage_dealt                156.706  │
│  damage_received              74.943    episode_length               43.606  │
│  wins                          0.000    wave                         68.000  │
│  idle_ticks                    0.522    brews_used                    3.365  │
│  blood_healed                  0.000    prayer_correct_rate           0.001  │
│  unavoidable_off_praye…        0.000    brews_remaining               8.635  │
│  restores_remaining           10.856    prayer_at_death              92.663  │
│  current_ranged               94.770    current_magic                87.176  │
│  behind_shield_pct             0.164    zuk_hp_remaining           1043.209  │
│  min_zuk_hp_seen            1043.428    hp_restored                   0.000  │
│  zuk_healer_damage             0.000    deaths_to_jad                 0.000  │
│  episode_return_normal         1.552    wins_normal                   0.000  │
│  min_zuk_hp_normal          1043.428    score_normal                  0.130  │
│  zuk_objective_normal          0.130    phase_reached_normal          0.126  │
│  death_tick_normal            43.606    frac_min_hp_le_300_no…        0.000  │
╰──────────────────────────────────────────────────────────────────────────────╯

[0;0H╭──────────────────────────────────────────────────────────────────────────────╮
│  PufferLib 4.0  🐡                GPU: 0%      VRAM: 0.4/18G      RAM: 0.6G  │
│                                                                              │
│  Summary          Value    Evaluate   249ms  37%    Losses            Value  │
│  Env       osrs_inferno      GPU      208ms  31%    policy           -0.008  │
│  Params          752.1K      Env       40ms   6%    value             0.062  │
│  Steps             4.8M    Train      409ms  62%    entropy           5.783  │
│  SPS             246.4K      Misc       0ms   0%    total             0.014  │
│  Epoch              145      Forwa…     0ms   0%    old_kl            0.002  │
│  Uptime    0d 0h 0m 19s                             kl                0.002  │
│  Remaini…   0d 0h 3m 3s                             clipfrac          0.178  │
│                                                     bc                0.000  │
│                                                                              │
│  User Stats                    Value    User Stats                    Value  │
│  episode_return                1.405    damage_dealt                141.133  │
│  damage_received              65.423    episode_length               39.095  │
│  wins                          0.000    wave                         68.000  │
│  idle_ticks                    0.406    brews_used                    2.854  │
│  blood_healed                  0.000    prayer_correct_rate           0.000  │
│  unavoidable_off_praye…        0.000    brews_remaining               9.146  │
│  restores_remaining           11.176    prayer_at_death              92.345  │
│  current_ranged               95.785    current_magic                87.730  │
│  behind_shield_pct             0.165    zuk_hp_remaining           1058.792  │
│  min_zuk_hp_seen            1058.882    hp_restored                   0.000  │
│  zuk_healer_damage             0.000    deaths_to_jad                 0.000  │
│  episode_return_normal         1.405    wins_normal                   0.000  │
│  min_zuk_hp_normal          1058.882    score_normal                  0.118  │
│  zuk_objective_normal          0.118    phase_reached_normal          0.080  │
│  death_tick_normal            39.095    frac_min_hp_le_300_no…        0.000  │
╰──────────────────────────────────────────────────────────────────────────────╯

[0;0H╭──────────────────────────────────────────────────────────────────────────────╮
│  PufferLib 4.0 🐡                 GPU: 0%      VRAM: 0.4/18G      RAM: 0.6G  │
│                                                                              │
│  Summary          Value    Evaluate   247ms  37%    Losses            Value  │
│  Env       osrs_inferno      GPU      206ms  31%    policy            0.014  │
│  Params          752.1K      Env       41ms   6%    value             0.056  │
│  Steps             4.9M    Train      408ms  62%    entropy           5.761  │
│  SPS             247.3K      Misc       0ms   0%    total             0.033  │
│  Epoch              150      Forwa…     0ms   0%    old_kl            0.002  │
│  Uptime    0d 0h 0m 19s                             kl                0.002  │
│  Remaini…   0d 0h 3m 2s                             clipfrac          0.179  │
│                                                     bc                0.000  │
│                                                                              │
│  User Stats                    Value    User Stats                    Value  │
│  episode_return                1.408    damage_dealt                141.507  │
│  damage_received              78.192    episode_length               41.878  │
│  wins                          0.000    wave                         68.000  │
│  idle_ticks                    0.454    brews_used                    3.359  │
│  blood_healed                  0.000    prayer_correct_rate           0.000  │
│  unavoidable_off_praye…        0.000    brews_remaining               8.641  │
│  restores_remaining           11.093    prayer_at_death              92.099  │
│  current_ranged               92.066    current_magic                84.282  │
│  behind_shield_pct             0.164    zuk_hp_remaining           1058.427  │
│  min_zuk_hp_seen            1058.509    hp_restored                   0.000  │
│  zuk_healer_damage             0.000    deaths_to_jad                 0.000  │
│  episode_return_normal         1.408    wins_normal                   0.000  │
│  min_zuk_hp_normal          1058.509    score_normal                  0.118  │
│  zuk_objective_normal          0.118    phase_reached_normal          0.059  │
│  death_tick_normal            41.878    frac_min_hp_le_300_no…        0.000  │
╰──────────────────────────────────────────────────────────────────────────────╯

[0;0H╭──────────────────────────────────────────────────────────────────────────────╮
│  PufferLib 4.0          🐡        GPU: 0%      VRAM: 0.4/18G      RAM: 0.6G  │
│                                                                              │
│  Summary          Value    Evaluate   249ms  37%    Losses            Value  │
│  Env       osrs_inferno      GPU      208ms  31%    policy            0.000  │
│  Params          752.1K      Env       41ms   6%    value             0.063  │
│  Steps             5.1M    Train      408ms  62%    entropy           5.749  │
│  SPS             246.7K      Misc       0ms   0%    total             0.023  │
│  Epoch              155      Forwa…     0ms   0%    old_kl            0.002  │
│  Uptime    0d 0h 0m 20s                             kl                0.002  │
│  Remaini…   0d 0h 3m 2s                             clipfrac          0.171  │
│                                                     bc                0.000  │
│                                                                              │
│  User Stats                    Value    User Stats                    Value  │
│  episode_return                1.494    damage_dealt                149.968  │
│  damage_received              62.658    episode_length               40.557  │
│  wins                          0.000    wave                         68.000  │
│  idle_ticks                    0.507    brews_used                    2.937  │
│  blood_healed                  0.000    prayer_correct_rate           0.000  │
│  unavoidable_off_praye…        0.000    brews_remaining               9.063  │
│  restores_remaining           11.098    prayer_at_death              92.486  │
│  current_ranged               95.847    current_magic                87.290  │
│  behind_shield_pct             0.169    zuk_hp_remaining           1049.997  │
│  min_zuk_hp_seen            1050.058    hp_restored                   0.000  │
│  zuk_healer_damage             0.000    deaths_to_jad                 0.000  │
│  episode_return_normal         1.494    wins_normal                   0.000  │
│  min_zuk_hp_normal          1050.058    score_normal                  0.125  │
│  zuk_objective_normal          0.125    phase_reached_normal          0.089  │
│  death_tick_normal            40.557    frac_min_hp_le_300_no…        0.000  │
╰──────────────────────────────────────────────────────────────────────────────╯

[0;0H╭──────────────────────────────────────────────────────────────────────────────╮
│  PufferLib 4.0         🐡         GPU: 0%      VRAM: 0.4/18G      RAM: 0.6G  │
│                                                                              │
│  Summary          Value    Evaluate   249ms  37%    Losses            Value  │
│  Env       osrs_inferno      GPU      208ms  31%    policy           -0.014  │
│  Params          752.1K      Env       41ms   6%    value             0.064  │
│  Steps             5.2M    Train      407ms  62%    entropy           5.790  │
│  SPS             247.2K      Misc       0ms   0%    total             0.010  │
│  Epoch              160      Forwa…     0ms   0%    old_kl            0.001  │
│  Uptime    0d 0h 0m 21s                             kl                0.002  │
│  Remaini…   0d 0h 3m 1s                             clipfrac          0.171  │
│                                                     bc                0.000  │
│                                                                              │
│  User Stats                    Value    User Stats                    Value  │
│  episode_return                1.249    damage_dealt                125.482  │
│  damage_received              50.454    episode_length               36.550  │
│  wins                          0.000    wave                         68.000  │
│  idle_ticks                    0.506    brews_used                    2.428  │
│  blood_healed                  0.000    prayer_correct_rate           0.000  │
│  unavoidable_off_praye…        0.000    brews_remaining               9.572  │
│  restores_remaining           11.346    prayer_at_death              91.628  │
│  current_ranged               97.709    current_magic                88.103  │
│  behind_shield_pct             0.166    zuk_hp_remaining           1074.531  │
│  min_zuk_hp_seen            1074.598    hp_restored                   0.000  │
│  zuk_healer_damage             0.000    deaths_to_jad                 0.000  │
│  episode_return_normal         1.249    wins_normal                   0.000  │
│  min_zuk_hp_normal          1074.598    score_normal                  0.105  │
│  zuk_objective_normal          0.105    phase_reached_normal          0.084  │
│  death_tick_normal            36.550    frac_min_hp_le_300_no…        0.000  │
╰──────────────────────────────────────────────────────────────────────────────╯

[0;0H╭──────────────────────────────────────────────────────────────────────────────╮
│  PufferLib 4.0        🐡          GPU: 0%      VRAM: 0.4/18G      RAM: 0.6G  │
│                                                                              │
│  Summary          Value    Evaluate   249ms  37%    Losses            Value  │
│  Env       osrs_inferno      GPU      208ms  31%    policy            0.003  │
│  Params          752.1K      Env       41ms   6%    value             0.057  │
│  Steps             5.4M    Train      409ms  62%    entropy           5.788  │
│  SPS             246.1K      Misc       0ms   0%    total             0.023  │
│  Epoch              165      Forwa…     0ms   0%    old_kl            0.002  │
│  Uptime    0d 0h 0m 21s                             kl                0.002  │
│  Remaini…   0d 0h 3m 1s                             clipfrac          0.172  │
│                                                     bc                0.000  │
│                                                                              │
│  User Stats                    Value    User Stats                    Value  │
│  episode_return                1.374    damage_dealt                137.845  │
│  damage_received              63.008    episode_length               37.878  │
│  wins                          0.000    wave                         68.000  │
│  idle_ticks                    0.582    brews_used                    2.785  │
│  blood_healed                  0.000    prayer_correct_rate           0.000  │
│  unavoidable_off_praye…        0.000    brews_remaining               9.215  │
│  restores_remaining           11.273    prayer_at_death              91.981  │
│  current_ranged               96.313    current_magic                87.577  │
│  behind_shield_pct             0.168    zuk_hp_remaining           1062.092  │
│  min_zuk_hp_seen            1062.208    hp_restored                   0.000  │
│  zuk_healer_damage             0.000    deaths_to_jad                 0.000  │
│  episode_return_normal         1.374    wins_normal                   0.000  │
│  min_zuk_hp_normal          1062.208    score_normal                  0.115  │
│  zuk_objective_normal          0.115    phase_reached_normal          0.077  │
│  death_tick_normal            37.878    frac_min_hp_le_300_no…        0.000  │
╰──────────────────────────────────────────────────────────────────────────────╯

[0;0H╭──────────────────────────────────────────────────────────────────────────────╮
│  PufferLib 4.0       🐡           GPU: 0%      VRAM: 0.4/18G      RAM: 0.6G  │
│                                                                              │
│  Summary          Value    Evaluate   250ms  37%    Losses            Value  │
│  Env       osrs_inferno      GPU      209ms  31%    policy            0.003  │
│  Params          752.1K      Env       41ms   6%    value             0.062  │
│  Steps             5.6M    Train      408ms  62%    entropy           5.781  │
│  SPS             246.2K      Misc       0ms   0%    total             0.025  │
│  Epoch              170      Forwa…     0ms   0%    old_kl            0.002  │
│  Uptime    0d 0h 0m 22s                             kl                0.002  │
│  Remaini…   0d 0h 3m 0s                             clipfrac          0.174  │
│                                                     bc                0.000  │
│                                                                              │
│  User Stats                    Value    User Stats                    Value  │
│  episode_return                1.428    damage_dealt                143.108  │
│  damage_received              68.122    episode_length               39.228  │
│  wins                          0.000    wave                         68.000  │
│  idle_ticks                    0.632    brews_used                    3.046  │
│  blood_healed                  0.000    prayer_correct_rate           0.000  │
│  unavoidable_off_praye…        0.000    brews_remaining               8.954  │
│  restores_remaining           11.220    prayer_at_death              92.140  │
│  current_ranged               94.119    current_magic                85.900  │
│  behind_shield_pct             0.167    zuk_hp_remaining           1056.809  │
│  min_zuk_hp_seen            1056.923    hp_restored                   0.000  │
│  zuk_healer_damage             0.000    deaths_to_jad                 0.000  │
│  episode_return_normal         1.428    wins_normal                   0.000  │
│  min_zuk_hp_normal          1056.923    score_normal                  0.119  │
│  zuk_objective_normal          0.119    phase_reached_normal          0.078  │
│  death_tick_normal            39.228    frac_min_hp_le_300_no…        0.000  │
╰──────────────────────────────────────────────────────────────────────────────╯

[0;0H╭──────────────────────────────────────────────────────────────────────────────╮
│  PufferLib 4.0      🐡            GPU: 0%      VRAM: 0.4/18G      RAM: 0.6G  │
│                                                                              │
│  Summary          Value    Evaluate   249ms  37%    Losses            Value  │
│  Env       osrs_inferno      GPU      208ms  31%    policy            0.001  │
│  Params          752.1K      Env       40ms   6%    value             0.070  │
│  Steps             5.7M    Train      408ms  62%    entropy           5.765  │
│  SPS             246.8K      Misc       0ms   0%    total             0.027  │
│  Epoch              175      Forwa…     0ms   0%    old_kl            0.002  │
│  Uptime    0d 0h 0m 23s                             kl                0.002  │
│  Remaini…  0d 0h 2m 59s                             clipfrac          0.184  │
│                                                     bc                0.000  │
│                                                                              │
│  User Stats                    Value    User Stats                    Value  │
│  episode_return                1.594    damage_dealt                160.428  │
│  damage_received              70.557    episode_length               41.556  │
│  wins                          0.000    wave                         68.000  │
│  idle_ticks                    0.632    brews_used                    3.277  │
│  blood_healed                  0.000    prayer_correct_rate           0.001  │
│  unavoidable_off_praye…        0.000    brews_remaining               8.723  │
│  restores_remaining           11.043    prayer_at_death              92.276  │
│  current_ranged               93.620    current_magic                86.021  │
│  behind_shield_pct             0.164    zuk_hp_remaining           1039.613  │
│  min_zuk_hp_seen            1039.688    hp_restored                   0.000  │
│  zuk_healer_damage             0.000    deaths_to_jad                 0.000  │
│  episode_return_normal         1.594    wins_normal                   0.000  │
│  min_zuk_hp_normal          1039.688    score_normal                  0.134  │
│  zuk_objective_normal          0.134    phase_reached_normal          0.132  │
│  death_tick_normal            41.556    frac_min_hp_le_300_no…        0.000  │
╰──────────────────────────────────────────────────────────────────────────────╯

[0;0H╭──────────────────────────────────────────────────────────────────────────────╮
│  PufferLib 4.0     🐡             GPU: 0%      VRAM: 0.4/18G      RAM: 0.6G  │
│                                                                              │
│  Summary          Value    Evaluate   249ms  37%    Losses            Value  │
│  Env       osrs_inferno      GPU      208ms  31%    policy           -0.001  │
│  Params          752.1K      Env       40ms   6%    value             0.058  │
│  Steps             5.9M    Train      409ms  62%    entropy           5.747  │
│  SPS             246.3K      Misc       0ms   0%    total             0.019  │
│  Epoch              180      Forwa…     0ms   0%    old_kl            0.002  │
│  Uptime    0d 0h 0m 23s                             kl                0.002  │
│  Remaini…  0d 0h 2m 59s                             clipfrac          0.173  │
│                                                     bc                0.000  │
│                                                                              │
│  User Stats                    Value    User Stats                    Value  │
│  episode_return                1.369    damage_dealt                137.380  │
│  damage_received              56.950    episode_length               37.359  │
│  wins                          0.000    wave                         68.000  │
│  idle_ticks                    0.558    brews_used                    2.538  │
│  blood_healed                  0.000    prayer_correct_rate           0.000  │
│  unavoidable_off_praye…        0.000    brews_remaining               9.462  │
│  restores_remaining           11.318    prayer_at_death              91.906  │
│  current_ranged               95.983    current_magic                87.328  │
│  behind_shield_pct             0.169    zuk_hp_remaining           1062.633  │
│  min_zuk_hp_seen            1062.664    hp_restored                   0.000  │
│  zuk_healer_damage             0.000    deaths_to_jad                 0.000  │
│  episode_return_normal         1.369    wins_normal                   0.000  │
│  min_zuk_hp_normal          1062.664    score_normal                  0.114  │
│  zuk_objective_normal          0.114    phase_reached_normal          0.044  │
│  death_tick_normal            37.359    frac_min_hp_le_300_no…        0.000  │
╰──────────────────────────────────────────────────────────────────────────────╯

[0;0H╭──────────────────────────────────────────────────────────────────────────────╮
│  PufferLib 4.0    🐡              GPU: 0%      VRAM: 0.4/18G      RAM: 0.6G  │
│                                                                              │
│  Summary          Value    Evaluate   249ms  38%    Losses            Value  │
│  Env       osrs_inferno      GPU      209ms  31%    policy           -0.012  │
│  Params          752.1K      Env       40ms   6%    value             0.057  │
│  Steps             6.1M    Train      407ms  61%    entropy           5.662  │
│  SPS             247.1K      Misc       0ms   0%    total             0.007  │
│  Epoch              185      Forwa…     0ms   0%    old_kl            0.001  │
│  Uptime    0d 0h 0m 24s                             kl                0.002  │
│  Remaini…  0d 0h 2m 57s                             clipfrac          0.172  │
│                                                     bc                0.000  │
│                                                                              │
│  User Stats                    Value    User Stats                    Value  │
│  episode_return                1.411    damage_dealt                141.873  │
│  damage_received              54.138    episode_length               37.000  │
│  wins                          0.000    wave                         68.000  │
│  idle_ticks                    0.497    brews_used                    2.458  │
│  blood_healed                  0.000    prayer_correct_rate           0.000  │
│  unavoidable_off_praye…        0.000    brews_remaining               9.542  │
│  restores_remaining           11.321    prayer_at_death              91.548  │
│  current_ranged               97.075    current_magic                87.741  │
│  behind_shield_pct             0.170    zuk_hp_remaining           1058.142  │
│  min_zuk_hp_seen            1058.210    hp_restored                   0.000  │
│  zuk_healer_damage             0.000    deaths_to_jad                 0.000  │
│  episode_return_normal         1.411    wins_normal                   0.000  │
│  min_zuk_hp_normal          1058.210    score_normal                  0.118  │
│  zuk_objective_normal          0.118    phase_reached_normal          0.072  │
│  death_tick_normal            37.000    frac_min_hp_le_300_no…        0.000  │
╰──────────────────────────────────────────────────────────────────────────────╯

[0;0H╭──────────────────────────────────────────────────────────────────────────────╮
│  PufferLib 4.0   🐡               GPU: 0%      VRAM: 0.4/18G      RAM: 0.6G  │
│                                                                              │
│  Summary          Value    Evaluate   249ms  37%    Losses            Value  │
│  Env       osrs_inferno      GPU      208ms  31%    policy           -0.006  │
│  Params          752.1K      Env       41ms   6%    value             0.057  │
│  Steps             6.2M    Train      410ms  62%    entropy           5.661  │
│  SPS             246.0K      Misc       0ms   0%    total             0.014  │
│  Epoch              190      Forwa…     0ms   0%    old_kl            0.002  │
│  Uptime    0d 0h 0m 25s                             kl                0.002  │
│  Remaini…  0d 0h 2m 57s                             clipfrac          0.178  │
│                                                     bc                0.000  │
│                                                                              │
│  User Stats                    Value    User Stats                    Value  │
│  episode_return                1.372    damage_dealt                138.180  │
│  damage_received              63.036    episode_length               40.860  │
│  wins                          0.000    wave                         68.000  │
│  idle_ticks                    0.586    brews_used                    2.908  │
│  blood_healed                  0.000    prayer_correct_rate           0.002  │
│  unavoidable_off_praye…        0.000    brews_remaining               9.092  │
│  restores_remaining           11.090    prayer_at_death              91.953  │
│  current_ranged               95.917    current_magic                87.303  │
│  behind_shield_pct             0.169    zuk_hp_remaining           1061.898  │
│  min_zuk_hp_seen            1061.956    hp_restored                   0.000  │
│  zuk_healer_damage             0.000    deaths_to_jad                 0.000  │
│  episode_return_normal         1.372    wins_normal                   0.000  │
│  min_zuk_hp_normal          1061.956    score_normal                  0.115  │
│  zuk_objective_normal          0.115    phase_reached_normal          0.088  │
│  death_tick_normal            40.860    frac_min_hp_le_300_no…        0.000  │
╰──────────────────────────────────────────────────────────────────────────────╯

[0;0H╭──────────────────────────────────────────────────────────────────────────────╮
│  PufferLib 4.0  🐡                GPU: 0%      VRAM: 0.4/18G      RAM: 0.6G  │
│                                                                              │
│  Summary          Value    Evaluate   248ms  37%    Losses            Value  │
│  Env       osrs_inferno      GPU      207ms  31%    policy            0.002  │
│  Params          752.1K      Env       41ms   6%    value             0.070  │
│  Steps             6.4M    Train      408ms  62%    entropy           5.668  │
│  SPS             247.1K      Misc       0ms   0%    total             0.029  │
│  Epoch              195      Forwa…     0ms   0%    old_kl            0.002  │
│  Uptime    0d 0h 0m 25s                             kl                0.002  │
│  Remaini…  0d 0h 2m 56s                             clipfrac          0.172  │
│                                                     bc                0.000  │
│                                                                              │
│  User Stats                    Value    User Stats                    Value  │
│  episode_return                1.692    damage_dealt                170.924  │
│  damage_received              69.892    episode_length               42.915  │
│  wins                          0.000    wave                         68.000  │
│  idle_ticks                    0.659    brews_used                    3.185  │
│  blood_healed                  0.000    prayer_correct_rate           0.002  │
│  unavoidable_off_praye…        0.000    brews_remaining               8.815  │
│  restores_remaining           10.932    prayer_at_death              92.287  │
│  current_ranged               95.786    current_magic                87.823  │
│  behind_shield_pct             0.168    zuk_hp_remaining           1029.270  │
│  min_zuk_hp_seen            1029.414    hp_restored                   0.000  │
│  zuk_healer_damage             0.000    deaths_to_jad                 0.000  │
│  episode_return_normal         1.692    wins_normal                   0.000  │
│  min_zuk_hp_normal          1029.414    score_normal                  0.142  │
│  zuk_objective_normal          0.142    phase_reached_normal          0.170  │
│  death_tick_normal            42.915    frac_min_hp_le_300_no…        0.000  │
╰──────────────────────────────────────────────────────────────────────────────╯

[0;0H╭──────────────────────────────────────────────────────────────────────────────╮
│  PufferLib 4.0 🐡                 GPU: 0%      VRAM: 0.4/18G      RAM: 0.6G  │
│                                                                              │
│  Summary          Value    Evaluate   248ms  37%    Losses            Value  │
│  Env       osrs_inferno      GPU      207ms  31%    policy            0.013  │
│  Params          752.1K      Env       41ms   6%    value             0.069  │
│  Steps             6.6M    Train      408ms  62%    entropy           5.632  │
│  SPS             247.0K      Misc       0ms   0%    total             0.039  │
│  Epoch              200      Forwa…     0ms   0%    old_kl            0.002  │
│  Uptime    0d 0h 0m 26s                             kl                0.002  │
│  Remaini…  0d 0h 2m 55s                             clipfrac          0.164  │
│                                                     bc                0.000  │
│                                                                              │
│  User Stats                    Value    User Stats                    Value  │
│  episode_return                1.578    damage_dealt                158.966  │
│  damage_received              70.820    episode_length               41.708  │
│  wins                          0.000    wave                         68.000  │
│  idle_ticks                    0.534    brews_used                    3.192  │
│  blood_healed                  0.000    prayer_correct_rate           0.001  │
│  unavoidable_off_praye…        0.000    brews_remaining               8.808  │
│  restores_remaining           11.045    prayer_at_death              91.835  │
│  current_ranged               94.966    current_magic                86.511  │
│  behind_shield_pct             0.169    zuk_hp_remaining           1040.998  │
│  min_zuk_hp_seen            1041.170    hp_restored                   0.000  │
│  zuk_healer_damage             0.000    deaths_to_jad                 0.000  │
│  episode_return_normal         1.578    wins_normal                   0.000  │
│  min_zuk_hp_normal          1041.170    score_normal                  0.132  │
│  zuk_objective_normal          0.132    phase_reached_normal          0.126  │
│  death_tick_normal            41.708    frac_min_hp_le_300_no…        0.000  │
╰──────────────────────────────────────────────────────────────────────────────╯

[0;0H╭──────────────────────────────────────────────────────────────────────────────╮
│  PufferLib 4.0          🐡        GPU: 0%      VRAM: 0.4/18G      RAM: 0.6G  │
│                                                                              │
│  Summary          Value    Evaluate   250ms  37%    Losses            Value  │
│  Env       osrs_inferno      GPU      208ms  31%    policy            0.000  │
│  Params          752.1K      Env       41ms   6%    value             0.063  │
│  Steps             6.7M    Train      413ms  62%    entropy           5.674  │
│  SPS             244.4K      Misc       0ms   0%    total             0.023  │
│  Epoch              205      Forwa…     0ms   0%    old_kl            0.002  │
│  Uptime    0d 0h 0m 27s                             kl                0.002  │
│  Remaini…  0d 0h 2m 57s                             clipfrac          0.165  │
│                                                     bc                0.000  │
│                                                                              │
│  User Stats                    Value    User Stats                    Value  │
│  episode_return                1.531    damage_dealt                154.399  │
│  damage_received              69.935    episode_length               41.725  │
│  wins                          0.000    wave                         68.000  │
│  idle_ticks                    0.546    brews_used                    3.179  │
│  blood_healed                  0.000    prayer_correct_rate           0.001  │
│  unavoidable_off_praye…        0.000    brews_remaining               8.821  │
│  restores_remaining           11.052    prayer_at_death              91.657  │
│  current_ranged               93.856    current_magic                85.517  │
│  behind_shield_pct             0.166    zuk_hp_remaining           1045.701  │
│  min_zuk_hp_seen            1045.796    hp_restored                   0.000  │
│  zuk_healer_damage             0.000    deaths_to_jad                 0.000  │
│  episode_return_normal         1.531    wins_normal                   0.000  │
│  min_zuk_hp_normal          1045.796    score_normal                  0.129  │
│  zuk_objective_normal          0.129    phase_reached_normal          0.109  │
│  death_tick_normal            41.725    frac_min_hp_le_300_no…        0.000  │
╰──────────────────────────────────────────────────────────────────────────────╯

[0;0H╭──────────────────────────────────────────────────────────────────────────────╮
│  PufferLib 4.0         🐡         GPU: 0%      VRAM: 0.4/18G      RAM: 0.6G  │
│                                                                              │
│  Summary          Value    Evaluate   250ms  37%    Losses            Value  │
│  Env       osrs_inferno      GPU      208ms  31%    policy            0.003  │
│  Params          752.1K      Env       41ms   6%    value             0.067  │
│  Steps             6.9M    Train      411ms  62%    entropy           5.728  │
│  SPS             245.2K      Misc       0ms   0%    total             0.028  │
│  Epoch              210      Forwa…     0ms   0%    old_kl            0.002  │
│  Uptime    0d 0h 0m 27s                             kl                0.002  │
│  Remaini…  0d 0h 2m 55s                             clipfrac          0.174  │
│                                                     bc                0.000  │
│                                                                              │
│  User Stats                    Value    User Stats                    Value  │
│  episode_return                1.626    damage_dealt                164.142  │
│  damage_received              73.696    episode_length               42.331  │
│  wins                          0.000    wave                         68.000  │
│  idle_ticks                    0.608    brews_used                    3.359  │
│  blood_healed                  0.000    prayer_correct_rate           0.001  │
│  unavoidable_off_praye…        0.000    brews_remaining               8.641  │
│  restores_remaining           11.021    prayer_at_death              91.858  │
│  current_ranged               93.723    current_magic                85.706  │
│  behind_shield_pct             0.168    zuk_hp_remaining           1035.955  │
│  min_zuk_hp_seen            1036.099    hp_restored                   0.000  │
│  zuk_healer_damage             0.000    deaths_to_jad                 0.000  │
│  episode_return_normal         1.626    wins_normal                   0.000  │
│  min_zuk_hp_normal          1036.099    score_normal                  0.137  │
│  zuk_objective_normal          0.137    phase_reached_normal          0.132  │
│  death_tick_normal            42.331    frac_min_hp_le_300_no…        0.000  │
╰──────────────────────────────────────────────────────────────────────────────╯

[0;0H╭──────────────────────────────────────────────────────────────────────────────╮
│  PufferLib 4.0        🐡          GPU: 0%      VRAM: 0.4/18G      RAM: 0.6G  │
│                                                                              │
│  Summary          Value    Evaluate   249ms  37%    Losses            Value  │
│  Env       osrs_inferno      GPU      208ms  31%    policy            0.000  │
│  Params          752.1K      Env       41ms   6%    value             0.050  │
│  Steps             7.0M    Train      410ms  62%    entropy           5.737  │
│  SPS             245.9K      Misc       0ms   0%    total             0.016  │
│  Epoch              215      Forwa…     0ms   0%    old_kl            0.002  │
│  Uptime    0d 0h 0m 28s                             kl                0.002  │
│  Remaini…  0d 0h 2m 54s                             clipfrac          0.165  │
│                                                     bc                0.000  │
│                                                                              │
│  User Stats                    Value    User Stats                    Value  │
│  episode_return                1.440    damage_dealt                145.071  │
│  damage_received              78.846    episode_length               42.909  │
│  wins                          0.000    wave                         68.000  │
│  idle_ticks                    0.652    brews_used                    3.562  │
│  blood_healed                  0.000    prayer_correct_rate           0.001  │
│  unavoidable_off_praye…        0.000    brews_remaining               8.438  │
│  restores_remaining           10.976    prayer_at_death              92.389  │
│  current_ranged               93.437    current_magic                86.023  │
│  behind_shield_pct             0.170    zuk_hp_remaining           1054.986  │
│  min_zuk_hp_seen            1055.104    hp_restored                   0.000  │
│  zuk_healer_damage             0.000    deaths_to_jad                 0.000  │
│  episode_return_normal         1.440    wins_normal                   0.000  │
│  min_zuk_hp_normal          1055.104    score_normal                  0.121  │
│  zuk_objective_normal          0.121    phase_reached_normal          0.074  │
│  death_tick_normal            42.909    frac_min_hp_le_300_no…        0.000  │
╰──────────────────────────────────────────────────────────────────────────────╯

[0;0H╭──────────────────────────────────────────────────────────────────────────────╮
│  PufferLib 4.0       🐡           GPU: 0%      VRAM: 0.4/18G      RAM: 0.6G  │
│                                                                              │
│  Summary          Value    Evaluate   249ms  37%    Losses            Value  │
│  Env       osrs_inferno      GPU      208ms  31%    policy            0.007  │
│  Params          752.1K      Env       41ms   6%    value             0.048  │
│  Steps             7.2M    Train      408ms  62%    entropy           5.744  │
│  SPS             246.5K      Misc       0ms   0%    total             0.023  │
│  Epoch              220      Forwa…     0ms   0%    old_kl            0.002  │
│  Uptime    0d 0h 0m 29s                             kl                0.002  │
│  Remaini…  0d 0h 2m 53s                             clipfrac          0.173  │
│                                                     bc                0.000  │
│                                                                              │
│  User Stats                    Value    User Stats                    Value  │
│  episode_return                1.426    damage_dealt                143.069  │
│  damage_received              71.129    episode_length               42.562  │
│  wins                          0.000    wave                         68.000  │
│  idle_ticks                    0.686    brews_used                    3.361  │
│  blood_healed                  0.002    prayer_correct_rate           0.000  │
│  unavoidable_off_praye…        0.000    brews_remaining               8.639  │
│  restores_remaining           11.016    prayer_at_death              92.015  │
│  current_ranged               93.185    current_magic                85.308  │
│  behind_shield_pct             0.169    zuk_hp_remaining           1056.861  │
│  min_zuk_hp_seen            1056.979    hp_restored                   0.000  │
│  zuk_healer_damage             0.000    deaths_to_jad                 0.000  │
│  episode_return_normal         1.426    wins_normal                   0.000  │
│  min_zuk_hp_normal          1056.979    score_normal                  0.119  │
│  zuk_objective_normal          0.119    phase_reached_normal          0.066  │
│  death_tick_normal            42.562    frac_min_hp_le_300_no…        0.000  │
╰──────────────────────────────────────────────────────────────────────────────╯

[0;0H╭──────────────────────────────────────────────────────────────────────────────╮
│  PufferLib 4.0      🐡            GPU: 0%      VRAM: 0.4/18G      RAM: 0.6G  │
│                                                                              │
│  Summary          Value    Evaluate   250ms  37%    Losses            Value  │
│  Env       osrs_inferno      GPU      208ms  31%    policy            0.007  │
│  Params          752.1K      Env       41ms   6%    value             0.056  │
│  Steps             7.4M    Train      408ms  62%    entropy           5.750  │
│  SPS             246.2K      Misc       0ms   0%    total             0.026  │
│  Epoch              225      Forwa…     0ms   0%    old_kl            0.002  │
│  Uptime    0d 0h 0m 29s                             kl                0.002  │
│  Remaini…  0d 0h 2m 53s                             clipfrac          0.170  │
│                                                     bc                0.000  │
│                                                                              │
│  User Stats                    Value    User Stats                    Value  │
│  episode_return                1.396    damage_dealt                140.396  │
│  damage_received              71.948    episode_length               41.188  │
│  wins                          0.000    wave                         68.000  │
│  idle_ticks                    0.703    brews_used                    3.190  │
│  blood_healed                  0.003    prayer_correct_rate           0.000  │
│  unavoidable_off_praye…        0.000    brews_remaining               8.810  │
│  restores_remaining           11.095    prayer_at_death              91.720  │
│  current_ranged               94.091    current_magic                85.649  │
│  behind_shield_pct             0.172    zuk_hp_remaining           1059.514  │
│  min_zuk_hp_seen            1059.684    hp_restored                   0.000  │
│  zuk_healer_damage             0.000    deaths_to_jad                 0.000  │
│  episode_return_normal         1.396    wins_normal                   0.000  │
│  min_zuk_hp_normal          1059.684    score_normal                  0.117  │
│  zuk_objective_normal          0.117    phase_reached_normal          0.074  │
│  death_tick_normal            41.188    frac_min_hp_le_300_no…        0.000  │
╰──────────────────────────────────────────────────────────────────────────────╯

[0;0H╭──────────────────────────────────────────────────────────────────────────────╮
│  PufferLib 4.0     🐡             GPU: 0%      VRAM: 0.4/18G      RAM: 0.6G  │
│                                                                              │
│  Summary          Value    Evaluate   251ms  38%    Losses            Value  │
│  Env       osrs_inferno      GPU      209ms  31%    policy            0.001  │
│  Params          752.1K      Env       42ms   6%    value             0.056  │
│  Steps             7.5M    Train      407ms  61%    entropy           5.719  │
│  SPS             246.3K      Misc       0ms   0%    total             0.020  │
│  Epoch              230      Forwa…     0ms   0%    old_kl            0.002  │
│  Uptime    0d 0h 0m 30s                             kl                0.002  │
│  Remaini…  0d 0h 2m 52s                             clipfrac          0.176  │
│                                                     bc                0.000  │
│                                                                              │
│  User Stats                    Value    User Stats                    Value  │
│  episode_return                1.456    damage_dealt                146.639  │
│  damage_received              74.280    episode_length               41.422  │
│  wins                          0.000    wave                         68.000  │
│  idle_ticks                    0.666    brews_used                    3.281  │
│  blood_healed                  0.000    prayer_correct_rate           0.001  │
│  unavoidable_off_praye…        0.000    brews_remaining               8.719  │
│  restores_remaining           11.083    prayer_at_death              91.736  │
│  current_ranged               93.702    current_magic                85.590  │
│  behind_shield_pct             0.168    zuk_hp_remaining           1053.418  │
│  min_zuk_hp_seen            1053.512    hp_restored                   0.000  │
│  zuk_healer_damage             0.000    deaths_to_jad                 0.000  │
│  episode_return_normal         1.456    wins_normal                   0.000  │
│  min_zuk_hp_normal          1053.512    score_normal                  0.122  │
│  zuk_objective_normal          0.122    phase_reached_normal          0.091  │
│  death_tick_normal            41.422    frac_min_hp_le_300_no…        0.000  │
╰──────────────────────────────────────────────────────────────────────────────╯

[0;0H╭──────────────────────────────────────────────────────────────────────────────╮
│  PufferLib 4.0    🐡              GPU: 0%      VRAM: 0.4/18G      RAM: 0.6G  │
│                                                                              │
│  Summary          Value    Evaluate   249ms  37%    Losses            Value  │
│  Env       osrs_inferno      GPU      208ms  31%    policy            0.005  │
│  Params          752.1K      Env       41ms   6%    value             0.057  │
│  Steps             7.7M    Train      412ms  62%    entropy           5.685  │
│  SPS             245.3K      Misc       0ms   0%    total             0.025  │
│  Epoch              235      Forwa…     0ms   0%    old_kl            0.002  │
│  Uptime    0d 0h 0m 31s                             kl                0.002  │
│  Remaini…  0d 0h 2m 52s                             clipfrac          0.166  │
│                                                     bc                0.000  │
│                                                                              │
│  User Stats                    Value    User Stats                    Value  │
│  episode_return                1.347    damage_dealt                135.057  │
│  damage_received              53.464    episode_length               36.277  │
│  wins                          0.000    wave                         68.000  │
│  idle_ticks                    0.507    brews_used                    2.414  │
│  blood_healed                  0.001    prayer_correct_rate           0.000  │
│  unavoidable_off_praye…        0.000    brews_remaining               9.586  │
│  restores_remaining           11.381    prayer_at_death              91.415  │
│  current_ranged               97.613    current_magic                88.330  │
│  behind_shield_pct             0.167    zuk_hp_remaining           1064.883  │
│  min_zuk_hp_seen            1064.980    hp_restored                   0.000  │
│  zuk_healer_damage             0.000    deaths_to_jad                 0.000  │
│  episode_return_normal         1.347    wins_normal                   0.000  │
│  min_zuk_hp_normal          1064.980    score_normal                  0.113  │
│  zuk_objective_normal          0.113    phase_reached_normal          0.048  │
│  death_tick_normal            36.277    frac_min_hp_le_300_no…        0.000  │
╰──────────────────────────────────────────────────────────────────────────────╯

[0;0H╭──────────────────────────────────────────────────────────────────────────────╮
│  PufferLib 4.0   🐡               GPU: 0%      VRAM: 0.4/18G      RAM: 0.6G  │
│                                                                              │
│  Summary          Value    Evaluate   249ms  37%    Losses            Value  │
│  Env       osrs_inferno      GPU      207ms  31%    policy            0.006  │
│  Params          752.1K      Env       41ms   6%    value             0.052  │
│  Steps             7.9M    Train      409ms  62%    entropy           5.646  │
│  SPS             246.5K      Misc       0ms   0%    total             0.023  │
│  Epoch              240      Forwa…     0ms   0%    old_kl            0.002  │
│  Uptime    0d 0h 0m 31s                             kl                0.002  │
│  Remaini…  0d 0h 2m 50s                             clipfrac          0.167  │
│                                                     bc                0.000  │
│                                                                              │
│  User Stats                    Value    User Stats                    Value  │
│  episode_return                1.502    damage_dealt                151.870  │
│  damage_received              76.543    episode_length               42.699  │
│  wins                          0.000    wave                         68.000  │
│  idle_ticks                    0.692    brews_used                    3.402  │
│  blood_healed                  0.000    prayer_correct_rate           0.001  │
│  unavoidable_off_praye…        0.000    brews_remaining               8.598  │
│  restores_remaining           11.015    prayer_at_death              91.801  │
│  current_ranged               93.047    current_magic                85.353  │
│  behind_shield_pct             0.172    zuk_hp_remaining           1048.225  │
│  min_zuk_hp_seen            1048.313    hp_restored                   0.000  │
│  zuk_healer_damage             0.000    deaths_to_jad                 0.000  │
│  episode_return_normal         1.502    wins_normal                   0.000  │
│  min_zuk_hp_normal          1048.313    score_normal                  0.126  │
│  zuk_objective_normal          0.126    phase_reached_normal          0.073  │
│  death_tick_normal            42.699    frac_min_hp_le_300_no…        0.000  │
╰──────────────────────────────────────────────────────────────────────────────╯

[0;0H╭──────────────────────────────────────────────────────────────────────────────╮
│  PufferLib 4.0  🐡                GPU: 0%      VRAM: 0.4/18G      RAM: 0.6G  │
│                                                                              │
│  Summary          Value    Evaluate   249ms  37%    Losses            Value  │
│  Env       osrs_inferno      GPU      208ms  31%    policy           -0.004  │
│  Params          752.1K      Env       41ms   6%    value             0.062  │
│  Steps             8.0M    Train      409ms  62%    entropy           5.641  │
│  SPS             246.3K      Misc       0ms   0%    total             0.018  │
│  Epoch              245      Forwa…     0ms   0%    old_kl            0.002  │
│  Uptime    0d 0h 0m 32s                             kl                0.002  │
│  Remaini…  0d 0h 2m 50s                             clipfrac          0.177  │
│                                                     bc                0.000  │
│                                                                              │
│  User Stats                    Value    User Stats                    Value  │
│  episode_return                1.768    damage_dealt                178.484  │
│  damage_received              82.496    episode_length               44.924  │
│  wins                          0.000    wave                         68.000  │
│  idle_ticks                    0.628    brews_used                    3.768  │
│  blood_healed                  0.000    prayer_correct_rate           0.002  │
│  unavoidable_off_praye…        0.000    brews_remaining               8.232  │
│  restores_remaining           10.854    prayer_at_death              92.324  │
│  current_ranged               92.550    current_magic                85.392  │
│  behind_shield_pct             0.174    zuk_hp_remaining           1021.573  │
│  min_zuk_hp_seen            1021.696    hp_restored                   0.000  │
│  zuk_healer_damage             0.000    deaths_to_jad                 0.000  │
│  episode_return_normal         1.768    wins_normal                   0.000  │
│  min_zuk_hp_normal          1021.696    score_normal                  0.149  │
│  zuk_objective_normal          0.149    phase_reached_normal          0.146  │
│  death_tick_normal            44.924    frac_min_hp_le_300_no…        0.000  │
╰──────────────────────────────────────────────────────────────────────────────╯

[0;0H╭──────────────────────────────────────────────────────────────────────────────╮
│  PufferLib 4.0 🐡                 GPU: 0%      VRAM: 0.4/18G      RAM: 0.6G  │
│                                                                              │
│  Summary          Value    Evaluate   250ms  37%    Losses            Value  │
│  Env       osrs_inferno      GPU      209ms  31%    policy            0.015  │
│  Params          752.1K      Env       41ms   6%    value             0.058  │
│  Steps             8.2M    Train      411ms  62%    entropy           5.626  │
│  SPS             245.0K      Misc       0ms   0%    total             0.035  │
│  Epoch              250      Forwa…     0ms   0%    old_kl            0.001  │
│  Uptime    0d 0h 0m 33s                             kl                0.002  │
│  Remaini…  0d 0h 2m 50s                             clipfrac          0.173  │
│                                                     bc                0.000  │
│                                                                              │
│  User Stats                    Value    User Stats                    Value  │
│  episode_return                1.291    damage_dealt                129.717  │
│  damage_received              46.830    episode_length               35.695  │
│  wins                          0.000    wave                         68.000  │
│  idle_ticks                    0.542    brews_used                    2.188  │
│  blood_healed                  0.000    prayer_correct_rate           0.000  │
│  unavoidable_off_praye…        0.000    brews_remaining               9.812  │
│  restores_remaining           11.395    prayer_at_death              91.151  │
│  current_ranged               99.037    current_magic                89.247  │
│  behind_shield_pct             0.172    zuk_hp_remaining           1070.233  │
│  min_zuk_hp_seen            1070.314    hp_restored                   0.000  │
│  zuk_healer_damage             0.000    deaths_to_jad                 0.000  │
│  episode_return_normal         1.291    wins_normal                   0.000  │
│  min_zuk_hp_normal          1070.314    score_normal                  0.108  │
│  zuk_objective_normal          0.108    phase_reached_normal          0.056  │
│  death_tick_normal            35.695    frac_min_hp_le_300_no…        0.000  │
╰──────────────────────────────────────────────────────────────────────────────╯

[0;0H╭──────────────────────────────────────────────────────────────────────────────╮
│  PufferLib 4.0          🐡        GPU: 0%      VRAM: 0.4/18G      RAM: 0.6G  │
│                                                                              │
│  Summary          Value    Evaluate   249ms  37%    Losses            Value  │
│  Env       osrs_inferno      GPU      208ms  31%    policy            0.007  │
│  Params          752.1K      Env       41ms   6%    value             0.065  │
│  Steps             8.4M    Train      408ms  62%    entropy           5.637  │
│  SPS             246.4K      Misc       0ms   0%    total             0.030  │
│  Epoch              255      Forwa…     0ms   0%    old_kl            0.002  │
│  Uptime    0d 0h 0m 33s                             kl                0.002  │
│  Remaini…  0d 0h 2m 48s                             clipfrac          0.179  │
│                                                     bc                0.000  │
│                                                                              │
│  User Stats                    Value    User Stats                    Value  │
│  episode_return                1.544    damage_dealt                155.915  │
│  damage_received              62.992    episode_length               39.456  │
│  wins                          0.000    wave                         68.000  │
│  idle_ticks                    0.702    brews_used                    2.873  │
│  blood_healed                  0.000    prayer_correct_rate           0.001  │
│  unavoidable_off_praye…        0.000    brews_remaining               9.127  │
│  restores_remaining           11.205    prayer_at_death              91.075  │
│  current_ranged               95.627    current_magic                86.738  │
│  behind_shield_pct             0.174    zuk_hp_remaining           1044.033  │
│  min_zuk_hp_seen            1044.180    hp_restored                   0.000  │
│  zuk_healer_damage             0.000    deaths_to_jad                 0.000  │
│  episode_return_normal         1.544    wins_normal                   0.000  │
│  min_zuk_hp_normal          1044.180    score_normal                  0.130  │
│  zuk_objective_normal          0.130    phase_reached_normal          0.118  │
│  death_tick_normal            39.456    frac_min_hp_le_300_no…        0.000  │
╰──────────────────────────────────────────────────────────────────────────────╯

[0;0H╭──────────────────────────────────────────────────────────────────────────────╮
│  PufferLib 4.0         🐡         GPU: 0%      VRAM: 0.4/18G      RAM: 0.6G  │
│                                                                              │
│  Summary          Value    Evaluate   250ms  37%    Losses            Value  │
│  Env       osrs_inferno      GPU      208ms  31%    policy            0.020  │
│  Params          752.1K      Env       41ms   6%    value             0.066  │
│  Steps             8.5M    Train      410ms  62%    entropy           5.635  │
│  SPS             245.5K      Misc       0ms   0%    total             0.044  │
│  Epoch              260      Forwa…     0ms   0%    old_kl            0.002  │
│  Uptime    0d 0h 0m 34s                             kl                0.002  │
│  Remaini…  0d 0h 2m 48s                             clipfrac          0.180  │
│                                                     bc                0.000  │
│                                                                              │
│  User Stats                    Value    User Stats                    Value  │
│  episode_return                1.493    damage_dealt                149.860  │
│  damage_received              65.683    episode_length               40.819  │
│  wins                          0.000    wave                         68.000  │
│  idle_ticks                    0.655    brews_used                    3.141  │
│  blood_healed                  0.000    prayer_correct_rate           0.001  │
│  unavoidable_off_praye…        0.000    brews_remaining               8.859  │
│  restores_remaining           11.114    prayer_at_death              91.800  │
│  current_ranged               94.978    current_magic                86.812  │
│  behind_shield_pct             0.176    zuk_hp_remaining           1050.017  │
│  min_zuk_hp_seen            1050.175    hp_restored                   0.000  │
│  zuk_healer_damage             0.000    deaths_to_jad                 0.000  │
│  episode_return_normal         1.493    wins_normal                   0.000  │
│  min_zuk_hp_normal          1050.175    score_normal                  0.125  │
│  zuk_objective_normal          0.125    phase_reached_normal          0.116  │
│  death_tick_normal            40.819    frac_min_hp_le_300_no…        0.000  │
╰──────────────────────────────────────────────────────────────────────────────╯

[0;0H╭──────────────────────────────────────────────────────────────────────────────╮
│  PufferLib 4.0        🐡          GPU: 0%      VRAM: 0.4/18G      RAM: 0.6G  │
│                                                                              │
│  Summary          Value    Evaluate   250ms  38%    Losses            Value  │
│  Env       osrs_inferno      GPU      209ms  31%    policy            0.004  │
│  Params          752.1K      Env       41ms   6%    value             0.054  │
│  Steps             8.7M    Train      408ms  61%    entropy           5.581  │
│  SPS             246.2K      Misc       0ms   0%    total             0.022  │
│  Epoch              265      Forwa…     0ms   0%    old_kl            0.002  │
│  Uptime    0d 0h 0m 35s                             kl                0.002  │
│  Remaini…  0d 0h 2m 47s                             clipfrac          0.173  │
│                                                     bc                0.000  │
│                                                                              │
│  User Stats                    Value    User Stats                    Value  │
│  episode_return                1.334    damage_dealt                133.827  │
│  damage_received              48.303    episode_length               36.468  │
│  wins                          0.000    wave                         68.000  │
│  idle_ticks                    0.568    brews_used                    2.372  │
│  blood_healed                  0.000    prayer_correct_rate           0.000  │
│  unavoidable_off_praye…        0.000    brews_remaining               9.628  │
│  restores_remaining           11.346    prayer_at_death              91.717  │
│  current_ranged               98.267    current_magic                89.205  │
│  behind_shield_pct             0.174    zuk_hp_remaining           1066.137  │
│  min_zuk_hp_seen            1066.190    hp_restored                   0.000  │
│  zuk_healer_damage             0.000    deaths_to_jad                 0.000  │
│  episode_return_normal         1.334    wins_normal                   0.000  │
│  min_zuk_hp_normal          1066.190    score_normal                  0.112  │
│  zuk_objective_normal          0.112    phase_reached_normal          0.060  │
│  death_tick_normal            36.468    frac_min_hp_le_300_no…        0.000  │
╰──────────────────────────────────────────────────────────────────────────────╯

[0;0H╭──────────────────────────────────────────────────────────────────────────────╮
│  PufferLib 4.0       🐡           GPU: 0%      VRAM: 0.4/18G      RAM: 0.6G  │
│                                                                              │
│  Summary          Value    Evaluate   250ms  37%    Losses            Value  │
│  Env       osrs_inferno      GPU      208ms  31%    policy            0.010  │
│  Params          752.1K      Env       41ms   6%    value             0.066  │
│  Steps             8.8M    Train      408ms  62%    entropy           5.559  │
│  SPS             246.4K      Misc       0ms   0%    total             0.035  │
│  Epoch              270      Forwa…     0ms   0%    old_kl            0.002  │
│  Uptime    0d 0h 0m 35s                             kl                0.002  │
│  Remaini…  0d 0h 2m 47s                             clipfrac          0.178  │
│                                                     bc                0.000  │
│                                                                              │
│  User Stats                    Value    User Stats                    Value  │
│  episode_return                1.474    damage_dealt                148.903  │
│  damage_received              61.887    episode_length               39.367  │
│  wins                          0.000    wave                         68.000  │
│  idle_ticks                    0.616    brews_used                    2.895  │
│  blood_healed                  0.002    prayer_correct_rate           0.001  │
│  unavoidable_off_praye…        0.000    brews_remaining               9.105  │
│  restores_remaining           11.201    prayer_at_death              91.328  │
│  current_ranged               95.387    current_magic                86.601  │
│  behind_shield_pct             0.174    zuk_hp_remaining           1051.025  │
│  min_zuk_hp_seen            1051.118    hp_restored                   0.000  │
│  zuk_healer_damage             0.000    deaths_to_jad                 0.000  │
│  episode_return_normal         1.474    wins_normal                   0.000  │
│  min_zuk_hp_normal          1051.118    score_normal                  0.124  │
│  zuk_objective_normal          0.124    phase_reached_normal          0.114  │
│  death_tick_normal            39.367    frac_min_hp_le_300_no…        0.000  │
╰──────────────────────────────────────────────────────────────────────────────╯

[0;0H╭──────────────────────────────────────────────────────────────────────────────╮
│  PufferLib 4.0      🐡            GPU: 0%      VRAM: 0.4/18G      RAM: 0.6G  │
│                                                                              │
│  Summary          Value    Evaluate   251ms  37%    Losses            Value  │
│  Env       osrs_inferno      GPU      209ms  31%    policy            0.012  │
│  Params          752.1K      Env       41ms   6%    value             0.067  │
│  Steps             9.0M    Train      412ms  62%    entropy           5.502  │
│  SPS             244.6K      Misc       0ms   0%    total             0.037  │
│  Epoch              275      Forwa…     0ms   0%    old_kl            0.002  │
│  Uptime    0d 0h 0m 36s                             kl                0.002  │
│  Remaini…  0d 0h 2m 47s                             clipfrac          0.191  │
│                                                     bc                0.000  │
│                                                                              │
│  User Stats                    Value    User Stats                    Value  │
│  episode_return                1.536    damage_dealt                155.268  │
│  damage_received              66.757    episode_length               41.424  │
│  wins                          0.000    wave                         68.000  │
│  idle_ticks                    0.570    brews_used                    3.122  │
│  blood_healed                  0.000    prayer_correct_rate           0.001  │
│  unavoidable_off_praye…        0.000    brews_remaining               8.878  │
│  restores_remaining           11.095    prayer_at_death              91.240  │
│  current_ranged               94.798    current_magic                86.240  │
│  behind_shield_pct             0.176    zuk_hp_remaining           1044.697  │
│  min_zuk_hp_seen            1044.786    hp_restored                   0.000  │
│  zuk_healer_damage             0.000    deaths_to_jad                 0.000  │
│  episode_return_normal         1.536    wins_normal                   0.000  │
│  min_zuk_hp_normal          1044.786    score_normal                  0.129  │
│  zuk_objective_normal          0.129    phase_reached_normal          0.110  │
│  death_tick_normal            41.424    frac_min_hp_le_300_no…        0.000  │
╰──────────────────────────────────────────────────────────────────────────────╯

[0;0H╭──────────────────────────────────────────────────────────────────────────────╮
│  PufferLib 4.0     🐡             GPU: 0%      VRAM: 0.4/18G      RAM: 0.6G  │
│                                                                              │
│  Summary          Value    Evaluate   249ms  38%    Losses            Value  │
│  Env       osrs_inferno      GPU      208ms  31%    policy            0.001  │
│  Params          752.1K      Env       41ms   6%    value             0.062  │
│  Steps             9.2M    Train      405ms  61%    entropy           5.476  │
│  SPS             247.7K      Misc       0ms   0%    total             0.023  │
│  Epoch              280      Forwa…     0ms   0%    old_kl            0.002  │
│  Uptime    0d 0h 0m 37s                             kl                0.002  │
│  Remaini…  0d 0h 2m 44s                             clipfrac          0.182  │
│                                                     bc                0.000  │
│                                                                              │
│  User Stats                    Value    User Stats                    Value  │
│  episode_return                1.402    damage_dealt                142.249  │
│  damage_received              71.995    episode_length               43.035  │
│  wins                          0.000    wave                         68.000  │
│  idle_ticks                    0.540    brews_used                    3.320  │
│  blood_healed                  0.001    prayer_correct_rate           0.001  │
│  unavoidable_off_praye…        0.000    brews_remaining               8.680  │
│  restores_remaining           11.005    prayer_at_death              91.317  │
│  current_ranged               95.106    current_magic                86.767  │
│  behind_shield_pct             0.181    zuk_hp_remaining           1057.751  │
│  min_zuk_hp_seen            1057.790    hp_restored                   0.000  │
│  zuk_healer_damage             0.000    deaths_to_jad                 0.000  │
│  episode_return_normal         1.402    wins_normal                   0.000  │
│  min_zuk_hp_normal          1057.790    score_normal                  0.119  │
│  zuk_objective_normal          0.119    phase_reached_normal          0.089  │
│  death_tick_normal            43.035    frac_min_hp_le_300_no…        0.000  │
╰──────────────────────────────────────────────────────────────────────────────╯

[0;0H╭──────────────────────────────────────────────────────────────────────────────╮
│  PufferLib 4.0    🐡              GPU: 0%      VRAM: 0.4/18G      RAM: 0.6G  │
│                                                                              │
│  Summary          Value    Evaluate   249ms  37%    Losses            Value  │
│  Env       osrs_inferno      GPU      208ms  31%    policy            0.006  │
│  Params          752.1K      Env       41ms   6%    value             0.063  │
│  Steps             9.3M    Train      410ms  62%    entropy           5.465  │
│  SPS             245.7K      Misc       0ms   0%    total             0.029  │
│  Epoch              285      Forwa…     0ms   0%    old_kl            0.002  │
│  Uptime    0d 0h 0m 37s                             kl                0.002  │
│  Remaini…  0d 0h 2m 45s                             clipfrac          0.185  │
│                                                     bc                0.000  │
│                                                                              │
│  User Stats                    Value    User Stats                    Value  │
│  episode_return                1.571    damage_dealt                158.107  │
│  damage_received              70.591    episode_length               43.704  │
│  wins                          0.000    wave                         68.000  │
│  idle_ticks                    0.620    brews_used                    3.432  │
│  blood_healed                  0.000    prayer_correct_rate           0.000  │
│  unavoidable_off_praye…        0.000    brews_remaining               8.568  │
│  restores_remaining           10.983    prayer_at_death              91.814  │
│  current_ranged               93.988    current_magic                85.879  │
│  behind_shield_pct             0.182    zuk_hp_remaining           1041.742  │
│  min_zuk_hp_seen            1041.905    hp_restored                   0.000  │
│  zuk_healer_damage             0.000    deaths_to_jad                 0.000  │
│  episode_return_normal         1.571    wins_normal                   0.000  │
│  min_zuk_hp_normal          1041.905    score_normal                  0.132  │
│  zuk_objective_normal          0.132    phase_reached_normal          0.086  │
│  death_tick_normal            43.704    frac_min_hp_le_300_no…        0.000  │
╰──────────────────────────────────────────────────────────────────────────────╯

[0;0H╭──────────────────────────────────────────────────────────────────────────────╮
│  PufferLib 4.0   🐡               GPU: 0%      VRAM: 0.4/18G      RAM: 0.6G  │
│                                                                              │
│  Summary          Value    Evaluate   249ms  37%    Losses            Value  │
│  Env       osrs_inferno      GPU      208ms  31%    policy           -0.001  │
│  Params          752.1K      Env       41ms   6%    value             0.059  │
│  Steps             9.5M    Train      413ms  62%    entropy           5.491  │
│  SPS             244.7K      Misc       0ms   0%    total             0.020  │
│  Epoch              290      Forwa…     0ms   0%    old_kl            0.002  │
│  Uptime    0d 0h 0m 38s                             kl                0.002  │
│  Remaini…  0d 0h 2m 45s                             clipfrac          0.178  │
│                                                     bc                0.000  │
│                                                                              │
│  User Stats                    Value    User Stats                    Value  │
│  episode_return                1.490    damage_dealt                150.309  │
│  damage_received              65.580    episode_length               40.784  │
│  wins                          0.000    wave                         68.000  │
│  idle_ticks                    0.626    brews_used                    3.152  │
│  blood_healed                  0.000    prayer_correct_rate           0.002  │
│  unavoidable_off_praye…        0.000    brews_remaining               8.848  │
│  restores_remaining           11.182    prayer_at_death              90.869  │
│  current_ranged               93.607    current_magic                84.953  │
│  behind_shield_pct             0.171    zuk_hp_remaining           1049.660  │
│  min_zuk_hp_seen            1049.712    hp_restored                   0.000  │
│  zuk_healer_damage             0.000    deaths_to_jad                 0.000  │
│  episode_return_normal         1.490    wins_normal                   0.000  │
│  min_zuk_hp_normal          1049.712    score_normal                  0.125  │
│  zuk_objective_normal          0.125    phase_reached_normal          0.082  │
│  death_tick_normal            40.784    frac_min_hp_le_300_no…        0.000  │
╰──────────────────────────────────────────────────────────────────────────────╯

[0;0H╭──────────────────────────────────────────────────────────────────────────────╮
│  PufferLib 4.0  🐡                GPU: 0%      VRAM: 0.4/18G      RAM: 0.6G  │
│                                                                              │
│  Summary          Value    Evaluate   244ms  37%    Losses            Value  │
│  Env       osrs_inferno      GPU      203ms  31%    policy            0.006  │
│  Params          752.1K      Env       40ms   6%    value             0.063  │
│  Steps             9.7M    Train      407ms  62%    entropy           5.433  │
│  SPS             249.1K      Misc       0ms   0%    total             0.029  │
│  Epoch              295      Forwa…     0ms   0%    old_kl            0.002  │
│  Uptime    0d 0h 0m 39s                             kl                0.002  │
│  Remaini…  0d 0h 2m 41s                             clipfrac          0.180  │
│                                                     bc                0.000  │
│                                                                              │
│  User Stats                    Value    User Stats                    Value  │
│  episode_return                1.573    damage_dealt                159.123  │
│  damage_received              67.154    episode_length               41.854  │
│  wins                          0.000    wave                         68.000  │
│  idle_ticks                    0.518    brews_used                    3.094  │
│  blood_healed                  0.000    prayer_correct_rate           0.002  │
│  unavoidable_off_praye…        0.000    brews_remaining               8.906  │
│  restores_remaining           11.065    prayer_at_death              91.345  │
│  current_ranged               95.707    current_magic                86.956  │
│  behind_shield_pct             0.176    zuk_hp_remaining           1040.831  │
│  min_zuk_hp_seen            1040.923    hp_restored                   0.000  │
│  zuk_healer_damage             0.000    deaths_to_jad                 0.000  │
│  episode_return_normal         1.573    wins_normal                   0.000  │
│  min_zuk_hp_normal          1040.923    score_normal                  0.133  │
│  zuk_objective_normal          0.133    phase_reached_normal          0.140  │
│  death_tick_normal            41.854    frac_min_hp_le_300_no…        0.000  │
╰──────────────────────────────────────────────────────────────────────────────╯

[0;0H╭──────────────────────────────────────────────────────────────────────────────╮
│  PufferLib 4.0 🐡                 GPU: 0%      VRAM: 0.4/18G      RAM: 0.6G  │
│                                                                              │
│  Summary          Value    Evaluate   249ms  37%    Losses            Value  │
│  Env       osrs_inferno      GPU      208ms  31%    policy            0.006  │
│  Params          752.1K      Env       41ms   6%    value             0.071  │
│  Steps             9.8M    Train      412ms  62%    entropy           5.437  │
│  SPS             245.5K      Misc       0ms   0%    total             0.033  │
│  Epoch              300      Forwa…     0ms   0%    old_kl            0.002  │
│  Uptime    0d 0h 0m 39s                             kl                0.002  │
│  Remaini…  0d 0h 2m 43s                             clipfrac          0.184  │
│                                                     bc                0.000  │
│                                                                              │
│  User Stats                    Value    User Stats                    Value  │
│  episode_return                1.610    damage_dealt                163.756  │
│  damage_received              73.564    episode_length               44.140  │
│  wins                          0.000    wave                         68.000  │
│  idle_ticks                    0.597    brews_used                    3.447  │
│  blood_healed                  0.000    prayer_correct_rate           0.002  │
│  unavoidable_off_praye…        0.000    brews_remaining               8.553  │
│  restores_remaining           10.894    prayer_at_death              91.935  │
│  current_ranged               95.631    current_magic                87.586  │
│  behind_shield_pct             0.184    zuk_hp_remaining           1036.157  │
│  min_zuk_hp_seen            1036.268    hp_restored                   0.000  │
│  zuk_healer_damage             0.000    deaths_to_jad                 0.000  │
│  episode_return_normal         1.610    wins_normal                   0.000  │
│  min_zuk_hp_normal          1036.268    score_normal                  0.136  │
│  zuk_objective_normal          0.136    phase_reached_normal          0.148  │
│  death_tick_normal            44.140    frac_min_hp_le_300_no…        0.000  │
╰──────────────────────────────────────────────────────────────────────────────╯

[0;0H╭──────────────────────────────────────────────────────────────────────────────╮
│  PufferLib 4.0          🐡        GPU: 0%      VRAM: 0.4/18G      RAM: 0.6G  │
│                                                                              │
│  Summary          Value    Evaluate   250ms  37%    Losses            Value  │
│  Env       osrs_inferno      GPU      209ms  31%    policy           -0.013  │
│  Params          752.1K      Env       41ms   6%    value             0.072  │
│  Steps            10.0M    Train      410ms  62%    entropy           5.397  │
│  SPS             245.5K      Misc       0ms   0%    total             0.015  │
│  Epoch              305      Forwa…     0ms   0%    old_kl            0.002  │
│  Uptime    0d 0h 0m 40s                             kl                0.002  │
│  Remaini…  0d 0h 2m 42s                             clipfrac          0.174  │
│                                                     bc                0.000  │
│                                                                              │
│  User Stats                    Value    User Stats                    Value  │
│  episode_return                1.532    damage_dealt                155.358  │
│  damage_received              64.637    episode_length               41.220  │
│  wins                          0.000    wave                         68.000  │
│  idle_ticks                    0.542    brews_used                    3.081  │
│  blood_healed                  0.000    prayer_correct_rate           0.002  │
│  unavoidable_off_praye…        0.000    brews_remaining               8.919  │
│  restores_remaining           11.143    prayer_at_death              91.066  │
│  current_ranged               95.362    current_magic                86.489  │
│  behind_shield_pct             0.178    zuk_hp_remaining           1044.557  │
│  min_zuk_hp_seen            1044.667    hp_restored                   0.000  │
│  zuk_healer_damage             0.000    deaths_to_jad                 0.000  │
│  episode_return_normal         1.532    wins_normal                   0.000  │
│  min_zuk_hp_normal          1044.667    score_normal                  0.129  │
│  zuk_objective_normal          0.129    phase_reached_normal          0.115  │
│  death_tick_normal            41.220    frac_min_hp_le_300_no…        0.000  │
╰──────────────────────────────────────────────────────────────────────────────╯

[0;0H╭──────────────────────────────────────────────────────────────────────────────╮
│  PufferLib 4.0         🐡         GPU: 0%      VRAM: 0.4/18G      RAM: 0.6G  │
│                                                                              │
│  Summary          Value    Evaluate   249ms  37%    Losses            Value  │
│  Env       osrs_inferno      GPU      208ms  31%    policy            0.023  │
│  Params          752.1K      Env       40ms   6%    value             0.067  │
│  Steps            10.2M    Train      410ms  62%    entropy           5.335  │
│  SPS             246.2K      Misc       0ms   0%    total             0.048  │
│  Epoch              310      Forwa…     0ms   0%    old_kl            0.002  │
│  Uptime    0d 0h 0m 41s                             kl                0.002  │
│  Remaini…  0d 0h 2m 41s                             clipfrac          0.179  │
│                                                     bc                0.000  │
│                                                                              │
│  User Stats                    Value    User Stats                    Value  │
│  episode_return                1.707    damage_dealt                173.769  │
│  damage_received              89.283    episode_length               48.533  │
│  wins                          0.000    wave                         68.000  │
│  idle_ticks                    0.597    brews_used                    4.119  │
│  blood_healed                  0.000    prayer_correct_rate           0.003  │
│  unavoidable_off_praye…        0.000    brews_remaining               7.881  │
│  restores_remaining           10.762    prayer_at_death              91.587  │
│  current_ranged               92.206    current_magic                84.534  │
│  behind_shield_pct             0.182    zuk_hp_remaining           1026.147  │
│  min_zuk_hp_seen            1026.248    hp_restored                   0.000  │
│  zuk_healer_damage             0.000    deaths_to_jad                 0.000  │
│  episode_return_normal         1.707    wins_normal                   0.000  │
│  min_zuk_hp_normal          1026.248    score_normal                  0.145  │
│  zuk_objective_normal          0.145    phase_reached_normal          0.160  │
│  death_tick_normal            48.533    frac_min_hp_le_300_no…        0.000  │
╰──────────────────────────────────────────────────────────────────────────────╯

[0;0H╭──────────────────────────────────────────────────────────────────────────────╮
│  PufferLib 4.0        🐡          GPU: 0%      VRAM: 0.4/18G      RAM: 0.6G  │
│                                                                              │
│  Summary          Value    Evaluate   250ms  37%    Losses            Value  │
│  Env       osrs_inferno      GPU      208ms  31%    policy            0.001  │
│  Params          752.1K      Env       41ms   6%    value             0.068  │
│  Steps            10.3M    Train      409ms  62%    entropy           5.336  │
│  SPS             246.3K      Misc       0ms   0%    total             0.027  │
│  Epoch              315      Forwa…     0ms   0%    old_kl            0.003  │
│  Uptime    0d 0h 0m 41s                             kl                0.003  │
│  Remaini…  0d 0h 2m 41s                             clipfrac          0.183  │
│                                                     bc                0.000  │
│                                                                              │
│  User Stats                    Value    User Stats                    Value  │
│  episode_return                1.564    damage_dealt                159.169  │
│  damage_received              75.242    episode_length               44.435  │
│  wins                          0.000    wave                         68.000  │
│  idle_ticks                    0.594    brews_used                    3.453  │
│  blood_healed                  0.000    prayer_correct_rate           0.002  │
│  unavoidable_off_praye…        0.000    brews_remaining               8.547  │
│  restores_remaining           10.931    prayer_at_death              91.371  │
│  current_ranged               95.418    current_magic                86.898  │
│  behind_shield_pct             0.183    zuk_hp_remaining           1040.793  │
│  min_zuk_hp_seen            1040.834    hp_restored                   0.000  │
│  zuk_healer_damage             0.000    deaths_to_jad                 0.000  │
│  episode_return_normal         1.564    wins_normal                   0.000  │
│  min_zuk_hp_normal          1040.834    score_normal                  0.133  │
│  zuk_objective_normal          0.133    phase_reached_normal          0.131  │
│  death_tick_normal            44.435    frac_min_hp_le_300_no…        0.000  │
╰──────────────────────────────────────────────────────────────────────────────╯

[0;0H╭──────────────────────────────────────────────────────────────────────────────╮
│  PufferLib 4.0       🐡           GPU: 0%      VRAM: 0.4/18G      RAM: 0.6G  │
│                                                                              │
│  Summary          Value    Evaluate   249ms  37%    Losses            Value  │
│  Env       osrs_inferno      GPU      208ms  31%    policy           -0.003  │
│  Params          752.1K      Env       41ms   6%    value             0.077  │
│  Steps            10.5M    Train      410ms  62%    entropy           5.294  │
│  SPS             245.7K      Misc       0ms   0%    total             0.027  │
│  Epoch              320      Forwa…     0ms   0%    old_kl            0.002  │
│  Uptime    0d 0h 0m 42s                             kl                0.002  │
│  Remaini…  0d 0h 2m 40s                             clipfrac          0.192  │
│                                                     bc                0.000  │
│                                                                              │
│  User Stats                    Value    User Stats                    Value  │
│  episode_return                1.721    damage_dealt                174.593  │
│  damage_received              84.086    episode_length               47.415  │
│  wins                          0.000    wave                         68.000  │
│  idle_ticks                    0.620    brews_used                    3.901  │
│  blood_healed                  0.000    prayer_correct_rate           0.001  │
│  unavoidable_off_praye…        0.000    brews_remaining               8.099  │
│  restores_remaining           10.798    prayer_at_death              91.504  │
│  current_ranged               93.199    current_magic                85.349  │
│  behind_shield_pct             0.187    zuk_hp_remaining           1025.300  │
│  min_zuk_hp_seen            1025.422    hp_restored                   0.000  │
│  zuk_healer_damage             0.000    deaths_to_jad                 0.000  │
│  episode_return_normal         1.721    wins_normal                   0.000  │
│  min_zuk_hp_normal          1025.422    score_normal                  0.145  │
│  zuk_objective_normal          0.145    phase_reached_normal          0.183  │
│  death_tick_normal            47.415    frac_min_hp_le_300_no…        0.000  │
╰──────────────────────────────────────────────────────────────────────────────╯

[0;0H╭──────────────────────────────────────────────────────────────────────────────╮
│  PufferLib 4.0      🐡            GPU: 0%      VRAM: 0.4/18G      RAM: 0.6G  │
│                                                                              │
│  Summary          Value    Evaluate   250ms  37%    Losses            Value  │
│  Env       osrs_inferno      GPU      209ms  31%    policy            0.001  │
│  Params          752.1K      Env       41ms   6%    value             0.070  │
│  Steps            10.6M    Train      413ms  62%    entropy           5.248  │
│  SPS             244.4K      Misc       0ms   0%    total             0.028  │
│  Epoch              325      Forwa…     0ms   0%    old_kl            0.002  │
│  Uptime    0d 0h 0m 43s                             kl                0.002  │
│  Remaini…  0d 0h 2m 40s                             clipfrac          0.185  │
│                                                     bc                0.000  │
│                                                                              │
│  User Stats                    Value    User Stats                    Value  │
│  episode_return                1.692    damage_dealt                171.426  │
│  damage_received              82.435    episode_length               45.850  │
│  wins                          0.000    wave                         68.000  │
│  idle_ticks                    0.536    brews_used                    3.768  │
│  blood_healed                  0.000    prayer_correct_rate           0.001  │
│  unavoidable_off_praye…        0.000    brews_remaining               8.232  │
│  restores_remaining           10.908    prayer_at_death              91.128  │
│  current_ranged               92.459    current_magic                84.227  │
│  behind_shield_pct             0.185    zuk_hp_remaining           1028.440  │
│  min_zuk_hp_seen            1028.588    hp_restored                   0.000  │
│  zuk_healer_damage             0.000    deaths_to_jad                 0.000  │
│  episode_return_normal         1.692    wins_normal                   0.000  │
│  min_zuk_hp_normal          1028.588    score_normal                  0.143  │
│  zuk_objective_normal          0.143    phase_reached_normal          0.159  │
│  death_tick_normal            45.850    frac_min_hp_le_300_no…        0.000  │
╰──────────────────────────────────────────────────────────────────────────────╯

[0;0H╭──────────────────────────────────────────────────────────────────────────────╮
│  PufferLib 4.0     🐡             GPU: 0%      VRAM: 0.4/18G      RAM: 0.6G  │
│                                                                              │
│  Summary          Value    Evaluate   249ms  37%    Losses            Value  │
│  Env       osrs_inferno      GPU      207ms  31%    policy           -0.010  │
│  Params          752.1K      Env       41ms   6%    value             0.074  │
│  Steps            10.8M    Train      411ms  62%    entropy           5.204  │
│  SPS             245.6K      Misc       0ms   0%    total             0.019  │
│  Epoch              330      Forwa…     0ms   0%    old_kl            0.002  │
│  Uptime    0d 0h 0m 43s                             kl                0.002  │
│  Remaini…  0d 0h 2m 39s                             clipfrac          0.191  │
│                                                     bc                0.000  │
│                                                                              │
│  User Stats                    Value    User Stats                    Value  │
│  episode_return                1.610    damage_dealt                162.927  │
│  damage_received              78.191    episode_length               44.663  │
│  wins                          0.000    wave                         68.000  │
│  idle_ticks                    0.377    brews_used                    3.648  │
│  blood_healed                  0.000    prayer_correct_rate           0.001  │
│  unavoidable_off_praye…        0.000    brews_remaining               8.352  │
│  restores_remaining           10.933    prayer_at_death              91.537  │
│  current_ranged               93.766    current_magic                85.815  │
│  behind_shield_pct             0.179    zuk_hp_remaining           1036.963  │
│  min_zuk_hp_seen            1037.076    hp_restored                   0.000  │
│  zuk_healer_damage             0.000    deaths_to_jad                 0.000  │
│  episode_return_normal         1.610    wins_normal                   0.000  │
│  min_zuk_hp_normal          1037.076    score_normal                  0.136  │
│  zuk_objective_normal          0.136    phase_reached_normal          0.159  │
│  death_tick_normal            44.663    frac_min_hp_le_300_no…        0.000  │
╰──────────────────────────────────────────────────────────────────────────────╯

[0;0H╭──────────────────────────────────────────────────────────────────────────────╮
│  PufferLib 4.0    🐡              GPU: 0%      VRAM: 0.4/18G      RAM: 0.6G  │
│                                                                              │
│  Summary          Value    Evaluate   251ms  38%    Losses            Value  │
│  Env       osrs_inferno      GPU      209ms  31%    policy           -0.002  │
│  Params          752.1K      Env       41ms   6%    value             0.085  │
│  Steps            11.0M    Train      409ms  61%    entropy           5.186  │
│  SPS             245.5K      Misc       0ms   0%    total             0.032  │
│  Epoch              335      Forwa…     0ms   0%    old_kl            0.003  │
│  Uptime    0d 0h 0m 44s                             kl                0.003  │
│  Remaini…  0d 0h 2m 38s                             clipfrac          0.193  │
│                                                     bc                0.000  │
│                                                                              │
│  User Stats                    Value    User Stats                    Value  │
│  episode_return                1.677    damage_dealt                170.373  │
│  damage_received              72.665    episode_length               44.417  │
│  wins                          0.000    wave                         68.000  │
│  idle_ticks                    0.351    brews_used                    3.388  │
│  blood_healed                  0.000    prayer_correct_rate           0.001  │
│  unavoidable_off_praye…        0.000    brews_remaining               8.612  │
│  restores_remaining           10.928    prayer_at_death              91.184  │
│  current_ranged               95.173    current_magic                86.763  │
│  behind_shield_pct             0.186    zuk_hp_remaining           1029.549  │
│  min_zuk_hp_seen            1029.652    hp_restored                   0.000  │
│  zuk_healer_damage             0.000    deaths_to_jad                 0.000  │
│  episode_return_normal         1.677    wins_normal                   0.000  │
│  min_zuk_hp_normal          1029.652    score_normal                  0.142  │
│  zuk_objective_normal          0.142    phase_reached_normal          0.156  │
│  death_tick_normal            44.417    frac_min_hp_le_300_no…        0.000  │
╰──────────────────────────────────────────────────────────────────────────────╯

[0;0H╭──────────────────────────────────────────────────────────────────────────────╮
│  PufferLib 4.0   🐡               GPU: 0%      VRAM: 0.4/18G      RAM: 0.6G  │
│                                                                              │
│  Summary          Value    Evaluate   242ms  37%    Losses            Value  │
│  Env       osrs_inferno      GPU      203ms  31%    policy           -0.010  │
│  Params          752.1K      Env       39ms   6%    value             0.072  │
│  Steps            11.1M    Train      405ms  62%    entropy           5.163  │
│  SPS             250.3K      Misc       0ms   0%    total             0.018  │
│  Epoch              340      Forwa…     0ms   0%    old_kl            0.003  │
│  Uptime    0d 0h 0m 45s                             kl                0.003  │
│  Remaini…  0d 0h 2m 35s                             clipfrac          0.186  │
│                                                     bc                0.000  │
│                                                                              │
│  User Stats                    Value    User Stats                    Value  │
│  episode_return                1.524    damage_dealt                155.289  │
│  damage_received              72.247    episode_length               45.505  │
│  wins                          0.000    wave                         68.000  │
│  idle_ticks                    0.362    brews_used                    3.488  │
│  blood_healed                  0.000    prayer_correct_rate           0.003  │
│  unavoidable_off_praye…        0.000    brews_remaining               8.512  │
│  restores_remaining           10.823    prayer_at_death              91.575  │
│  current_ranged               95.425    current_magic                86.903  │
│  behind_shield_pct             0.194    zuk_hp_remaining           1044.523  │
│  min_zuk_hp_seen            1044.722    hp_restored                   0.000  │
│  zuk_healer_damage             0.000    deaths_to_jad                 0.000  │
│  episode_return_normal         1.524    wins_normal                   0.000  │
│  min_zuk_hp_normal          1044.722    score_normal                  0.129  │
│  zuk_objective_normal          0.129    phase_reached_normal          0.113  │
│  death_tick_normal            45.505    frac_min_hp_le_300_no…        0.000  │
╰──────────────────────────────────────────────────────────────────────────────╯

[0;0H╭──────────────────────────────────────────────────────────────────────────────╮
│  PufferLib 4.0  🐡                GPU: 0%      VRAM: 0.4/18G      RAM: 0.6G  │
│                                                                              │
│  Summary          Value    Evaluate   245ms  37%    Losses            Value  │
│  Env       osrs_inferno      GPU      204ms  31%    policy           -0.003  │
│  Params          752.1K      Env       40ms   6%    value             0.071  │
│  Steps            11.3M    Train      408ms  62%    entropy           5.152  │
│  SPS             248.2K      Misc       0ms   0%    total             0.024  │
│  Epoch              345      Forwa…     0ms   0%    old_kl            0.003  │
│  Uptime    0d 0h 0m 45s                             kl                0.003  │
│  Remaini…  0d 0h 2m 35s                             clipfrac          0.193  │
│                                                     bc                0.000  │
│                                                                              │
│  User Stats                    Value    User Stats                    Value  │
│  episode_return                1.621    damage_dealt                163.908  │
│  damage_received              69.801    episode_length               43.673  │
│  wins                          0.000    wave                         68.000  │
│  idle_ticks                    0.409    brews_used                    3.331  │
│  blood_healed                  0.002    prayer_correct_rate           0.001  │
│  unavoidable_off_praye…        0.000    brews_remaining               8.669  │
│  restores_remaining           10.994    prayer_at_death              91.095  │
│  current_ranged               94.299    current_magic                85.511  │
│  behind_shield_pct             0.199    zuk_hp_remaining           1035.962  │
│  min_zuk_hp_seen            1036.141    hp_restored                   0.000  │
│  zuk_healer_damage             0.000    deaths_to_jad                 0.000  │
│  episode_return_normal         1.621    wins_normal                   0.000  │
│  min_zuk_hp_normal          1036.141    score_normal                  0.137  │
│  zuk_objective_normal          0.137    phase_reached_normal          0.111  │
│  death_tick_normal            43.673    frac_min_hp_le_300_no…        0.000  │
╰──────────────────────────────────────────────────────────────────────────────╯

[0;0H╭──────────────────────────────────────────────────────────────────────────────╮
│  PufferLib 4.0 🐡                 GPU: 0%      VRAM: 0.4/18G      RAM: 0.6G  │
│                                                                              │
│  Summary          Value    Evaluate   247ms  37%    Losses            Value  │
│  Env       osrs_inferno      GPU      205ms  31%    policy           -0.006  │
│  Params          752.1K      Env       41ms   6%    value             0.078  │
│  Steps            11.5M    Train      408ms  62%    entropy           5.118  │
│  SPS             247.6K      Misc       0ms   0%    total             0.025  │
│  Epoch              350      Forwa…     0ms   0%    old_kl            0.003  │
│  Uptime    0d 0h 0m 46s                             kl                0.003  │
│  Remaini…  0d 0h 2m 35s                             clipfrac          0.199  │
│                                                     bc                0.000  │
│                                                                              │
│  User Stats                    Value    User Stats                    Value  │
│  episode_return                1.520    damage_dealt                154.278  │
│  damage_received              57.698    episode_length               42.887  │
│  wins                          0.000    wave                         68.000  │
│  idle_ticks                    0.401    brews_used                    2.838  │
│  blood_healed                  0.000    prayer_correct_rate           0.001  │
│  unavoidable_off_praye…        0.000    brews_remaining               9.162  │
│  restores_remaining           11.022    prayer_at_death              91.139  │
│  current_ranged               97.834    current_magic                88.666  │
│  behind_shield_pct             0.206    zuk_hp_remaining           1045.617  │
│  min_zuk_hp_seen            1045.777    hp_restored                   0.000  │
│  zuk_healer_damage             0.000    deaths_to_jad                 0.000  │
│  episode_return_normal         1.520    wins_normal                   0.000  │
│  min_zuk_hp_normal          1045.777    score_normal                  0.129  │
│  zuk_objective_normal          0.129    phase_reached_normal          0.138  │
│  death_tick_normal            42.887    frac_min_hp_le_300_no…        0.000  │
╰──────────────────────────────────────────────────────────────────────────────╯

[0;0H╭──────────────────────────────────────────────────────────────────────────────╮
│  PufferLib 4.0          🐡        GPU: 0%      VRAM: 0.4/18G      RAM: 0.6G  │
│                                                                              │
│  Summary          Value    Evaluate   247ms  37%    Losses            Value  │
│  Env       osrs_inferno      GPU      206ms  31%    policy            0.008  │
│  Params          752.1K      Env       41ms   6%    value             0.077  │
│  Steps            11.6M    Train      411ms  62%    entropy           5.073  │
│  SPS             246.1K      Misc       0ms   0%    total             0.038  │
│  Epoch              355      Forwa…     0ms   0%    old_kl            0.003  │
│  Uptime    0d 0h 0m 47s                             kl                0.003  │
│  Remaini…  0d 0h 2m 35s                             clipfrac          0.196  │
│                                                     bc                0.000  │
│                                                                              │
│  User Stats                    Value    User Stats                    Value  │
│  episode_return                1.649    damage_dealt                167.604  │
│  damage_received              53.178    episode_length               41.759  │
│  wins                          0.000    wave                         68.000  │
│  idle_ticks                    0.377    brews_used                    2.670  │
│  blood_healed                  0.000    prayer_correct_rate           0.003  │
│  unavoidable_off_praye…        0.000    brews_remaining               9.330  │
│  restores_remaining           11.003    prayer_at_death              91.222  │
│  current_ranged               98.618    current_magic                89.700  │
│  behind_shield_pct             0.198    zuk_hp_remaining           1032.319  │
│  min_zuk_hp_seen            1032.448    hp_restored                   0.000  │
│  zuk_healer_damage             0.000    deaths_to_jad                 0.000  │
│  episode_return_normal         1.649    wins_normal                   0.000  │
│  min_zuk_hp_normal          1032.448    score_normal                  0.140  │
│  zuk_objective_normal          0.140    phase_reached_normal          0.137  │
│  death_tick_normal            41.759    frac_min_hp_le_300_no…        0.000  │
╰──────────────────────────────────────────────────────────────────────────────╯

[0;0H╭──────────────────────────────────────────────────────────────────────────────╮
│  PufferLib 4.0         🐡         GPU: 0%      VRAM: 0.4/18G      RAM: 0.6G  │
│                                                                              │
│  Summary          Value    Evaluate   248ms  37%    Losses            Value  │
│  Env       osrs_inferno      GPU      207ms  31%    policy           -0.007  │
│  Params          752.1K      Env       41ms   6%    value             0.090  │
│  Steps            11.8M    Train      410ms  62%    entropy           4.909  │
│  SPS             246.4K      Misc       0ms   0%    total             0.030  │
│  Epoch              360      Forwa…     0ms   0%    old_kl            0.004  │
│  Uptime    0d 0h 0m 47s                             kl                0.003  │
│  Remaini…  0d 0h 2m 35s                             clipfrac          0.202  │
│                                                     bc                0.000  │
│                                                                              │
│  User Stats                    Value    User Stats                    Value  │
│  episode_return                2.030    damage_dealt                207.002  │
│  damage_received              76.548    episode_length               49.732  │
│  wins                          0.000    wave                         68.000  │
│  idle_ticks                    0.429    brews_used                    3.842  │
│  blood_healed                  0.000    prayer_correct_rate           0.001  │
│  unavoidable_off_praye…        0.000    brews_remaining               8.158  │
│  restores_remaining           10.646    prayer_at_death              91.685  │
│  current_ranged               95.597    current_magic                87.394  │
│  behind_shield_pct             0.220    zuk_hp_remaining            992.862  │
│  min_zuk_hp_seen             993.012    hp_restored                   0.000  │
│  zuk_healer_damage             0.000    deaths_to_jad                 0.000  │
│  episode_return_normal         2.030    wins_normal                   0.000  │
│  min_zuk_hp_normal           993.012    score_normal                  0.172  │
│  zuk_objective_normal          0.172    phase_reached_normal          0.260  │
│  death_tick_normal            49.732    frac_min_hp_le_300_no…        0.000  │
╰──────────────────────────────────────────────────────────────────────────────╯

[0;0H╭──────────────────────────────────────────────────────────────────────────────╮
│  PufferLib 4.0        🐡          GPU: 0%      VRAM: 0.4/18G      RAM: 0.6G  │
│                                                                              │
│  Summary          Value    Evaluate   247ms  37%    Losses            Value  │
│  Env       osrs_inferno      GPU      206ms  31%    policy            0.010  │
│  Params          752.1K      Env       41ms   6%    value             0.094  │
│  Steps            12.0M    Train      408ms  62%    entropy           4.885  │
│  SPS             247.2K      Misc       0ms   0%    total             0.050  │
│  Epoch              365      Forwa…     0ms   0%    old_kl            0.004  │
│  Uptime    0d 0h 0m 48s                             kl                0.003  │
│  Remaini…  0d 0h 2m 33s                             clipfrac          0.212  │
│                                                     bc                0.000  │
│                                                                              │
│  User Stats                    Value    User Stats                    Value  │
│  episode_return                1.993    damage_dealt                204.553  │
│  damage_received              86.243    episode_length               53.194  │
│  wins                          0.000    wave                         68.000  │
│  idle_ticks                    0.488    brews_used                    4.198  │
│  blood_healed                  0.000    prayer_correct_rate           0.008  │
│  unavoidable_off_praye…        0.000    brews_remaining               7.802  │
│  restores_remaining           10.411    prayer_at_death              91.446  │
│  current_ranged               94.080    current_magic                86.624  │
│  behind_shield_pct             0.230    zuk_hp_remaining            995.439  │
│  min_zuk_hp_seen             995.581    hp_restored                   0.000  │
│  zuk_healer_damage             0.000    deaths_to_jad                 0.000  │
│  episode_return_normal         1.993    wins_normal                   0.000  │
│  min_zuk_hp_normal           995.581    score_normal                  0.170  │
│  zuk_objective_normal          0.170    phase_reached_normal          0.272  │
│  death_tick_normal            53.194    frac_min_hp_le_300_no…        0.001  │
╰──────────────────────────────────────────────────────────────────────────────╯

[0;0H╭──────────────────────────────────────────────────────────────────────────────╮
│  PufferLib 4.0       🐡           GPU: 0%      VRAM: 0.4/18G      RAM: 0.6G  │
│                                                                              │
│  Summary          Value    Evaluate   249ms  37%    Losses            Value  │
│  Env       osrs_inferno      GPU      208ms  31%    policy            0.000  │
│  Params          752.1K      Env       41ms   6%    value             0.095  │
│  Steps            12.1M    Train      411ms  62%    entropy           4.901  │
│  SPS             245.7K      Misc       0ms   0%    total             0.040  │
│  Epoch              370      Forwa…     0ms   0%    old_kl            0.003  │
│  Uptime    0d 0h 0m 49s                             kl                0.003  │
│  Remaini…  0d 0h 2m 34s                             clipfrac          0.201  │
│                                                     bc                0.000  │
│                                                                              │
│  User Stats                    Value    User Stats                    Value  │
│  episode_return                1.674    damage_dealt                170.640  │
│  damage_received              66.369    episode_length               45.640  │
│  wins                          0.000    wave                         68.000  │
│  idle_ticks                    0.417    brews_used                    3.224  │
│  blood_healed                  0.000    prayer_correct_rate           0.004  │
│  unavoidable_off_praye…        0.000    brews_remaining               8.776  │
│  restores_remaining           10.885    prayer_at_death              91.232  │
│  current_ranged               97.374    current_magic                88.581  │
│  behind_shield_pct             0.222    zuk_hp_remaining           1029.295  │
│  min_zuk_hp_seen            1029.409    hp_restored                   0.000  │
│  zuk_healer_damage             0.000    deaths_to_jad                 0.001  │
│  episode_return_normal         1.674    wins_normal                   0.000  │
│  min_zuk_hp_normal          1029.409    score_normal                  0.142  │
│  zuk_objective_normal          0.142    phase_reached_normal          0.171  │
│  death_tick_normal            45.640    frac_min_hp_le_300_no…        0.001  │
╰──────────────────────────────────────────────────────────────────────────────╯

[0;0H╭──────────────────────────────────────────────────────────────────────────────╮
│  PufferLib 4.0      🐡            GPU: 0%      VRAM: 0.4/18G      RAM: 0.6G  │
│                                                                              │
│  Summary          Value    Evaluate   251ms  37%    Losses            Value  │
│  Env       osrs_inferno      GPU      209ms  31%    policy           -0.010  │
│  Params          752.1K      Env       41ms   6%    value             0.084  │
│  Steps            12.3M    Train      412ms  62%    entropy           4.855  │
│  SPS             244.5K      Misc       0ms   0%    total             0.025  │
│  Epoch              375      Forwa…     0ms   0%    old_kl            0.003  │
│  Uptime    0d 0h 0m 49s                             kl                0.003  │
│  Remaini…  0d 0h 2m 34s                             clipfrac          0.205  │
│                                                     bc                0.000  │
│                                                                              │
│  User Stats                    Value    User Stats                    Value  │
│  episode_return                1.841    damage_dealt                189.684  │
│  damage_received              73.164    episode_length               49.648  │
│  wins                          0.000    wave                         68.000  │
│  idle_ticks                    0.522    brews_used                    3.664  │
│  blood_healed                  0.000    prayer_correct_rate           0.004  │
│  unavoidable_off_praye…        0.000    brews_remaining               8.336  │
│  restores_remaining           10.589    prayer_at_death              91.646  │
│  current_ranged               96.878    current_magic                88.965  │
│  behind_shield_pct             0.233    zuk_hp_remaining           1010.159  │
│  min_zuk_hp_seen            1010.354    hp_restored                   0.000  │
│  zuk_healer_damage             0.000    deaths_to_jad                 0.000  │
│  episode_return_normal         1.841    wins_normal                   0.000  │
│  min_zuk_hp_normal          1010.354    score_normal                  0.158  │
│  zuk_objective_normal          0.158    phase_reached_normal          0.231  │
│  death_tick_normal            49.648    frac_min_hp_le_300_no…        0.000  │
╰──────────────────────────────────────────────────────────────────────────────╯

[0;0H╭──────────────────────────────────────────────────────────────────────────────╮
│  PufferLib 4.0     🐡             GPU: 0%      VRAM: 0.4/18G      RAM: 0.6G  │
│                                                                              │
│  Summary          Value    Evaluate   250ms  37%    Losses            Value  │
│  Env       osrs_inferno      GPU      208ms  31%    policy            0.020  │
│  Params          752.1K      Env       41ms   6%    value             0.087  │
│  Steps            12.5M    Train      409ms  62%    entropy           4.797  │
│  SPS             246.2K      Misc       0ms   0%    total             0.057  │
│  Epoch              380      Forwa…     0ms   0%    old_kl            0.004  │
│  Uptime    0d 0h 0m 50s                             kl                0.003  │
│  Remaini…  0d 0h 2m 32s                             clipfrac          0.210  │
│                                                     bc                0.000  │
│                                                                              │
│  User Stats                    Value    User Stats                    Value  │
│  episode_return                2.164    damage_dealt                224.206  │
│  damage_received              87.880    episode_length               58.083  │
│  wins                          0.000    wave                         68.000  │
│  idle_ticks                    0.662    brews_used                    4.436  │
│  blood_healed                  0.000    prayer_correct_rate           0.006  │
│  unavoidable_off_praye…        0.000    brews_remaining               7.564  │
│  restores_remaining           10.152    prayer_at_death              92.065  │
│  current_ranged               95.380    current_magic                88.496  │
│  behind_shield_pct             0.260    zuk_hp_remaining            975.706  │
│  min_zuk_hp_seen             975.806    hp_restored                   0.000  │
│  zuk_healer_damage             0.000    deaths_to_jad                 0.000  │
│  episode_return_normal         2.164    wins_normal                   0.000  │
│  min_zuk_hp_normal           975.806    score_normal                  0.187  │
│  zuk_objective_normal          0.187    phase_reached_normal          0.315  │
│  death_tick_normal            58.083    frac_min_hp_le_300_no…        0.000  │
╰──────────────────────────────────────────────────────────────────────────────╯

[0;0H╭──────────────────────────────────────────────────────────────────────────────╮
│  PufferLib 4.0    🐡              GPU: 0%      VRAM: 0.4/18G      RAM: 0.6G  │
│                                                                              │
│  Summary          Value    Evaluate   248ms  37%    Losses            Value  │
│  Env       osrs_inferno      GPU      206ms  31%    policy           -0.003  │
│  Params          752.1K      Env       41ms   6%    value             0.086  │
│  Steps            12.6M    Train      407ms  62%    entropy           4.812  │
│  SPS             247.7K      Misc       0ms   0%    total             0.033  │
│  Epoch              385      Forwa…     0ms   0%    old_kl            0.003  │
│  Uptime    0d 0h 0m 51s                             kl                0.003  │
│  Remaini…  0d 0h 2m 30s                             clipfrac          0.203  │
│                                                     bc                0.000  │
│                                                                              │
│  User Stats                    Value    User Stats                    Value  │
│  episode_return                1.748    damage_dealt                180.311  │
│  damage_received              76.328    episode_length               51.821  │
│  wins                          0.000    wave                         68.000  │
│  idle_ticks                    0.596    brews_used                    3.832  │
│  blood_healed                  0.000    prayer_correct_rate           0.010  │
│  unavoidable_off_praye…        0.000    brews_remaining               8.168  │
│  restores_remaining           10.487    prayer_at_death              91.728  │
│  current_ranged               96.280    current_magic                88.381  │
│  behind_shield_pct             0.245    zuk_hp_remaining           1019.626  │
│  min_zuk_hp_seen            1019.705    hp_restored                   0.000  │
│  zuk_healer_damage             0.000    deaths_to_jad                 0.000  │
│  episode_return_normal         1.748    wins_normal                   0.000  │
│  min_zuk_hp_normal          1019.705    score_normal                  0.150  │
│  zuk_objective_normal          0.150    phase_reached_normal          0.175  │
│  death_tick_normal            51.821    frac_min_hp_le_300_no…        0.000  │
╰──────────────────────────────────────────────────────────────────────────────╯

[0;0H╭──────────────────────────────────────────────────────────────────────────────╮
│  PufferLib 4.0   🐡               GPU: 0%      VRAM: 0.4/18G      RAM: 0.6G  │
│                                                                              │
│  Summary          Value    Evaluate   247ms  37%    Losses            Value  │
│  Env       osrs_inferno      GPU      206ms  31%    policy           -0.008  │
│  Params          752.1K      Env       41ms   6%    value             0.078  │
│  Steps            12.8M    Train      411ms  62%    entropy           4.764  │
│  SPS             246.2K      Misc       0ms   0%    total             0.023  │
│  Epoch              390      Forwa…     0ms   0%    old_kl            0.004  │
│  Uptime    0d 0h 0m 51s                             kl                0.003  │
│  Remaini…  0d 0h 2m 31s                             clipfrac          0.211  │
│                                                     bc                0.000  │
│                                                                              │
│  User Stats                    Value    User Stats                    Value  │
│  episode_return                1.845    damage_dealt                188.516  │
│  damage_received              70.228    episode_length               50.151  │
│  wins                          0.000    wave                         68.000  │
│  idle_ticks                    0.550    brews_used                    3.497  │
│  blood_healed                  0.000    prayer_correct_rate           0.004  │
│  unavoidable_off_praye…        0.000    brews_remaining               8.503  │
│  restores_remaining           10.658    prayer_at_death              91.184  │
│  current_ranged               95.728    current_magic                87.447  │
│  behind_shield_pct             0.253    zuk_hp_remaining           1011.395  │
│  min_zuk_hp_seen            1011.499    hp_restored                   0.000  │
│  zuk_healer_damage             0.000    deaths_to_jad                 0.000  │
│  episode_return_normal         1.845    wins_normal                   0.000  │
│  min_zuk_hp_normal          1011.499    score_normal                  0.157  │
│  zuk_objective_normal          0.157    phase_reached_normal          0.189  │
│  death_tick_normal            50.151    frac_min_hp_le_300_no…        0.000  │
╰──────────────────────────────────────────────────────────────────────────────╯

[0;0H╭──────────────────────────────────────────────────────────────────────────────╮
│  PufferLib 4.0  🐡                GPU: 0%      VRAM: 0.4/18G      RAM: 0.6G  │
│                                                                              │
│  Summary          Value    Evaluate   248ms  37%    Losses            Value  │
│  Env       osrs_inferno      GPU      207ms  31%    policy            0.006  │
│  Params          752.1K      Env       41ms   6%    value             0.084  │
│  Steps            12.9M    Train      407ms  62%    entropy           4.742  │
│  SPS             247.4K      Misc       0ms   0%    total             0.040  │
│  Epoch              395      Forwa…     0ms   0%    old_kl            0.003  │
│  Uptime    0d 0h 0m 52s                             kl                0.003  │
│  Remaini…  0d 0h 2m 29s                             clipfrac          0.214  │
│                                                     bc                0.000  │
│                                                                              │
│  User Stats                    Value    User Stats                    Value  │
│  episode_return                2.002    damage_dealt                203.954  │
│  damage_received              68.896    episode_length               49.594  │
│  wins                          0.000    wave                         68.000  │
│  idle_ticks                    0.579    brews_used                    3.445  │
│  blood_healed                  0.000    prayer_correct_rate           0.002  │
│  unavoidable_off_praye…        0.000    brews_remaining               8.555  │
│  restores_remaining           10.769    prayer_at_death              91.009  │
│  current_ranged               95.448    current_magic                87.220  │
│  behind_shield_pct             0.255    zuk_hp_remaining            996.010  │
│  min_zuk_hp_seen             996.049    hp_restored                   0.000  │
│  zuk_healer_damage             0.000    deaths_to_jad                 0.000  │
│  episode_return_normal         2.002    wins_normal                   0.000  │
│  min_zuk_hp_normal           996.049    score_normal                  0.170  │
│  zuk_objective_normal          0.170    phase_reached_normal          0.231  │
│  death_tick_normal            49.594    frac_min_hp_le_300_no…        0.000  │
╰──────────────────────────────────────────────────────────────────────────────╯

[0;0H╭──────────────────────────────────────────────────────────────────────────────╮
│  PufferLib 4.0 🐡                 GPU: 0%      VRAM: 0.4/18G      RAM: 0.6G  │
│                                                                              │
│  Summary          Value    Evaluate   253ms  38%    Losses            Value  │
│  Env       osrs_inferno      GPU      207ms  31%    policy            0.009  │
│  Params          752.1K      Env       45ms   6%    value             0.088  │
│  Steps            13.1M    Train      406ms  61%    entropy           4.759  │
│  SPS             245.7K      Misc       0ms   0%    total             0.045  │
│  Epoch              400      Forwa…     0ms   0%    old_kl            0.004  │
│  Uptime    0d 0h 0m 53s                             kl                0.004  │
│  Remaini…  0d 0h 2m 30s                             clipfrac          0.219  │
│                                                     bc                0.000  │
│                                                                              │
│  User Stats                    Value    User Stats                    Value  │
│  episode_return                2.101    damage_dealt                215.589  │
│  damage_received              80.060    episode_length               52.827  │
│  wins                          0.000    wave                         68.000  │
│  idle_ticks                    0.542    brews_used                    4.029  │
│  blood_healed                  0.000    prayer_correct_rate           0.004  │
│  unavoidable_off_praye…        0.000    brews_remaining               7.971  │
│  restores_remaining           10.458    prayer_at_death              91.624  │
│  current_ranged               96.106    current_magic                88.542  │
│  behind_shield_pct             0.266    zuk_hp_remaining            984.361  │
│  min_zuk_hp_seen             984.418    hp_restored                   0.000  │
│  zuk_healer_damage             0.000    deaths_to_jad                 0.000  │
│  episode_return_normal         2.101    wins_normal                   0.000  │
│  min_zuk_hp_normal           984.418    score_normal                  0.180  │
│  zuk_objective_normal          0.180    phase_reached_normal          0.289  │
│  death_tick_normal            52.827    frac_min_hp_le_300_no…        0.000  │
╰──────────────────────────────────────────────────────────────────────────────╯

[0;0H╭──────────────────────────────────────────────────────────────────────────────╮
│  PufferLib 4.0          🐡        GPU: 0%      VRAM: 0.4/18G      RAM: 0.6G  │
│                                                                              │
│  Summary          Value    Evaluate   247ms  37%    Losses            Value  │
│  Env       osrs_inferno      GPU      206ms  31%    policy            0.007  │
│  Params          752.1K      Env       41ms   6%    value             0.096  │
│  Steps            13.3M    Train      409ms  62%    entropy           4.740  │
│  SPS             246.9K      Misc       0ms   0%    total             0.048  │
│  Epoch              405      Forwa…     0ms   0%    old_kl            0.005  │
│  Uptime    0d 0h 0m 53s                             kl                0.004  │
│  Remaini…  0d 0h 2m 28s                             clipfrac          0.215  │
│                                                     bc                0.000  │
│                                                                              │
│  User Stats                    Value    User Stats                    Value  │
│  episode_return                2.010    damage_dealt                205.576  │
│  damage_received              83.297    episode_length               53.893  │
│  wins                          0.000    wave                         68.000  │
│  idle_ticks                    0.640    brews_used                    4.168  │
│  blood_healed                  0.000    prayer_correct_rate           0.004  │
│  unavoidable_off_praye…        0.000    brews_remaining               7.832  │
│  restores_remaining           10.415    prayer_at_death              91.799  │
│  current_ranged               94.985    current_magic                87.403  │
│  behind_shield_pct             0.275    zuk_hp_remaining            994.325  │
│  min_zuk_hp_seen             994.433    hp_restored                   0.000  │
│  zuk_healer_damage             0.000    deaths_to_jad                 0.000  │
│  episode_return_normal         2.010    wins_normal                   0.000  │
│  min_zuk_hp_normal           994.433    score_normal                  0.171  │
│  zuk_objective_normal          0.171    phase_reached_normal          0.255  │
│  death_tick_normal            53.893    frac_min_hp_le_300_no…        0.000  │
╰──────────────────────────────────────────────────────────────────────────────╯

[0;0H╭──────────────────────────────────────────────────────────────────────────────╮
│  PufferLib 4.0         🐡         GPU: 0%      VRAM: 0.4/18G      RAM: 0.6G  │
│                                                                              │
│  Summary          Value    Evaluate   247ms  37%    Losses            Value  │
│  Env       osrs_inferno      GPU      206ms  31%    policy            0.018  │
│  Params          752.1K      Env       41ms   6%    value             0.082  │
│  Steps            13.4M    Train      408ms  62%    entropy           4.764  │
│  SPS             247.5K      Misc       0ms   0%    total             0.051  │
│  Epoch              410      Forwa…     0ms   0%    old_kl            0.004  │
│  Uptime    0d 0h 0m 54s                             kl                0.004  │
│  Remaini…  0d 0h 2m 27s                             clipfrac          0.207  │
│                                                     bc                0.000  │
│                                                                              │
│  User Stats                    Value    User Stats                    Value  │
│  episode_return                2.049    damage_dealt                210.471  │
│  damage_received              86.164    episode_length               54.594  │
│  wins                          0.000    wave                         68.000  │
│  idle_ticks                    0.646    brews_used                    4.209  │
│  blood_healed                  0.000    prayer_correct_rate           0.004  │
│  unavoidable_off_praye…        0.000    brews_remaining               7.791  │
│  restores_remaining           10.469    prayer_at_death              91.208  │
│  current_ranged               93.232    current_magic                85.600  │
│  behind_shield_pct             0.275    zuk_hp_remaining            989.403  │
│  min_zuk_hp_seen             989.533    hp_restored                   0.000  │
│  zuk_healer_damage             0.000    deaths_to_jad                 0.000  │
│  episode_return_normal         2.049    wins_normal                   0.000  │
│  min_zuk_hp_normal           989.533    score_normal                  0.175  │
│  zuk_objective_normal          0.175    phase_reached_normal          0.272  │
│  death_tick_normal            54.594    frac_min_hp_le_300_no…        0.000  │
╰──────────────────────────────────────────────────────────────────────────────╯

[0;0H╭──────────────────────────────────────────────────────────────────────────────╮
│  PufferLib 4.0        🐡          GPU: 0%      VRAM: 0.4/18G      RAM: 0.6G  │
│                                                                              │
│  Summary          Value    Evaluate   247ms  37%    Losses            Value  │
│  Env       osrs_inferno      GPU      204ms  31%    policy           -0.009  │
│  Params          752.1K      Env       43ms   6%    value             0.084  │
│  Steps            13.6M    Train      408ms  62%    entropy           4.790  │
│  SPS             246.9K      Misc       0ms   0%    total             0.026  │
│  Epoch              415      Forwa…     0ms   0%    old_kl            0.004  │
│  Uptime    0d 0h 0m 55s                             kl                0.003  │
│  Remaini…  0d 0h 2m 27s                             clipfrac          0.212  │
│                                                     bc                0.000  │
│                                                                              │
│  User Stats                    Value    User Stats                    Value  │
│  episode_return                1.766    damage_dealt                180.719  │
│  damage_received              67.447    episode_length               48.122  │
│  wins                          0.000    wave                         68.000  │
│  idle_ticks                    0.709    brews_used                    3.347  │
│  blood_healed                  0.000    prayer_correct_rate           0.006  │
│  unavoidable_off_praye…        0.000    brews_remaining               8.653  │
│  restores_remaining           10.800    prayer_at_death              90.908  │
│  current_ranged               97.293    current_magic                88.580  │
│  behind_shield_pct             0.267    zuk_hp_remaining           1019.233  │
│  min_zuk_hp_seen            1019.289    hp_restored                   0.000  │
│  zuk_healer_damage             0.000    deaths_to_jad                 0.000  │
│  episode_return_normal         1.766    wins_normal                   0.000  │
│  min_zuk_hp_normal          1019.289    score_normal                  0.151  │
│  zuk_objective_normal          0.151    phase_reached_normal          0.220  │
│  death_tick_normal            48.122    frac_min_hp_le_300_no…        0.000  │
╰──────────────────────────────────────────────────────────────────────────────╯

[0;0H╭──────────────────────────────────────────────────────────────────────────────╮
│  PufferLib 4.0       🐡           GPU: 0%      VRAM: 0.4/18G      RAM: 0.6G  │
│                                                                              │
│  Summary          Value    Evaluate   247ms  37%    Losses            Value  │
│  Env       osrs_inferno      GPU      206ms  31%    policy           -0.012  │
│  Params          752.1K      Env       41ms   6%    value             0.084  │
│  Steps            13.8M    Train      409ms  62%    entropy           4.762  │
│  SPS             246.8K      Misc       0ms   0%    total             0.023  │
│  Epoch              420      Forwa…     0ms   0%    old_kl            0.003  │
│  Uptime    0d 0h 0m 55s                             kl                0.003  │
│  Remaini…  0d 0h 2m 26s                             clipfrac          0.210  │
│                                                     bc                0.000  │
│                                                                              │
│  User Stats                    Value    User Stats                    Value  │
│  episode_return                1.919    damage_dealt                198.502  │
│  damage_received              78.399    episode_length               53.096  │
│  wins                          0.000    wave                         68.000  │
│  idle_ticks                    0.793    brews_used                    3.963  │
│  blood_healed                  0.000    prayer_correct_rate           0.008  │
│  unavoidable_off_praye…        0.000    brews_remaining               8.037  │
│  restores_remaining           10.475    prayer_at_death              91.392  │
│  current_ranged               95.654    current_magic                88.084  │
│  behind_shield_pct             0.261    zuk_hp_remaining           1001.406  │
│  min_zuk_hp_seen            1001.561    hp_restored                   0.000  │
│  zuk_healer_damage             0.000    deaths_to_jad                 0.000  │
│  episode_return_normal         1.919    wins_normal                   0.000  │
│  min_zuk_hp_normal          1001.561    score_normal                  0.165  │
│  zuk_objective_normal          0.165    phase_reached_normal          0.253  │
│  death_tick_normal            53.096    frac_min_hp_le_300_no…        0.000  │
╰──────────────────────────────────────────────────────────────────────────────╯

[0;0H╭──────────────────────────────────────────────────────────────────────────────╮
│  PufferLib 4.0      🐡            GPU: 0%      VRAM: 0.4/18G      RAM: 0.6G  │
│                                                                              │
│  Summary          Value    Evaluate   245ms  37%    Losses            Value  │
│  Env       osrs_inferno      GPU      204ms  31%    policy           -0.013  │
│  Params          752.1K      Env       41ms   6%    value             0.087  │
│  Steps            13.9M    Train      411ms  62%    entropy           4.708  │
│  SPS             246.9K      Misc       0ms   0%    total             0.023  │
│  Epoch              425      Forwa…     0ms   0%    old_kl            0.004  │
│  Uptime    0d 0h 0m 56s                             kl                0.004  │
│  Remaini…  0d 0h 2m 26s                             clipfrac          0.213  │
│                                                     bc                0.000  │
│                                                                              │
│  User Stats                    Value    User Stats                    Value  │
│  episode_return                2.095    damage_dealt                215.167  │
│  damage_received              86.210    episode_length               55.827  │
│  wins                          0.000    wave                         68.000  │
│  idle_ticks                    0.899    brews_used                    4.314  │
│  blood_healed                  0.000    prayer_correct_rate           0.007  │
│  unavoidable_off_praye…        0.000    brews_remaining               7.686  │
│  restores_remaining           10.344    prayer_at_death              91.690  │
│  current_ranged               94.913    current_magic                87.894  │
│  behind_shield_pct             0.281    zuk_hp_remaining            984.773  │
│  min_zuk_hp_seen             984.834    hp_restored                   0.000  │
│  zuk_healer_damage             0.000    deaths_to_jad                 0.000  │
│  episode_return_normal         2.095    wins_normal                   0.000  │
│  min_zuk_hp_normal           984.834    score_normal                  0.179  │
│  zuk_objective_normal          0.179    phase_reached_normal          0.282  │
│  death_tick_normal            55.827    frac_min_hp_le_300_no…        0.000  │
╰──────────────────────────────────────────────────────────────────────────────╯

[0;0H╭──────────────────────────────────────────────────────────────────────────────╮
│  PufferLib 4.0     🐡             GPU: 0%      VRAM: 0.4/18G      RAM: 0.6G  │
│                                                                              │
│  Summary          Value    Evaluate   248ms  37%    Losses            Value  │
│  Env       osrs_inferno      GPU      205ms  31%    policy           -0.012  │
│  Params          752.1K      Env       43ms   6%    value             0.089  │
│  Steps            14.1M    Train      413ms  62%    entropy           4.752  │
│  SPS             245.2K      Misc       0ms   0%    total             0.025  │
│  Epoch              430      Forwa…     0ms   0%    old_kl            0.004  │
│  Uptime    0d 0h 0m 57s                             kl                0.003  │
│  Remaini…  0d 0h 2m 26s                             clipfrac          0.210  │
│                                                     bc                0.000  │
│                                                                              │
│  User Stats                    Value    User Stats                    Value  │
│  episode_return                1.843    damage_dealt                189.301  │
│  damage_received              76.250    episode_length               51.474  │
│  wins                          0.000    wave                         68.000  │
│  idle_ticks                    0.820    brews_used                    3.840  │
│  blood_healed                  0.000    prayer_correct_rate           0.004  │
│  unavoidable_off_praye…        0.000    brews_remaining               8.160  │
│  restores_remaining           10.585    prayer_at_death              91.328  │
│  current_ranged               95.816    current_magic                87.999  │
│  behind_shield_pct             0.257    zuk_hp_remaining           1010.628  │
│  min_zuk_hp_seen            1010.705    hp_restored                   0.000  │
│  zuk_healer_damage             0.000    deaths_to_jad                 0.000  │
│  episode_return_normal         1.843    wins_normal                   0.000  │
│  min_zuk_hp_normal          1010.705    score_normal                  0.158  │
│  zuk_objective_normal          0.158    phase_reached_normal          0.223  │
│  death_tick_normal            51.474    frac_min_hp_le_300_no…        0.000  │
╰──────────────────────────────────────────────────────────────────────────────╯

[0;0H╭──────────────────────────────────────────────────────────────────────────────╮
│  PufferLib 4.0    🐡              GPU: 0%      VRAM: 0.4/18G      RAM: 0.6G  │
│                                                                              │
│  Summary          Value    Evaluate   248ms  37%    Losses            Value  │
│  Env       osrs_inferno      GPU      206ms  31%    policy            0.009  │
│  Params          752.1K      Env       41ms   6%    value             0.080  │
│  Steps            14.3M    Train      410ms  62%    entropy           4.710  │
│  SPS             246.3K      Misc       0ms   0%    total             0.042  │
│  Epoch              435      Forwa…     0ms   0%    old_kl            0.003  │
│  Uptime    0d 0h 0m 57s                             kl                0.003  │
│  Remaini…  0d 0h 2m 25s                             clipfrac          0.212  │
│                                                     bc                0.000  │
│                                                                              │
│  User Stats                    Value    User Stats                    Value  │
│  episode_return                1.855    damage_dealt                189.613  │
│  damage_received              70.783    episode_length               49.701  │
│  wins                          0.000    wave                         68.000  │
│  idle_ticks                    0.829    brews_used                    3.531  │
│  blood_healed                  0.000    prayer_correct_rate           0.004  │
│  unavoidable_off_praye…        0.000    brews_remaining               8.469  │
│  restores_remaining           10.719    prayer_at_death              91.191  │
│  current_ranged               97.309    current_magic                88.909  │
│  behind_shield_pct             0.281    zuk_hp_remaining           1010.267  │
│  min_zuk_hp_seen            1010.388    hp_restored                   0.000  │
│  zuk_healer_damage             0.000    deaths_to_jad                 0.000  │
│  episode_return_normal         1.855    wins_normal                   0.000  │
│  min_zuk_hp_normal          1010.388    score_normal                  0.158  │
│  zuk_objective_normal          0.158    phase_reached_normal          0.220  │
│  death_tick_normal            49.701    frac_min_hp_le_300_no…        0.000  │
╰──────────────────────────────────────────────────────────────────────────────╯

[0;0H╭──────────────────────────────────────────────────────────────────────────────╮
│  PufferLib 4.0   🐡               GPU: 0%      VRAM: 0.4/18G      RAM: 0.6G  │
│                                                                              │
│  Summary          Value    Evaluate   248ms  37%    Losses            Value  │
│  Env       osrs_inferno      GPU      207ms  31%    policy            0.009  │
│  Params          752.1K      Env       41ms   6%    value             0.078  │
│  Steps            14.4M    Train      408ms  62%    entropy           4.682  │
│  SPS             246.9K      Misc       0ms   0%    total             0.040  │
│  Epoch              440      Forwa…     0ms   0%    old_kl            0.003  │
│  Uptime    0d 0h 0m 58s                             kl                0.003  │
│  Remaini…  0d 0h 2m 24s                             clipfrac          0.209  │
│                                                     bc                0.000  │
│                                                                              │
│  User Stats                    Value    User Stats                    Value  │
│  episode_return                1.829    damage_dealt                186.994  │
│  damage_received              70.133    episode_length               48.972  │
│  wins                          0.000    wave                         68.000  │
│  idle_ticks                    0.835    brews_used                    3.409  │
│  blood_healed                  0.000    prayer_correct_rate           0.005  │
│  unavoidable_off_praye…        0.000    brews_remaining               8.591  │
│  restores_remaining           10.790    prayer_at_death              91.029  │
│  current_ranged               97.201    current_magic                88.759  │
│  behind_shield_pct             0.274    zuk_hp_remaining           1012.980  │
│  min_zuk_hp_seen            1013.021    hp_restored                   0.000  │
│  zuk_healer_damage             0.000    deaths_to_jad                 0.000  │
│  episode_return_normal         1.829    wins_normal                   0.000  │
│  min_zuk_hp_normal          1013.021    score_normal                  0.156  │
│  zuk_objective_normal          0.156    phase_reached_normal          0.209  │
│  death_tick_normal            48.972    frac_min_hp_le_300_no…        0.000  │
╰──────────────────────────────────────────────────────────────────────────────╯

[0;0H╭──────────────────────────────────────────────────────────────────────────────╮
│  PufferLib 4.0  🐡                GPU: 0%      VRAM: 0.4/18G      RAM: 0.6G  │
│                                                                              │
│  Summary          Value    Evaluate   248ms  37%    Losses            Value  │
│  Env       osrs_inferno      GPU      206ms  31%    policy           -0.001  │
│  Params          752.1K      Env       42ms   6%    value             0.080  │
│  Steps            14.6M    Train      410ms  62%    entropy           4.604  │
│  SPS             246.0K      Misc       0ms   0%    total             0.032  │
│  Epoch              445      Forwa…     0ms   0%    old_kl            0.005  │
│  Uptime    0d 0h 0m 59s                             kl                0.004  │
│  Remaini…  0d 0h 2m 23s                             clipfrac          0.216  │
│                                                     bc                0.000  │
│                                                                              │
│  User Stats                    Value    User Stats                    Value  │
│  episode_return                2.013    damage_dealt                207.855  │
│  damage_received              79.184    episode_length               55.985  │
│  wins                          0.000    wave                         68.000  │
│  idle_ticks                    0.788    brews_used                    3.973  │
│  blood_healed                  0.000    prayer_correct_rate           0.008  │
│  unavoidable_off_praye…        0.000    brews_remaining               8.027  │
│  restores_remaining           10.429    prayer_at_death              90.972  │
│  current_ranged               95.388    current_magic                87.858  │
│  behind_shield_pct             0.290    zuk_hp_remaining            992.064  │
│  min_zuk_hp_seen             992.182    hp_restored                   0.000  │
│  zuk_healer_damage             0.000    deaths_to_jad                 0.000  │
│  episode_return_normal         2.013    wins_normal                   0.000  │
│  min_zuk_hp_normal           992.182    score_normal                  0.173  │
│  zuk_objective_normal          0.173    phase_reached_normal          0.273  │
│  death_tick_normal            55.985    frac_min_hp_le_300_no…        0.000  │
╰──────────────────────────────────────────────────────────────────────────────╯

[0;0H╭──────────────────────────────────────────────────────────────────────────────╮
│  PufferLib 4.0 🐡                 GPU: 0%      VRAM: 0.4/18G      RAM: 0.6G  │
│                                                                              │
│  Summary          Value    Evaluate   250ms  38%    Losses            Value  │
│  Env       osrs_inferno      GPU      207ms  31%    policy           -0.004  │
│  Params          752.1K      Env       43ms   6%    value             0.086  │
│  Steps            14.7M    Train      407ms  61%    entropy           4.566  │
│  SPS             246.2K      Misc       0ms   0%    total             0.032  │
│  Epoch              450      Forwa…     0ms   0%    old_kl            0.005  │
│  Uptime    0d 0h 0m 59s                             kl                0.004  │
│  Remaini…  0d 0h 2m 23s                             clipfrac          0.220  │
│                                                     bc                0.000  │
│                                                                              │
│  User Stats                    Value    User Stats                    Value  │
│  episode_return                1.993    damage_dealt                207.297  │
│  damage_received              85.210    episode_length               57.762  │
│  wins                          0.000    wave                         68.000  │
│  idle_ticks                    0.760    brews_used                    4.307  │
│  blood_healed                  0.000    prayer_correct_rate           0.015  │
│  unavoidable_off_praye…        0.000    brews_remaining               7.693  │
│  restores_remaining           10.298    prayer_at_death              91.117  │
│  current_ranged               95.360    current_magic                87.906  │
│  behind_shield_pct             0.311    zuk_hp_remaining            992.551  │
│  min_zuk_hp_seen             992.771    hp_restored                   0.000  │
│  zuk_healer_damage             0.000    deaths_to_jad                 0.001  │
│  episode_return_normal         1.993    wins_normal                   0.000  │
│  min_zuk_hp_normal           992.771    score_normal                  0.173  │
│  zuk_objective_normal          0.173    phase_reached_normal          0.269  │
│  death_tick_normal            57.762    frac_min_hp_le_300_no…        0.000  │
╰──────────────────────────────────────────────────────────────────────────────╯

[0;0H╭──────────────────────────────────────────────────────────────────────────────╮
│  PufferLib 4.0          🐡        GPU: 0%      VRAM: 0.4/18G      RAM: 0.6G  │
│                                                                              │
│  Summary          Value    Evaluate   247ms  37%    Losses            Value  │
│  Env       osrs_inferno      GPU      206ms  31%    policy            0.004  │
│  Params          752.1K      Env       41ms   6%    value             0.084  │
│  Steps            14.9M    Train      411ms  62%    entropy           4.568  │
│  SPS             246.1K      Misc       0ms   0%    total             0.039  │
│  Epoch              455      Forwa…     0ms   0%    old_kl            0.004  │
│  Uptime     0d 0h 1m 0s                             kl                0.004  │
│  Remaini…  0d 0h 2m 22s                             clipfrac          0.218  │
│                                                     bc                0.000  │
│                                                                              │
│  User Stats                    Value    User Stats                    Value  │
│  episode_return                1.932    damage_dealt                200.815  │
│  damage_received              78.234    episode_length               54.783  │
│  wins                          0.000    wave                         68.000  │
│  idle_ticks                    0.826    brews_used                    3.869  │
│  blood_healed                  0.000    prayer_correct_rate           0.023  │
│  unavoidable_off_praye…        0.001    brews_remaining               8.131  │
│  restores_remaining           10.504    prayer_at_death              90.483  │
│  current_ranged               95.725    current_magic                87.771  │
│  behind_shield_pct             0.292    zuk_hp_remaining            999.093  │
│  min_zuk_hp_seen             999.227    hp_restored                   0.000  │
│  zuk_healer_damage             0.000    deaths_to_jad                 0.001  │
│  episode_return_normal         1.932    wins_normal                   0.000  │
│  min_zuk_hp_normal           999.227    score_normal                  0.167  │
│  zuk_objective_normal          0.167    phase_reached_normal          0.261  │
│  death_tick_normal            54.783    frac_min_hp_le_300_no…        0.000  │
╰──────────────────────────────────────────────────────────────────────────────╯

[0;0H╭──────────────────────────────────────────────────────────────────────────────╮
│  PufferLib 4.0         🐡         GPU: 0%      VRAM: 0.4/18G      RAM: 0.6G  │
│                                                                              │
│  Summary          Value    Evaluate   246ms  37%    Losses            Value  │
│  Env       osrs_inferno      GPU      203ms  30%    policy            0.001  │
│  Params          752.1K      Env       43ms   6%    value             0.105  │
│  Steps            15.1M    Train      410ms  62%    entropy           4.528  │
│  SPS             247.1K      Misc       0ms   0%    total             0.047  │
│  Epoch              460      Forwa…     0ms   0%    old_kl            0.004  │
│  Uptime     0d 0h 1m 1s                             kl                0.004  │
│  Remaini…  0d 0h 2m 21s                             clipfrac          0.225  │
│                                                     bc                0.000  │
│                                                                              │
│  User Stats                    Value    User Stats                    Value  │
│  episode_return                2.193    damage_dealt                226.964  │
│  damage_received              74.913    episode_length               54.755  │
│  wins                          0.000    wave                         68.000  │
│  idle_ticks                    0.812    brews_used                    3.859  │
│  blood_healed                  0.000    prayer_correct_rate           0.023  │
│  unavoidable_off_praye…        0.000    brews_remaining               8.141  │
│  restores_remaining           10.476    prayer_at_death              90.817  │
│  current_ranged               96.259    current_magic                88.430  │
│  behind_shield_pct             0.303    zuk_hp_remaining            972.886  │
│  min_zuk_hp_seen             973.113    hp_restored                   0.000  │
│  zuk_healer_damage             0.000    deaths_to_jad                 0.001  │
│  episode_return_normal         2.193    wins_normal                   0.000  │
│  min_zuk_hp_normal           973.113    score_normal                  0.189  │
│  zuk_objective_normal          0.189    phase_reached_normal          0.331  │
│  death_tick_normal            54.755    frac_min_hp_le_300_no…        0.000  │
╰──────────────────────────────────────────────────────────────────────────────╯

[0;0H╭──────────────────────────────────────────────────────────────────────────────╮
│  PufferLib 4.0        🐡          GPU: 0%      VRAM: 0.4/18G      RAM: 0.6G  │
│                                                                              │
│  Summary          Value    Evaluate   248ms  37%    Losses            Value  │
│  Env       osrs_inferno      GPU      206ms  31%    policy           -0.002  │
│  Params          752.1K      Env       42ms   6%    value             0.111  │
│  Steps            15.2M    Train      408ms  62%    entropy           4.529  │
│  SPS             246.1K      Misc       0ms   0%    total             0.046  │
│  Epoch              465      Forwa…     0ms   0%    old_kl            0.005  │
│  Uptime     0d 0h 1m 1s                             kl                0.004  │
│  Remaini…  0d 0h 2m 21s                             clipfrac          0.223  │
│                                                     bc                0.000  │
│                                                                              │
│  User Stats                    Value    User Stats                    Value  │
│  episode_return                2.176    damage_dealt                228.086  │
│  damage_received              81.568    episode_length               59.253  │
│  wins                          0.000    wave                         68.000  │
│  idle_ticks                    0.918    brews_used                    4.081  │
│  blood_healed                  0.000    prayer_correct_rate           0.027  │
│  unavoidable_off_praye…        0.000    brews_remaining               7.919  │
│  restores_remaining           10.286    prayer_at_death              90.629  │
│  current_ranged               96.295    current_magic                88.370  │
│  behind_shield_pct             0.309    zuk_hp_remaining            971.543  │
│  min_zuk_hp_seen             972.004    hp_restored                   0.000  │
│  zuk_healer_damage             0.000    deaths_to_jad                 0.001  │
│  episode_return_normal         2.176    wins_normal                   0.000  │
│  min_zuk_hp_normal           972.004    score_normal                  0.190  │
│  zuk_objective_normal          0.190    phase_reached_normal          0.347  │
│  death_tick_normal            59.253    frac_min_hp_le_300_no…        0.000  │
╰──────────────────────────────────────────────────────────────────────────────╯

[0;0H╭──────────────────────────────────────────────────────────────────────────────╮
│  PufferLib 4.0       🐡           GPU: 0%      VRAM: 0.4/18G      RAM: 0.6G  │
│                                                                              │
│  Summary          Value    Evaluate   245ms  37%    Losses            Value  │
│  Env       osrs_inferno      GPU      204ms  31%    policy           -0.008  │
│  Params          752.1K      Env       41ms   6%    value             0.102  │
│  Steps            15.4M    Train      411ms  62%    entropy           4.477  │
│  SPS             247.2K      Misc       0ms   0%    total             0.036  │
│  Epoch              470      Forwa…     0ms   0%    old_kl            0.005  │
│  Uptime     0d 0h 1m 2s                             kl                0.005  │
│  Remaini…  0d 0h 2m 19s                             clipfrac          0.233  │
│                                                     bc                0.000  │
│                                                                              │
│  User Stats                    Value    User Stats                    Value  │
│  episode_return                2.100    damage_dealt                222.630  │
│  damage_received              89.045    episode_length               63.471  │
│  wins                          0.000    wave                         68.000  │
│  idle_ticks                    1.087    brews_used                    4.422  │
│  blood_healed                  0.000    prayer_correct_rate           0.040  │
│  unavoidable_off_praye…        0.001    brews_remaining               7.578  │
│  restores_remaining           10.114    prayer_at_death              90.707  │
│  current_ranged               94.410    current_magic                87.217  │
│  behind_shield_pct             0.323    zuk_hp_remaining            977.100  │
│  min_zuk_hp_seen             977.528    hp_restored                   0.000  │
│  zuk_healer_damage             0.000    deaths_to_jad                 0.001  │
│  episode_return_normal         2.100    wins_normal                   0.000  │
│  min_zuk_hp_normal           977.528    score_normal                  0.185  │
│  zuk_objective_normal          0.185    phase_reached_normal          0.328  │
│  death_tick_normal            63.471    frac_min_hp_le_300_no…        0.000  │
╰──────────────────────────────────────────────────────────────────────────────╯

[0;0H╭──────────────────────────────────────────────────────────────────────────────╮
│  PufferLib 4.0      🐡            GPU: 0%      VRAM: 0.4/18G      RAM: 0.6G  │
│                                                                              │
│  Summary          Value    Evaluate   249ms  37%    Losses            Value  │
│  Env       osrs_inferno      GPU      207ms  31%    policy            0.002  │
│  Params          752.1K      Env       41ms   6%    value             0.113  │
│  Steps            15.6M    Train      408ms  62%    entropy           4.411  │
│  SPS             246.7K      Misc       0ms   0%    total             0.052  │
│  Epoch              475      Forwa…     0ms   0%    old_kl            0.006  │
│  Uptime     0d 0h 1m 3s                             kl                0.007  │
│  Remaini…  0d 0h 2m 19s                             clipfrac          0.243  │
│                                                     bc                0.000  │
│                                                                              │
│  User Stats                    Value    User Stats                    Value  │
│  episode_return                2.547    damage_dealt                268.907  │
│  damage_received              88.730    episode_length               67.302  │
│  wins                          0.000    wave                         68.000  │
│  idle_ticks                    1.135    brews_used                    4.437  │
│  blood_healed                  0.000    prayer_correct_rate           0.049  │
│  unavoidable_off_praye…        0.001    brews_remaining               7.563  │
│  restores_remaining            9.996    prayer_at_death              90.800  │
│  current_ranged               95.105    current_magic                88.291  │
│  behind_shield_pct             0.360    zuk_hp_remaining            930.947  │
│  min_zuk_hp_seen             931.326    hp_restored                   0.000  │
│  zuk_healer_damage             0.000    deaths_to_jad                 0.002  │
│  episode_return_normal         2.547    wins_normal                   0.000  │
│  min_zuk_hp_normal           931.326    score_normal                  0.224  │
│  zuk_objective_normal          0.224    phase_reached_normal          0.454  │
│  death_tick_normal            67.302    frac_min_hp_le_300_no…        0.001  │
╰──────────────────────────────────────────────────────────────────────────────╯

[0;0H╭──────────────────────────────────────────────────────────────────────────────╮
│  PufferLib 4.0     🐡             GPU: 0%      VRAM: 0.4/18G      RAM: 0.6G  │
│                                                                              │
│  Summary          Value    Evaluate   248ms  37%    Losses            Value  │
│  Env       osrs_inferno      GPU      206ms  31%    policy           -0.004  │
│  Params          752.1K      Env       42ms   6%    value             0.123  │
│  Steps            15.7M    Train      408ms  62%    entropy           4.377  │
│  SPS             246.7K      Misc       0ms   0%    total             0.051  │
│  Epoch              480      Forwa…     0ms   0%    old_kl            0.006  │
│  Uptime     0d 0h 1m 3s                             kl                0.006  │
│  Remaini…  0d 0h 2m 18s                             clipfrac          0.249  │
│                                                     bc                0.000  │
│                                                                              │
│  User Stats                    Value    User Stats                    Value  │
│  episode_return                2.283    damage_dealt                242.608  │
│  damage_received              81.639    episode_length               64.474  │
│  wins                          0.000    wave                         68.000  │
│  idle_ticks                    1.190    brews_used                    4.124  │
│  blood_healed                  0.000    prayer_correct_rate           0.056  │
│  unavoidable_off_praye…        0.000    brews_remaining               7.876  │
│  restores_remaining           10.124    prayer_at_death              90.591  │
│  current_ranged               97.195    current_magic                89.926  │
│  behind_shield_pct             0.364    zuk_hp_remaining            957.173  │
│  min_zuk_hp_seen             957.638    hp_restored                   0.000  │
│  zuk_healer_damage             0.000    deaths_to_jad                 0.001  │
│  episode_return_normal         2.283    wins_normal                   0.000  │
│  min_zuk_hp_normal           957.638    score_normal                  0.202  │
│  zuk_objective_normal          0.202    phase_reached_normal          0.407  │
│  death_tick_normal            64.474    frac_min_hp_le_300_no…        0.000  │
╰──────────────────────────────────────────────────────────────────────────────╯

[0;0H╭──────────────────────────────────────────────────────────────────────────────╮
│  PufferLib 4.0    🐡              GPU: 0%      VRAM: 0.4/18G      RAM: 0.6G  │
│                                                                              │
│  Summary          Value    Evaluate   249ms  37%    Losses            Value  │
│  Env       osrs_inferno      GPU      207ms  31%    policy            0.016  │
│  Params          752.1K      Env       42ms   6%    value             0.124  │
│  Steps            15.9M    Train      412ms  62%    entropy           4.329  │
│  SPS             245.2K      Misc       0ms   0%    total             0.072  │
│  Epoch              485      Forwa…     0ms   0%    old_kl            0.005  │
│  Uptime     0d 0h 1m 4s                             kl                0.005  │
│  Remaini…  0d 0h 2m 19s                             clipfrac          0.254  │
│                                                     bc                0.000  │
│                                                                              │
│  User Stats                    Value    User Stats                    Value  │
│  episode_return                2.487    damage_dealt                266.229  │
│  damage_received              81.502    episode_length               68.969  │
│  wins                          0.000    wave                         68.000  │
│  idle_ticks                    1.360    brews_used                    4.010  │
│  blood_healed                  0.000    prayer_correct_rate           0.071  │
│  unavoidable_off_praye…        0.001    brews_remaining               7.990  │
│  restores_remaining            9.967    prayer_at_death              90.617  │
│  current_ranged               97.857    current_magic                90.833  │
│  behind_shield_pct             0.380    zuk_hp_remaining            933.770  │
│  min_zuk_hp_seen             934.158    hp_restored                   0.000  │
│  zuk_healer_damage             0.000    deaths_to_jad                 0.003  │
│  episode_return_normal         2.487    wins_normal                   0.000  │
│  min_zuk_hp_normal           934.158    score_normal                  0.222  │
│  zuk_objective_normal          0.222    phase_reached_normal          0.476  │
│  death_tick_normal            68.969    frac_min_hp_le_300_no…        0.000  │
╰──────────────────────────────────────────────────────────────────────────────╯

[0;0H╭──────────────────────────────────────────────────────────────────────────────╮
│  PufferLib 4.0   🐡               GPU: 0%      VRAM: 0.4/18G      RAM: 0.6G  │
│                                                                              │
│  Summary          Value    Evaluate   250ms  37%    Losses            Value  │
│  Env       osrs_inferno      GPU      208ms  31%    policy            0.010  │
│  Params          752.1K      Env       42ms   6%    value             0.131  │
│  Steps            16.1M    Train      412ms  62%    entropy           4.254  │
│  SPS             244.9K      Misc       0ms   0%    total             0.069  │
│  Epoch              490      Forwa…     0ms   0%    old_kl            0.006  │
│  Uptime     0d 0h 1m 5s                             kl                0.005  │
│  Remaini…  0d 0h 2m 18s                             clipfrac          0.257  │
│                                                     bc                0.000  │
│                                                                              │
│  User Stats                    Value    User Stats                    Value  │
│  episode_return                2.925    damage_dealt                314.705  │
│  damage_received              84.530    episode_length               78.699  │
│  wins                          0.000    wave                         68.000  │
│  idle_ticks                    1.589    brews_used                    4.024  │
│  blood_healed                  0.000    prayer_correct_rate           0.082  │
│  unavoidable_off_praye…        0.001    brews_remaining               7.976  │
│  restores_remaining            9.750    prayer_at_death              90.494  │
│  current_ranged               95.683    current_magic                89.785  │
│  behind_shield_pct             0.422    zuk_hp_remaining            885.179  │
│  min_zuk_hp_seen             886.088    hp_restored                   0.000  │
│  zuk_healer_damage             0.000    deaths_to_jad                 0.002  │
│  episode_return_normal         2.925    wins_normal                   0.000  │
│  min_zuk_hp_normal           886.088    score_normal                  0.262  │
│  zuk_objective_normal          0.262    phase_reached_normal          0.626  │
│  death_tick_normal            78.699    frac_min_hp_le_300_no…        0.000  │
╰──────────────────────────────────────────────────────────────────────────────╯

[0;0H╭──────────────────────────────────────────────────────────────────────────────╮
│  PufferLib 4.0  🐡                GPU: 0%      VRAM: 0.4/18G      RAM: 0.6G  │
│                                                                              │
│  Summary          Value    Evaluate   253ms  38%    Losses            Value  │
│  Env       osrs_inferno      GPU      210ms  31%    policy           -0.011  │
│  Params          752.1K      Env       43ms   6%    value             0.134  │
│  Steps            16.2M    Train      409ms  61%    entropy           4.147  │
│  SPS             244.8K      Misc       0ms   0%    total             0.049  │
│  Epoch              495      Forwa…     0ms   0%    old_kl            0.007  │
│  Uptime     0d 0h 1m 5s                             kl                0.006  │
│  Remaini…  0d 0h 2m 17s                             clipfrac          0.283  │
│                                                     bc                0.000  │
│                                                                              │
│  User Stats                    Value    User Stats                    Value  │
│  episode_return                3.399    damage_dealt                367.026  │
│  damage_received              81.307    episode_length               88.071  │
│  wins                          0.000    wave                         68.000  │
│  idle_ticks                    2.252    brews_used                    3.564  │
│  blood_healed                  0.000    prayer_correct_rate           0.090  │
│  unavoidable_off_praye…        0.001    brews_remaining               8.436  │
│  restores_remaining            9.607    prayer_at_death              90.509  │
│  current_ranged               94.706    current_magic                89.557  │
│  behind_shield_pct             0.497    zuk_hp_remaining            833.255  │
│  min_zuk_hp_seen             834.173    hp_restored                   0.172  │
│  zuk_healer_damage             0.000    deaths_to_jad                 0.013  │
│  episode_return_normal         3.399    wins_normal                   0.000  │
│  min_zuk_hp_normal           834.173    score_normal                  0.305  │
│  zuk_objective_normal          0.305    phase_reached_normal          0.786  │
│  death_tick_normal            88.071    frac_min_hp_le_300_no…        0.003  │
╰──────────────────────────────────────────────────────────────────────────────╯

[0;0H╭──────────────────────────────────────────────────────────────────────────────╮
│  PufferLib 4.0 🐡                 GPU: 0%      VRAM: 0.4/18G      RAM: 0.6G  │
│                                                                              │
│  Summary          Value    Evaluate   252ms  38%    Losses            Value  │
│  Env       osrs_inferno      GPU      209ms  31%    policy            0.017  │
│  Params          752.1K      Env       43ms   6%    value             0.101  │
│  Steps            16.4M    Train      410ms  61%    entropy           3.992  │
│  SPS             244.6K      Misc       0ms   0%    total             0.061  │
│  Epoch              500      Forwa…     0ms   0%    old_kl            0.007  │
│  Uptime     0d 0h 1m 6s                             kl                0.006  │
│  Remaini…  0d 0h 2m 17s                             clipfrac          0.288  │
│                                                     bc                0.000  │
│                                                                              │
│  User Stats                    Value    User Stats                    Value  │
│  episode_return                4.174    damage_dealt                456.370  │
│  damage_received              83.906    episode_length              110.407  │
│  wins                          0.000    wave                         68.000  │
│  idle_ticks                    2.433    brews_used                    3.368  │
│  blood_healed                  0.000    prayer_correct_rate           0.099  │
│  unavoidable_off_praye…        0.001    brews_remaining               8.632  │
│  restores_remaining            9.004    prayer_at_death              90.419  │
│  current_ranged               91.462    current_magic                88.365  │
│  behind_shield_pct             0.626    zuk_hp_remaining            744.703  │
│  min_zuk_hp_seen             744.828    hp_restored                   1.100  │
│  zuk_healer_damage             0.020    deaths_to_jad                 0.014  │
│  episode_return_normal         4.174    wins_normal                   0.000  │
│  min_zuk_hp_normal           744.828    score_normal                  0.379  │
│  zuk_objective_normal          0.379    phase_reached_normal          1.052  │
│  death_tick_normal           110.407    frac_min_hp_le_300_no…        0.006  │
╰──────────────────────────────────────────────────────────────────────────────╯

[0;0H╭──────────────────────────────────────────────────────────────────────────────╮
│  PufferLib 4.0          🐡        GPU: 0%      VRAM: 0.4/18G      RAM: 0.6G  │
│                                                                              │
│  Summary          Value    Evaluate   252ms  38%    Losses            Value  │
│  Env       osrs_inferno      GPU      209ms  31%    policy            0.003  │
│  Params          752.1K      Env       43ms   6%    value             0.062  │
│  Steps            16.5M    Train      409ms  61%    entropy           3.855  │
│  SPS             245.2K      Misc       0ms   0%    total             0.028  │
│  Epoch              505      Forwa…     0ms   0%    old_kl            0.007  │
│  Uptime     0d 0h 1m 7s                             kl                0.007  │
│  Remaini…  0d 0h 2m 16s                             clipfrac          0.305  │
│                                                     bc                0.000  │
│                                                                              │
│  User Stats                    Value    User Stats                    Value  │
│  episode_return                4.880    damage_dealt                533.751  │
│  damage_received              71.824    episode_length              124.189  │
│  wins                          0.000    wave                         68.000  │
│  idle_ticks                    2.818    brews_used                    2.221  │
│  blood_healed                  0.000    prayer_correct_rate           0.104  │
│  unavoidable_off_praye…        0.001    brews_remaining               9.779  │
│  restores_remaining            8.842    prayer_at_death              89.998  │
│  current_ranged               89.595    current_magic                87.830  │
│  behind_shield_pct             0.729    zuk_hp_remaining            665.987  │
│  min_zuk_hp_seen             668.337    hp_restored                   0.377  │
│  zuk_healer_damage             0.014    deaths_to_jad                 0.017  │
│  episode_return_normal         4.880    wins_normal                   0.000  │
│  min_zuk_hp_normal           668.337    score_normal                  0.443  │
│  zuk_objective_normal          0.443    phase_reached_normal          1.293  │
│  death_tick_normal           124.189    frac_min_hp_le_300_no…        0.006  │
╰──────────────────────────────────────────────────────────────────────────────╯

[0;0H╭──────────────────────────────────────────────────────────────────────────────╮
│  PufferLib 4.0         🐡         GPU: 0%      VRAM: 0.4/18G      RAM: 0.6G  │
│                                                                              │
│  Summary          Value    Evaluate   253ms  38%    Losses            Value  │
│  Env       osrs_inferno      GPU      209ms  31%    policy            0.001  │
│  Params          752.1K      Env       43ms   6%    value             0.041  │
│  Steps            16.7M    Train      410ms  61%    entropy           3.796  │
│  SPS             244.3K      Misc       0ms   0%    total             0.016  │
│  Epoch              510      Forwa…     0ms   0%    old_kl            0.007  │
│  Uptime     0d 0h 1m 7s                             kl                0.007  │
│  Remaini…  0d 0h 2m 16s                             clipfrac          0.295  │
│                                                     bc                0.000  │
│                                                                              │
│  User Stats                    Value    User Stats                    Value  │
│  episode_return                5.305    damage_dealt                586.339  │
│  damage_received              76.220    episode_length              137.126  │
│  wins                          0.000    wave                         68.000  │
│  idle_ticks                    3.053    brews_used                    2.060  │
│  blood_healed                  0.000    prayer_correct_rate           0.113  │
│  unavoidable_off_praye…        0.002    brews_remaining               9.940  │
│  restores_remaining            8.527    prayer_at_death              90.608  │
│  current_ranged               87.710    current_magic                87.105  │
│  behind_shield_pct             0.753    zuk_hp_remaining            618.732  │
│  min_zuk_hp_seen             617.048    hp_restored                   4.611  │
│  zuk_healer_damage             0.007    deaths_to_jad                 0.030  │
│  episode_return_normal         5.305    wins_normal                   0.000  │
│  min_zuk_hp_normal           617.048    score_normal                  0.486  │
│  zuk_objective_normal          0.486    phase_reached_normal          1.430  │
│  death_tick_normal           137.126    frac_min_hp_le_300_no…        0.019  │
╰──────────────────────────────────────────────────────────────────────────────╯

[0;0H╭──────────────────────────────────────────────────────────────────────────────╮
│  PufferLib 4.0        🐡          GPU: 0%      VRAM: 0.4/18G      RAM: 0.6G  │
│                                                                              │
│  Summary          Value    Evaluate   248ms  37%    Losses            Value  │
│  Env       osrs_inferno      GPU      205ms  31%    policy            0.004  │
│  Params          752.1K      Env       43ms   6%    value             0.036  │
│  Steps            16.9M    Train      410ms  62%    entropy           3.734  │
│  SPS             246.3K      Misc       0ms   0%    total             0.016  │
│  Epoch              515      Forwa…     0ms   0%    old_kl            0.006  │
│  Uptime     0d 0h 1m 8s                             kl                0.006  │
│  Remaini…  0d 0h 2m 14s                             clipfrac          0.290  │
│                                                     bc                0.000  │
│                                                                              │
│  User Stats                    Value    User Stats                    Value  │
│  episode_return                5.400    damage_dealt                592.480  │
│  damage_received              69.769    episode_length              137.930  │
│  wins                          0.000    wave                         68.000  │
│  idle_ticks                    3.142    brews_used                    1.713  │
│  blood_healed                  0.000    prayer_correct_rate           0.114  │
│  unavoidable_off_praye…        0.002    brews_remaining              10.287  │
│  restores_remaining            8.592    prayer_at_death              90.168  │
│  current_ranged               88.330    current_magic                87.813  │
│  behind_shield_pct             0.754    zuk_hp_remaining            609.072  │
│  min_zuk_hp_seen             610.463    hp_restored                   0.889  │
│  zuk_healer_damage             0.000    deaths_to_jad                 0.022  │
│  episode_return_normal         5.400    wins_normal                   0.000  │
│  min_zuk_hp_normal           610.463    score_normal                  0.491  │
│  zuk_objective_normal          0.491    phase_reached_normal          1.461  │
│  death_tick_normal           137.930    frac_min_hp_le_300_no…        0.008  │
╰──────────────────────────────────────────────────────────────────────────────╯

[0;0H╭──────────────────────────────────────────────────────────────────────────────╮
│  PufferLib 4.0       🐡           GPU: 0%      VRAM: 0.4/18G      RAM: 0.6G  │
│                                                                              │
│  Summary          Value    Evaluate   253ms  38%    Losses            Value  │
│  Env       osrs_inferno      GPU      209ms  31%    policy            0.005  │
│  Params          752.1K      Env       43ms   6%    value             0.036  │
│  Steps            17.0M    Train      408ms  61%    entropy           3.705  │
│  SPS             245.2K      Misc       0ms   0%    total             0.017  │
│  Epoch              520      Forwa…     0ms   0%    old_kl            0.006  │
│  Uptime     0d 0h 1m 9s                             kl                0.006  │
│  Remaini…  0d 0h 2m 14s                             clipfrac          0.279  │
│                                                     bc                0.000  │
│                                                                              │
│  User Stats                    Value    User Stats                    Value  │
│  episode_return                6.260    damage_dealt                683.246  │
│  damage_received              69.234    episode_length              137.805  │
│  wins                          0.000    wave                         68.000  │
│  idle_ticks                    2.779    brews_used                    1.621  │
│  blood_healed                  0.000    prayer_correct_rate           0.110  │
│  unavoidable_off_praye…        0.002    brews_remaining              10.379  │
│  restores_remaining            8.655    prayer_at_death              89.978  │
│  current_ranged               87.886    current_magic                87.627  │
│  behind_shield_pct             0.758    zuk_hp_remaining            522.460  │
│  min_zuk_hp_seen             519.660    hp_restored                   5.118  │
│  zuk_healer_damage             0.049    deaths_to_jad                 0.065  │
│  episode_return_normal         6.260    wins_normal                   0.000  │
│  min_zuk_hp_normal           519.660    score_normal                  0.567  │
│  zuk_objective_normal          0.567    phase_reached_normal          1.761  │
│  death_tick_normal           137.805    frac_min_hp_le_300_no…        0.036  │
╰──────────────────────────────────────────────────────────────────────────────╯

[0;0H╭──────────────────────────────────────────────────────────────────────────────╮
│  PufferLib 4.0      🐡            GPU: 0%      VRAM: 0.4/18G      RAM: 0.6G  │
│                                                                              │
│  Summary          Value    Evaluate   253ms  38%    Losses            Value  │
│  Env       osrs_inferno      GPU      209ms  31%    policy            0.035  │
│  Params          752.1K      Env       44ms   6%    value             0.041  │
│  Steps            17.2M    Train      411ms  61%    entropy           3.681  │
│  SPS             244.0K      Misc       0ms   0%    total             0.049  │
│  Epoch              525      Forwa…     0ms   0%    old_kl            0.007  │
│  Uptime     0d 0h 1m 9s                             kl                0.007  │
│  Remaini…  0d 0h 2m 14s                             clipfrac          0.274  │
│                                                     bc                0.000  │
│                                                                              │
│  User Stats                    Value    User Stats                    Value  │
│  episode_return                5.864    damage_dealt                644.305  │
│  damage_received              73.315    episode_length              138.004  │
│  wins                          0.000    wave                         68.000  │
│  idle_ticks                    2.977    brews_used                    1.699  │
│  blood_healed                  0.000    prayer_correct_rate           0.114  │
│  unavoidable_off_praye…        0.002    brews_remaining              10.301  │
│  restores_remaining            8.669    prayer_at_death              89.936  │
│  current_ranged               87.624    current_magic                87.273  │
│  behind_shield_pct             0.734    zuk_hp_remaining            560.916  │
│  min_zuk_hp_seen             558.750    hp_restored                   5.777  │
│  zuk_healer_damage             0.026    deaths_to_jad                 0.060  │
│  episode_return_normal         5.864    wins_normal                   0.000  │
│  min_zuk_hp_normal           558.750    score_normal                  0.534  │
│  zuk_objective_normal          0.534    phase_reached_normal          1.633  │
│  death_tick_normal           138.004    frac_min_hp_le_300_no…        0.032  │
╰──────────────────────────────────────────────────────────────────────────────╯

[0;0H╭──────────────────────────────────────────────────────────────────────────────╮
│  PufferLib 4.0     🐡             GPU: 0%      VRAM: 0.4/18G      RAM: 0.6G  │
│                                                                              │
│  Summary          Value    Evaluate   253ms  38%    Losses            Value  │
│  Env       osrs_inferno      GPU      209ms  31%    policy           -0.002  │
│  Params          752.1K      Env       43ms   6%    value             0.033  │
│  Steps            17.4M    Train      408ms  61%    entropy           3.641  │
│  SPS             245.3K      Misc       0ms   0%    total             0.009  │
│  Epoch              530      Forwa…     0ms   0%    old_kl            0.006  │
│  Uptime    0d 0h 1m 10s                             kl                0.005  │
│  Remaini…  0d 0h 2m 13s                             clipfrac          0.263  │
│                                                     bc                0.000  │
│                                                                              │
│  User Stats                    Value    User Stats                    Value  │
│  episode_return                5.451    damage_dealt                595.829  │
│  damage_received              71.166    episode_length              139.048  │
│  wins                          0.000    wave                         68.000  │
│  idle_ticks                    2.845    brews_used                    1.542  │
│  blood_healed                  0.000    prayer_correct_rate           0.117  │
│  unavoidable_off_praye…        0.001    brews_remaining              10.458  │
│  restores_remaining            8.631    prayer_at_death              90.410  │
│  current_ranged               88.777    current_magic                88.432  │
│  behind_shield_pct             0.730    zuk_hp_remaining            603.946  │
│  min_zuk_hp_seen             605.581    hp_restored                   0.062  │
│  zuk_healer_damage             0.000    deaths_to_jad                 0.028  │
│  episode_return_normal         5.451    wins_normal                   0.000  │
│  min_zuk_hp_normal           605.581    score_normal                  0.495  │
│  zuk_objective_normal          0.495    phase_reached_normal          1.486  │
│  death_tick_normal           139.048    frac_min_hp_le_300_no…        0.004  │
╰──────────────────────────────────────────────────────────────────────────────╯

[0;0H╭──────────────────────────────────────────────────────────────────────────────╮
│  PufferLib 4.0    🐡              GPU: 0%      VRAM: 0.4/18G      RAM: 0.6G  │
│                                                                              │
│  Summary          Value    Evaluate   250ms  37%    Losses            Value  │
│  Env       osrs_inferno      GPU      205ms  31%    policy           -0.001  │
│  Params          752.1K      Env       44ms   6%    value             0.033  │
│  Steps            17.5M    Train      408ms  62%    entropy           3.616  │
│  SPS             246.3K      Misc       0ms   0%    total             0.010  │
│  Epoch              535      Forwa…     0ms   0%    old_kl            0.006  │
│  Uptime    0d 0h 1m 11s                             kl                0.007  │
│  Remaini…  0d 0h 2m 11s                             clipfrac          0.270  │
│                                                     bc                0.000  │
│                                                                              │
│  User Stats                    Value    User Stats                    Value  │
│  episode_return                5.347    damage_dealt                585.908  │
│  damage_received              69.842    episode_length              139.311  │
│  wins                          0.000    wave                         68.000  │
│  idle_ticks                    2.354    brews_used                    1.440  │
│  blood_healed                  0.000    prayer_correct_rate           0.116  │
│  unavoidable_off_praye…        0.001    brews_remaining              10.560  │
│  restores_remaining            8.592    prayer_at_death              90.842  │
│  current_ranged               90.664    current_magic                90.385  │
│  behind_shield_pct             0.736    zuk_hp_remaining            615.185  │
│  min_zuk_hp_seen             615.194    hp_restored                   1.208  │
│  zuk_healer_damage             0.000    deaths_to_jad                 0.023  │
│  episode_return_normal         5.347    wins_normal                   0.000  │
│  min_zuk_hp_normal           615.194    score_normal                  0.487  │
│  zuk_objective_normal          0.487    phase_reached_normal          1.467  │
│  death_tick_normal           139.311    frac_min_hp_le_300_no…        0.009  │
╰──────────────────────────────────────────────────────────────────────────────╯

[0;0H╭──────────────────────────────────────────────────────────────────────────────╮
│  PufferLib 4.0   🐡               GPU: 0%      VRAM: 0.4/18G      RAM: 0.6G  │
│                                                                              │
│  Summary          Value    Evaluate   251ms  38%    Losses            Value  │
│  Env       osrs_inferno      GPU      205ms  31%    policy            0.024  │
│  Params          752.1K      Env       45ms   6%    value             0.034  │
│  Steps            17.7M    Train      409ms  61%    entropy           3.625  │
│  SPS             245.2K      Misc       0ms   0%    total             0.035  │
│  Epoch              540      Forwa…     0ms   0%    old_kl            0.006  │
│  Uptime    0d 0h 1m 11s                             kl                0.006  │
│  Remaini…  0d 0h 2m 11s                             clipfrac          0.278  │
│                                                     bc                0.000  │
│                                                                              │
│  User Stats                    Value    User Stats                    Value  │
│  episode_return                5.483    damage_dealt                598.523  │
│  damage_received              72.805    episode_length              139.456  │
│  wins                          0.000    wave                         68.000  │
│  idle_ticks                    2.054    brews_used                    1.512  │
│  blood_healed                  0.000    prayer_correct_rate           0.117  │
│  unavoidable_off_praye…        0.001    brews_remaining              10.488  │
│  restores_remaining            8.548    prayer_at_death              91.597  │
│  current_ranged               90.926    current_magic                90.605  │
│  behind_shield_pct             0.743    zuk_hp_remaining            601.698  │
│  min_zuk_hp_seen             602.457    hp_restored                   0.411  │
│  zuk_healer_damage             0.013    deaths_to_jad                 0.019  │
│  episode_return_normal         5.483    wins_normal                   0.000  │
│  min_zuk_hp_normal           602.457    score_normal                  0.498  │
│  zuk_objective_normal          0.498    phase_reached_normal          1.483  │
│  death_tick_normal           139.456    frac_min_hp_le_300_no…        0.006  │
╰──────────────────────────────────────────────────────────────────────────────╯

[0;0H╭──────────────────────────────────────────────────────────────────────────────╮
│  PufferLib 4.0  🐡                GPU: 0%      VRAM: 0.4/18G      RAM: 0.6G  │
│                                                                              │
│  Summary          Value    Evaluate   245ms  37%    Losses            Value  │
│  Env       osrs_inferno      GPU      202ms  30%    policy            0.005  │
│  Params          752.1K      Env       43ms   6%    value             0.030  │
│  Steps            17.9M    Train      412ms  62%    entropy           3.627  │
│  SPS             246.8K      Misc       0ms   0%    total             0.014  │
│  Epoch              545      Forwa…     0ms   0%    old_kl            0.005  │
│  Uptime    0d 0h 1m 12s                             kl                0.005  │
│  Remaini…  0d 0h 2m 10s                             clipfrac          0.262  │
│                                                     bc                0.000  │
│                                                                              │
│  User Stats                    Value    User Stats                    Value  │
│  episode_return                5.638    damage_dealt                614.175  │
│  damage_received              67.910    episode_length              138.892  │
│  wins                          0.000    wave                         68.000  │
│  idle_ticks                    1.652    brews_used                    1.220  │
│  blood_healed                  0.000    prayer_correct_rate           0.115  │
│  unavoidable_off_praye…        0.001    brews_remaining              10.780  │
│  restores_remaining            8.649    prayer_at_death              91.032  │
│  current_ranged               91.480    current_magic                91.278  │
│  behind_shield_pct             0.753    zuk_hp_remaining            585.458  │
│  min_zuk_hp_seen             586.437    hp_restored                   0.376  │
│  zuk_healer_damage             0.000    deaths_to_jad                 0.024  │
│  episode_return_normal         5.638    wins_normal                   0.000  │
│  min_zuk_hp_normal           586.437    score_normal                  0.511  │
│  zuk_objective_normal          0.511    phase_reached_normal          1.527  │
│  death_tick_normal           138.892    frac_min_hp_le_300_no…        0.009  │
╰──────────────────────────────────────────────────────────────────────────────╯

[0;0H╭──────────────────────────────────────────────────────────────────────────────╮
│  PufferLib 4.0 🐡                 GPU: 0%      VRAM: 0.4/18G      RAM: 0.6G  │
│                                                                              │
│  Summary          Value    Evaluate   251ms  37%    Losses            Value  │
│  Env       osrs_inferno      GPU      208ms  31%    policy            0.017  │
│  Params          752.1K      Env       43ms   6%    value             0.032  │
│  Steps            18.0M    Train      412ms  62%    entropy           3.604  │
│  SPS             244.6K      Misc       0ms   0%    total             0.027  │
│  Epoch              550      Forwa…     0ms   0%    old_kl            0.006  │
│  Uptime    0d 0h 1m 13s                             kl                0.005  │
│  Remaini…  0d 0h 2m 10s                             clipfrac          0.264  │
│                                                     bc                0.000  │
│                                                                              │
│  User Stats                    Value    User Stats                    Value  │
│  episode_return                5.999    damage_dealt                649.812  │
│  damage_received              66.624    episode_length              137.188  │
│  wins                          0.000    wave                         68.000  │
│  idle_ticks                    1.619    brews_used                    1.234  │
│  blood_healed                  0.000    prayer_correct_rate           0.110  │
│  unavoidable_off_praye…        0.002    brews_remaining              10.766  │
│  restores_remaining            8.691    prayer_at_death              91.240  │
│  current_ranged               91.755    current_magic                91.338  │
│  behind_shield_pct             0.759    zuk_hp_remaining            549.063  │
│  min_zuk_hp_seen             550.945    hp_restored                   0.000  │
│  zuk_healer_damage             0.000    deaths_to_jad                 0.067  │
│  episode_return_normal         5.999    wins_normal                   0.000  │
│  min_zuk_hp_normal           550.945    score_normal                  0.541  │
│  zuk_objective_normal          0.541    phase_reached_normal          1.646  │
│  death_tick_normal           137.188    frac_min_hp_le_300_no…        0.026  │
╰──────────────────────────────────────────────────────────────────────────────╯

[0;0H╭──────────────────────────────────────────────────────────────────────────────╮
│  PufferLib 4.0          🐡        GPU: 0%      VRAM: 0.4/18G      RAM: 0.6G  │
│                                                                              │
│  Summary          Value    Evaluate   251ms  38%    Losses            Value  │
│  Env       osrs_inferno      GPU      208ms  31%    policy           -0.014  │
│  Params          752.1K      Env       43ms   6%    value             0.032  │
│  Steps            18.2M    Train      409ms  61%    entropy           3.618  │
│  SPS             245.6K      Misc       0ms   0%    total            -0.004  │
│  Epoch              555      Forwa…     0ms   0%    old_kl            0.005  │
│  Uptime    0d 0h 1m 13s                             kl                0.005  │
│  Remaini…   0d 0h 2m 9s                             clipfrac          0.267  │
│                                                     bc                0.000  │
│                                                                              │
│  User Stats                    Value    User Stats                    Value  │
│  episode_return                5.949    damage_dealt                645.983  │
│  damage_received              66.633    episode_length              139.535  │
│  wins                          0.000    wave                         68.000  │
│  idle_ticks                    1.671    brews_used                    1.229  │
│  blood_healed                  0.000    prayer_correct_rate           0.115  │
│  unavoidable_off_praye…        0.002    brews_remaining              10.771  │
│  restores_remaining            8.615    prayer_at_death              92.017  │
│  current_ranged               92.078    current_magic                91.854  │
│  behind_shield_pct             0.746    zuk_hp_remaining            554.438  │
│  min_zuk_hp_seen             555.070    hp_restored                   0.647  │
│  zuk_healer_damage             0.014    deaths_to_jad                 0.054  │
│  episode_return_normal         5.949    wins_normal                   0.000  │
│  min_zuk_hp_normal           555.070    score_normal                  0.537  │
│  zuk_objective_normal          0.537    phase_reached_normal          1.644  │
│  death_tick_normal           139.535    frac_min_hp_le_300_no…        0.024  │
╰──────────────────────────────────────────────────────────────────────────────╯

[0;0H╭──────────────────────────────────────────────────────────────────────────────╮
│  PufferLib 4.0         🐡         GPU: 0%      VRAM: 0.4/18G      RAM: 0.6G  │
│                                                                              │
│  Summary          Value    Evaluate   251ms  38%    Losses            Value  │
│  Env       osrs_inferno      GPU      207ms  31%    policy            0.017  │
│  Params          752.1K      Env       43ms   6%    value             0.029  │
│  Steps            18.4M    Train      409ms  61%    entropy           3.619  │
│  SPS             245.5K      Misc       0ms   0%    total             0.026  │
│  Epoch              560      Forwa…     0ms   0%    old_kl            0.005  │
│  Uptime    0d 0h 1m 14s                             kl                0.004  │
│  Remaini…   0d 0h 2m 8s                             clipfrac          0.254  │
│                                                     bc                0.000  │
│                                                                              │
│  User Stats                    Value    User Stats                    Value  │
│  episode_return                5.588    damage_dealt                609.059  │
│  damage_received              66.055    episode_length              139.071  │
│  wins                          0.000    wave                         68.000  │
│  idle_ticks                    1.270    brews_used                    1.247  │
│  blood_healed                  0.000    prayer_correct_rate           0.113  │
│  unavoidable_off_praye…        0.001    brews_remaining              10.753  │
│  restores_remaining            8.650    prayer_at_death              92.203  │
│  current_ranged               91.946    current_magic                91.759  │
│  behind_shield_pct             0.749    zuk_hp_remaining            590.259  │
│  min_zuk_hp_seen             591.395    hp_restored                   0.167  │
│  zuk_healer_damage             0.000    deaths_to_jad                 0.027  │
│  episode_return_normal         5.588    wins_normal                   0.000  │
│  min_zuk_hp_normal           591.395    score_normal                  0.507  │
│  zuk_objective_normal          0.507    phase_reached_normal          1.532  │
│  death_tick_normal           139.071    frac_min_hp_le_300_no…        0.006  │
╰──────────────────────────────────────────────────────────────────────────────╯

[0;0H╭──────────────────────────────────────────────────────────────────────────────╮
│  PufferLib 4.0        🐡          GPU: 0%      VRAM: 0.4/18G      RAM: 0.6G  │
│                                                                              │
│  Summary          Value    Evaluate   250ms  37%    Losses            Value  │
│  Env       osrs_inferno      GPU      206ms  31%    policy            0.016  │
│  Params          752.1K      Env       43ms   6%    value             0.033  │
│  Steps            18.5M    Train      410ms  62%    entropy           3.589  │
│  SPS             245.5K      Misc       0ms   0%    total             0.027  │
│  Epoch              565      Forwa…     0ms   0%    old_kl            0.005  │
│  Uptime    0d 0h 1m 15s                             kl                0.005  │
│  Remaini…   0d 0h 2m 8s                             clipfrac          0.258  │
│                                                     bc                0.000  │
│                                                                              │
│  User Stats                    Value    User Stats                    Value  │
│  episode_return                5.624    damage_dealt                612.747  │
│  damage_received              66.747    episode_length              139.270  │
│  wins                          0.000    wave                         68.000  │
│  idle_ticks                    1.232    brews_used                    1.285  │
│  blood_healed                  0.000    prayer_correct_rate           0.114  │
│  unavoidable_off_praye…        0.001    brews_remaining              10.715  │
│  restores_remaining            8.665    prayer_at_death              92.335  │
│  current_ranged               91.918    current_magic                91.503  │
│  behind_shield_pct             0.757    zuk_hp_remaining            586.865  │
│  min_zuk_hp_seen             588.163    hp_restored                   0.279  │
│  zuk_healer_damage             0.000    deaths_to_jad                 0.030  │
│  episode_return_normal         5.624    wins_normal                   0.000  │
│  min_zuk_hp_normal           588.163    score_normal                  0.510  │
│  zuk_objective_normal          0.510    phase_reached_normal          1.530  │
│  death_tick_normal           139.270    frac_min_hp_le_300_no…        0.010  │
╰──────────────────────────────────────────────────────────────────────────────╯

[0;0H╭──────────────────────────────────────────────────────────────────────────────╮
│  PufferLib 4.0       🐡           GPU: 0%      VRAM: 0.4/18G      RAM: 0.6G  │
│                                                                              │
│  Summary          Value    Evaluate   252ms  38%    Losses            Value  │
│  Env       osrs_inferno      GPU      207ms  31%    policy            0.006  │
│  Params          752.1K      Env       45ms   6%    value             0.038  │
│  Steps            18.7M    Train      407ms  61%    entropy           3.559  │
│  SPS             246.2K      Misc       0ms   0%    total             0.020  │
│  Epoch              570      Forwa…     0ms   0%    old_kl            0.005  │
│  Uptime    0d 0h 1m 15s                             kl                0.005  │
│  Remaini…   0d 0h 2m 7s                             clipfrac          0.252  │
│                                                     bc                0.000  │
│                                                                              │
│  User Stats                    Value    User Stats                    Value  │
│  episode_return                6.150    damage_dealt                673.544  │
│  damage_received              69.046    episode_length              138.326  │
│  wins                          0.000    wave                         68.000  │
│  idle_ticks                    1.327    brews_used                    1.290  │
│  blood_healed                  0.000    prayer_correct_rate           0.119  │
│  unavoidable_off_praye…        0.002    brews_remaining              10.710  │
│  restores_remaining            8.722    prayer_at_death              92.937  │
│  current_ranged               91.778    current_magic                91.159  │
│  behind_shield_pct             0.756    zuk_hp_remaining            533.086  │
│  min_zuk_hp_seen             528.866    hp_restored                   6.958  │
│  zuk_healer_damage             0.056    deaths_to_jad                 0.062  │
│  episode_return_normal         6.150    wins_normal                   0.000  │
│  min_zuk_hp_normal           528.866    score_normal                  0.559  │
│  zuk_objective_normal          0.559    phase_reached_normal          1.746  │
│  death_tick_normal           138.326    frac_min_hp_le_300_no…        0.087  │
╰──────────────────────────────────────────────────────────────────────────────╯

[0;0H╭──────────────────────────────────────────────────────────────────────────────╮
│  PufferLib 4.0      🐡            GPU: 0%      VRAM: 0.4/18G      RAM: 0.6G  │
│                                                                              │
│  Summary          Value    Evaluate   253ms  38%    Losses            Value  │
│  Env       osrs_inferno      GPU      209ms  31%    policy           -0.021  │
│  Params          752.1K      Env       44ms   6%    value             0.038  │
│  Steps            18.8M    Train      408ms  61%    entropy           3.519  │
│  SPS             245.0K      Misc       0ms   0%    total            -0.007  │
│  Epoch              575      Forwa…     0ms   0%    old_kl            0.005  │
│  Uptime    0d 0h 1m 16s                             kl                0.005  │
│  Remaini…   0d 0h 2m 7s                             clipfrac          0.247  │
│                                                     bc                0.000  │
│                                                                              │
│  User Stats                    Value    User Stats                    Value  │
│  episode_return                5.468    damage_dealt                601.573  │
│  damage_received              69.332    episode_length              137.923  │
│  wins                          0.000    wave                         68.000  │
│  idle_ticks                    1.399    brews_used                    1.284  │
│  blood_healed                  0.000    prayer_correct_rate           0.119  │
│  unavoidable_off_praye…        0.001    brews_remaining              10.716  │
│  restores_remaining            8.766    prayer_at_death              93.078  │
│  current_ranged               91.375    current_magic                90.744  │
│  behind_shield_pct             0.746    zuk_hp_remaining            601.775  │
│  min_zuk_hp_seen             599.835    hp_restored                   3.990  │
│  zuk_healer_damage             0.045    deaths_to_jad                 0.024  │
│  episode_return_normal         5.468    wins_normal                   0.000  │
│  min_zuk_hp_normal           599.835    score_normal                  0.500  │
│  zuk_objective_normal          0.500    phase_reached_normal          1.490  │
│  death_tick_normal           137.923    frac_min_hp_le_300_no…        0.036  │
╰──────────────────────────────────────────────────────────────────────────────╯

[0;0H╭──────────────────────────────────────────────────────────────────────────────╮
│  PufferLib 4.0     🐡             GPU: 0%      VRAM: 0.4/18G      RAM: 0.6G  │
│                                                                              │
│  Summary          Value    Evaluate   251ms  38%    Losses            Value  │
│  Env       osrs_inferno      GPU      208ms  31%    policy            0.024  │
│  Params          752.1K      Env       43ms   6%    value             0.032  │
│  Steps            19.0M    Train      410ms  61%    entropy           3.492  │
│  SPS             245.0K      Misc       0ms   0%    total             0.035  │
│  Epoch              580      Forwa…     0ms   0%    old_kl            0.005  │
│  Uptime    0d 0h 1m 17s                             kl                0.005  │
│  Remaini…   0d 0h 2m 6s                             clipfrac          0.248  │
│                                                     bc                0.000  │
│                                                                              │
│  User Stats                    Value    User Stats                    Value  │
│  episode_return                5.512    damage_dealt                601.427  │
│  damage_received              64.301    episode_length              139.045  │
│  wins                          0.000    wave                         68.000  │
│  idle_ticks                    1.260    brews_used                    1.231  │
│  blood_healed                  0.000    prayer_correct_rate           0.119  │
│  unavoidable_off_praye…        0.001    brews_remaining              10.769  │
│  restores_remaining            8.781    prayer_at_death              93.085  │
│  current_ranged               91.612    current_magic                90.892  │
│  behind_shield_pct             0.743    zuk_hp_remaining            598.235  │
│  min_zuk_hp_seen             599.027    hp_restored                   0.099  │
│  zuk_healer_damage             0.000    deaths_to_jad                 0.026  │
│  episode_return_normal         5.512    wins_normal                   0.000  │
│  min_zuk_hp_normal           599.027    score_normal                  0.501  │
│  zuk_objective_normal          0.501    phase_reached_normal          1.494  │
│  death_tick_normal           139.045    frac_min_hp_le_300_no…        0.008  │
╰──────────────────────────────────────────────────────────────────────────────╯

[0;0H╭──────────────────────────────────────────────────────────────────────────────╮
│  PufferLib 4.0    🐡              GPU: 0%      VRAM: 0.4/18G      RAM: 0.6G  │
│                                                                              │
│  Summary          Value    Evaluate   252ms  38%    Losses            Value  │
│  Env       osrs_inferno      GPU      209ms  31%    policy            0.011  │
│  Params          752.1K      Env       44ms   6%    value             0.031  │
│  Steps            19.2M    Train      408ms  61%    entropy           3.457  │
│  SPS             245.2K      Misc       0ms   0%    total             0.022  │
│  Epoch              585      Forwa…     0ms   0%    old_kl            0.005  │
│  Uptime    0d 0h 1m 17s                             kl                0.005  │
│  Remaini…   0d 0h 2m 5s                             clipfrac          0.250  │
│                                                     bc                0.000  │
│                                                                              │
│  User Stats                    Value    User Stats                    Value  │
│  episode_return                6.115    damage_dealt                661.784  │
│  damage_received              66.248    episode_length              140.361  │
│  wins                          0.000    wave                         68.000  │
│  idle_ticks                    1.426    brews_used                    1.270  │
│  blood_healed                  0.000    prayer_correct_rate           0.120  │
│  unavoidable_off_praye…        0.002    brews_remaining              10.730  │
│  restores_remaining            8.852    prayer_at_death              93.034  │
│  current_ranged               91.776    current_magic                90.549  │
│  behind_shield_pct             0.742    zuk_hp_remaining            537.257  │
│  min_zuk_hp_seen             538.803    hp_restored                   0.000  │
│  zuk_healer_damage             0.000    deaths_to_jad                 0.064  │
│  episode_return_normal         6.115    wins_normal                   0.000  │
│  min_zuk_hp_normal           538.803    score_normal                  0.551  │
│  zuk_objective_normal          0.551    phase_reached_normal          1.692  │
│  death_tick_normal           140.361    frac_min_hp_le_300_no…        0.023  │
╰──────────────────────────────────────────────────────────────────────────────╯

[0;0H╭──────────────────────────────────────────────────────────────────────────────╮
│  PufferLib 4.0   🐡               GPU: 0%      VRAM: 0.4/18G      RAM: 0.6G  │
│                                                                              │
│  Summary          Value    Evaluate   252ms  38%    Losses            Value  │
│  Env       osrs_inferno      GPU      209ms  31%    policy            0.015  │
│  Params          752.1K      Env       43ms   6%    value             0.030  │
│  Steps            19.3M    Train      409ms  61%    entropy           3.471  │
│  SPS             245.3K      Misc       0ms   0%    total             0.025  │
│  Epoch              590      Forwa…     0ms   0%    old_kl            0.005  │
│  Uptime    0d 0h 1m 18s                             kl                0.005  │
│  Remaini…   0d 0h 2m 5s                             clipfrac          0.246  │
│                                                     bc                0.000  │
│                                                                              │
│  User Stats                    Value    User Stats                    Value  │
│  episode_return                5.953    damage_dealt                645.885  │
│  damage_received              68.039    episode_length              139.171  │
│  wins                          0.000    wave                         68.000  │
│  idle_ticks                    1.194    brews_used                    1.268  │
│  blood_healed                  0.000    prayer_correct_rate           0.120  │
│  unavoidable_off_praye…        0.002    brews_remaining              10.732  │
│  restores_remaining            9.008    prayer_at_death              92.636  │
│  current_ranged               92.764    current_magic                90.453  │
│  behind_shield_pct             0.742    zuk_hp_remaining            553.261  │
│  min_zuk_hp_seen             554.889    hp_restored                   0.118  │
│  zuk_healer_damage             0.000    deaths_to_jad                 0.053  │
│  episode_return_normal         5.953    wins_normal                   0.000  │
│  min_zuk_hp_normal           554.889    score_normal                  0.538  │
│  zuk_objective_normal          0.538    phase_reached_normal          1.625  │
│  death_tick_normal           139.171    frac_min_hp_le_300_no…        0.014  │
╰──────────────────────────────────────────────────────────────────────────────╯

[0;0H╭──────────────────────────────────────────────────────────────────────────────╮
│  PufferLib 4.0  🐡                GPU: 0%      VRAM: 0.4/18G      RAM: 0.6G  │
│                                                                              │
│  Summary          Value    Evaluate   252ms  38%    Losses            Value  │
│  Env       osrs_inferno      GPU      207ms  31%    policy            0.007  │
│  Params          752.1K      Env       45ms   6%    value             0.030  │
│  Steps            19.5M    Train      407ms  61%    entropy           3.470  │
│  SPS             245.6K      Misc       0ms   0%    total             0.017  │
│  Epoch              595      Forwa…     0ms   0%    old_kl            0.005  │
│  Uptime    0d 0h 1m 19s                             kl                0.005  │
│  Remaini…   0d 0h 2m 4s                             clipfrac          0.247  │
│                                                     bc                0.000  │
│                                                                              │
│  User Stats                    Value    User Stats                    Value  │
│  episode_return                5.765    damage_dealt                628.141  │
│  damage_received              66.487    episode_length              139.590  │
│  wins                          0.000    wave                         68.000  │
│  idle_ticks                    1.073    brews_used                    1.356  │
│  blood_healed                  0.000    prayer_correct_rate           0.116  │
│  unavoidable_off_praye…        0.001    brews_remaining              10.644  │
│  restores_remaining            9.193    prayer_at_death              91.567  │
│  current_ranged               93.164    current_magic                89.544  │
│  behind_shield_pct             0.741    zuk_hp_remaining            572.268  │
│  min_zuk_hp_seen             572.741    hp_restored                   1.076  │
│  zuk_healer_damage             0.000    deaths_to_jad                 0.027  │
│  episode_return_normal         5.765    wins_normal                   0.000  │
│  min_zuk_hp_normal           572.741    score_normal                  0.523  │
│  zuk_objective_normal          0.523    phase_reached_normal          1.595  │
│  death_tick_normal           139.590    frac_min_hp_le_300_no…        0.008  │
╰──────────────────────────────────────────────────────────────────────────────╯

[0;0H╭──────────────────────────────────────────────────────────────────────────────╮
│  PufferLib 4.0 🐡                 GPU: 0%      VRAM: 0.4/18G      RAM: 0.6G  │
│                                                                              │
│  Summary          Value    Evaluate   250ms  37%    Losses            Value  │
│  Env       osrs_inferno      GPU      207ms  31%    policy            0.006  │
│  Params          752.1K      Env       43ms   6%    value             0.032  │
│  Steps            19.7M    Train      409ms  62%    entropy           3.438  │
│  SPS             245.6K      Misc       0ms   0%    total             0.016  │
│  Epoch              600      Forwa…     0ms   0%    old_kl            0.005  │
│  Uptime    0d 0h 1m 19s                             kl                0.005  │
│  Remaini…   0d 0h 2m 3s                             clipfrac          0.253  │
│                                                     bc                0.000  │
│                                                                              │
│  User Stats                    Value    User Stats                    Value  │
│  episode_return                5.898    damage_dealt                641.969  │
│  damage_received              73.621    episode_length              138.463  │
│  wins                          0.000    wave                         68.000  │
│  idle_ticks                    0.890    brews_used                    1.576  │
│  blood_healed                  0.000    prayer_correct_rate           0.123  │
│  unavoidable_off_praye…        0.002    brews_remaining              10.424  │
│  restores_remaining            9.390    prayer_at_death              90.666  │
│  current_ranged               93.141    current_magic                88.119  │
│  behind_shield_pct             0.740    zuk_hp_remaining            559.594  │
│  min_zuk_hp_seen             558.950    hp_restored                   1.846  │
│  zuk_healer_damage             0.008    deaths_to_jad                 0.040  │
│  episode_return_normal         5.898    wins_normal                   0.000  │
│  min_zuk_hp_normal           558.950    score_normal                  0.534  │
│  zuk_objective_normal          0.534    phase_reached_normal          1.660  │
│  death_tick_normal           138.463    frac_min_hp_le_300_no…        0.039  │
╰──────────────────────────────────────────────────────────────────────────────╯

[0;0H╭──────────────────────────────────────────────────────────────────────────────╮
│  PufferLib 4.0          🐡        GPU: 0%      VRAM: 0.4/18G      RAM: 0.6G  │
│                                                                              │
│  Summary          Value    Evaluate   252ms  38%    Losses            Value  │
│  Env       osrs_inferno      GPU      208ms  31%    policy            0.006  │
│  Params          752.1K      Env       43ms   6%    value             0.030  │
│  Steps            19.8M    Train      408ms  61%    entropy           3.355  │
│  SPS             245.3K      Misc       0ms   0%    total             0.016  │
│  Epoch              605      Forwa…     0ms   0%    old_kl            0.005  │
│  Uptime    0d 0h 1m 20s                             kl                0.004  │
│  Remaini…   0d 0h 2m 2s                             clipfrac          0.247  │
│                                                     bc                0.000  │
│                                                                              │
│  User Stats                    Value    User Stats                    Value  │
│  episode_return                5.649    damage_dealt                616.169  │
│  damage_received              71.743    episode_length              140.263  │
│  wins                          0.000    wave                         68.000  │
│  idle_ticks                    0.845    brews_used                    1.547  │
│  blood_healed                  0.000    prayer_correct_rate           0.122  │
│  unavoidable_off_praye…        0.001    brews_remaining              10.453  │
│  restores_remaining            9.497    prayer_at_death              89.903  │
│  current_ranged               93.704    current_magic                87.876  │
│  behind_shield_pct             0.741    zuk_hp_remaining            583.831  │
│  min_zuk_hp_seen             584.278    hp_restored                   1.187  │
│  zuk_healer_damage             0.000    deaths_to_jad                 0.037  │
│  episode_return_normal         5.649    wins_normal                   0.000  │
│  min_zuk_hp_normal           584.278    score_normal                  0.513  │
│  zuk_objective_normal          0.513    phase_reached_normal          1.548  │
│  death_tick_normal           140.263    frac_min_hp_le_300_no…        0.018  │
╰──────────────────────────────────────────────────────────────────────────────╯

[0;0H╭──────────────────────────────────────────────────────────────────────────────╮
│  PufferLib 4.0         🐡         GPU: 0%      VRAM: 0.4/18G      RAM: 0.6G  │
│                                                                              │
│  Summary          Value    Evaluate   252ms  38%    Losses            Value  │
│  Env       osrs_inferno      GPU      208ms  31%    policy           -0.002  │
│  Params          752.1K      Env       43ms   6%    value             0.034  │
│  Steps            20.0M    Train      406ms  61%    entropy           3.333  │
│  SPS             246.5K      Misc       0ms   0%    total             0.010  │
│  Epoch              610      Forwa…     0ms   0%    old_kl            0.005  │
│  Uptime    0d 0h 1m 21s                             kl                0.005  │
│  Remaini…   0d 0h 2m 1s                             clipfrac          0.244  │
│                                                     bc                0.000  │
│                                                                              │
│  User Stats                    Value    User Stats                    Value  │
│  episode_return                6.180    damage_dealt                671.177  │
│  damage_received              71.591    episode_length              139.620  │
│  wins                          0.000    wave                         68.000  │
│  idle_ticks                    0.873    brews_used                    1.471  │
│  blood_healed                  0.000    prayer_correct_rate           0.120  │
│  unavoidable_off_praye…        0.002    brews_remaining              10.529  │
│  restores_remaining            9.631    prayer_at_death              89.655  │
│  current_ranged               94.391    current_magic                87.674  │
│  behind_shield_pct             0.746    zuk_hp_remaining            530.528  │
│  min_zuk_hp_seen             529.858    hp_restored                   2.548  │
│  zuk_healer_damage             0.030    deaths_to_jad                 0.058  │
│  episode_return_normal         6.180    wins_normal                   0.000  │
│  min_zuk_hp_normal           529.858    score_normal                  0.558  │
│  zuk_objective_normal          0.558    phase_reached_normal          1.740  │
│  death_tick_normal           139.620    frac_min_hp_le_300_no…        0.057  │
╰──────────────────────────────────────────────────────────────────────────────╯

[0;0H╭──────────────────────────────────────────────────────────────────────────────╮
│  PufferLib 4.0        🐡          GPU: 0%      VRAM: 0.4/18G      RAM: 0.6G  │
│                                                                              │
│  Summary          Value    Evaluate   252ms  38%    Losses            Value  │
│  Env       osrs_inferno      GPU      208ms  31%    policy            0.013  │
│  Params          752.1K      Env       44ms   6%    value             0.032  │
│  Steps            20.2M    Train      407ms  61%    entropy           3.302  │
│  SPS             245.9K      Misc       0ms   0%    total             0.024  │
│  Epoch              615      Forwa…     0ms   0%    old_kl            0.005  │
│  Uptime    0d 0h 1m 21s                             kl                0.005  │
│  Remaini…   0d 0h 2m 1s                             clipfrac          0.245  │
│                                                     bc                0.000  │
│                                                                              │
│  User Stats                    Value    User Stats                    Value  │
│  episode_return                6.250    damage_dealt                680.016  │
│  damage_received              69.745    episode_length              139.330  │
│  wins                          0.000    wave                         68.000  │
│  idle_ticks                    0.817    brews_used                    1.500  │
│  blood_healed                  0.000    prayer_correct_rate           0.119  │
│  unavoidable_off_praye…        0.001    brews_remaining              10.500  │
│  restores_remaining            9.695    prayer_at_death              90.237  │
│  current_ranged               95.014    current_magic                87.770  │
│  behind_shield_pct             0.745    zuk_hp_remaining            523.267  │
│  min_zuk_hp_seen             521.476    hp_restored                   3.985  │
│  zuk_healer_damage             0.047    deaths_to_jad                 0.070  │
│  episode_return_normal         6.250    wins_normal                   0.000  │
│  min_zuk_hp_normal           521.476    score_normal                  0.565  │
│  zuk_objective_normal          0.565    phase_reached_normal          1.745  │
│  death_tick_normal           139.330    frac_min_hp_le_300_no…        0.069  │
╰──────────────────────────────────────────────────────────────────────────────╯

[0;0H╭──────────────────────────────────────────────────────────────────────────────╮
│  PufferLib 4.0       🐡           GPU: 0%      VRAM: 0.4/18G      RAM: 0.6G  │
│                                                                              │
│  Summary          Value    Evaluate   254ms  38%    Losses            Value  │
│  Env       osrs_inferno      GPU      210ms  31%    policy            0.007  │
│  Params          752.1K      Env       44ms   6%    value             0.039  │
│  Steps            20.3M    Train      409ms  61%    entropy           3.305  │
│  SPS             235.0K      Misc       0ms   0%    total             0.021  │
│  Epoch              620      Forwa…     0ms   0%    old_kl            0.005  │
│  Uptime    0d 0h 1m 22s                             kl                0.005  │
│  Remaini…   0d 0h 2m 6s                             clipfrac          0.238  │
│                                                     bc                0.000  │
│                                                                              │
│  User Stats                    Value    User Stats                    Value  │
│  episode_return                6.467    damage_dealt                711.654  │
│  damage_received              69.682    episode_length              139.305  │
│  wins                          0.000    wave                         68.000  │
│  idle_ticks                    0.755    brews_used                    1.493  │
│  blood_healed                  0.000    prayer_correct_rate           0.120  │
│  unavoidable_off_praye…        0.002    brews_remaining              10.507  │
│  restores_remaining            9.765    prayer_at_death              90.794  │
│  current_ranged               95.179    current_magic                87.469  │
│  behind_shield_pct             0.750    zuk_hp_remaining            500.923  │
│  min_zuk_hp_seen             491.389    hp_restored                  12.766  │
│  zuk_healer_damage             0.110    deaths_to_jad                 0.085  │
│  episode_return_normal         6.467    wins_normal                   0.000  │
│  min_zuk_hp_normal           491.389    score_normal                  0.591  │
│  zuk_objective_normal          0.591    phase_reached_normal          1.882  │
│  death_tick_normal           139.305    frac_min_hp_le_300_no…        0.111  │
╰──────────────────────────────────────────────────────────────────────────────╯

[0;0H╭──────────────────────────────────────────────────────────────────────────────╮
│  PufferLib 4.0      🐡            GPU: 0%      VRAM: 0.4/18G      RAM: 0.6G  │
│                                                                              │
│  Summary          Value    Evaluate   252ms  37%    Losses            Value  │
│  Env       osrs_inferno      GPU      208ms  31%    policy           -0.004  │
│  Params          752.1K      Env       43ms   6%    value             0.035  │
│  Steps            20.5M    Train      413ms  62%    entropy           3.260  │
│  SPS             243.8K      Misc       0ms   0%    total             0.009  │
│  Epoch              625      Forwa…     0ms   0%    old_kl            0.005  │
│  Uptime    0d 0h 1m 23s                             kl                0.005  │
│  Remaini…   0d 0h 2m 1s                             clipfrac          0.237  │
│                                                     bc                0.000  │
│                                                                              │
│  User Stats                    Value    User Stats                    Value  │
│  episode_return                6.188    damage_dealt                671.954  │
│  damage_received              67.387    episode_length              138.565  │
│  wins                          0.000    wave                         68.000  │
│  idle_ticks                    0.782    brews_used                    1.374  │
│  blood_healed                  0.000    prayer_correct_rate           0.119  │
│  unavoidable_off_praye…        0.002    brews_remaining              10.626  │
│  restores_remaining            9.789    prayer_at_death              91.600  │
│  current_ranged               97.037    current_magic                88.918  │
│  behind_shield_pct             0.750    zuk_hp_remaining            529.938  │
│  min_zuk_hp_seen             529.002    hp_restored                   2.860  │
│  zuk_healer_damage             0.020    deaths_to_jad                 0.046  │
│  episode_return_normal         6.188    wins_normal                   0.000  │
│  min_zuk_hp_normal           529.002    score_normal                  0.559  │
│  zuk_objective_normal          0.559    phase_reached_normal          1.755  │
│  death_tick_normal           138.565    frac_min_hp_le_300_no…        0.035  │
╰──────────────────────────────────────────────────────────────────────────────╯

[0;0H╭──────────────────────────────────────────────────────────────────────────────╮
│  PufferLib 4.0     🐡             GPU: 0%      VRAM: 0.4/18G      RAM: 0.6G  │
│                                                                              │
│  Summary          Value    Evaluate   252ms  38%    Losses            Value  │
│  Env       osrs_inferno      GPU      208ms  31%    policy            0.022  │
│  Params          752.1K      Env       43ms   6%    value             0.034  │
│  Steps            20.6M    Train      409ms  61%    entropy           3.260  │
│  SPS             245.3K      Misc       0ms   0%    total             0.034  │
│  Epoch              630      Forwa…     0ms   0%    old_kl            0.005  │
│  Uptime    0d 0h 1m 23s                             kl                0.005  │
│  Remaini…  0d 0h 1m 59s                             clipfrac          0.245  │
│                                                     bc                0.000  │
│                                                                              │
│  User Stats                    Value    User Stats                    Value  │
│  episode_return                5.934    damage_dealt                643.798  │
│  damage_received              68.052    episode_length              138.615  │
│  wins                          0.000    wave                         68.000  │
│  idle_ticks                    0.758    brews_used                    1.425  │
│  blood_healed                  0.000    prayer_correct_rate           0.123  │
│  unavoidable_off_praye…        0.001    brews_remaining              10.575  │
│  restores_remaining            9.852    prayer_at_death              92.216  │
│  current_ranged               96.792    current_magic                88.691  │
│  behind_shield_pct             0.749    zuk_hp_remaining            555.176  │
│  min_zuk_hp_seen             556.696    hp_restored                   0.560  │
│  zuk_healer_damage             0.000    deaths_to_jad                 0.053  │
│  episode_return_normal         5.934    wins_normal                   0.000  │
│  min_zuk_hp_normal           556.696    score_normal                  0.536  │
│  zuk_objective_normal          0.536    phase_reached_normal          1.643  │
│  death_tick_normal           138.615    frac_min_hp_le_300_no…        0.020  │
╰──────────────────────────────────────────────────────────────────────────────╯

[0;0H╭──────────────────────────────────────────────────────────────────────────────╮
│  PufferLib 4.0    🐡              GPU: 0%      VRAM: 0.4/18G      RAM: 0.6G  │
│                                                                              │
│  Summary          Value    Evaluate   252ms  38%    Losses            Value  │
│  Env       osrs_inferno      GPU      207ms  31%    policy            0.004  │
│  Params          752.1K      Env       45ms   6%    value             0.032  │
│  Steps            20.8M    Train      407ms  61%    entropy           3.209  │
│  SPS             245.8K      Misc       0ms   0%    total             0.016  │
│  Epoch              635      Forwa…     0ms   0%    old_kl            0.004  │
│  Uptime    0d 0h 1m 24s                             kl                0.004  │
│  Remaini…  0d 0h 1m 58s                             clipfrac          0.242  │
│                                                     bc                0.000  │
│                                                                              │
│  User Stats                    Value    User Stats                    Value  │
│  episode_return                5.609    damage_dealt                610.770  │
│  damage_received              70.231    episode_length              138.474  │
│  wins                          0.000    wave                         68.000  │
│  idle_ticks                    0.786    brews_used                    1.458  │
│  blood_healed                  0.000    prayer_correct_rate           0.122  │
│  unavoidable_off_praye…        0.000    brews_remaining              10.542  │
│  restores_remaining            9.965    prayer_at_death              92.302  │
│  current_ranged               96.416    current_magic                88.467  │
│  behind_shield_pct             0.748    zuk_hp_remaining            587.685  │
│  min_zuk_hp_seen             589.385    hp_restored                   0.348  │
│  zuk_healer_damage             0.000    deaths_to_jad                 0.011  │
│  episode_return_normal         5.609    wins_normal                   0.000  │
│  min_zuk_hp_normal           589.385    score_normal                  0.509  │
│  zuk_objective_normal          0.509    phase_reached_normal          1.536  │
│  death_tick_normal           138.474    frac_min_hp_le_300_no…        0.012  │
╰──────────────────────────────────────────────────────────────────────────────╯

[0;0H╭──────────────────────────────────────────────────────────────────────────────╮
│  PufferLib 4.0   🐡               GPU: 0%      VRAM: 0.4/18G      RAM: 0.6G  │
│                                                                              │
│  Summary          Value    Evaluate   250ms  37%    Losses            Value  │
│  Env       osrs_inferno      GPU      207ms  31%    policy           -0.008  │
│  Params          752.1K      Env       43ms   6%    value             0.031  │
│  Steps            21.0M    Train      409ms  62%    entropy           3.188  │
│  SPS             245.7K      Misc       0ms   0%    total             0.003  │
│  Epoch              640      Forwa…     0ms   0%    old_kl            0.004  │
│  Uptime    0d 0h 1m 25s                             kl                0.005  │
│  Remaini…  0d 0h 1m 58s                             clipfrac          0.243  │
│                                                     bc                0.000  │
│                                                                              │
│  User Stats                    Value    User Stats                    Value  │
│  episode_return                5.717    damage_dealt                622.065  │
│  damage_received              73.561    episode_length              139.764  │
│  wins                          0.000    wave                         68.000  │
│  idle_ticks                    0.587    brews_used                    1.467  │
│  blood_healed                  0.000    prayer_correct_rate           0.123  │
│  unavoidable_off_praye…        0.000    brews_remaining              10.533  │
│  restores_remaining           10.022    prayer_at_death              92.155  │
│  current_ranged               96.505    current_magic                88.529  │
│  behind_shield_pct             0.746    zuk_hp_remaining            576.842  │
│  min_zuk_hp_seen             578.275    hp_restored                   0.377  │
│  zuk_healer_damage             0.000    deaths_to_jad                 0.034  │
│  episode_return_normal         5.717    wins_normal                   0.000  │
│  min_zuk_hp_normal           578.275    score_normal                  0.518  │
│  zuk_objective_normal          0.518    phase_reached_normal          1.585  │
│  death_tick_normal           139.764    frac_min_hp_le_300_no…        0.010  │
╰──────────────────────────────────────────────────────────────────────────────╯

[0;0H╭──────────────────────────────────────────────────────────────────────────────╮
│  PufferLib 4.0  🐡                GPU: 0%      VRAM: 0.4/18G      RAM: 0.6G  │
│                                                                              │
│  Summary          Value    Evaluate   249ms  37%    Losses            Value  │
│  Env       osrs_inferno      GPU      206ms  31%    policy           -0.002  │
│  Params          752.1K      Env       43ms   6%    value             0.030  │
│  Steps            21.1M    Train      410ms  62%    entropy           3.157  │
│  SPS             245.7K      Misc       0ms   0%    total             0.008  │
│  Epoch              645      Forwa…     0ms   0%    old_kl            0.005  │
│  Uptime    0d 0h 1m 25s                             kl                0.004  │
│  Remaini…  0d 0h 1m 57s                             clipfrac          0.239  │
│                                                     bc                0.000  │
│                                                                              │
│  User Stats                    Value    User Stats                    Value  │
│  episode_return                5.764    damage_dealt                626.201  │
│  damage_received              72.187    episode_length              140.034  │
│  wins                          0.000    wave                         68.000  │
│  idle_ticks                    0.728    brews_used                    1.475  │
│  blood_healed                  0.000    prayer_correct_rate           0.125  │
│  unavoidable_off_praye…        0.002    brews_remaining              10.525  │
│  restores_remaining           10.213    prayer_at_death              91.280  │
│  current_ranged               95.731    current_magic                87.872  │
│  behind_shield_pct             0.751    zuk_hp_remaining            572.201  │
│  min_zuk_hp_seen             573.936    hp_restored                   0.049  │
│  zuk_healer_damage             0.000    deaths_to_jad                 0.043  │
│  episode_return_normal         5.764    wins_normal                   0.000  │
│  min_zuk_hp_normal           573.936    score_normal                  0.522  │
│  zuk_objective_normal          0.522    phase_reached_normal          1.569  │
│  death_tick_normal           140.034    frac_min_hp_le_300_no…        0.022  │
╰──────────────────────────────────────────────────────────────────────────────╯

[0;0H╭──────────────────────────────────────────────────────────────────────────────╮
│  PufferLib 4.0 🐡                 GPU: 0%      VRAM: 0.4/18G      RAM: 0.6G  │
│                                                                              │
│  Summary          Value    Evaluate   239ms  37%    Losses            Value  │
│  Env       osrs_inferno      GPU      197ms  30%    policy           -0.001  │
│  Params          752.1K      Env       42ms   6%    value             0.032  │
│  Steps            21.3M    Train      405ms  62%    entropy           3.107  │
│  SPS             251.4K      Misc       0ms   0%    total             0.010  │
│  Epoch              650      Forwa…     0ms   0%    old_kl            0.004  │
│  Uptime    0d 0h 1m 26s                             kl                0.004  │
│  Remaini…  0d 0h 1m 54s                             clipfrac          0.232  │
│                                                     bc                0.000  │
│                                                                              │
│  User Stats                    Value    User Stats                    Value  │
│  episode_return                5.577    damage_dealt                607.811  │
│  damage_received              67.855    episode_length              138.745  │
│  wins                          0.000    wave                         68.000  │
│  idle_ticks                    0.527    brews_used                    1.424  │
│  blood_healed                  0.000    prayer_correct_rate           0.124  │
│  unavoidable_off_praye…        0.001    brews_remaining              10.576  │
│  restores_remaining           10.470    prayer_at_death              89.758  │
│  current_ranged               96.206    current_magic                87.932  │
│  behind_shield_pct             0.753    zuk_hp_remaining            590.023  │
│  min_zuk_hp_seen             592.444    hp_restored                   0.026  │
│  zuk_healer_damage             0.000    deaths_to_jad                 0.026  │
│  episode_return_normal         5.577    wins_normal                   0.000  │
│  min_zuk_hp_normal           592.444    score_normal                  0.506  │
│  zuk_objective_normal          0.506    phase_reached_normal          1.508  │
│  death_tick_normal           138.745    frac_min_hp_le_300_no…        0.013  │
╰──────────────────────────────────────────────────────────────────────────────╯

[0;0H╭──────────────────────────────────────────────────────────────────────────────╮
│  PufferLib 4.0          🐡        GPU: 0%      VRAM: 0.4/18G      RAM: 0.6G  │
│                                                                              │
│  Summary          Value    Evaluate   235ms  36%    Losses            Value  │
│  Env       osrs_inferno      GPU      193ms  30%    policy            0.017  │
│  Params          752.1K      Env       42ms   6%    value             0.035  │
│  Steps            21.5M    Train      406ms  63%    entropy           3.068  │
│  SPS             252.3K      Misc       0ms   0%    total             0.030  │
│  Epoch              655      Forwa…     0ms   0%    old_kl            0.005  │
│  Uptime    0d 0h 1m 27s                             kl                0.005  │
│  Remaini…  0d 0h 1m 53s                             clipfrac          0.243  │
│                                                     bc                0.000  │
│                                                                              │
│  User Stats                    Value    User Stats                    Value  │
│  episode_return                6.006    damage_dealt                651.591  │
│  damage_received              70.991    episode_length              139.904  │
│  wins                          0.000    wave                         68.000  │
│  idle_ticks                    0.469    brews_used                    1.479  │
│  blood_healed                  0.000    prayer_correct_rate           0.129  │
│  unavoidable_off_praye…        0.002    brews_remaining              10.521  │
│  restores_remaining           10.535    prayer_at_death              89.614  │
│  current_ranged               95.619    current_magic                87.478  │
│  behind_shield_pct             0.763    zuk_hp_remaining            547.584  │
│  min_zuk_hp_seen             548.930    hp_restored                   0.693  │
│  zuk_healer_damage             0.016    deaths_to_jad                 0.053  │
│  episode_return_normal         6.006    wins_normal                   0.000  │
│  min_zuk_hp_normal           548.930    score_normal                  0.543  │
│  zuk_objective_normal          0.543    phase_reached_normal          1.671  │
│  death_tick_normal           139.904    frac_min_hp_le_300_no…        0.039  │
╰──────────────────────────────────────────────────────────────────────────────╯

[0;0H╭──────────────────────────────────────────────────────────────────────────────╮
│  PufferLib 4.0         🐡         GPU: 0%      VRAM: 0.4/18G      RAM: 0.6G  │
│                                                                              │
│  Summary          Value    Evaluate   253ms  38%    Losses            Value  │
│  Env       osrs_inferno      GPU      208ms  31%    policy            0.018  │
│  Params          752.1K      Env       44ms   6%    value             0.035  │
│  Steps            21.6M    Train      408ms  61%    entropy           3.034  │
│  SPS             245.1K      Misc       0ms   0%    total             0.031  │
│  Epoch              660      Forwa…     0ms   0%    old_kl            0.005  │
│  Uptime    0d 0h 1m 27s                             kl                0.004  │
│  Remaini…  0d 0h 1m 55s                             clipfrac          0.248  │
│                                                     bc                0.000  │
│                                                                              │
│  User Stats                    Value    User Stats                    Value  │
│  episode_return                6.242    damage_dealt                675.206  │
│  damage_received              73.465    episode_length              139.264  │
│  wins                          0.000    wave                         68.000  │
│  idle_ticks                    0.484    brews_used                    1.537  │
│  blood_healed                  0.000    prayer_correct_rate           0.131  │
│  unavoidable_off_praye…        0.002    brews_remaining              10.463  │
│  restores_remaining           10.638    prayer_at_death              89.163  │
│  current_ranged               95.613    current_magic                87.108  │
│  behind_shield_pct             0.772    zuk_hp_remaining            523.673  │
│  min_zuk_hp_seen             525.599    hp_restored                   0.974  │
│  zuk_healer_damage             0.000    deaths_to_jad                 0.057  │
│  episode_return_normal         6.242    wins_normal                   0.000  │
│  min_zuk_hp_normal           525.599    score_normal                  0.562  │
│  zuk_objective_normal          0.562    phase_reached_normal          1.744  │
│  death_tick_normal           139.264    frac_min_hp_le_300_no…        0.049  │
╰──────────────────────────────────────────────────────────────────────────────╯

[0;0H╭──────────────────────────────────────────────────────────────────────────────╮
│  PufferLib 4.0        🐡          GPU: 0%      VRAM: 0.4/18G      RAM: 0.6G  │
│                                                                              │
│  Summary          Value    Evaluate   251ms  38%    Losses            Value  │
│  Env       osrs_inferno      GPU      208ms  31%    policy            0.011  │
│  Params          752.1K      Env       43ms   6%    value             0.031  │
│  Steps            21.8M    Train      408ms  61%    entropy           3.009  │
│  SPS             246.0K      Misc       0ms   0%    total             0.022  │
│  Epoch              665      Forwa…     0ms   0%    old_kl            0.005  │
│  Uptime    0d 0h 1m 28s                             kl                0.004  │
│  Remaini…  0d 0h 1m 54s                             clipfrac          0.240  │
│                                                     bc                0.000  │
│                                                                              │
│  User Stats                    Value    User Stats                    Value  │
│  episode_return                5.714    damage_dealt                621.676  │
│  damage_received              73.494    episode_length              140.464  │
│  wins                          0.000    wave                         68.000  │
│  idle_ticks                    0.473    brews_used                    1.601  │
│  blood_healed                  0.000    prayer_correct_rate           0.129  │
│  unavoidable_off_praye…        0.001    brews_remaining              10.399  │
│  restores_remaining           10.736    prayer_at_death              88.696  │
│  current_ranged               95.166    current_magic                86.201  │
│  behind_shield_pct             0.771    zuk_hp_remaining            576.974  │
│  min_zuk_hp_seen             578.555    hp_restored                   0.287  │
│  zuk_healer_damage             0.004    deaths_to_jad                 0.028  │
│  episode_return_normal         5.714    wins_normal                   0.000  │
│  min_zuk_hp_normal           578.555    score_normal                  0.518  │
│  zuk_objective_normal          0.518    phase_reached_normal          1.560  │
│  death_tick_normal           140.464    frac_min_hp_le_300_no…        0.012  │
╰──────────────────────────────────────────────────────────────────────────────╯

[0;0H╭──────────────────────────────────────────────────────────────────────────────╮
│  PufferLib 4.0       🐡           GPU: 0%      VRAM: 0.4/18G      RAM: 0.6G  │
│                                                                              │
│  Summary          Value    Evaluate   254ms  38%    Losses            Value  │
│  Env       osrs_inferno      GPU      208ms  31%    policy            0.006  │
│  Params          752.1K      Env       45ms   6%    value             0.034  │
│  Steps            22.0M    Train      410ms  61%    entropy           2.967  │
│  SPS             243.3K      Misc       0ms   0%    total             0.019  │
│  Epoch              670      Forwa…     0ms   0%    old_kl            0.005  │
│  Uptime    0d 0h 1m 29s                             kl                0.004  │
│  Remaini…  0d 0h 1m 55s                             clipfrac          0.238  │
│                                                     bc                0.000  │
│                                                                              │
│  User Stats                    Value    User Stats                    Value  │
│  episode_return                5.785    damage_dealt                629.040  │
│  damage_received              75.098    episode_length              141.238  │
│  wins                          0.000    wave                         68.000  │
│  idle_ticks                    0.530    brews_used                    1.554  │
│  blood_healed                  0.000    prayer_correct_rate           0.136  │
│  unavoidable_off_praye…        0.001    brews_remaining              10.446  │
│  restores_remaining           10.766    prayer_at_death              89.234  │
│  current_ranged               95.343    current_magic                86.344  │
│  behind_shield_pct             0.770    zuk_hp_remaining            569.731  │
│  min_zuk_hp_seen             571.268    hp_restored                   0.473  │
│  zuk_healer_damage             0.000    deaths_to_jad                 0.048  │
│  episode_return_normal         5.785    wins_normal                   0.000  │
│  min_zuk_hp_normal           571.268    score_normal                  0.524  │
│  zuk_objective_normal          0.524    phase_reached_normal          1.574  │
│  death_tick_normal           141.238    frac_min_hp_le_300_no…        0.019  │
╰──────────────────────────────────────────────────────────────────────────────╯

[0;0H╭──────────────────────────────────────────────────────────────────────────────╮
│  PufferLib 4.0      🐡            GPU: 0%      VRAM: 0.4/18G      RAM: 0.6G  │
│                                                                              │
│  Summary          Value    Evaluate   251ms  38%    Losses            Value  │
│  Env       osrs_inferno      GPU      208ms  31%    policy            0.018  │
│  Params          752.1K      Env       43ms   6%    value             0.031  │
│  Steps            22.1M    Train      408ms  61%    entropy           2.917  │
│  SPS             245.8K      Misc       0ms   0%    total             0.029  │
│  Epoch              675      Forwa…     0ms   0%    old_kl            0.004  │
│  Uptime    0d 0h 1m 29s                             kl                0.004  │
│  Remaini…  0d 0h 1m 53s                             clipfrac          0.241  │
│                                                     bc                0.000  │
│                                                                              │
│  User Stats                    Value    User Stats                    Value  │
│  episode_return                5.794    damage_dealt                629.872  │
│  damage_received              73.805    episode_length              139.913  │
│  wins                          0.000    wave                         68.000  │
│  idle_ticks                    0.492    brews_used                    1.529  │
│  blood_healed                  0.000    prayer_correct_rate           0.129  │
│  unavoidable_off_praye…        0.001    brews_remaining              10.471  │
│  restores_remaining           10.821    prayer_at_death              89.266  │
│  current_ranged               95.606    current_magic                86.289  │
│  behind_shield_pct             0.770    zuk_hp_remaining            568.640  │
│  min_zuk_hp_seen             570.459    hp_restored                   0.289  │
│  zuk_healer_damage             0.000    deaths_to_jad                 0.044  │
│  episode_return_normal         5.794    wins_normal                   0.000  │
│  min_zuk_hp_normal           570.459    score_normal                  0.525  │
│  zuk_objective_normal          0.525    phase_reached_normal          1.586  │
│  death_tick_normal           139.913    frac_min_hp_le_300_no…        0.016  │
╰──────────────────────────────────────────────────────────────────────────────╯

[0;0H╭──────────────────────────────────────────────────────────────────────────────╮
│  PufferLib 4.0     🐡             GPU: 0%      VRAM: 0.4/18G      RAM: 0.6G  │
│                                                                              │
│  Summary          Value    Evaluate   251ms  38%    Losses            Value  │
│  Env       osrs_inferno      GPU      208ms  31%    policy            0.011  │
│  Params          752.1K      Env       43ms   6%    value             0.033  │
│  Steps            22.3M    Train      407ms  61%    entropy           2.883  │
│  SPS             246.1K      Misc       0ms   0%    total             0.023  │
│  Epoch              680      Forwa…     0ms   0%    old_kl            0.004  │
│  Uptime    0d 0h 1m 30s                             kl                0.005  │
│  Remaini…  0d 0h 1m 52s                             clipfrac          0.240  │
│                                                     bc                0.000  │
│                                                                              │
│  User Stats                    Value    User Stats                    Value  │
│  episode_return                5.735    damage_dealt                623.837  │
│  damage_received              71.032    episode_length              140.595  │
│  wins                          0.000    wave                         68.000  │
│  idle_ticks                    0.411    brews_used                    1.579  │
│  blood_healed                  0.000    prayer_correct_rate           0.136  │
│  unavoidable_off_praye…        0.001    brews_remaining              10.421  │
│  restores_remaining           10.785    prayer_at_death              90.567  │
│  current_ranged               96.280    current_magic                86.932  │
│  behind_shield_pct             0.767    zuk_hp_remaining            575.340  │
│  min_zuk_hp_seen             576.540    hp_restored                   0.169  │
│  zuk_healer_damage             0.003    deaths_to_jad                 0.036  │
│  episode_return_normal         5.735    wins_normal                   0.000  │
│  min_zuk_hp_normal           576.540    score_normal                  0.520  │
│  zuk_objective_normal          0.520    phase_reached_normal          1.598  │
│  death_tick_normal           140.595    frac_min_hp_le_300_no…        0.013  │
╰──────────────────────────────────────────────────────────────────────────────╯

[0;0H╭──────────────────────────────────────────────────────────────────────────────╮
│  PufferLib 4.0    🐡              GPU: 0%      VRAM: 0.4/18G      RAM: 0.6G  │
│                                                                              │
│  Summary          Value    Evaluate   251ms  38%    Losses            Value  │
│  Env       osrs_inferno      GPU      208ms  31%    policy            0.008  │
│  Params          752.1K      Env       44ms   6%    value             0.034  │
│  Steps            22.4M    Train      407ms  61%    entropy           2.864  │
│  SPS             246.0K      Misc       0ms   0%    total             0.020  │
│  Epoch              685      Forwa…     0ms   0%    old_kl            0.005  │
│  Uptime    0d 0h 1m 31s                             kl                0.004  │
│  Remaini…  0d 0h 1m 51s                             clipfrac          0.237  │
│                                                     bc                0.000  │
│                                                                              │
│  User Stats                    Value    User Stats                    Value  │
│  episode_return                5.810    damage_dealt                630.790  │
│  damage_received              71.077    episode_length              142.278  │
│  wins                          0.000    wave                         68.000  │
│  idle_ticks                    0.395    brews_used                    1.649  │
│  blood_healed                  0.000    prayer_correct_rate           0.136  │
│  unavoidable_off_praye…        0.001    brews_remaining              10.351  │
│  restores_remaining           10.801    prayer_at_death              90.582  │
│  current_ranged               95.801    current_magic                86.102  │
│  behind_shield_pct             0.765    zuk_hp_remaining            567.755  │
│  min_zuk_hp_seen             569.423    hp_restored                   0.091  │
│  zuk_healer_damage             0.000    deaths_to_jad                 0.025  │
│  episode_return_normal         5.810    wins_normal                   0.000  │
│  min_zuk_hp_normal           569.423    score_normal                  0.525  │
│  zuk_objective_normal          0.525    phase_reached_normal          1.620  │
│  death_tick_normal           142.278    frac_min_hp_le_300_no…        0.010  │
╰──────────────────────────────────────────────────────────────────────────────╯

[0;0H╭──────────────────────────────────────────────────────────────────────────────╮
│  PufferLib 4.0   🐡               GPU: 0%      VRAM: 0.4/18G      RAM: 0.6G  │
│                                                                              │
│  Summary          Value    Evaluate   255ms  38%    Losses            Value  │
│  Env       osrs_inferno      GPU      208ms  31%    policy            0.017  │
│  Params          752.1K      Env       46ms   7%    value             0.034  │
│  Steps            22.6M    Train      407ms  61%    entropy           2.837  │
│  SPS             244.8K      Misc       0ms   0%    total             0.029  │
│  Epoch              690      Forwa…     0ms   0%    old_kl            0.005  │
│  Uptime    0d 0h 1m 31s                             kl                0.004  │
│  Remaini…  0d 0h 1m 51s                             clipfrac          0.238  │
│                                                     bc                0.000  │
│                                                                              │
│  User Stats                    Value    User Stats                    Value  │
│  episode_return                6.017    damage_dealt                652.074  │
│  damage_received              68.179    episode_length              141.919  │
│  wins                          0.000    wave                         68.000  │
│  idle_ticks                    0.361    brews_used                    1.432  │
│  blood_healed                  0.000    prayer_correct_rate           0.133  │
│  unavoidable_off_praye…        0.002    brews_remaining              10.568  │
│  restores_remaining           10.849    prayer_at_death              90.884  │
│  current_ranged               97.423    current_magic                87.209  │
│  behind_shield_pct             0.770    zuk_hp_remaining            546.395  │
│  min_zuk_hp_seen             548.272    hp_restored                   0.194  │
│  zuk_healer_damage             0.000    deaths_to_jad                 0.050  │
│  episode_return_normal         6.017    wins_normal                   0.000  │
│  min_zuk_hp_normal           548.272    score_normal                  0.543  │
│  zuk_objective_normal          0.543    phase_reached_normal          1.700  │
│  death_tick_normal           141.919    frac_min_hp_le_300_no…        0.018  │
╰──────────────────────────────────────────────────────────────────────────────╯

[0;0H╭──────────────────────────────────────────────────────────────────────────────╮
│  PufferLib 4.0  🐡                GPU: 0%      VRAM: 0.4/18G      RAM: 0.6G  │
│                                                                              │
│  Summary          Value    Evaluate   252ms  38%    Losses            Value  │
│  Env       osrs_inferno      GPU      209ms  31%    policy            0.002  │
│  Params          752.1K      Env       43ms   6%    value             0.032  │
│  Steps            22.8M    Train      411ms  61%    entropy           2.790  │
│  SPS             243.5K      Misc       0ms   0%    total             0.014  │
│  Epoch              695      Forwa…     0ms   0%    old_kl            0.004  │
│  Uptime    0d 0h 1m 32s                             kl                0.004  │
│  Remaini…  0d 0h 1m 51s                             clipfrac          0.239  │
│                                                     bc                0.000  │
│                                                                              │
│  User Stats                    Value    User Stats                    Value  │
│  episode_return                6.217    damage_dealt                671.833  │
│  damage_received              68.213    episode_length              140.692  │
│  wins                          0.000    wave                         68.000  │
│  idle_ticks                    0.428    brews_used                    1.339  │
│  blood_healed                  0.000    prayer_correct_rate           0.128  │
│  unavoidable_off_praye…        0.002    brews_remaining              10.661  │
│  restores_remaining           10.903    prayer_at_death              91.498  │
│  current_ranged               97.814    current_magic                87.435  │
│  behind_shield_pct             0.777    zuk_hp_remaining            526.595  │
│  min_zuk_hp_seen             528.522    hp_restored                   0.167  │
│  zuk_healer_damage             0.011    deaths_to_jad                 0.070  │
│  episode_return_normal         6.217    wins_normal                   0.000  │
│  min_zuk_hp_normal           528.522    score_normal                  0.560  │
│  zuk_objective_normal          0.560    phase_reached_normal          1.731  │
│  death_tick_normal           140.692    frac_min_hp_le_300_no…        0.036  │
╰──────────────────────────────────────────────────────────────────────────────╯

[0;0H╭──────────────────────────────────────────────────────────────────────────────╮
│  PufferLib 4.0 🐡                 GPU: 0%      VRAM: 0.4/18G      RAM: 0.6G  │
│                                                                              │
│  Summary          Value    Evaluate   252ms  38%    Losses            Value  │
│  Env       osrs_inferno      GPU      209ms  31%    policy            0.009  │
│  Params          752.1K      Env       43ms   6%    value             0.033  │
│  Steps            22.9M    Train      410ms  61%    entropy           2.738  │
│  SPS             244.8K      Misc       0ms   0%    total             0.022  │
│  Epoch              700      Forwa…     0ms   0%    old_kl            0.004  │
│  Uptime    0d 0h 1m 33s                             kl                0.005  │
│  Remaini…  0d 0h 1m 50s                             clipfrac          0.236  │
│                                                     bc                0.000  │
│                                                                              │
│  User Stats                    Value    User Stats                    Value  │
│  episode_return                6.034    damage_dealt                653.716  │
│  damage_received              68.968    episode_length              139.569  │
│  wins                          0.000    wave                         68.000  │
│  idle_ticks                    0.457    brews_used                    1.349  │
│  blood_healed                  0.000    prayer_correct_rate           0.126  │
│  unavoidable_off_praye…        0.002    brews_remaining              10.651  │
│  restores_remaining           10.923    prayer_at_death              92.351  │
│  current_ranged               98.050    current_magic                87.691  │
│  behind_shield_pct             0.778    zuk_hp_remaining            544.524  │
│  min_zuk_hp_seen             546.636    hp_restored                   0.515  │
│  zuk_healer_damage             0.000    deaths_to_jad                 0.059  │
│  episode_return_normal         6.034    wins_normal                   0.000  │
│  min_zuk_hp_normal           546.636    score_normal                  0.544  │
│  zuk_objective_normal          0.544    phase_reached_normal          1.681  │
│  death_tick_normal           139.569    frac_min_hp_le_300_no…        0.029  │
╰──────────────────────────────────────────────────────────────────────────────╯

[0;0H╭──────────────────────────────────────────────────────────────────────────────╮
│  PufferLib 4.0          🐡        GPU: 0%      VRAM: 0.4/18G      RAM: 0.6G  │
│                                                                              │
│  Summary          Value    Evaluate   251ms  38%    Losses            Value  │
│  Env       osrs_inferno      GPU      206ms  31%    policy           -0.005  │
│  Params          752.1K      Env       45ms   6%    value             0.036  │
│  Steps            23.1M    Train      405ms  61%    entropy           2.698  │
│  SPS             246.9K      Misc       0ms   0%    total             0.009  │
│  Epoch              705      Forwa…     0ms   0%    old_kl            0.004  │
│  Uptime    0d 0h 1m 33s                             kl                0.004  │
│  Remaini…  0d 0h 1m 48s                             clipfrac          0.226  │
│                                                     bc                0.000  │
│                                                                              │
│  User Stats                    Value    User Stats                    Value  │
│  episode_return                5.865    damage_dealt                636.714  │
│  damage_received              65.388    episode_length              138.802  │
│  wins                          0.000    wave                         68.000  │
│  idle_ticks                    0.469    brews_used                    1.312  │
│  blood_healed                  0.000    prayer_correct_rate           0.131  │
│  unavoidable_off_praye…        0.001    brews_remaining              10.688  │
│  restores_remaining           10.954    prayer_at_death              92.698  │
│  current_ranged               98.980    current_magic                88.175  │
│  behind_shield_pct             0.777    zuk_hp_remaining            562.745  │
│  min_zuk_hp_seen             563.719    hp_restored                   0.931  │
│  zuk_healer_damage             0.000    deaths_to_jad                 0.043  │
│  episode_return_normal         5.865    wins_normal                   0.000  │
│  min_zuk_hp_normal           563.719    score_normal                  0.530  │
│  zuk_objective_normal          0.530    phase_reached_normal          1.638  │
│  death_tick_normal           138.802    frac_min_hp_le_300_no…        0.038  │
╰──────────────────────────────────────────────────────────────────────────────╯

[0;0H╭──────────────────────────────────────────────────────────────────────────────╮
│  PufferLib 4.0         🐡         GPU: 0%      VRAM: 0.4/18G      RAM: 0.6G  │
│                                                                              │
│  Summary          Value    Evaluate   252ms  37%    Losses            Value  │
│  Env       osrs_inferno      GPU      209ms  31%    policy            0.002  │
│  Params          752.1K      Env       43ms   6%    value             0.035  │
│  Steps            23.3M    Train      411ms  62%    entropy           2.702  │
│  SPS             244.1K      Misc       0ms   0%    total             0.015  │
│  Epoch              710      Forwa…     0ms   0%    old_kl            0.005  │
│  Uptime    0d 0h 1m 34s                             kl                0.005  │
│  Remaini…  0d 0h 1m 49s                             clipfrac          0.234  │
│                                                     bc                0.000  │
│                                                                              │
│  User Stats                    Value    User Stats                    Value  │
│  episode_return                6.313    damage_dealt                682.416  │
│  damage_received              68.165    episode_length              139.321  │
│  wins                          0.000    wave                         68.000  │
│  idle_ticks                    0.488    brews_used                    1.342  │
│  blood_healed                  0.000    prayer_correct_rate           0.128  │
│  unavoidable_off_praye…        0.002    brews_remaining              10.658  │
│  restores_remaining           10.956    prayer_at_death              92.663  │
│  current_ranged               98.829    current_magic                87.809  │
│  behind_shield_pct             0.780    zuk_hp_remaining            517.252  │
│  min_zuk_hp_seen             517.933    hp_restored                   1.085  │
│  zuk_healer_damage             0.000    deaths_to_jad                 0.072  │
│  episode_return_normal         6.313    wins_normal                   0.000  │
│  min_zuk_hp_normal           517.933    score_normal                  0.568  │
│  zuk_objective_normal          0.568    phase_reached_normal          1.765  │
│  death_tick_normal           139.321    frac_min_hp_le_300_no…        0.035  │
╰──────────────────────────────────────────────────────────────────────────────╯

[0;0H╭──────────────────────────────────────────────────────────────────────────────╮
│  PufferLib 4.0        🐡          GPU: 0%      VRAM: 0.4/18G      RAM: 0.6G  │
│                                                                              │
│  Summary          Value    Evaluate   251ms  37%    Losses            Value  │
│  Env       osrs_inferno      GPU      208ms  31%    policy            0.001  │
│  Params          752.1K      Env       42ms   6%    value             0.034  │
│  Steps            23.4M    Train      413ms  62%    entropy           2.650  │
│  SPS             244.0K      Misc       0ms   0%    total             0.014  │
│  Epoch              715      Forwa…     0ms   0%    old_kl            0.005  │
│  Uptime    0d 0h 1m 35s                             kl                0.004  │
│  Remaini…  0d 0h 1m 48s                             clipfrac          0.226  │
│                                                     bc                0.000  │
│                                                                              │
│  User Stats                    Value    User Stats                    Value  │
│  episode_return                6.119    damage_dealt                661.996  │
│  damage_received              68.001    episode_length              140.325  │
│  wins                          0.000    wave                         68.000  │
│  idle_ticks                    0.334    brews_used                    1.284  │
│  blood_healed                  0.000    prayer_correct_rate           0.136  │
│  unavoidable_off_praye…        0.001    brews_remaining              10.716  │
│  restores_remaining           10.963    prayer_at_death              92.499  │
│  current_ranged               99.099    current_magic                87.868  │
│  behind_shield_pct             0.785    zuk_hp_remaining            536.559  │
│  min_zuk_hp_seen             538.271    hp_restored                   0.069  │
│  zuk_healer_damage             0.000    deaths_to_jad                 0.051  │
│  episode_return_normal         6.119    wins_normal                   0.000  │
│  min_zuk_hp_normal           538.271    score_normal                  0.551  │
│  zuk_objective_normal          0.551    phase_reached_normal          1.723  │
│  death_tick_normal           140.325    frac_min_hp_le_300_no…        0.018  │
╰──────────────────────────────────────────────────────────────────────────────╯

[0;0H╭──────────────────────────────────────────────────────────────────────────────╮
│  PufferLib 4.0       🐡           GPU: 0%      VRAM: 0.4/18G      RAM: 0.6G  │
│                                                                              │
│  Summary          Value    Evaluate   252ms  37%    Losses            Value  │
│  Env       osrs_inferno      GPU      209ms  31%    policy           -0.004  │
│  Params          752.1K      Env       43ms   6%    value             0.029  │
│  Steps            23.6M    Train      412ms  62%    entropy           2.604  │
│  SPS             243.8K      Misc       0ms   0%    total             0.006  │
│  Epoch              720      Forwa…     0ms   0%    old_kl            0.004  │
│  Uptime    0d 0h 1m 35s                             kl                0.004  │
│  Remaini…  0d 0h 1m 48s                             clipfrac          0.223  │
│                                                     bc                0.000  │
│                                                                              │
│  User Stats                    Value    User Stats                    Value  │
│  episode_return                5.755    damage_dealt                625.972  │
│  damage_received              69.340    episode_length              140.483  │
│  wins                          0.000    wave                         68.000  │
│  idle_ticks                    0.348    brews_used                    1.298  │
│  blood_healed                  0.000    prayer_correct_rate           0.136  │
│  unavoidable_off_praye…        0.001    brews_remaining              10.702  │
│  restores_remaining           10.943    prayer_at_death              92.957  │
│  current_ranged               99.046    current_magic                87.951  │
│  behind_shield_pct             0.783    zuk_hp_remaining            573.311  │
│  min_zuk_hp_seen             574.411    hp_restored                   0.199  │
│  zuk_healer_damage             0.000    deaths_to_jad                 0.023  │
│  episode_return_normal         5.755    wins_normal                   0.000  │
│  min_zuk_hp_normal           574.411    score_normal                  0.521  │
│  zuk_objective_normal          0.521    phase_reached_normal          1.584  │
│  death_tick_normal           140.483    frac_min_hp_le_300_no…        0.010  │
╰──────────────────────────────────────────────────────────────────────────────╯

[0;0H╭──────────────────────────────────────────────────────────────────────────────╮
│  PufferLib 4.0      🐡            GPU: 0%      VRAM: 0.4/18G      RAM: 0.6G  │
│                                                                              │
│  Summary          Value    Evaluate   251ms  38%    Losses            Value  │
│  Env       osrs_inferno      GPU      208ms  31%    policy           -0.004  │
│  Params          752.1K      Env       43ms   6%    value             0.030  │
│  Steps            23.8M    Train      408ms  61%    entropy           2.562  │
│  SPS             245.7K      Misc       0ms   0%    total             0.007  │
│  Epoch              725      Forwa…     0ms   0%    old_kl            0.005  │
│  Uptime    0d 0h 1m 36s                             kl                0.004  │
│  Remaini…  0d 0h 1m 46s                             clipfrac          0.227  │
│                                                     bc                0.000  │
│                                                                              │
│  User Stats                    Value    User Stats                    Value  │
│  episode_return                6.119    damage_dealt                662.357  │
│  damage_received              66.070    episode_length              140.939  │
│  wins                          0.000    wave                         68.000  │
│  idle_ticks                    0.289    brews_used                    1.165  │
│  blood_healed                  0.000    prayer_correct_rate           0.131  │
│  unavoidable_off_praye…        0.001    brews_remaining              10.835  │
│  restores_remaining           10.947    prayer_at_death              92.947  │
│  current_ranged              100.014    current_magic                88.716  │
│  behind_shield_pct             0.790    zuk_hp_remaining            536.072  │
│  min_zuk_hp_seen             537.957    hp_restored                   0.316  │
│  zuk_healer_damage             0.000    deaths_to_jad                 0.054  │
│  episode_return_normal         6.119    wins_normal                   0.000  │
│  min_zuk_hp_normal           537.957    score_normal                  0.552  │
│  zuk_objective_normal          0.552    phase_reached_normal          1.713  │
│  death_tick_normal           140.939    frac_min_hp_le_300_no…        0.019  │
╰──────────────────────────────────────────────────────────────────────────────╯

[0;0H╭──────────────────────────────────────────────────────────────────────────────╮
│  PufferLib 4.0     🐡             GPU: 0%      VRAM: 0.4/18G      RAM: 0.6G  │
│                                                                              │
│  Summary          Value    Evaluate   252ms  38%    Losses            Value  │
│  Env       osrs_inferno      GPU      208ms  31%    policy            0.009  │
│  Params          752.1K      Env       43ms   6%    value             0.027  │
│  Steps            23.9M    Train      407ms  61%    entropy           2.560  │
│  SPS             245.9K      Misc       0ms   0%    total             0.018  │
│  Epoch              730      Forwa…     0ms   0%    old_kl            0.005  │
│  Uptime    0d 0h 1m 37s                             kl                0.004  │
│  Remaini…  0d 0h 1m 46s                             clipfrac          0.215  │
│                                                     bc                0.000  │
│                                                                              │
│  User Stats                    Value    User Stats                    Value  │
│  episode_return                5.843    damage_dealt                634.781  │
│  damage_received              66.393    episode_length              141.694  │
│  wins                          0.000    wave                         68.000  │
│  idle_ticks                    0.277    brews_used                    1.164  │
│  blood_healed                  0.000    prayer_correct_rate           0.133  │
│  unavoidable_off_praye…        0.001    brews_remaining              10.836  │
│  restores_remaining           10.927    prayer_at_death              93.456  │
│  current_ranged              100.541    current_magic                88.985  │
│  behind_shield_pct             0.787    zuk_hp_remaining            564.294  │
│  min_zuk_hp_seen             565.418    hp_restored                   0.279  │
│  zuk_healer_damage             0.000    deaths_to_jad                 0.043  │
│  episode_return_normal         5.843    wins_normal                   0.000  │
│  min_zuk_hp_normal           565.418    score_normal                  0.529  │
│  zuk_objective_normal          0.529    phase_reached_normal          1.602  │
│  death_tick_normal           141.694    frac_min_hp_le_300_no…        0.016  │
╰──────────────────────────────────────────────────────────────────────────────╯

[0;0H╭──────────────────────────────────────────────────────────────────────────────╮
│  PufferLib 4.0    🐡              GPU: 0%      VRAM: 0.4/18G      RAM: 0.6G  │
│                                                                              │
│  Summary          Value    Evaluate   252ms  37%    Losses            Value  │
│  Env       osrs_inferno      GPU      208ms  31%    policy           -0.013  │
│  Params          752.1K      Env       43ms   6%    value             0.030  │
│  Steps            24.1M    Train      412ms  62%    entropy           2.519  │
│  SPS             243.9K      Misc       0ms   0%    total            -0.002  │
│  Epoch              735      Forwa…     0ms   0%    old_kl            0.004  │
│  Uptime    0d 0h 1m 37s                             kl                0.004  │
│  Remaini…  0d 0h 1m 46s                             clipfrac          0.217  │
│                                                     bc                0.000  │
│                                                                              │
│  User Stats                    Value    User Stats                    Value  │
│  episode_return                5.695    damage_dealt                619.658  │
│  damage_received              70.246    episode_length              142.740  │
│  wins                          0.000    wave                         68.000  │
│  idle_ticks                    0.258    brews_used                    1.294  │
│  blood_healed                  0.000    prayer_correct_rate           0.140  │
│  unavoidable_off_praye…        0.002    brews_remaining              10.706  │
│  restores_remaining           10.908    prayer_at_death              93.305  │
│  current_ranged               99.427    current_magic                87.923  │
│  behind_shield_pct             0.779    zuk_hp_remaining            578.700  │
│  min_zuk_hp_seen             580.483    hp_restored                   0.103  │
│  zuk_healer_damage             0.000    deaths_to_jad                 0.034  │
│  episode_return_normal         5.695    wins_normal                   0.000  │
│  min_zuk_hp_normal           580.483    score_normal                  0.516  │
│  zuk_objective_normal          0.516    phase_reached_normal          1.543  │
│  death_tick_normal           142.740    frac_min_hp_le_300_no…        0.013  │
╰──────────────────────────────────────────────────────────────────────────────╯

[0;0H╭──────────────────────────────────────────────────────────────────────────────╮
│  PufferLib 4.0   🐡               GPU: 0%      VRAM: 0.4/18G      RAM: 0.6G  │
│                                                                              │
│  Summary          Value    Evaluate   251ms  38%    Losses            Value  │
│  Env       osrs_inferno      GPU      208ms  31%    policy            0.011  │
│  Params          752.1K      Env       43ms   6%    value             0.032  │
│  Steps            24.2M    Train      409ms  61%    entropy           2.491  │
│  SPS             245.3K      Misc       0ms   0%    total             0.023  │
│  Epoch              740      Forwa…     0ms   0%    old_kl            0.005  │
│  Uptime    0d 0h 1m 38s                             kl                0.004  │
│  Remaini…  0d 0h 1m 44s                             clipfrac          0.218  │
│                                                     bc                0.000  │
│                                                                              │
│  User Stats                    Value    User Stats                    Value  │
│  episode_return                5.830    damage_dealt                633.293  │
│  damage_received              72.107    episode_length              141.677  │
│  wins                          0.000    wave                         68.000  │
│  idle_ticks                    0.355    brews_used                    1.397  │
│  blood_healed                  0.000    prayer_correct_rate           0.145  │
│  unavoidable_off_praye…        0.001    brews_remaining              10.603  │
│  restores_remaining           10.924    prayer_at_death              93.199  │
│  current_ranged               98.523    current_magic                87.538  │
│  behind_shield_pct             0.777    zuk_hp_remaining            565.584  │
│  min_zuk_hp_seen             567.059    hp_restored                   0.138  │
│  zuk_healer_damage             0.015    deaths_to_jad                 0.033  │
│  episode_return_normal         5.830    wins_normal                   0.000  │
│  min_zuk_hp_normal           567.059    score_normal                  0.527  │
│  zuk_objective_normal          0.527    phase_reached_normal          1.599  │
│  death_tick_normal           141.677    frac_min_hp_le_300_no…        0.011  │
╰──────────────────────────────────────────────────────────────────────────────╯

[0;0H╭──────────────────────────────────────────────────────────────────────────────╮
│  PufferLib 4.0  🐡                GPU: 0%      VRAM: 0.4/18G      RAM: 0.6G  │
│                                                                              │
│  Summary          Value    Evaluate   253ms  38%    Losses            Value  │
│  Env       osrs_inferno      GPU      208ms  31%    policy           -0.012  │
│  Params          752.1K      Env       45ms   6%    value             0.033  │
│  Steps            24.4M    Train      405ms  61%    entropy           2.450  │
│  SPS             246.2K      Misc       0ms   0%    total             0.001  │
│  Epoch              745      Forwa…     0ms   0%    old_kl            0.004  │
│  Uptime    0d 0h 1m 39s                             kl                0.005  │
│  Remaini…  0d 0h 1m 43s                             clipfrac          0.220  │
│                                                     bc                0.000  │
│                                                                              │
│  User Stats                    Value    User Stats                    Value  │
│  episode_return                6.409    damage_dealt                691.277  │
│  damage_received              65.809    episode_length              139.823  │
│  wins                          0.000    wave                         68.000  │
│  idle_ticks                    0.346    brews_used                    1.178  │
│  blood_healed                  0.000    prayer_correct_rate           0.140  │
│  unavoidable_off_praye…        0.002    brews_remaining              10.822  │
│  restores_remaining           10.994    prayer_at_death              93.404  │
│  current_ranged              100.017    current_magic                89.164  │
│  behind_shield_pct             0.784    zuk_hp_remaining            508.268  │
│  min_zuk_hp_seen             509.447    hp_restored                   0.158  │
│  zuk_healer_damage             0.000    deaths_to_jad                 0.084  │
│  episode_return_normal         6.409    wins_normal                   0.000  │
│  min_zuk_hp_normal           509.447    score_normal                  0.575  │
│  zuk_objective_normal          0.575    phase_reached_normal          1.805  │
│  death_tick_normal           139.823    frac_min_hp_le_300_no…        0.059  │
╰──────────────────────────────────────────────────────────────────────────────╯

[0;0H╭──────────────────────────────────────────────────────────────────────────────╮
│  PufferLib 4.0 🐡                 GPU: 0%      VRAM: 0.4/18G      RAM: 0.6G  │
│                                                                              │
│  Summary          Value    Evaluate   252ms  38%    Losses            Value  │
│  Env       osrs_inferno      GPU      209ms  31%    policy            0.000  │
│  Params          752.1K      Env       43ms   6%    value             0.034  │
│  Steps            24.6M    Train      409ms  61%    entropy           2.412  │
│  SPS             245.1K      Misc       0ms   0%    total             0.013  │
│  Epoch              750      Forwa…     0ms   0%    old_kl            0.004  │
│  Uptime    0d 0h 1m 39s                             kl                0.004  │
│  Remaini…  0d 0h 1m 43s                             clipfrac          0.212  │
│                                                     bc                0.000  │
│                                                                              │
│  User Stats                    Value    User Stats                    Value  │
│  episode_return                6.062    damage_dealt                656.620  │
│  damage_received              67.367    episode_length              141.991  │
│  wins                          0.000    wave                         68.000  │
│  idle_ticks                    0.416    brews_used                    1.241  │
│  blood_healed                  0.000    prayer_correct_rate           0.145  │
│  unavoidable_off_praye…        0.002    brews_remaining              10.759  │
│  restores_remaining           10.973    prayer_at_death              93.350  │
│  current_ranged              100.309    current_magic                89.016  │
│  behind_shield_pct             0.782    zuk_hp_remaining            542.603  │
│  min_zuk_hp_seen             543.826    hp_restored                   0.640  │
│  zuk_healer_damage             0.009    deaths_to_jad                 0.054  │
│  episode_return_normal         6.062    wins_normal                   0.000  │
│  min_zuk_hp_normal           543.826    score_normal                  0.547  │
│  zuk_objective_normal          0.547    phase_reached_normal          1.685  │
│  death_tick_normal           141.991    frac_min_hp_le_300_no…        0.042  │
╰──────────────────────────────────────────────────────────────────────────────╯

[0;0H╭──────────────────────────────────────────────────────────────────────────────╮
│  PufferLib 4.0          🐡        GPU: 0%      VRAM: 0.4/18G      RAM: 0.6G  │
│                                                                              │
│  Summary          Value    Evaluate   252ms  37%    Losses            Value  │
│  Env       osrs_inferno      GPU      209ms  31%    policy            0.007  │
│  Params          752.1K      Env       43ms   6%    value             0.029  │
│  Steps            24.7M    Train      413ms  62%    entropy           2.366  │
│  SPS             243.7K      Misc       0ms   0%    total             0.017  │
│  Epoch              755      Forwa…     0ms   0%    old_kl            0.004  │
│  Uptime    0d 0h 1m 40s                             kl                0.005  │
│  Remaini…  0d 0h 1m 43s                             clipfrac          0.208  │
│                                                     bc                0.000  │
│                                                                              │
│  User Stats                    Value    User Stats                    Value  │
│  episode_return                6.230    damage_dealt                673.582  │
│  damage_received              69.691    episode_length              140.967  │
│  wins                          0.000    wave                         68.000  │
│  idle_ticks                    0.409    brews_used                    1.223  │
│  blood_healed                  0.000    prayer_correct_rate           0.148  │
│  unavoidable_off_praye…        0.001    brews_remaining              10.777  │
│  restores_remaining           11.054    prayer_at_death              92.993  │
│  current_ranged              100.328    current_magic                89.076  │
│  behind_shield_pct             0.780    zuk_hp_remaining            525.168  │
│  min_zuk_hp_seen             527.057    hp_restored                   0.228  │
│  zuk_healer_damage             0.000    deaths_to_jad                 0.055  │
│  episode_return_normal         6.230    wins_normal                   0.000  │
│  min_zuk_hp_normal           527.057    score_normal                  0.561  │
│  zuk_objective_normal          0.561    phase_reached_normal          1.772  │
│  death_tick_normal           140.967    frac_min_hp_le_300_no…        0.019  │
╰──────────────────────────────────────────────────────────────────────────────╯

[0;0H╭──────────────────────────────────────────────────────────────────────────────╮
│  PufferLib 4.0         🐡         GPU: 0%      VRAM: 0.4/18G      RAM: 0.6G  │
│                                                                              │
│  Summary          Value    Evaluate   251ms  38%    Losses            Value  │
│  Env       osrs_inferno      GPU      207ms  31%    policy            0.008  │
│  Params          752.1K      Env       44ms   6%    value             0.030  │
│  Steps            24.9M    Train      406ms  61%    entropy           2.347  │
│  SPS             246.3K      Misc       0ms   0%    total             0.020  │
│  Epoch              760      Forwa…     0ms   0%    old_kl            0.005  │
│  Uptime    0d 0h 1m 41s                             kl                0.005  │
│  Remaini…  0d 0h 1m 41s                             clipfrac          0.214  │
│                                                     bc                0.000  │
│                                                                              │
│  User Stats                    Value    User Stats                    Value  │
│  episode_return                6.451    damage_dealt                696.285  │
│  damage_received              65.871    episode_length              140.632  │
│  wins                          0.000    wave                         68.000  │
│  idle_ticks                    0.378    brews_used                    1.183  │
│  blood_healed                  0.000    prayer_correct_rate           0.150  │
│  unavoidable_off_praye…        0.003    brews_remaining              10.817  │
│  restores_remaining           11.055    prayer_at_death              93.301  │
│  current_ranged              100.102    current_magic                89.207  │
│  behind_shield_pct             0.780    zuk_hp_remaining            503.376  │
│  min_zuk_hp_seen             504.125    hp_restored                   0.925  │
│  zuk_healer_damage             0.000    deaths_to_jad                 0.072  │
│  episode_return_normal         6.451    wins_normal                   0.000  │
│  min_zuk_hp_normal           504.125    score_normal                  0.580  │
│  zuk_objective_normal          0.580    phase_reached_normal          1.823  │
│  death_tick_normal           140.632    frac_min_hp_le_300_no…        0.024  │
╰──────────────────────────────────────────────────────────────────────────────╯

[0;0H╭──────────────────────────────────────────────────────────────────────────────╮
│  PufferLib 4.0        🐡          GPU: 0%      VRAM: 0.4/18G      RAM: 0.6G  │
│                                                                              │
│  Summary          Value    Evaluate   251ms  37%    Losses            Value  │
│  Env       osrs_inferno      GPU      208ms  31%    policy           -0.006  │
│  Params          752.1K      Env       43ms   6%    value             0.030  │
│  Steps            25.1M    Train      410ms  62%    entropy           2.304  │
│  SPS             244.9K      Misc       0ms   0%    total             0.005  │
│  Epoch              765      Forwa…     0ms   0%    old_kl            0.005  │
│  Uptime    0d 0h 1m 41s                             kl                0.005  │
│  Remaini…  0d 0h 1m 41s                             clipfrac          0.214  │
│                                                     bc                0.000  │
│                                                                              │
│  User Stats                    Value    User Stats                    Value  │
│  episode_return                6.209    damage_dealt                671.029  │
│  damage_received              65.583    episode_length              141.474  │
│  wins                          0.000    wave                         68.000  │
│  idle_ticks                    0.364    brews_used                    1.199  │
│  blood_healed                  0.000    prayer_correct_rate           0.148  │
│  unavoidable_off_praye…        0.002    brews_remaining              10.801  │
│  restores_remaining           11.077    prayer_at_death              92.885  │
│  current_ranged              100.143    current_magic                88.965  │
│  behind_shield_pct             0.783    zuk_hp_remaining            527.762  │
│  min_zuk_hp_seen             529.211    hp_restored                   0.168  │
│  zuk_healer_damage             0.000    deaths_to_jad                 0.039  │
│  episode_return_normal         6.209    wins_normal                   0.000  │
│  min_zuk_hp_normal           529.211    score_normal                  0.559  │
│  zuk_objective_normal          0.559    phase_reached_normal          1.720  │
│  death_tick_normal           141.474    frac_min_hp_le_300_no…        0.030  │
╰──────────────────────────────────────────────────────────────────────────────╯

[0;0H╭──────────────────────────────────────────────────────────────────────────────╮
│  PufferLib 4.0       🐡           GPU: 0%      VRAM: 0.4/18G      RAM: 0.6G  │
│                                                                              │
│  Summary          Value    Evaluate   251ms  37%    Losses            Value  │
│  Env       osrs_inferno      GPU      208ms  31%    policy            0.017  │
│  Params          752.1K      Env       43ms   6%    value             0.026  │
│  Steps            25.2M    Train      411ms  62%    entropy           2.267  │
│  SPS             244.7K      Misc       0ms   0%    total             0.026  │
│  Epoch              770      Forwa…     0ms   0%    old_kl            0.005  │
│  Uptime    0d 0h 1m 42s                             kl                0.004  │
│  Remaini…  0d 0h 1m 41s                             clipfrac          0.204  │
│                                                     bc                0.000  │
│                                                                              │
│  User Stats                    Value    User Stats                    Value  │
│  episode_return                5.979    damage_dealt                648.088  │
│  damage_received              68.904    episode_length              141.122  │
│  wins                          0.000    wave                         68.000  │
│  idle_ticks                    0.295    brews_used                    1.289  │
│  blood_healed                  0.000    prayer_correct_rate           0.152  │
│  unavoidable_off_praye…        0.001    brews_remaining              10.711  │
│  restores_remaining           11.148    prayer_at_death              92.407  │
│  current_ranged               98.904    current_magic                88.284  │
│  behind_shield_pct             0.782    zuk_hp_remaining            550.716  │
│  min_zuk_hp_seen             552.146    hp_restored                   0.000  │
│  zuk_healer_damage             0.000    deaths_to_jad                 0.038  │
│  episode_return_normal         5.979    wins_normal                   0.000  │
│  min_zuk_hp_normal           552.146    score_normal                  0.540  │
│  zuk_objective_normal          0.540    phase_reached_normal          1.642  │
│  death_tick_normal           141.122    frac_min_hp_le_300_no…        0.007  │
╰──────────────────────────────────────────────────────────────────────────────╯

[0;0H╭──────────────────────────────────────────────────────────────────────────────╮
│  PufferLib 4.0      🐡            GPU: 0%      VRAM: 0.4/18G      RAM: 0.6G  │
│                                                                              │
│  Summary          Value    Evaluate   251ms  37%    Losses            Value  │
│  Env       osrs_inferno      GPU      208ms  31%    policy           -0.007  │
│  Params          752.1K      Env       42ms   6%    value             0.029  │
│  Steps            25.4M    Train      412ms  62%    entropy           2.229  │
│  SPS             244.3K      Misc       0ms   0%    total             0.005  │
│  Epoch              775      Forwa…     0ms   0%    old_kl            0.004  │
│  Uptime    0d 0h 1m 43s                             kl                0.004  │
│  Remaini…  0d 0h 1m 40s                             clipfrac          0.201  │
│                                                     bc                0.000  │
│                                                                              │
│  User Stats                    Value    User Stats                    Value  │
│  episode_return                5.690    damage_dealt                620.186  │
│  damage_received              65.854    episode_length              140.461  │
│  wins                          0.000    wave                         68.000  │
│  idle_ticks                    0.314    brews_used                    1.264  │
│  blood_healed                  0.000    prayer_correct_rate           0.152  │
│  unavoidable_off_praye…        0.001    brews_remaining              10.736  │
│  restores_remaining           11.291    prayer_at_death              91.356  │
│  current_ranged               98.314    current_magic                87.961  │
│  behind_shield_pct             0.787    zuk_hp_remaining            579.286  │
│  min_zuk_hp_seen             580.272    hp_restored                   0.786  │
│  zuk_healer_damage             0.000    deaths_to_jad                 0.027  │
│  episode_return_normal         5.690    wins_normal                   0.000  │
│  min_zuk_hp_normal           580.272    score_normal                  0.516  │
│  zuk_objective_normal          0.516    phase_reached_normal          1.534  │
│  death_tick_normal           140.461    frac_min_hp_le_300_no…        0.016  │
╰──────────────────────────────────────────────────────────────────────────────╯

[0;0H╭──────────────────────────────────────────────────────────────────────────────╮
│  PufferLib 4.0     🐡             GPU: 0%      VRAM: 0.4/18G      RAM: 0.6G  │
│                                                                              │
│  Summary          Value    Evaluate   251ms  38%    Losses            Value  │
│  Env       osrs_inferno      GPU      208ms  31%    policy           -0.011  │
│  Params          752.1K      Env       42ms   6%    value             0.032  │
│  Steps            25.6M    Train      406ms  61%    entropy           2.193  │
│  SPS             246.5K      Misc       0ms   0%    total             0.002  │
│  Epoch              780      Forwa…     0ms   0%    old_kl            0.004  │
│  Uptime    0d 0h 1m 43s                             kl                0.004  │
│  Remaini…  0d 0h 1m 39s                             clipfrac          0.202  │
│                                                     bc                0.000  │
│                                                                              │
│  User Stats                    Value    User Stats                    Value  │
│  episode_return                5.952    damage_dealt                646.247  │
│  damage_received              64.664    episode_length              139.846  │
│  wins                          0.000    wave                         68.000  │
│  idle_ticks                    0.373    brews_used                    1.265  │
│  blood_healed                  0.000    prayer_correct_rate           0.158  │
│  unavoidable_off_praye…        0.001    brews_remaining              10.735  │
│  restores_remaining           11.329    prayer_at_death              90.967  │
│  current_ranged               98.559    current_magic                87.797  │
│  behind_shield_pct             0.786    zuk_hp_remaining            553.370  │
│  min_zuk_hp_seen             553.972    hp_restored                   0.988  │
│  zuk_healer_damage             0.000    deaths_to_jad                 0.052  │
│  episode_return_normal         5.952    wins_normal                   0.000  │
│  min_zuk_hp_normal           553.972    score_normal                  0.538  │
│  zuk_objective_normal          0.538    phase_reached_normal          1.634  │
│  death_tick_normal           139.846    frac_min_hp_le_300_no…        0.029  │
╰──────────────────────────────────────────────────────────────────────────────╯

[0;0H╭──────────────────────────────────────────────────────────────────────────────╮
│  PufferLib 4.0    🐡              GPU: 0%      VRAM: 0.4/18G      RAM: 0.6G  │
│                                                                              │
│  Summary          Value    Evaluate   250ms  37%    Losses            Value  │
│  Env       osrs_inferno      GPU      207ms  31%    policy           -0.002  │
│  Params          752.1K      Env       42ms   6%    value             0.030  │
│  Steps            25.7M    Train      408ms  62%    entropy           2.161  │
│  SPS             246.5K      Misc       0ms   0%    total             0.009  │
│  Epoch              785      Forwa…     0ms   0%    old_kl            0.004  │
│  Uptime    0d 0h 1m 44s                             kl                0.004  │
│  Remaini…  0d 0h 1m 38s                             clipfrac          0.204  │
│                                                     bc                0.000  │
│                                                                              │
│  User Stats                    Value    User Stats                    Value  │
│  episode_return                6.218    damage_dealt                672.067  │
│  damage_received              61.680    episode_length              141.781  │
│  wins                          0.000    wave                         68.000  │
│  idle_ticks                    0.268    brews_used                    1.201  │
│  blood_healed                  0.000    prayer_correct_rate           0.155  │
│  unavoidable_off_praye…        0.002    brews_remaining              10.799  │
│  restores_remaining           11.250    prayer_at_death              91.773  │
│  current_ranged               99.211    current_magic                88.732  │
│  behind_shield_pct             0.785    zuk_hp_remaining            526.207  │
│  min_zuk_hp_seen             528.086    hp_restored                   0.171  │
│  zuk_healer_damage             0.000    deaths_to_jad                 0.055  │
│  episode_return_normal         6.218    wins_normal                   0.000  │
│  min_zuk_hp_normal           528.086    score_normal                  0.560  │
│  zuk_objective_normal          0.560    phase_reached_normal          1.740  │
│  death_tick_normal           141.781    frac_min_hp_le_300_no…        0.040  │
╰──────────────────────────────────────────────────────────────────────────────╯

[0;0H╭──────────────────────────────────────────────────────────────────────────────╮
│  PufferLib 4.0   🐡               GPU: 0%      VRAM: 0.4/18G      RAM: 0.6G  │
│                                                                              │
│  Summary          Value    Evaluate   251ms  37%    Losses            Value  │
│  Env       osrs_inferno      GPU      208ms  31%    policy           -0.000  │
│  Params          752.1K      Env       43ms   6%    value             0.030  │
│  Steps            25.9M    Train      410ms  62%    entropy           2.138  │
│  SPS             245.2K      Misc       0ms   0%    total             0.011  │
│  Epoch              790      Forwa…     0ms   0%    old_kl            0.004  │
│  Uptime    0d 0h 1m 45s                             kl                0.004  │
│  Remaini…  0d 0h 1m 38s                             clipfrac          0.203  │
│                                                     bc                0.000  │
│                                                                              │
│  User Stats                    Value    User Stats                    Value  │
│  episode_return                6.274    damage_dealt                678.075  │
│  damage_received              69.469    episode_length              141.757  │
│  wins                          0.000    wave                         68.000  │
│  idle_ticks                    0.178    brews_used                    1.359  │
│  blood_healed                  0.000    prayer_correct_rate           0.159  │
│  unavoidable_off_praye…        0.002    brews_remaining              10.641  │
│  restores_remaining           11.218    prayer_at_death              92.132  │
│  current_ranged               98.542    current_magic                88.317  │
│  behind_shield_pct             0.780    zuk_hp_remaining            521.844  │
│  min_zuk_hp_seen             522.153    hp_restored                   0.665  │
│  zuk_healer_damage             0.000    deaths_to_jad                 0.057  │
│  episode_return_normal         6.274    wins_normal                   0.000  │
│  min_zuk_hp_normal           522.153    score_normal                  0.565  │
│  zuk_objective_normal          0.565    phase_reached_normal          1.785  │
│  death_tick_normal           141.757    frac_min_hp_le_300_no…        0.044  │
╰──────────────────────────────────────────────────────────────────────────────╯

[0;0H╭──────────────────────────────────────────────────────────────────────────────╮
│  PufferLib 4.0  🐡                GPU: 0%      VRAM: 0.4/18G      RAM: 0.6G  │
│                                                                              │
│  Summary          Value    Evaluate   251ms  38%    Losses            Value  │
│  Env       osrs_inferno      GPU      208ms  31%    policy            0.005  │
│  Params          752.1K      Env       43ms   6%    value             0.031  │
│  Steps            26.1M    Train      409ms  61%    entropy           2.125  │
│  SPS             245.6K      Misc       0ms   0%    total             0.018  │
│  Epoch              795      Forwa…     0ms   0%    old_kl            0.005  │
│  Uptime    0d 0h 1m 45s                             kl                0.005  │
│  Remaini…  0d 0h 1m 37s                             clipfrac          0.201  │
│                                                     bc                0.000  │
│                                                                              │
│  User Stats                    Value    User Stats                    Value  │
│  episode_return                6.594    damage_dealt                711.899  │
│  damage_received              70.696    episode_length              140.852  │
│  wins                          0.000    wave                         68.000  │
│  idle_ticks                    0.167    brews_used                    1.363  │
│  blood_healed                  0.000    prayer_correct_rate           0.162  │
│  unavoidable_off_praye…        0.003    brews_remaining              10.637  │
│  restores_remaining           11.244    prayer_at_death              91.897  │
│  current_ranged               98.244    current_magic                88.109  │
│  behind_shield_pct             0.781    zuk_hp_remaining            488.616  │
│  min_zuk_hp_seen             488.637    hp_restored                   2.027  │
│  zuk_healer_damage             0.000    deaths_to_jad                 0.098  │
│  episode_return_normal         6.594    wins_normal                   0.000  │
│  min_zuk_hp_normal           488.637    score_normal                  0.593  │
│  zuk_objective_normal          0.593    phase_reached_normal          1.861  │
│  death_tick_normal           140.852    frac_min_hp_le_300_no…        0.068  │
╰──────────────────────────────────────────────────────────────────────────────╯

[0;0H╭──────────────────────────────────────────────────────────────────────────────╮
│  PufferLib 4.0 🐡                 GPU: 0%      VRAM: 0.4/18G      RAM: 0.6G  │
│                                                                              │
│  Summary          Value    Evaluate   250ms  38%    Losses            Value  │
│  Env       osrs_inferno      GPU      207ms  31%    policy            0.018  │
│  Params          752.1K      Env       43ms   6%    value             0.029  │
│  Steps            26.2M    Train      408ms  61%    entropy           2.095  │
│  SPS             246.2K      Misc       0ms   0%    total             0.030  │
│  Epoch              800      Forwa…     0ms   0%    old_kl            0.004  │
│  Uptime    0d 0h 1m 46s                             kl                0.004  │
│  Remaini…  0d 0h 1m 36s                             clipfrac          0.198  │
│                                                     bc                0.000  │
│                                                                              │
│  User Stats                    Value    User Stats                    Value  │
│  episode_return                6.377    damage_dealt                688.105  │
│  damage_received              63.823    episode_length              141.549  │
│  wins                          0.000    wave                         68.000  │
│  idle_ticks                    0.135    brews_used                    1.129  │
│  blood_healed                  0.000    prayer_correct_rate           0.164  │
│  unavoidable_off_praye…        0.002    brews_remaining              10.871  │
│  restores_remaining           11.152    prayer_at_death              92.738  │
│  current_ranged              101.263    current_magic                90.957  │
│  behind_shield_pct             0.782    zuk_hp_remaining            511.314  │
│  min_zuk_hp_seen             512.044    hp_restored                   0.339  │
│  zuk_healer_damage             0.000    deaths_to_jad                 0.074  │
│  episode_return_normal         6.377    wins_normal                   0.000  │
│  min_zuk_hp_normal           512.044    score_normal                  0.573  │
│  zuk_objective_normal          0.573    phase_reached_normal          1.782  │
│  death_tick_normal           141.549    frac_min_hp_le_300_no…        0.038  │
╰──────────────────────────────────────────────────────────────────────────────╯

[0;0H╭──────────────────────────────────────────────────────────────────────────────╮
│  PufferLib 4.0          🐡        GPU: 0%      VRAM: 0.4/18G      RAM: 0.6G  │
│                                                                              │
│  Summary          Value    Evaluate   251ms  38%    Losses            Value  │
│  Env       osrs_inferno      GPU      206ms  31%    policy            0.019  │
│  Params          752.1K      Env       45ms   6%    value             0.028  │
│  Steps            26.4M    Train      407ms  61%    entropy           2.054  │
│  SPS             245.9K      Misc       0ms   0%    total             0.030  │
│  Epoch              805      Forwa…     0ms   0%    old_kl            0.007  │
│  Uptime    0d 0h 1m 47s                             kl                0.006  │
│  Remaini…  0d 0h 1m 36s                             clipfrac          0.193  │
│                                                     bc                0.000  │
│                                                                              │
│  User Stats                    Value    User Stats                    Value  │
│  episode_return                6.062    damage_dealt                657.883  │
│  damage_received              66.458    episode_length              141.464  │
│  wins                          0.000    wave                         68.000  │
│  idle_ticks                    0.148    brews_used                    1.285  │
│  blood_healed                  0.000    prayer_correct_rate           0.176  │
│  unavoidable_off_praye…        0.001    brews_remaining              10.715  │
│  restores_remaining           11.186    prayer_at_death              92.524  │
│  current_ranged               99.584    current_magic                89.539  │
│  behind_shield_pct             0.780    zuk_hp_remaining            543.160  │
│  min_zuk_hp_seen             542.486    hp_restored                   1.526  │
│  zuk_healer_damage             0.000    deaths_to_jad                 0.032  │
│  episode_return_normal         6.062    wins_normal                   0.000  │
│  min_zuk_hp_normal           542.486    score_normal                  0.548  │
│  zuk_objective_normal          0.548    phase_reached_normal          1.681  │
│  death_tick_normal           141.464    frac_min_hp_le_300_no…        0.025  │
╰──────────────────────────────────────────────────────────────────────────────╯

[0;0H╭──────────────────────────────────────────────────────────────────────────────╮
│  PufferLib 4.0         🐡         GPU: 0%      VRAM: 0.4/18G      RAM: 0.6G  │
│                                                                              │
│  Summary          Value    Evaluate   251ms  38%    Losses            Value  │
│  Env       osrs_inferno      GPU      208ms  31%    policy           -0.001  │
│  Params          752.1K      Env       42ms   6%    value             0.032  │
│  Steps            26.5M    Train      408ms  61%    entropy           2.031  │
│  SPS             245.7K      Misc       0ms   0%    total             0.012  │
│  Epoch              810      Forwa…     0ms   0%    old_kl            0.007  │
│  Uptime    0d 0h 1m 47s                             kl                0.007  │
│  Remaini…  0d 0h 1m 35s                             clipfrac          0.193  │
│                                                     bc                0.000  │
│                                                                              │
│  User Stats                    Value    User Stats                    Value  │
│  episode_return                6.369    damage_dealt                687.872  │
│  damage_received              67.733    episode_length              139.276  │
│  wins                          0.000    wave                         68.000  │
│  idle_ticks                    0.236    brews_used                    1.334  │
│  blood_healed                  0.000    prayer_correct_rate           0.171  │
│  unavoidable_off_praye…        0.002    brews_remaining              10.666  │
│  restores_remaining           11.222    prayer_at_death              92.648  │
│  current_ranged               99.737    current_magic                89.636  │
│  behind_shield_pct             0.779    zuk_hp_remaining            513.334  │
│  min_zuk_hp_seen             512.565    hp_restored                   2.399  │
│  zuk_healer_damage             0.000    deaths_to_jad                 0.027  │
│  episode_return_normal         6.369    wins_normal                   0.000  │
│  min_zuk_hp_normal           512.565    score_normal                  0.573  │
│  zuk_objective_normal          0.573    phase_reached_normal          1.796  │
│  death_tick_normal           139.276    frac_min_hp_le_300_no…        0.045  │
╰──────────────────────────────────────────────────────────────────────────────╯

[0;0H╭──────────────────────────────────────────────────────────────────────────────╮
│  PufferLib 4.0        🐡          GPU: 0%      VRAM: 0.4/18G      RAM: 0.6G  │
│                                                                              │
│  Summary          Value    Evaluate   250ms  37%    Losses            Value  │
│  Env       osrs_inferno      GPU      207ms  31%    policy           -0.006  │
│  Params          752.1K      Env       43ms   6%    value             0.029  │
│  Steps            26.7M    Train      410ms  62%    entropy           2.028  │
│  SPS             245.5K      Misc       0ms   0%    total             0.005  │
│  Epoch              815      Forwa…     0ms   0%    old_kl            0.005  │
│  Uptime    0d 0h 1m 48s                             kl                0.005  │
│  Remaini…  0d 0h 1m 34s                             clipfrac          0.193  │
│                                                     bc                0.000  │
│                                                                              │
│  User Stats                    Value    User Stats                    Value  │
│  episode_return                6.284    damage_dealt                678.478  │
│  damage_received              69.699    episode_length              140.994  │
│  wins                          0.000    wave                         68.000  │
│  idle_ticks                    0.140    brews_used                    1.288  │
│  blood_healed                  0.000    prayer_correct_rate           0.170  │
│  unavoidable_off_praye…        0.003    brews_remaining              10.712  │
│  restores_remaining           11.228    prayer_at_death              92.502  │
│  current_ranged               99.205    current_magic                89.373  │
│  behind_shield_pct             0.781    zuk_hp_remaining            520.734  │
│  min_zuk_hp_seen             521.636    hp_restored                   0.525  │
│  zuk_healer_damage             0.000    deaths_to_jad                 0.059  │
│  episode_return_normal         6.284    wins_normal                   0.000  │
│  min_zuk_hp_normal           521.636    score_normal                  0.565  │
│  zuk_objective_normal          0.565    phase_reached_normal          1.736  │
│  death_tick_normal           140.994    frac_min_hp_le_300_no…        0.025  │
╰──────────────────────────────────────────────────────────────────────────────╯

[0;0H╭──────────────────────────────────────────────────────────────────────────────╮
│  PufferLib 4.0       🐡           GPU: 0%      VRAM: 0.4/18G      RAM: 0.6G  │
│                                                                              │
│  Summary          Value    Evaluate   249ms  37%    Losses            Value  │
│  Env       osrs_inferno      GPU      204ms  31%    policy            0.034  │
│  Params          752.1K      Env       45ms   6%    value             0.030  │
│  Steps            26.9M    Train      407ms  62%    entropy           2.020  │
│  SPS             246.9K      Misc       0ms   0%    total             0.046  │
│  Epoch              820      Forwa…     0ms   0%    old_kl            0.012  │
│  Uptime    0d 0h 1m 49s                             kl                0.011  │
│  Remaini…  0d 0h 1m 33s                             clipfrac          0.197  │
│                                                     bc                0.000  │
│                                                                              │
│  User Stats                    Value    User Stats                    Value  │
│  episode_return                6.183    damage_dealt                668.039  │
│  damage_received              68.323    episode_length              142.946  │
│  wins                          0.000    wave                         68.000  │
│  idle_ticks                    0.163    brews_used                    1.392  │
│  blood_healed                  0.000    prayer_correct_rate           0.177  │
│  unavoidable_off_praye…        0.002    brews_remaining              10.608  │
│  restores_remaining           11.198    prayer_at_death              92.328  │
│  current_ranged               99.066    current_magic                88.948  │
│  behind_shield_pct             0.774    zuk_hp_remaining            531.004  │
│  min_zuk_hp_seen             532.008    hp_restored                   0.000  │
│  zuk_healer_damage             0.000    deaths_to_jad                 0.046  │
│  episode_return_normal         6.183    wins_normal                   0.000  │
│  min_zuk_hp_normal           532.008    score_normal                  0.557  │
│  zuk_objective_normal          0.557    phase_reached_normal          1.685  │
│  death_tick_normal           142.946    frac_min_hp_le_300_no…        0.032  │
╰──────────────────────────────────────────────────────────────────────────────╯

[0;0H╭──────────────────────────────────────────────────────────────────────────────╮
│  PufferLib 4.0      🐡            GPU: 0%      VRAM: 0.4/18G      RAM: 0.6G  │
│                                                                              │
│  Summary          Value    Evaluate   254ms  38%    Losses            Value  │
│  Env       osrs_inferno      GPU      209ms  31%    policy            0.003  │
│  Params          752.1K      Env       44ms   6%    value             0.031  │
│  Steps            27.0M    Train      408ms  61%    entropy           2.010  │
│  SPS             244.1K      Misc       0ms   0%    total             0.015  │
│  Epoch              825      Forwa…     0ms   0%    old_kl            0.005  │
│  Uptime    0d 0h 1m 49s                             kl                0.007  │
│  Remaini…  0d 0h 1m 34s                             clipfrac          0.189  │
│                                                     bc                0.000  │
│                                                                              │
│  User Stats                    Value    User Stats                    Value  │
│  episode_return                5.963    damage_dealt                646.154  │
│  damage_received              65.086    episode_length              142.533  │
│  wins                          0.000    wave                         68.000  │
│  idle_ticks                    0.199    brews_used                    1.317  │
│  blood_healed                  0.000    prayer_correct_rate           0.182  │
│  unavoidable_off_praye…        0.002    brews_remaining              10.683  │
│  restores_remaining           11.183    prayer_at_death              92.521  │
│  current_ranged               99.164    current_magic                89.027  │
│  behind_shield_pct             0.781    zuk_hp_remaining            552.937  │
│  min_zuk_hp_seen             553.910    hp_restored                   0.000  │
│  zuk_healer_damage             0.000    deaths_to_jad                 0.042  │
│  episode_return_normal         5.963    wins_normal                   0.000  │
│  min_zuk_hp_normal           553.910    score_normal                  0.538  │
│  zuk_objective_normal          0.538    phase_reached_normal          1.648  │
│  death_tick_normal           142.533    frac_min_hp_le_300_no…        0.039  │
╰──────────────────────────────────────────────────────────────────────────────╯

[0;0H╭──────────────────────────────────────────────────────────────────────────────╮
│  PufferLib 4.0     🐡             GPU: 0%      VRAM: 0.4/18G      RAM: 0.6G  │
│                                                                              │
│  Summary          Value    Evaluate   250ms  37%    Losses            Value  │
│  Env       osrs_inferno      GPU      206ms  31%    policy            0.010  │
│  Params          752.1K      Env       43ms   6%    value             0.031  │
│  Steps            27.2M    Train      410ms  62%    entropy           1.996  │
│  SPS             245.6K      Misc       0ms   0%    total             0.022  │
│  Epoch              830      Forwa…     0ms   0%    old_kl            0.005  │
│  Uptime    0d 0h 1m 50s                             kl                0.005  │
│  Remaini…  0d 0h 1m 32s                             clipfrac          0.189  │
│                                                     bc                0.000  │
│                                                                              │
│  User Stats                    Value    User Stats                    Value  │
│  episode_return                6.493    damage_dealt                699.154  │
│  damage_received              69.009    episode_length              140.181  │
│  wins                          0.000    wave                         68.000  │
│  idle_ticks                    0.237    brews_used                    1.365  │
│  blood_healed                  0.000    prayer_correct_rate           0.177  │
│  unavoidable_off_praye…        0.004    brews_remaining              10.635  │
│  restores_remaining           11.306    prayer_at_death              91.463  │
│  current_ranged               97.854    current_magic                88.273  │
│  behind_shield_pct             0.783    zuk_hp_remaining            499.794  │
│  min_zuk_hp_seen             500.902    hp_restored                   0.049  │
│  zuk_healer_damage             0.000    deaths_to_jad                 0.071  │
│  episode_return_normal         6.493    wins_normal                   0.000  │
│  min_zuk_hp_normal           500.902    score_normal                  0.583  │
│  zuk_objective_normal          0.583    phase_reached_normal          1.828  │
│  death_tick_normal           140.181    frac_min_hp_le_300_no…        0.055  │
╰──────────────────────────────────────────────────────────────────────────────╯

[0;0H╭──────────────────────────────────────────────────────────────────────────────╮
│  PufferLib 4.0    🐡              GPU: 0%      VRAM: 0.4/18G      RAM: 0.6G  │
│                                                                              │
│  Summary          Value    Evaluate   252ms  38%    Losses            Value  │
│  Env       osrs_inferno      GPU      208ms  31%    policy            0.009  │
│  Params          752.1K      Env       44ms   6%    value             0.029  │
│  Steps            27.4M    Train      410ms  61%    entropy           1.963  │
│  SPS             244.9K      Misc       0ms   0%    total             0.021  │
│  Epoch              835      Forwa…     0ms   0%    old_kl            0.004  │
│  Uptime    0d 0h 1m 51s                             kl                0.004  │
│  Remaini…  0d 0h 1m 32s                             clipfrac          0.186  │
│                                                     bc                0.000  │
│                                                                              │
│  User Stats                    Value    User Stats                    Value  │
│  episode_return                5.863    damage_dealt                636.233  │
│  damage_received              70.664    episode_length              142.185  │
│  wins                          0.000    wave                         68.000  │
│  idle_ticks                    0.111    brews_used                    1.442  │
│  blood_healed                  0.000    prayer_correct_rate           0.185  │
│  unavoidable_off_praye…        0.002    brews_remaining              10.558  │
│  restores_remaining           11.277    prayer_at_death              91.287  │
│  current_ranged               97.394    current_magic                87.891  │
│  behind_shield_pct             0.784    zuk_hp_remaining            562.968  │
│  min_zuk_hp_seen             563.767    hp_restored                   0.000  │
│  zuk_healer_damage             0.000    deaths_to_jad                 0.030  │
│  episode_return_normal         5.863    wins_normal                   0.000  │
│  min_zuk_hp_normal           563.767    score_normal                  0.530  │
│  zuk_objective_normal          0.530    phase_reached_normal          1.611  │
│  death_tick_normal           142.185    frac_min_hp_le_300_no…        0.017  │
╰──────────────────────────────────────────────────────────────────────────────╯

[0;0H╭──────────────────────────────────────────────────────────────────────────────╮
│  PufferLib 4.0   🐡               GPU: 0%      VRAM: 0.4/18G      RAM: 0.6G  │
│                                                                              │
│  Summary          Value    Evaluate   250ms  37%    Losses            Value  │
│  Env       osrs_inferno      GPU      207ms  31%    policy           -0.010  │
│  Params          752.1K      Env       43ms   6%    value             0.029  │
│  Steps            27.5M    Train      411ms  62%    entropy           1.921  │
│  SPS             245.3K      Misc       0ms   0%    total             0.002  │
│  Epoch              840      Forwa…     0ms   0%    old_kl            0.004  │
│  Uptime    0d 0h 1m 51s                             kl                0.004  │
│  Remaini…  0d 0h 1m 31s                             clipfrac          0.187  │
│                                                     bc                0.000  │
│                                                                              │
│  User Stats                    Value    User Stats                    Value  │
│  episode_return                6.415    damage_dealt                691.686  │
│  damage_received              71.329    episode_length              142.290  │
│  wins                          0.000    wave                         68.000  │
│  idle_ticks                    0.090    brews_used                    1.426  │
│  blood_healed                  0.000    prayer_correct_rate           0.182  │
│  unavoidable_off_praye…        0.002    brews_remaining              10.574  │
│  restores_remaining           11.253    prayer_at_death              91.654  │
│  current_ranged               97.358    current_magic                87.819  │
│  behind_shield_pct             0.784    zuk_hp_remaining            507.875  │
│  min_zuk_hp_seen             508.344    hp_restored                   0.226  │
│  zuk_healer_damage             0.000    deaths_to_jad                 0.051  │
│  episode_return_normal         6.415    wins_normal                   0.000  │
│  min_zuk_hp_normal           508.344    score_normal                  0.576  │
│  zuk_objective_normal          0.576    phase_reached_normal          1.784  │
│  death_tick_normal           142.290    frac_min_hp_le_300_no…        0.013  │
╰──────────────────────────────────────────────────────────────────────────────╯

[0;0H╭──────────────────────────────────────────────────────────────────────────────╮
│  PufferLib 4.0  🐡                GPU: 0%      VRAM: 0.4/18G      RAM: 0.6G  │
│                                                                              │
│  Summary          Value    Evaluate   250ms  38%    Losses            Value  │
│  Env       osrs_inferno      GPU      207ms  31%    policy            0.012  │
│  Params          752.1K      Env       42ms   6%    value             0.029  │
│  Steps            27.7M    Train      408ms  61%    entropy           1.889  │
│  SPS             246.2K      Misc       0ms   0%    total             0.024  │
│  Epoch              845      Forwa…     0ms   0%    old_kl            0.005  │
│  Uptime    0d 0h 1m 52s                             kl                0.004  │
│  Remaini…  0d 0h 1m 30s                             clipfrac          0.186  │
│                                                     bc                0.000  │
│                                                                              │
│  User Stats                    Value    User Stats                    Value  │
│  episode_return                6.004    damage_dealt                650.454  │
│  damage_received              75.308    episode_length              142.421  │
│  wins                          0.000    wave                         68.000  │
│  idle_ticks                    0.105    brews_used                    1.699  │
│  blood_healed                  0.000    prayer_correct_rate           0.190  │
│  unavoidable_off_praye…        0.001    brews_remaining              10.301  │
│  restores_remaining           11.352    prayer_at_death              90.941  │
│  current_ranged               95.092    current_magic                85.543  │
│  behind_shield_pct             0.774    zuk_hp_remaining            548.074  │
│  min_zuk_hp_seen             549.645    hp_restored                   0.134  │
│  zuk_healer_damage             0.000    deaths_to_jad                 0.039  │
│  episode_return_normal         6.004    wins_normal                   0.000  │
│  min_zuk_hp_normal           549.645    score_normal                  0.542  │
│  zuk_objective_normal          0.542    phase_reached_normal          1.672  │
│  death_tick_normal           142.421    frac_min_hp_le_300_no…        0.018  │
╰──────────────────────────────────────────────────────────────────────────────╯

[0;0H╭──────────────────────────────────────────────────────────────────────────────╮
│  PufferLib 4.0 🐡                 GPU: 0%      VRAM: 0.4/18G      RAM: 0.6G  │
│                                                                              │
│  Summary          Value    Evaluate   252ms  38%    Losses            Value  │
│  Env       osrs_inferno      GPU      209ms  31%    policy            0.007  │
│  Params          752.1K      Env       43ms   6%    value             0.030  │
│  Steps            27.9M    Train      410ms  61%    entropy           1.867  │
│  SPS             244.6K      Misc       0ms   0%    total             0.020  │
│  Epoch              850      Forwa…     0ms   0%    old_kl            0.004  │
│  Uptime    0d 0h 1m 53s                             kl                0.004  │
│  Remaini…  0d 0h 1m 30s                             clipfrac          0.184  │
│                                                     bc                0.000  │
│                                                                              │
│  User Stats                    Value    User Stats                    Value  │
│  episode_return                6.078    damage_dealt                658.058  │
│  damage_received              69.113    episode_length              142.482  │
│  wins                          0.000    wave                         68.000  │
│  idle_ticks                    0.098    brews_used                    1.540  │
│  blood_healed                  0.000    prayer_correct_rate           0.179  │
│  unavoidable_off_praye…        0.001    brews_remaining              10.460  │
│  restores_remaining           11.373    prayer_at_death              90.625  │
│  current_ranged               95.831    current_magic                86.387  │
│  behind_shield_pct             0.780    zuk_hp_remaining            541.410  │
│  min_zuk_hp_seen             541.965    hp_restored                   0.391  │
│  zuk_healer_damage             0.003    deaths_to_jad                 0.032  │
│  episode_return_normal         6.078    wins_normal                   0.000  │
│  min_zuk_hp_normal           541.965    score_normal                  0.548  │
│  zuk_objective_normal          0.548    phase_reached_normal          1.717  │
│  death_tick_normal           142.482    frac_min_hp_le_300_no…        0.035  │
╰──────────────────────────────────────────────────────────────────────────────╯

[0;0H╭──────────────────────────────────────────────────────────────────────────────╮
│  PufferLib 4.0          🐡        GPU: 0%      VRAM: 0.4/18G      RAM: 0.6G  │
│                                                                              │
│  Summary          Value    Evaluate   250ms  37%    Losses            Value  │
│  Env       osrs_inferno      GPU      207ms  31%    policy           -0.011  │
│  Params          752.1K      Env       42ms   6%    value             0.030  │
│  Steps            28.0M    Train      412ms  62%    entropy           1.806  │
│  SPS             244.9K      Misc       0ms   0%    total             0.001  │
│  Epoch              855      Forwa…     0ms   0%    old_kl            0.004  │
│  Uptime    0d 0h 1m 53s                             kl                0.005  │
│  Remaini…  0d 0h 1m 29s                             clipfrac          0.182  │
│                                                     bc                0.000  │
│                                                                              │
│  User Stats                    Value    User Stats                    Value  │
│  episode_return                6.152    damage_dealt                667.631  │
│  damage_received              69.352    episode_length              141.993  │
│  wins                          0.000    wave                         68.000  │
│  idle_ticks                    0.197    brews_used                    1.663  │
│  blood_healed                  0.000    prayer_correct_rate           0.181  │
│  unavoidable_off_praye…        0.000    brews_remaining              10.337  │
│  restores_remaining           11.545    prayer_at_death              88.952  │
│  current_ranged               94.348    current_magic                85.200  │
│  behind_shield_pct             0.775    zuk_hp_remaining            534.757  │
│  min_zuk_hp_seen             532.645    hp_restored                   2.771  │
│  zuk_healer_damage             0.003    deaths_to_jad                 0.035  │
│  episode_return_normal         6.152    wins_normal                   0.000  │
│  min_zuk_hp_normal           532.645    score_normal                  0.556  │
│  zuk_objective_normal          0.556    phase_reached_normal          1.757  │
│  death_tick_normal           141.993    frac_min_hp_le_300_no…        0.052  │
╰──────────────────────────────────────────────────────────────────────────────╯

[0;0H╭──────────────────────────────────────────────────────────────────────────────╮
│  PufferLib 4.0         🐡         GPU: 0%      VRAM: 0.4/18G      RAM: 0.6G  │
│                                                                              │
│  Summary          Value    Evaluate   251ms  37%    Losses            Value  │
│  Env       osrs_inferno      GPU      208ms  31%    policy            0.011  │
│  Params          752.1K      Env       43ms   6%    value             0.032  │
│  Steps            28.2M    Train      410ms  62%    entropy           1.804  │
│  SPS             245.1K      Misc       0ms   0%    total             0.024  │
│  Epoch              860      Forwa…     0ms   0%    old_kl            0.004  │
│  Uptime    0d 0h 1m 54s                             kl                0.007  │
│  Remaini…  0d 0h 1m 29s                             clipfrac          0.172  │
│                                                     bc                0.000  │
│                                                                              │
│  User Stats                    Value    User Stats                    Value  │
│  episode_return                6.271    damage_dealt                679.506  │
│  damage_received              67.435    episode_length              142.617  │
│  wins                          0.000    wave                         68.000  │
│  idle_ticks                    0.261    brews_used                    1.651  │
│  blood_healed                  0.000    prayer_correct_rate           0.184  │
│  unavoidable_off_praye…        0.002    brews_remaining              10.349  │
│  restores_remaining           11.514    prayer_at_death              89.513  │
│  current_ranged               94.373    current_magic                85.372  │
│  behind_shield_pct             0.776    zuk_hp_remaining            523.459  │
│  min_zuk_hp_seen             520.736    hp_restored                   3.045  │
│  zuk_healer_damage             0.023    deaths_to_jad                 0.041  │
│  episode_return_normal         6.271    wins_normal                   0.000  │
│  min_zuk_hp_normal           520.736    score_normal                  0.566  │
│  zuk_objective_normal          0.566    phase_reached_normal          1.769  │
│  death_tick_normal           142.617    frac_min_hp_le_300_no…        0.091  │
╰──────────────────────────────────────────────────────────────────────────────╯

[0;0H╭──────────────────────────────────────────────────────────────────────────────╮
│  PufferLib 4.0        🐡          GPU: 0%      VRAM: 0.4/18G      RAM: 0.6G  │
│                                                                              │
│  Summary          Value    Evaluate   250ms  37%    Losses            Value  │
│  Env       osrs_inferno      GPU      207ms  31%    policy           -0.001  │
│  Params          752.1K      Env       42ms   6%    value             0.032  │
│  Steps            28.3M    Train      412ms  62%    entropy           1.777  │
│  SPS             244.7K      Misc       0ms   0%    total             0.013  │
│  Epoch              865      Forwa…     0ms   0%    old_kl            0.004  │
│  Uptime    0d 0h 1m 55s                             kl                0.004  │
│  Remaini…  0d 0h 1m 28s                             clipfrac          0.176  │
│                                                     bc                0.000  │
│                                                                              │
│  User Stats                    Value    User Stats                    Value  │
│  episode_return                5.907    damage_dealt                640.789  │
│  damage_received              63.428    episode_length              142.886  │
│  wins                          0.000    wave                         68.000  │
│  idle_ticks                    0.142    brews_used                    1.436  │
│  blood_healed                  0.000    prayer_correct_rate           0.171  │
│  unavoidable_off_praye…        0.002    brews_remaining              10.564  │
│  restores_remaining           11.530    prayer_at_death              89.252  │
│  current_ranged               96.278    current_magic                86.982  │
│  behind_shield_pct             0.779    zuk_hp_remaining            559.060  │
│  min_zuk_hp_seen             559.301    hp_restored                   0.429  │
│  zuk_healer_damage             0.024    deaths_to_jad                 0.032  │
│  episode_return_normal         5.907    wins_normal                   0.000  │
│  min_zuk_hp_normal           559.301    score_normal                  0.534  │
│  zuk_objective_normal          0.534    phase_reached_normal          1.600  │
│  death_tick_normal           142.886    frac_min_hp_le_300_no…        0.028  │
╰──────────────────────────────────────────────────────────────────────────────╯

[0;0H╭──────────────────────────────────────────────────────────────────────────────╮
│  PufferLib 4.0       🐡           GPU: 0%      VRAM: 0.4/18G      RAM: 0.6G  │
│                                                                              │
│  Summary          Value    Evaluate   252ms  38%    Losses            Value  │
│  Env       osrs_inferno      GPU      209ms  31%    policy            0.005  │
│  Params          752.1K      Env       43ms   6%    value             0.035  │
│  Steps            28.5M    Train      409ms  61%    entropy           1.764  │
│  SPS             245.2K      Misc       0ms   0%    total             0.019  │
│  Epoch              870      Forwa…     0ms   0%    old_kl            0.005  │
│  Uptime    0d 0h 1m 55s                             kl                0.004  │
│  Remaini…  0d 0h 1m 27s                             clipfrac          0.169  │
│                                                     bc                0.000  │
│                                                                              │
│  User Stats                    Value    User Stats                    Value  │
│  episode_return                6.478    damage_dealt                699.215  │
│  damage_received              75.919    episode_length              144.052  │
│  wins                          0.000    wave                         68.000  │
│  idle_ticks                    0.150    brews_used                    1.862  │
│  blood_healed                  0.000    prayer_correct_rate           0.195  │
│  unavoidable_off_praye…        0.003    brews_remaining              10.138  │
│  restores_remaining           11.482    prayer_at_death              89.439  │
│  current_ranged               94.050    current_magic                85.181  │
│  behind_shield_pct             0.764    zuk_hp_remaining            501.687  │
│  min_zuk_hp_seen             500.969    hp_restored                   1.677  │
│  zuk_healer_damage             0.010    deaths_to_jad                 0.047  │
│  episode_return_normal         6.478    wins_normal                   0.000  │
│  min_zuk_hp_normal           500.969    score_normal                  0.583  │
│  zuk_objective_normal          0.583    phase_reached_normal          1.794  │
│  death_tick_normal           144.052    frac_min_hp_le_300_no…        0.058  │
╰──────────────────────────────────────────────────────────────────────────────╯

[0;0H╭──────────────────────────────────────────────────────────────────────────────╮
│  PufferLib 4.0      🐡            GPU: 0%      VRAM: 0.4/18G      RAM: 0.6G  │
│                                                                              │
│  Summary          Value    Evaluate   252ms  38%    Losses            Value  │
│  Env       osrs_inferno      GPU      209ms  31%    policy            0.021  │
│  Params          752.1K      Env       43ms   6%    value             0.038  │
│  Steps            28.7M    Train      408ms  61%    entropy           1.742  │
│  SPS             245.6K      Misc       0ms   0%    total             0.037  │
│  Epoch              875      Forwa…     0ms   0%    old_kl            0.005  │
│  Uptime    0d 0h 1m 56s                             kl                0.005  │
│  Remaini…  0d 0h 1m 26s                             clipfrac          0.171  │
│                                                     bc                0.000  │
│                                                                              │
│  User Stats                    Value    User Stats                    Value  │
│  episode_return                6.811    damage_dealt                735.398  │
│  damage_received              68.372    episode_length              141.560  │
│  wins                          0.000    wave                         68.000  │
│  idle_ticks                    0.360    brews_used                    1.594  │
│  blood_healed                  0.000    prayer_correct_rate           0.172  │
│  unavoidable_off_praye…        0.005    brews_remaining              10.406  │
│  restores_remaining           11.562    prayer_at_death              89.389  │
│  current_ranged               94.936    current_magic                85.702  │
│  behind_shield_pct             0.777    zuk_hp_remaining            469.085  │
│  min_zuk_hp_seen             464.750    hp_restored                   4.592  │
│  zuk_healer_damage             0.010    deaths_to_jad                 0.087  │
│  episode_return_normal         6.811    wins_normal                   0.000  │
│  min_zuk_hp_normal           464.750    score_normal                  0.613  │
│  zuk_objective_normal          0.613    phase_reached_normal          1.914  │
│  death_tick_normal           141.560    frac_min_hp_le_300_no…        0.133  │
╰──────────────────────────────────────────────────────────────────────────────╯

[0;0H╭──────────────────────────────────────────────────────────────────────────────╮
│  PufferLib 4.0     🐡             GPU: 0%      VRAM: 0.4/18G      RAM: 0.6G  │
│                                                                              │
│  Summary          Value    Evaluate   249ms  37%    Losses            Value  │
│  Env       osrs_inferno      GPU      206ms  31%    policy            0.006  │
│  Params          752.1K      Env       42ms   6%    value             0.035  │
│  Steps            28.8M    Train      412ms  62%    entropy           1.742  │
│  SPS             245.4K      Misc       0ms   0%    total             0.021  │
│  Epoch              880      Forwa…     0ms   0%    old_kl            0.004  │
│  Uptime    0d 0h 1m 57s                             kl                0.004  │
│  Remaini…  0d 0h 1m 26s                             clipfrac          0.171  │
│                                                     bc                0.000  │
│                                                                              │
│  User Stats                    Value    User Stats                    Value  │
│  episode_return                5.936    damage_dealt                643.916  │
│  damage_received              71.751    episode_length              143.044  │
│  wins                          0.000    wave                         68.000  │
│  idle_ticks                    0.131    brews_used                    1.709  │
│  blood_healed                  0.000    prayer_correct_rate           0.190  │
│  unavoidable_off_praye…        0.002    brews_remaining              10.291  │
│  restores_remaining           11.479    prayer_at_death              89.532  │
│  current_ranged               95.269    current_magic                86.092  │
│  behind_shield_pct             0.774    zuk_hp_remaining            555.895  │
│  min_zuk_hp_seen             556.156    hp_restored                   0.574  │
│  zuk_healer_damage             0.008    deaths_to_jad                 0.044  │
│  episode_return_normal         5.936    wins_normal                   0.000  │
│  min_zuk_hp_normal           556.156    score_normal                  0.537  │
│  zuk_objective_normal          0.537    phase_reached_normal          1.652  │
│  death_tick_normal           143.044    frac_min_hp_le_300_no…        0.040  │
╰──────────────────────────────────────────────────────────────────────────────╯

[0;0H╭──────────────────────────────────────────────────────────────────────────────╮
│  PufferLib 4.0    🐡              GPU: 0%      VRAM: 0.4/18G      RAM: 0.6G  │
│                                                                              │
│  Summary          Value    Evaluate   250ms  37%    Losses            Value  │
│  Env       osrs_inferno      GPU      207ms  31%    policy           -0.010  │
│  Params          752.1K      Env       43ms   6%    value             0.033  │
│  Steps            29.0M    Train      408ms  62%    entropy           1.734  │
│  SPS             246.5K      Misc       0ms   0%    total             0.004  │
│  Epoch              885      Forwa…     0ms   0%    old_kl            0.005  │
│  Uptime    0d 0h 1m 57s                             kl                0.005  │
│  Remaini…  0d 0h 1m 25s                             clipfrac          0.171  │
│                                                     bc                0.000  │
│                                                                              │
│  User Stats                    Value    User Stats                    Value  │
│  episode_return                6.158    damage_dealt                665.912  │
│  damage_received              73.721    episode_length              144.409  │
│  wins                          0.000    wave                         68.000  │
│  idle_ticks                    0.116    brews_used                    1.664  │
│  blood_healed                  0.000    prayer_correct_rate           0.188  │
│  unavoidable_off_praye…        0.002    brews_remaining              10.336  │
│  restores_remaining           11.431    prayer_at_death              90.131  │
│  current_ranged               95.699    current_magic                86.478  │
│  behind_shield_pct             0.774    zuk_hp_remaining            533.380  │
│  min_zuk_hp_seen             534.128    hp_restored                   0.099  │
│  zuk_healer_damage             0.000    deaths_to_jad                 0.062  │
│  episode_return_normal         6.158    wins_normal                   0.000  │
│  min_zuk_hp_normal           534.128    score_normal                  0.555  │
│  zuk_objective_normal          0.555    phase_reached_normal          1.718  │
│  death_tick_normal           144.409    frac_min_hp_le_300_no…        0.034  │
╰──────────────────────────────────────────────────────────────────────────────╯

[0;0H╭──────────────────────────────────────────────────────────────────────────────╮
│  PufferLib 4.0   🐡               GPU: 0%      VRAM: 0.4/18G      RAM: 0.6G  │
│                                                                              │
│  Summary          Value    Evaluate   250ms  37%    Losses            Value  │
│  Env       osrs_inferno      GPU      207ms  31%    policy           -0.000  │
│  Params          752.1K      Env       43ms   6%    value             0.034  │
│  Steps            29.2M    Train      410ms  62%    entropy           1.691  │
│  SPS             245.3K      Misc       0ms   0%    total             0.014  │
│  Epoch              890      Forwa…     0ms   0%    old_kl            0.004  │
│  Uptime    0d 0h 1m 58s                             kl                0.003  │
│  Remaini…  0d 0h 1m 24s                             clipfrac          0.165  │
│                                                     bc                0.000  │
│                                                                              │
│  User Stats                    Value    User Stats                    Value  │
│  episode_return                6.059    damage_dealt                656.079  │
│  damage_received              65.047    episode_length              142.294  │
│  wins                          0.000    wave                         68.000  │
│  idle_ticks                    0.116    brews_used                    1.354  │
│  blood_healed                  0.000    prayer_correct_rate           0.182  │
│  unavoidable_off_praye…        0.002    brews_remaining              10.646  │
│  restores_remaining           11.532    prayer_at_death              89.344  │
│  current_ranged               96.990    current_magic                87.797  │
│  behind_shield_pct             0.785    zuk_hp_remaining            543.415  │
│  min_zuk_hp_seen             543.939    hp_restored                   0.120  │
│  zuk_healer_damage             0.000    deaths_to_jad                 0.038  │
│  episode_return_normal         6.059    wins_normal                   0.000  │
│  min_zuk_hp_normal           543.939    score_normal                  0.547  │
│  zuk_objective_normal          0.547    phase_reached_normal          1.691  │
│  death_tick_normal           142.294    frac_min_hp_le_300_no…        0.025  │
╰──────────────────────────────────────────────────────────────────────────────╯

[0;0H╭──────────────────────────────────────────────────────────────────────────────╮
│  PufferLib 4.0  🐡                GPU: 0%      VRAM: 0.4/18G      RAM: 0.6G  │
│                                                                              │
│  Summary          Value    Evaluate   252ms  38%    Losses            Value  │
│  Env       osrs_inferno      GPU      209ms  31%    policy            0.002  │
│  Params          752.1K      Env       43ms   6%    value             0.031  │
│  Steps            29.3M    Train      408ms  61%    entropy           1.706  │
│  SPS             245.5K      Misc       0ms   0%    total             0.015  │
│  Epoch              895      Forwa…     0ms   0%    old_kl            0.004  │
│  Uptime    0d 0h 1m 59s                             kl                0.004  │
│  Remaini…  0d 0h 1m 24s                             clipfrac          0.165  │
│                                                     bc                0.000  │
│                                                                              │
│  User Stats                    Value    User Stats                    Value  │
│  episode_return                5.951    damage_dealt                645.292  │
│  damage_received              67.072    episode_length              141.804  │
│  wins                          0.000    wave                         68.000  │
│  idle_ticks                    0.099    brews_used                    1.512  │
│  blood_healed                  0.000    prayer_correct_rate           0.192  │
│  unavoidable_off_praye…        0.003    brews_remaining              10.488  │
│  restores_remaining           11.541    prayer_at_death              89.319  │
│  current_ranged               95.463    current_magic                86.731  │
│  behind_shield_pct             0.783    zuk_hp_remaining            554.130  │
│  min_zuk_hp_seen             554.827    hp_restored                   0.176  │
│  zuk_healer_damage             0.000    deaths_to_jad                 0.031  │
│  episode_return_normal         5.951    wins_normal                   0.000  │
│  min_zuk_hp_normal           554.827    score_normal                  0.538  │
│  zuk_objective_normal          0.538    phase_reached_normal          1.650  │
│  death_tick_normal           141.804    frac_min_hp_le_300_no…        0.024  │
╰──────────────────────────────────────────────────────────────────────────────╯

[0;0H╭──────────────────────────────────────────────────────────────────────────────╮
│  PufferLib 4.0 🐡                 GPU: 0%      VRAM: 0.4/18G      RAM: 0.6G  │
│                                                                              │
│  Summary          Value    Evaluate   251ms  38%    Losses            Value  │
│  Env       osrs_inferno      GPU      209ms  31%    policy           -0.008  │
│  Params          752.1K      Env       42ms   6%    value             0.031  │
│  Steps            29.5M    Train      409ms  61%    entropy           1.674  │
│  SPS             245.5K      Misc       0ms   0%    total             0.004  │
│  Epoch              900      Forwa…     0ms   0%    old_kl            0.004  │
│  Uptime    0d 0h 1m 59s                             kl                0.003  │
│  Remaini…  0d 0h 1m 23s                             clipfrac          0.166  │
│                                                     bc                0.000  │
│                                                                              │
│  User Stats                    Value    User Stats                    Value  │
│  episode_return                6.168    damage_dealt                667.202  │
│  damage_received              75.754    episode_length              141.912  │
│  wins                          0.000    wave                         68.000  │
│  idle_ticks                    0.170    brews_used                    1.693  │
│  blood_healed                  0.000    prayer_correct_rate           0.195  │
│  unavoidable_off_praye…        0.001    brews_remaining              10.307  │
│  restores_remaining           11.578    prayer_at_death              88.825  │
│  current_ranged               94.455    current_magic                85.409  │
│  behind_shield_pct             0.776    zuk_hp_remaining            532.134  │
│  min_zuk_hp_seen             532.832    hp_restored                   0.479  │
│  zuk_healer_damage             0.000    deaths_to_jad                 0.032  │
│  episode_return_normal         6.168    wins_normal                   0.000  │
│  min_zuk_hp_normal           532.832    score_normal                  0.556  │
│  zuk_objective_normal          0.556    phase_reached_normal          1.696  │
│  death_tick_normal           141.912    frac_min_hp_le_300_no…        0.023  │
╰──────────────────────────────────────────────────────────────────────────────╯

[0;0H╭──────────────────────────────────────────────────────────────────────────────╮
│  PufferLib 4.0          🐡        GPU: 0%      VRAM: 0.4/18G      RAM: 0.6G  │
│                                                                              │
│  Summary          Value    Evaluate   249ms  37%    Losses            Value  │
│  Env       osrs_inferno      GPU      206ms  31%    policy           -0.001  │
│  Params          752.1K      Env       43ms   6%    value             0.030  │
│  Steps            29.7M    Train      410ms  62%    entropy           1.666  │
│  SPS             245.6K      Misc       0ms   0%    total             0.011  │
│  Epoch              905      Forwa…     0ms   0%    old_kl            0.003  │
│  Uptime     0d 0h 2m 0s                             kl                0.003  │
│  Remaini…  0d 0h 1m 22s                             clipfrac          0.162  │
│                                                     bc                0.000  │
│                                                                              │
│  User Stats                    Value    User Stats                    Value  │
│  episode_return                6.122    damage_dealt                663.315  │
│  damage_received              78.104    episode_length              143.223  │
│  wins                          0.000    wave                         68.000  │
│  idle_ticks                    0.378    brews_used                    1.851  │
│  blood_healed                  0.000    prayer_correct_rate           0.201  │
│  unavoidable_off_praye…        0.001    brews_remaining              10.149  │
│  restores_remaining           11.535    prayer_at_death              89.110  │
│  current_ranged               93.257    current_magic                84.752  │
│  behind_shield_pct             0.770    zuk_hp_remaining            537.028  │
│  min_zuk_hp_seen             536.685    hp_restored                   1.184  │
│  zuk_healer_damage             0.000    deaths_to_jad                 0.037  │
│  episode_return_normal         6.122    wins_normal                   0.000  │
│  min_zuk_hp_normal           536.685    score_normal                  0.553  │
│  zuk_objective_normal          0.553    phase_reached_normal          1.650  │
│  death_tick_normal           143.223    frac_min_hp_le_300_no…        0.035  │
╰──────────────────────────────────────────────────────────────────────────────╯

[0;0H╭──────────────────────────────────────────────────────────────────────────────╮
│  PufferLib 4.0         🐡         GPU: 0%      VRAM: 0.4/18G      RAM: 0.6G  │
│                                                                              │
│  Summary          Value    Evaluate   251ms  38%    Losses            Value  │
│  Env       osrs_inferno      GPU      208ms  31%    policy           -0.017  │
│  Params          752.1K      Env       43ms   6%    value             0.028  │
│  Steps            29.8M    Train      408ms  61%    entropy           1.657  │
│  SPS             245.6K      Misc       0ms   0%    total            -0.006  │
│  Epoch              910      Forwa…     0ms   0%    old_kl            0.004  │
│  Uptime     0d 0h 2m 1s                             kl                0.003  │
│  Remaini…  0d 0h 1m 22s                             clipfrac          0.162  │
│                                                     bc                0.000  │
│                                                                              │
│  User Stats                    Value    User Stats                    Value  │
│  episode_return                6.248    damage_dealt                674.876  │
│  damage_received              73.189    episode_length              142.600  │
│  wins                          0.000    wave                         68.000  │
│  idle_ticks                    0.099    brews_used                    1.636  │
│  blood_healed                  0.000    prayer_correct_rate           0.200  │
│  unavoidable_off_praye…        0.003    brews_remaining              10.364  │
│  restores_remaining           11.554    prayer_at_death              89.181  │
│  current_ranged               94.726    current_magic                86.230  │
│  behind_shield_pct             0.775    zuk_hp_remaining            524.656  │
│  min_zuk_hp_seen             525.131    hp_restored                   0.044  │
│  zuk_healer_damage             0.000    deaths_to_jad                 0.057  │
│  episode_return_normal         6.248    wins_normal                   0.000  │
│  min_zuk_hp_normal           525.131    score_normal                  0.562  │
│  zuk_objective_normal          0.562    phase_reached_normal          1.742  │
│  death_tick_normal           142.600    frac_min_hp_le_300_no…        0.026  │
╰──────────────────────────────────────────────────────────────────────────────╯

[0;0H╭──────────────────────────────────────────────────────────────────────────────╮
│  PufferLib 4.0        🐡          GPU: 0%      VRAM: 0.4/18G      RAM: 0.6G  │
│                                                                              │
│  Summary          Value    Evaluate   252ms  38%    Losses            Value  │
│  Env       osrs_inferno      GPU      208ms  31%    policy            0.026  │
│  Params          752.1K      Env       43ms   6%    value             0.029  │
│  Steps            30.0M    Train      409ms  61%    entropy           1.623  │
│  SPS             245.1K      Misc       0ms   0%    total             0.038  │
│  Epoch              915      Forwa…     0ms   0%    old_kl            0.003  │
│  Uptime     0d 0h 2m 1s                             kl                0.004  │
│  Remaini…  0d 0h 1m 21s                             clipfrac          0.157  │
│                                                     bc                0.000  │
│                                                                              │
│  User Stats                    Value    User Stats                    Value  │
│  episode_return                6.264    damage_dealt                676.809  │
│  damage_received              66.866    episode_length              141.479  │
│  wins                          0.000    wave                         68.000  │
│  idle_ticks                    0.134    brews_used                    1.482  │
│  blood_healed                  0.000    prayer_correct_rate           0.189  │
│  unavoidable_off_praye…        0.004    brews_remaining              10.518  │
│  restores_remaining           11.632    prayer_at_death              88.635  │
│  current_ranged               95.323    current_magic                86.320  │
│  behind_shield_pct             0.779    zuk_hp_remaining            523.112  │
│  min_zuk_hp_seen             523.270    hp_restored                   0.392  │
│  zuk_healer_damage             0.000    deaths_to_jad                 0.076  │
│  episode_return_normal         6.264    wins_normal                   0.000  │
│  min_zuk_hp_normal           523.270    score_normal                  0.564  │
│  zuk_objective_normal          0.564    phase_reached_normal          1.764  │
│  death_tick_normal           141.479    frac_min_hp_le_300_no…        0.038  │
╰──────────────────────────────────────────────────────────────────────────────╯

[0;0H╭──────────────────────────────────────────────────────────────────────────────╮
│  PufferLib 4.0       🐡           GPU: 0%      VRAM: 0.4/18G      RAM: 0.6G  │
│                                                                              │
│  Summary          Value    Evaluate   252ms  38%    Losses            Value  │
│  Env       osrs_inferno      GPU      209ms  31%    policy           -0.008  │
│  Params          752.1K      Env       43ms   6%    value             0.030  │
│  Steps            30.1M    Train      404ms  61%    entropy           1.608  │
│  SPS             247.0K      Misc       0ms   0%    total             0.005  │
│  Epoch              920      Forwa…     0ms   0%    old_kl            0.003  │
│  Uptime     0d 0h 2m 2s                             kl                0.003  │
│  Remaini…  0d 0h 1m 20s                             clipfrac          0.158  │
│                                                     bc                0.000  │
│                                                                              │
│  User Stats                    Value    User Stats                    Value  │
│  episode_return                5.761    damage_dealt                626.732  │
│  damage_received              65.020    episode_length              141.301  │
│  wins                          0.000    wave                         68.000  │
│  idle_ticks                    0.235    brews_used                    1.611  │
│  blood_healed                  0.000    prayer_correct_rate           0.200  │
│  unavoidable_off_praye…        0.002    brews_remaining              10.389  │
│  restores_remaining           11.663    prayer_at_death              88.084  │
│  current_ranged               94.280    current_magic                85.402  │
│  behind_shield_pct             0.776    zuk_hp_remaining            573.693  │
│  min_zuk_hp_seen             573.400    hp_restored                   0.609  │
│  zuk_healer_damage             0.000    deaths_to_jad                 0.052  │
│  episode_return_normal         5.761    wins_normal                   0.000  │
│  min_zuk_hp_normal           573.400    score_normal                  0.522  │
│  zuk_objective_normal          0.522    phase_reached_normal          1.571  │
│  death_tick_normal           141.301    frac_min_hp_le_300_no…        0.034  │
╰──────────────────────────────────────────────────────────────────────────────╯

[0;0H╭──────────────────────────────────────────────────────────────────────────────╮
│  PufferLib 4.0      🐡            GPU: 0%      VRAM: 0.4/18G      RAM: 0.6G  │
│                                                                              │
│  Summary          Value    Evaluate   252ms  38%    Losses            Value  │
│  Env       osrs_inferno      GPU      208ms  31%    policy           -0.003  │
│  Params          752.1K      Env       43ms   6%    value             0.031  │
│  Steps            30.3M    Train      410ms  61%    entropy           1.610  │
│  SPS             244.9K      Misc       0ms   0%    total             0.010  │
│  Epoch              925      Forwa…     0ms   0%    old_kl            0.004  │
│  Uptime     0d 0h 2m 3s                             kl                0.004  │
│  Remaini…  0d 0h 1m 20s                             clipfrac          0.160  │
│                                                     bc                0.000  │
│                                                                              │
│  User Stats                    Value    User Stats                    Value  │
│  episode_return                6.158    damage_dealt                667.305  │
│  damage_received              68.520    episode_length              143.028  │
│  wins                          0.000    wave                         68.000  │
│  idle_ticks                    0.419    brews_used                    1.585  │
│  blood_healed                  0.000    prayer_correct_rate           0.191  │
│  unavoidable_off_praye…        0.002    brews_remaining              10.415  │
│  restores_remaining           11.630    prayer_at_death              88.454  │
│  current_ranged               94.657    current_magic                85.795  │
│  behind_shield_pct             0.773    zuk_hp_remaining            533.667  │
│  min_zuk_hp_seen             532.929    hp_restored                   1.272  │
│  zuk_healer_damage             0.000    deaths_to_jad                 0.049  │
│  episode_return_normal         6.158    wins_normal                   0.000  │
│  min_zuk_hp_normal           532.929    score_normal                  0.556  │
│  zuk_objective_normal          0.556    phase_reached_normal          1.734  │
│  death_tick_normal           143.028    frac_min_hp_le_300_no…        0.029  │
╰──────────────────────────────────────────────────────────────────────────────╯

[0;0H╭──────────────────────────────────────────────────────────────────────────────╮
│  PufferLib 4.0     🐡             GPU: 0%      VRAM: 0.4/18G      RAM: 0.6G  │
│                                                                              │
│  Summary          Value    Evaluate   253ms  38%    Losses            Value  │
│  Env       osrs_inferno      GPU      209ms  31%    policy            0.011  │
│  Params          752.1K      Env       43ms   6%    value             0.035  │
│  Steps            30.5M    Train      410ms  61%    entropy           1.583  │
│  SPS             244.6K      Misc       0ms   0%    total             0.026  │
│  Epoch              930      Forwa…     0ms   0%    old_kl            0.005  │
│  Uptime     0d 0h 2m 3s                             kl                0.004  │
│  Remaini…  0d 0h 1m 19s                             clipfrac          0.150  │
│                                                     bc                0.000  │
│                                                                              │
│  User Stats                    Value    User Stats                    Value  │
│  episode_return                6.655    damage_dealt                719.667  │
│  damage_received              71.870    episode_length              141.849  │
│  wins                          0.000    wave                         68.000  │
│  idle_ticks                    0.285    brews_used                    1.760  │
│  blood_healed                  0.000    prayer_correct_rate           0.202  │
│  unavoidable_off_praye…        0.004    brews_remaining              10.240  │
│  restores_remaining           11.704    prayer_at_death              87.889  │
│  current_ranged               93.173    current_magic                84.424  │
│  behind_shield_pct             0.770    zuk_hp_remaining            483.199  │
│  min_zuk_hp_seen             480.815    hp_restored                   3.716  │
│  zuk_healer_damage             0.000    deaths_to_jad                 0.064  │
│  episode_return_normal         6.655    wins_normal                   0.000  │
│  min_zuk_hp_normal           480.815    score_normal                  0.599  │
│  zuk_objective_normal          0.599    phase_reached_normal          1.900  │
│  death_tick_normal           141.849    frac_min_hp_le_300_no…        0.089  │
╰──────────────────────────────────────────────────────────────────────────────╯

[0;0H╭──────────────────────────────────────────────────────────────────────────────╮
│  PufferLib 4.0    🐡              GPU: 0%      VRAM: 0.4/18G      RAM: 0.6G  │
│                                                                              │
│  Summary          Value    Evaluate   251ms  37%    Losses            Value  │
│  Env       osrs_inferno      GPU      207ms  31%    policy            0.009  │
│  Params          752.1K      Env       43ms   6%    value             0.031  │
│  Steps            30.6M    Train      410ms  62%    entropy           1.572  │
│  SPS             245.3K      Misc       0ms   0%    total             0.022  │
│  Epoch              935      Forwa…     0ms   0%    old_kl            0.004  │
│  Uptime     0d 0h 2m 4s                             kl                0.003  │
│  Remaini…  0d 0h 1m 18s                             clipfrac          0.152  │
│                                                     bc                0.000  │
│                                                                              │
│  User Stats                    Value    User Stats                    Value  │
│  episode_return                6.060    damage_dealt                656.722  │
│  damage_received              68.641    episode_length              142.989  │
│  wins                          0.000    wave                         68.000  │
│  idle_ticks                    0.192    brews_used                    1.756  │
│  blood_healed                  0.000    prayer_correct_rate           0.205  │
│  unavoidable_off_praye…        0.001    brews_remaining              10.244  │
│  restores_remaining           11.707    prayer_at_death              88.049  │
│  current_ranged               93.386    current_magic                84.590  │
│  behind_shield_pct             0.770    zuk_hp_remaining            543.952  │
│  min_zuk_hp_seen             543.298    hp_restored                   0.850  │
│  zuk_healer_damage             0.000    deaths_to_jad                 0.047  │
│  episode_return_normal         6.060    wins_normal                   0.000  │
│  min_zuk_hp_normal           543.298    score_normal                  0.547  │
│  zuk_objective_normal          0.547    phase_reached_normal          1.716  │
│  death_tick_normal           142.989    frac_min_hp_le_300_no…        0.024  │
╰──────────────────────────────────────────────────────────────────────────────╯

[0;0H╭──────────────────────────────────────────────────────────────────────────────╮
│  PufferLib 4.0   🐡               GPU: 0%      VRAM: 0.4/18G      RAM: 0.6G  │
│                                                                              │
│  Summary          Value    Evaluate   252ms  38%    Losses            Value  │
│  Env       osrs_inferno      GPU      208ms  31%    policy            0.013  │
│  Params          752.1K      Env       43ms   6%    value             0.032  │
│  Steps            30.8M    Train      409ms  61%    entropy           1.581  │
│  SPS             245.1K      Misc       0ms   0%    total             0.026  │
│  Epoch              940      Forwa…     0ms   0%    old_kl            0.003  │
│  Uptime     0d 0h 2m 5s                             kl                0.004  │
│  Remaini…  0d 0h 1m 18s                             clipfrac          0.148  │
│                                                     bc                0.000  │
│                                                                              │
│  User Stats                    Value    User Stats                    Value  │
│  episode_return                6.421    damage_dealt                692.224  │
│  damage_received              66.935    episode_length              141.355  │
│  wins                          0.000    wave                         68.000  │
│  idle_ticks                    0.321    brews_used                    1.690  │
│  blood_healed                  0.000    prayer_correct_rate           0.203  │
│  unavoidable_off_praye…        0.001    brews_remaining              10.310  │
│  restores_remaining           11.725    prayer_at_death              88.081  │
│  current_ranged               94.182    current_magic                85.157  │
│  behind_shield_pct             0.771    zuk_hp_remaining            507.790  │
│  min_zuk_hp_seen             507.877    hp_restored                   0.809  │
│  zuk_healer_damage             0.000    deaths_to_jad                 0.066  │
│  episode_return_normal         6.421    wins_normal                   0.000  │
│  min_zuk_hp_normal           507.877    score_normal                  0.577  │
│  zuk_objective_normal          0.577    phase_reached_normal          1.770  │
│  death_tick_normal           141.355    frac_min_hp_le_300_no…        0.031  │
╰──────────────────────────────────────────────────────────────────────────────╯

[0;0H╭──────────────────────────────────────────────────────────────────────────────╮
│  PufferLib 4.0  🐡                GPU: 0%      VRAM: 0.4/18G      RAM: 0.6G  │
│                                                                              │
│  Summary          Value    Evaluate   253ms  38%    Losses            Value  │
│  Env       osrs_inferno      GPU      210ms  31%    policy           -0.004  │
│  Params          752.1K      Env       43ms   6%    value             0.032  │
│  Steps            31.0M    Train      411ms  61%    entropy           1.565  │
│  SPS             243.9K      Misc       0ms   0%    total             0.009  │
│  Epoch              945      Forwa…     0ms   0%    old_kl            0.003  │
│  Uptime     0d 0h 2m 5s                             kl                0.004  │
│  Remaini…  0d 0h 1m 18s                             clipfrac          0.146  │
│                                                     bc                0.000  │
│                                                                              │
│  User Stats                    Value    User Stats                    Value  │
│  episode_return                6.286    damage_dealt                677.982  │
│  damage_received              64.238    episode_length              140.648  │
│  wins                          0.000    wave                         68.000  │
│  idle_ticks                    0.371    brews_used                    1.516  │
│  blood_healed                  0.000    prayer_correct_rate           0.193  │
│  unavoidable_off_praye…        0.001    brews_remaining              10.484  │
│  restores_remaining           11.696    prayer_at_death              88.662  │
│  current_ranged               95.908    current_magic                86.839  │
│  behind_shield_pct             0.776    zuk_hp_remaining            522.752  │
│  min_zuk_hp_seen             522.018    hp_restored                   1.229  │
│  zuk_healer_damage             0.000    deaths_to_jad                 0.036  │
│  episode_return_normal         6.286    wins_normal                   0.000  │
│  min_zuk_hp_normal           522.018    score_normal                  0.565  │
│  zuk_objective_normal          0.565    phase_reached_normal          1.730  │
│  death_tick_normal           140.648    frac_min_hp_le_300_no…        0.034  │
╰──────────────────────────────────────────────────────────────────────────────╯

[0;0H╭──────────────────────────────────────────────────────────────────────────────╮
│  PufferLib 4.0 🐡                 GPU: 0%      VRAM: 0.4/18G      RAM: 0.6G  │
│                                                                              │
│  Summary          Value    Evaluate   253ms  38%    Losses            Value  │
│  Env       osrs_inferno      GPU      209ms  31%    policy           -0.004  │
│  Params          752.1K      Env       43ms   6%    value             0.033  │
│  Steps            31.1M    Train      411ms  61%    entropy           1.584  │
│  SPS             244.0K      Misc       0ms   0%    total             0.010  │
│  Epoch              950      Forwa…     0ms   0%    old_kl            0.003  │
│  Uptime     0d 0h 2m 6s                             kl                0.003  │
│  Remaini…  0d 0h 1m 17s                             clipfrac          0.148  │
│                                                     bc                0.000  │
│                                                                              │
│  User Stats                    Value    User Stats                    Value  │
│  episode_return                6.515    damage_dealt                703.809  │
│  damage_received              69.060    episode_length              144.206  │
│  wins                          0.000    wave                         68.000  │
│  idle_ticks                    0.118    brews_used                    1.715  │
│  blood_healed                  0.000    prayer_correct_rate           0.204  │
│  unavoidable_off_praye…        0.002    brews_remaining              10.285  │
│  restores_remaining           11.667    prayer_at_death              88.229  │
│  current_ranged               94.052    current_magic                85.231  │
│  behind_shield_pct             0.769    zuk_hp_remaining            498.060  │
│  min_zuk_hp_seen             496.524    hp_restored                   2.046  │
│  zuk_healer_damage             0.000    deaths_to_jad                 0.059  │
│  episode_return_normal         6.515    wins_normal                   0.000  │
│  min_zuk_hp_normal           496.524    score_normal                  0.586  │
│  zuk_objective_normal          0.586    phase_reached_normal          1.839  │
│  death_tick_normal           144.206    frac_min_hp_le_300_no…        0.080  │
╰──────────────────────────────────────────────────────────────────────────────╯

[0;0H╭──────────────────────────────────────────────────────────────────────────────╮
│  PufferLib 4.0          🐡        GPU: 0%      VRAM: 0.4/18G      RAM: 0.6G  │
│                                                                              │
│  Summary          Value    Evaluate   252ms  38%    Losses            Value  │
│  Env       osrs_inferno      GPU      209ms  31%    policy            0.003  │
│  Params          752.1K      Env       43ms   6%    value             0.033  │
│  Steps            31.3M    Train      407ms  61%    entropy           1.576  │
│  SPS             245.9K      Misc       0ms   0%    total             0.017  │
│  Epoch              955      Forwa…     0ms   0%    old_kl            0.003  │
│  Uptime     0d 0h 2m 7s                             kl                0.003  │
│  Remaini…  0d 0h 1m 16s                             clipfrac          0.147  │
│                                                     bc                0.000  │
│                                                                              │
│  User Stats                    Value    User Stats                    Value  │
│  episode_return                6.620    damage_dealt                714.109  │
│  damage_received              67.620    episode_length              141.466  │
│  wins                          0.000    wave                         68.000  │
│  idle_ticks                    0.084    brews_used                    1.759  │
│  blood_healed                  0.000    prayer_correct_rate           0.207  │
│  unavoidable_off_praye…        0.003    brews_remaining              10.241  │
│  restores_remaining           11.756    prayer_at_death              87.503  │
│  current_ranged               92.724    current_magic                84.222  │
│  behind_shield_pct             0.773    zuk_hp_remaining            487.284  │
│  min_zuk_hp_seen             486.291    hp_restored                   1.903  │
│  zuk_healer_damage             0.000    deaths_to_jad                 0.077  │
│  episode_return_normal         6.620    wins_normal                   0.000  │
│  min_zuk_hp_normal           486.291    score_normal                  0.595  │
│  zuk_objective_normal          0.595    phase_reached_normal          1.859  │
│  death_tick_normal           141.466    frac_min_hp_le_300_no…        0.080  │
╰──────────────────────────────────────────────────────────────────────────────╯

[0;0H╭──────────────────────────────────────────────────────────────────────────────╮
│  PufferLib 4.0         🐡         GPU: 0%      VRAM: 0.4/18G      RAM: 0.6G  │
│                                                                              │
│  Summary          Value    Evaluate   252ms  37%    Losses            Value  │
│  Env       osrs_inferno      GPU      209ms  31%    policy            0.001  │
│  Params          752.1K      Env       43ms   6%    value             0.032  │
│  Steps            31.5M    Train      412ms  62%    entropy           1.546  │
│  SPS             244.0K      Misc       0ms   0%    total             0.014  │
│  Epoch              960      Forwa…     0ms   0%    old_kl            0.004  │
│  Uptime     0d 0h 2m 7s                             kl                0.003  │
│  Remaini…  0d 0h 1m 15s                             clipfrac          0.150  │
│                                                     bc                0.000  │
│                                                                              │
│  User Stats                    Value    User Stats                    Value  │
│  episode_return                6.351    damage_dealt                685.034  │
│  damage_received              66.113    episode_length              142.077  │
│  wins                          0.000    wave                         68.000  │
│  idle_ticks                    0.095    brews_used                    1.675  │
│  blood_healed                  0.000    prayer_correct_rate           0.204  │
│  unavoidable_off_praye…        0.001    brews_remaining              10.325  │
│  restores_remaining           11.747    prayer_at_death              87.632  │
│  current_ranged               93.529    current_magic                84.804  │
│  behind_shield_pct             0.774    zuk_hp_remaining            514.806  │
│  min_zuk_hp_seen             514.970    hp_restored                   0.162  │
│  zuk_healer_damage             0.004    deaths_to_jad                 0.059  │
│  episode_return_normal         6.351    wins_normal                   0.000  │
│  min_zuk_hp_normal           514.970    score_normal                  0.571  │
│  zuk_objective_normal          0.571    phase_reached_normal          1.797  │
│  death_tick_normal           142.077    frac_min_hp_le_300_no…        0.060  │
╰──────────────────────────────────────────────────────────────────────────────╯

[0;0H╭──────────────────────────────────────────────────────────────────────────────╮
│  PufferLib 4.0        🐡          GPU: 0%      VRAM: 0.4/18G      RAM: 0.6G  │
│                                                                              │
│  Summary          Value    Evaluate   251ms  38%    Losses            Value  │
│  Env       osrs_inferno      GPU      208ms  31%    policy           -0.012  │
│  Params          752.1K      Env       43ms   6%    value             0.031  │
│  Steps            31.6M    Train      409ms  61%    entropy           1.526  │
│  SPS             245.1K      Misc       0ms   0%    total             0.001  │
│  Epoch              965      Forwa…     0ms   0%    old_kl            0.004  │
│  Uptime     0d 0h 2m 8s                             kl                0.004  │
│  Remaini…  0d 0h 1m 14s                             clipfrac          0.152  │
│                                                     bc                0.000  │
│                                                                              │
│  User Stats                    Value    User Stats                    Value  │
│  episode_return                6.106    damage_dealt                660.598  │
│  damage_received              69.016    episode_length              142.148  │
│  wins                          0.000    wave                         68.000  │
│  idle_ticks                    0.100    brews_used                    1.753  │
│  blood_healed                  0.000    prayer_correct_rate           0.203  │
│  unavoidable_off_praye…        0.002    brews_remaining              10.247  │
│  restores_remaining           11.753    prayer_at_death              87.738  │
│  current_ranged               92.817    current_magic                84.341  │
│  behind_shield_pct             0.774    zuk_hp_remaining            538.736  │
│  min_zuk_hp_seen             539.402    hp_restored                   0.000  │
│  zuk_healer_damage             0.000    deaths_to_jad                 0.048  │
│  episode_return_normal         6.106    wins_normal                   0.000  │
│  min_zuk_hp_normal           539.402    score_normal                  0.550  │
│  zuk_objective_normal          0.550    phase_reached_normal          1.731  │
│  death_tick_normal           142.148    frac_min_hp_le_300_no…        0.044  │
╰──────────────────────────────────────────────────────────────────────────────╯

[0;0H╭──────────────────────────────────────────────────────────────────────────────╮
│  PufferLib 4.0       🐡           GPU: 0%      VRAM: 0.4/18G      RAM: 0.6G  │
│                                                                              │
│  Summary          Value    Evaluate   249ms  37%    Losses            Value  │
│  Env       osrs_inferno      GPU      206ms  31%    policy            0.019  │
│  Params          752.1K      Env       43ms   6%    value             0.032  │
│  Steps            31.8M    Train      409ms  62%    entropy           1.475  │
│  SPS             246.1K      Misc       0ms   0%    total             0.032  │
│  Epoch              970      Forwa…     0ms   0%    old_kl            0.004  │
│  Uptime     0d 0h 2m 9s                             kl                0.003  │
│  Remaini…  0d 0h 1m 14s                             clipfrac          0.141  │
│                                                     bc                0.000  │
│                                                                              │
│  User Stats                    Value    User Stats                    Value  │
│  episode_return                5.885    damage_dealt                638.515  │
│  damage_received              67.829    episode_length              142.741  │
│  wins                          0.000    wave                         68.000  │
│  idle_ticks                    0.162    brews_used                    1.748  │
│  blood_healed                  0.000    prayer_correct_rate           0.208  │
│  unavoidable_off_praye…        0.001    brews_remaining              10.252  │
│  restores_remaining           11.784    prayer_at_death              87.379  │
│  current_ranged               92.797    current_magic                84.029  │
│  behind_shield_pct             0.777    zuk_hp_remaining            561.023  │
│  min_zuk_hp_seen             561.520    hp_restored                   0.249  │
│  zuk_healer_damage             0.000    deaths_to_jad                 0.045  │
│  episode_return_normal         5.885    wins_normal                   0.000  │
│  min_zuk_hp_normal           561.520    score_normal                  0.532  │
│  zuk_objective_normal          0.532    phase_reached_normal          1.609  │
│  death_tick_normal           142.741    frac_min_hp_le_300_no…        0.010  │
╰──────────────────────────────────────────────────────────────────────────────╯

[0;0H╭──────────────────────────────────────────────────────────────────────────────╮
│  PufferLib 4.0      🐡            GPU: 0%      VRAM: 0.4/18G      RAM: 0.6G  │
│                                                                              │
│  Summary          Value    Evaluate   250ms  38%    Losses            Value  │
│  Env       osrs_inferno      GPU      206ms  31%    policy           -0.018  │
│  Params          752.1K      Env       44ms   6%    value             0.030  │
│  Steps            31.9M    Train      406ms  61%    entropy           1.489  │
│  SPS             246.9K      Misc       0ms   0%    total            -0.005  │
│  Epoch              975      Forwa…     0ms   0%    old_kl            0.003  │
│  Uptime     0d 0h 2m 9s                             kl                0.003  │
│  Remaini…  0d 0h 1m 13s                             clipfrac          0.145  │
│                                                     bc                0.000  │
│                                                                              │
│  User Stats                    Value    User Stats                    Value  │
│  episode_return                6.080    damage_dealt                658.685  │
│  damage_received              72.876    episode_length              143.877  │
│  wins                          0.000    wave                         68.000  │
│  idle_ticks                    0.140    brews_used                    1.887  │
│  blood_healed                  0.000    prayer_correct_rate           0.211  │
│  unavoidable_off_praye…        0.003    brews_remaining              10.113  │
│  restores_remaining           11.726    prayer_at_death              87.819  │
│  current_ranged               92.190    current_magic                83.711  │
│  behind_shield_pct             0.773    zuk_hp_remaining            541.237  │
│  min_zuk_hp_seen             541.440    hp_restored                   0.671  │
│  zuk_healer_damage             0.000    deaths_to_jad                 0.042  │
│  episode_return_normal         6.080    wins_normal                   0.000  │
│  min_zuk_hp_normal           541.440    score_normal                  0.549  │
│  zuk_objective_normal          0.549    phase_reached_normal          1.717  │
│  death_tick_normal           143.877    frac_min_hp_le_300_no…        0.019  │
╰──────────────────────────────────────────────────────────────────────────────╯

[0;0H╭──────────────────────────────────────────────────────────────────────────────╮
│  PufferLib 4.0     🐡             GPU: 0%      VRAM: 0.4/18G      RAM: 0.6G  │
│                                                                              │
│  Summary          Value    Evaluate   253ms  38%    Losses            Value  │
│  Env       osrs_inferno      GPU      209ms  31%    policy           -0.008  │
│  Params          752.1K      Env       43ms   6%    value             0.032  │
│  Steps            32.1M    Train      410ms  61%    entropy           1.434  │
│  SPS             244.2K      Misc       0ms   0%    total             0.006  │
│  Epoch              980      Forwa…     0ms   0%    old_kl            0.003  │
│  Uptime    0d 0h 2m 10s                             kl                0.003  │
│  Remaini…  0d 0h 1m 13s                             clipfrac          0.142  │
│                                                     bc                0.000  │
│                                                                              │
│  User Stats                    Value    User Stats                    Value  │
│  episode_return                5.940    damage_dealt                643.946  │
│  damage_received              68.780    episode_length              143.367  │
│  wins                          0.000    wave                         68.000  │
│  idle_ticks                    0.089    brews_used                    1.846  │
│  blood_healed                  0.000    prayer_correct_rate           0.214  │
│  unavoidable_off_praye…        0.001    brews_remaining              10.154  │
│  restores_remaining           11.735    prayer_at_death              87.827  │
│  current_ranged               92.705    current_magic                84.166  │
│  behind_shield_pct             0.774    zuk_hp_remaining            555.759  │
│  min_zuk_hp_seen             556.079    hp_restored                   0.000  │
│  zuk_healer_damage             0.000    deaths_to_jad                 0.024  │
│  episode_return_normal         5.940    wins_normal                   0.000  │
│  min_zuk_hp_normal           556.079    score_normal                  0.537  │
│  zuk_objective_normal          0.537    phase_reached_normal          1.639  │
│  death_tick_normal           143.367    frac_min_hp_le_300_no…        0.019  │
╰──────────────────────────────────────────────────────────────────────────────╯

[0;0H╭──────────────────────────────────────────────────────────────────────────────╮
│  PufferLib 4.0    🐡              GPU: 0%      VRAM: 0.4/18G      RAM: 0.6G  │
│                                                                              │
│  Summary          Value    Evaluate   249ms  37%    Losses            Value  │
│  Env       osrs_inferno      GPU      206ms  31%    policy           -0.003  │
│  Params          752.1K      Env       43ms   6%    value             0.032  │
│  Steps            32.3M    Train      412ms  62%    entropy           1.416  │
│  SPS             245.1K      Misc       0ms   0%    total             0.010  │
│  Epoch              985      Forwa…     0ms   0%    old_kl            0.003  │
│  Uptime    0d 0h 2m 11s                             kl                0.003  │
│  Remaini…  0d 0h 1m 12s                             clipfrac          0.140  │
│                                                     bc                0.000  │
│                                                                              │
│  User Stats                    Value    User Stats                    Value  │
│  episode_return                5.945    damage_dealt                644.533  │
│  damage_received              70.882    episode_length              142.833  │
│  wins                          0.000    wave                         68.000  │
│  idle_ticks                    0.066    brews_used                    1.731  │
│  blood_healed                  0.000    prayer_correct_rate           0.211  │
│  unavoidable_off_praye…        0.001    brews_remaining              10.269  │
│  restores_remaining           11.779    prayer_at_death              87.327  │
│  current_ranged               92.767    current_magic                84.343  │
│  behind_shield_pct             0.774    zuk_hp_remaining            555.277  │
│  min_zuk_hp_seen             555.467    hp_restored                   0.000  │
│  zuk_healer_damage             0.000    deaths_to_jad                 0.012  │
│  episode_return_normal         5.945    wins_normal                   0.000  │
│  min_zuk_hp_normal           555.467    score_normal                  0.537  │
│  zuk_objective_normal          0.537    phase_reached_normal          1.666  │
│  death_tick_normal           142.833    frac_min_hp_le_300_no…        0.032  │
╰──────────────────────────────────────────────────────────────────────────────╯

[0;0H╭──────────────────────────────────────────────────────────────────────────────╮
│  PufferLib 4.0   🐡               GPU: 0%      VRAM: 0.4/18G      RAM: 0.6G  │
│                                                                              │
│  Summary          Value    Evaluate   254ms  38%    Losses            Value  │
│  Env       osrs_inferno      GPU      210ms  31%    policy            0.013  │
│  Params          752.1K      Env       44ms   6%    value             0.029  │
│  Steps            32.4M    Train      409ms  61%    entropy           1.405  │
│  SPS             244.3K      Misc       0ms   0%    total             0.025  │
│  Epoch              990      Forwa…     0ms   0%    old_kl            0.003  │
│  Uptime    0d 0h 2m 11s                             kl                0.005  │
│  Remaini…  0d 0h 1m 11s                             clipfrac          0.139  │
│                                                     bc                0.000  │
│                                                                              │
│  User Stats                    Value    User Stats                    Value  │
│  episode_return                6.165    damage_dealt                667.079  │
│  damage_received              65.896    episode_length              142.207  │
│  wins                          0.000    wave                         68.000  │
│  idle_ticks                    0.066    brews_used                    1.622  │
│  blood_healed                  0.000    prayer_correct_rate           0.202  │
│  unavoidable_off_praye…        0.002    brews_remaining              10.378  │
│  restores_remaining           11.793    prayer_at_death              87.231  │
│  current_ranged               93.420    current_magic                84.872  │
│  behind_shield_pct             0.779    zuk_hp_remaining            533.150  │
│  min_zuk_hp_seen             532.938    hp_restored                   0.582  │
│  zuk_healer_damage             0.000    deaths_to_jad                 0.033  │
│  episode_return_normal         6.165    wins_normal                   0.000  │
│  min_zuk_hp_normal           532.938    score_normal                  0.556  │
│  zuk_objective_normal          0.556    phase_reached_normal          1.759  │
│  death_tick_normal           142.207    frac_min_hp_le_300_no…        0.040  │
╰──────────────────────────────────────────────────────────────────────────────╯

[0;0H╭──────────────────────────────────────────────────────────────────────────────╮
│  PufferLib 4.0  🐡                GPU: 0%      VRAM: 0.4/18G      RAM: 0.6G  │
│                                                                              │
│  Summary          Value    Evaluate   245ms  37%    Losses            Value  │
│  Env       osrs_inferno      GPU      203ms  30%    policy            0.016  │
│  Params          752.1K      Env       42ms   6%    value             0.032  │
│  Steps            32.6M    Train      409ms  62%    entropy           1.424  │
│  SPS             247.4K      Misc       0ms   0%    total             0.029  │
│  Epoch              995      Forwa…     0ms   0%    old_kl            0.004  │
│  Uptime    0d 0h 2m 12s                             kl                0.003  │
│  Remaini…  0d 0h 1m 10s                             clipfrac          0.140  │
│                                                     bc                0.000  │
│                                                                              │
│  User Stats                    Value    User Stats                    Value  │
│  episode_return                6.722    damage_dealt                724.010  │
│  damage_received              69.189    episode_length              142.784  │
│  wins                          0.000    wave                         68.000  │
│  idle_ticks                    0.115    brews_used                    1.760  │
│  blood_healed                  0.000    prayer_correct_rate           0.206  │
│  unavoidable_off_praye…        0.004    brews_remaining              10.240  │
│  restores_remaining           11.704    prayer_at_death              88.218  │
│  current_ranged               93.206    current_magic                84.738  │
│  behind_shield_pct             0.774    zuk_hp_remaining            477.584  │
│  min_zuk_hp_seen             476.115    hp_restored                   1.842  │
│  zuk_healer_damage             0.000    deaths_to_jad                 0.065  │
│  episode_return_normal         6.722    wins_normal                   0.000  │
│  min_zuk_hp_normal           476.115    score_normal                  0.603  │
│  zuk_objective_normal          0.603    phase_reached_normal          1.930  │
│  death_tick_normal           142.784    frac_min_hp_le_300_no…        0.069  │
╰──────────────────────────────────────────────────────────────────────────────╯

[0;0H╭──────────────────────────────────────────────────────────────────────────────╮
│  PufferLib 4.0 🐡                 GPU: 0%      VRAM: 0.4/18G      RAM: 0.6G  │
│                                                                              │
│  Summary          Value    Evaluate   251ms  38%    Losses            Value  │
│  Env       osrs_inferno      GPU      208ms  31%    policy            0.017  │
│  Params          752.1K      Env       43ms   6%    value             0.028  │
│  Steps            32.8M    Train      409ms  61%    entropy           1.403  │
│  SPS             245.4K      Misc       0ms   0%    total             0.029  │
│  Epoch             1000      Forwa…     0ms   0%    old_kl            0.003  │
│  Uptime    0d 0h 2m 13s                             kl                0.003  │
│  Remaini…  0d 0h 1m 10s                             clipfrac          0.137  │
│                                                     bc                0.000  │
│                                                                              │
│  User Stats                    Value    User Stats                    Value  │
│  episode_return                6.473    damage_dealt                697.702  │
│  damage_received              65.825    episode_length              143.220  │
│  wins                          0.000    wave                         68.000  │
│  idle_ticks                    0.092    brews_used                    1.559  │
│  blood_healed                  0.000    prayer_correct_rate           0.198  │
│  unavoidable_off_praye…        0.002    brews_remaining              10.441  │
│  restores_remaining           11.763    prayer_at_death              87.379  │
│  current_ranged               94.044    current_magic                85.511  │
│  behind_shield_pct             0.776    zuk_hp_remaining            502.342  │
│  min_zuk_hp_seen             502.352    hp_restored                   0.580  │
│  zuk_healer_damage             0.000    deaths_to_jad                 0.057  │
│  episode_return_normal         6.473    wins_normal                   0.000  │
│  min_zuk_hp_normal           502.352    score_normal                  0.581  │
│  zuk_objective_normal          0.581    phase_reached_normal          1.846  │
│  death_tick_normal           143.220    frac_min_hp_le_300_no…        0.036  │
╰──────────────────────────────────────────────────────────────────────────────╯

[0;0H╭──────────────────────────────────────────────────────────────────────────────╮
│  PufferLib 4.0          🐡        GPU: 0%      VRAM: 0.4/18G      RAM: 0.6G  │
│                                                                              │
│  Summary          Value    Evaluate   250ms  37%    Losses            Value  │
│  Env       osrs_inferno      GPU      208ms  31%    policy            0.013  │
│  Params          752.1K      Env       42ms   6%    value             0.026  │
│  Steps            32.9M    Train      410ms  62%    entropy           1.381  │
│  SPS             245.0K      Misc       0ms   0%    total             0.024  │
│  Epoch             1005      Forwa…     0ms   0%    old_kl            0.003  │
│  Uptime    0d 0h 2m 13s                             kl                0.003  │
│  Remaini…   0d 0h 1m 9s                             clipfrac          0.139  │
│                                                     bc                0.000  │
│                                                                              │
│  User Stats                    Value    User Stats                    Value  │
│  episode_return                6.081    damage_dealt                658.031  │
│  damage_received              72.690    episode_length              143.199  │
│  wins                          0.000    wave                         68.000  │
│  idle_ticks                    0.073    brews_used                    1.708  │
│  blood_healed                  0.000    prayer_correct_rate           0.222  │
│  unavoidable_off_praye…        0.002    brews_remaining              10.292  │
│  restores_remaining           11.743    prayer_at_death              87.490  │
│  current_ranged               93.403    current_magic                85.088  │
│  behind_shield_pct             0.770    zuk_hp_remaining            541.356  │
│  min_zuk_hp_seen             541.969    hp_restored                   0.000  │
│  zuk_healer_damage             0.000    deaths_to_jad                 0.027  │
│  episode_return_normal         6.081    wins_normal                   0.000  │
│  min_zuk_hp_normal           541.969    score_normal                  0.548  │
│  zuk_objective_normal          0.548    phase_reached_normal          1.700  │
│  death_tick_normal           143.199    frac_min_hp_le_300_no…        0.018  │
╰──────────────────────────────────────────────────────────────────────────────╯

[0;0H╭──────────────────────────────────────────────────────────────────────────────╮
│  PufferLib 4.0         🐡         GPU: 0%      VRAM: 0.4/18G      RAM: 0.6G  │
│                                                                              │
│  Summary          Value    Evaluate   251ms  38%    Losses            Value  │
│  Env       osrs_inferno      GPU      205ms  31%    policy            0.005  │
│  Params          752.1K      Env       45ms   6%    value             0.027  │
│  Steps            33.1M    Train      406ms  61%    entropy           1.353  │
│  SPS             246.6K      Misc       0ms   0%    total             0.016  │
│  Epoch             1010      Forwa…     0ms   0%    old_kl            0.003  │
│  Uptime    0d 0h 2m 14s                             kl                0.004  │
│  Remaini…   0d 0h 1m 8s                             clipfrac          0.139  │
│                                                     bc                0.000  │
│                                                                              │
│  User Stats                    Value    User Stats                    Value  │
│  episode_return                5.929    damage_dealt                642.875  │
│  damage_received              75.620    episode_length              143.012  │
│  wins                          0.000    wave                         68.000  │
│  idle_ticks                    0.035    brews_used                    1.743  │
│  blood_healed                  0.000    prayer_correct_rate           0.226  │
│  unavoidable_off_praye…        0.002    brews_remaining              10.257  │
│  restores_remaining           11.750    prayer_at_death              87.629  │
│  current_ranged               92.740    current_magic                84.673  │
│  behind_shield_pct             0.770    zuk_hp_remaining            556.557  │
│  min_zuk_hp_seen             557.125    hp_restored                   0.000  │
│  zuk_healer_damage             0.000    deaths_to_jad                 0.020  │
│  episode_return_normal         5.929    wins_normal                   0.000  │
│  min_zuk_hp_normal           557.125    score_normal                  0.536  │
│  zuk_objective_normal          0.536    phase_reached_normal          1.623  │
│  death_tick_normal           143.012    frac_min_hp_le_300_no…        0.023  │
╰──────────────────────────────────────────────────────────────────────────────╯

[0;0H╭──────────────────────────────────────────────────────────────────────────────╮
│  PufferLib 4.0        🐡          GPU: 0%      VRAM: 0.4/18G      RAM: 0.6G  │
│                                                                              │
│  Summary          Value    Evaluate   251ms  37%    Losses            Value  │
│  Env       osrs_inferno      GPU      208ms  31%    policy           -0.005  │
│  Params          752.1K      Env       43ms   6%    value             0.027  │
│  Steps            33.3M    Train      410ms  62%    entropy           1.332  │
│  SPS             245.2K      Misc       0ms   0%    total             0.006  │
│  Epoch             1015      Forwa…     0ms   0%    old_kl            0.003  │
│  Uptime    0d 0h 2m 15s                             kl                0.003  │
│  Remaini…   0d 0h 1m 8s                             clipfrac          0.136  │
│                                                     bc                0.000  │
│                                                                              │
│  User Stats                    Value    User Stats                    Value  │
│  episode_return                5.852    damage_dealt                635.150  │
│  damage_received              66.747    episode_length              142.985  │
│  wins                          0.000    wave                         68.000  │
│  idle_ticks                    0.027    brews_used                    1.557  │
│  blood_healed                  0.000    prayer_correct_rate           0.221  │
│  unavoidable_off_praye…        0.001    brews_remaining              10.443  │
│  restores_remaining           11.805    prayer_at_death              87.288  │
│  current_ranged               94.081    current_magic                85.616  │
│  behind_shield_pct             0.776    zuk_hp_remaining            564.333  │
│  min_zuk_hp_seen             564.850    hp_restored                   0.000  │
│  zuk_healer_damage             0.000    deaths_to_jad                 0.041  │
│  episode_return_normal         5.852    wins_normal                   0.000  │
│  min_zuk_hp_normal           564.850    score_normal                  0.529  │
│  zuk_objective_normal          0.529    phase_reached_normal          1.593  │
│  death_tick_normal           142.985    frac_min_hp_le_300_no…        0.038  │
╰──────────────────────────────────────────────────────────────────────────────╯

[0;0H╭──────────────────────────────────────────────────────────────────────────────╮
│  PufferLib 4.0       🐡           GPU: 0%      VRAM: 0.4/18G      RAM: 0.6G  │
│                                                                              │
│  Summary          Value    Evaluate   252ms  38%    Losses            Value  │
│  Env       osrs_inferno      GPU      207ms  31%    policy            0.005  │
│  Params          752.1K      Env       45ms   6%    value             0.027  │
│  Steps            33.4M    Train      410ms  61%    entropy           1.308  │
│  SPS             244.7K      Misc       0ms   0%    total             0.016  │
│  Epoch             1020      Forwa…     0ms   0%    old_kl            0.003  │
│  Uptime    0d 0h 2m 15s                             kl                0.003  │
│  Remaini…   0d 0h 1m 7s                             clipfrac          0.134  │
│                                                     bc                0.000  │
│                                                                              │
│  User Stats                    Value    User Stats                    Value  │
│  episode_return                5.871    damage_dealt                637.504  │
│  damage_received              66.997    episode_length              142.667  │
│  wins                          0.000    wave                         68.000  │
│  idle_ticks                    0.118    brews_used                    1.503  │
│  blood_healed                  0.000    prayer_correct_rate           0.211  │
│  unavoidable_off_praye…        0.001    brews_remaining              10.497  │
│  restores_remaining           11.850    prayer_at_death              86.892  │
│  current_ranged               93.910    current_magic                85.553  │
│  behind_shield_pct             0.779    zuk_hp_remaining            562.482  │
│  min_zuk_hp_seen             562.547    hp_restored                   0.328  │
│  zuk_healer_damage             0.000    deaths_to_jad                 0.041  │
│  episode_return_normal         5.871    wins_normal                   0.000  │
│  min_zuk_hp_normal           562.547    score_normal                  0.531  │
│  zuk_objective_normal          0.531    phase_reached_normal          1.609  │
│  death_tick_normal           142.667    frac_min_hp_le_300_no…        0.026  │
╰──────────────────────────────────────────────────────────────────────────────╯

[0;0H╭──────────────────────────────────────────────────────────────────────────────╮
│  PufferLib 4.0      🐡            GPU: 0%      VRAM: 0.4/18G      RAM: 0.6G  │
│                                                                              │
│  Summary          Value    Evaluate   252ms  37%    Losses            Value  │
│  Env       osrs_inferno      GPU      209ms  31%    policy            0.008  │
│  Params          752.1K      Env       42ms   6%    value             0.027  │
│  Steps            33.6M    Train      412ms  62%    entropy           1.313  │
│  SPS             243.9K      Misc       0ms   0%    total             0.019  │
│  Epoch             1025      Forwa…     0ms   0%    old_kl            0.003  │
│  Uptime    0d 0h 2m 16s                             kl                0.002  │
│  Remaini…   0d 0h 1m 7s                             clipfrac          0.132  │
│                                                     bc                0.000  │
│                                                                              │
│  User Stats                    Value    User Stats                    Value  │
│  episode_return                5.903    damage_dealt                640.511  │
│  damage_received              67.737    episode_length              143.590  │
│  wins                          0.000    wave                         68.000  │
│  idle_ticks                    0.039    brews_used                    1.604  │
│  blood_healed                  0.000    prayer_correct_rate           0.215  │
│  unavoidable_off_praye…        0.001    brews_remaining              10.396  │
│  restores_remaining           11.851    prayer_at_death              86.885  │
│  current_ranged               93.563    current_magic                85.169  │
│  behind_shield_pct             0.778    zuk_hp_remaining            559.072  │
│  min_zuk_hp_seen             559.538    hp_restored                   0.167  │
│  zuk_healer_damage             0.000    deaths_to_jad                 0.031  │
│  episode_return_normal         5.903    wins_normal                   0.000  │
│  min_zuk_hp_normal           559.538    score_normal                  0.534  │
│  zuk_objective_normal          0.534    phase_reached_normal          1.601  │
│  death_tick_normal           143.590    frac_min_hp_le_300_no…        0.013  │
╰──────────────────────────────────────────────────────────────────────────────╯

[0;0H╭──────────────────────────────────────────────────────────────────────────────╮
│  PufferLib 4.0     🐡             GPU: 0%      VRAM: 0.4/18G      RAM: 0.6G  │
│                                                                              │
│  Summary          Value    Evaluate   249ms  37%    Losses            Value  │
│  Env       osrs_inferno      GPU      206ms  31%    policy           -0.011  │
│  Params          752.1K      Env       42ms   6%    value             0.029  │
│  Steps            33.8M    Train      410ms  62%    entropy           1.288  │
│  SPS             245.8K      Misc       0ms   0%    total             0.002  │
│  Epoch             1030      Forwa…     0ms   0%    old_kl            0.004  │
│  Uptime    0d 0h 2m 17s                             kl                0.003  │
│  Remaini…   0d 0h 1m 6s                             clipfrac          0.130  │
│                                                     bc                0.000  │
│                                                                              │
│  User Stats                    Value    User Stats                    Value  │
│  episode_return                6.202    damage_dealt                670.881  │
│  damage_received              73.248    episode_length              143.722  │
│  wins                          0.000    wave                         68.000  │
│  idle_ticks                    0.068    brews_used                    1.767  │
│  blood_healed                  0.000    prayer_correct_rate           0.222  │
│  unavoidable_off_praye…        0.001    brews_remaining              10.233  │
│  restores_remaining           11.841    prayer_at_death              86.713  │
│  current_ranged               92.458    current_magic                83.795  │
│  behind_shield_pct             0.772    zuk_hp_remaining            529.615  │
│  min_zuk_hp_seen             529.255    hp_restored                   0.572  │
│  zuk_healer_damage             0.016    deaths_to_jad                 0.030  │
│  episode_return_normal         6.202    wins_normal                   0.000  │
│  min_zuk_hp_normal           529.255    score_normal                  0.559  │
│  zuk_objective_normal          0.559    phase_reached_normal          1.709  │
│  death_tick_normal           143.722    frac_min_hp_le_300_no…        0.026  │
╰──────────────────────────────────────────────────────────────────────────────╯

[0;0H╭──────────────────────────────────────────────────────────────────────────────╮
│  PufferLib 4.0    🐡              GPU: 0%      VRAM: 0.4/18G      RAM: 0.6G  │
│                                                                              │
│  Summary          Value    Evaluate   250ms  37%    Losses            Value  │
│  Env       osrs_inferno      GPU      208ms  31%    policy            0.011  │
│  Params          752.1K      Env       42ms   6%    value             0.029  │
│  Steps            33.9M    Train      411ms  62%    entropy           1.290  │
│  SPS             245.0K      Misc       0ms   0%    total             0.024  │
│  Epoch             1035      Forwa…     0ms   0%    old_kl            0.003  │
│  Uptime    0d 0h 2m 18s                             kl                0.003  │
│  Remaini…   0d 0h 1m 5s                             clipfrac          0.124  │
│                                                     bc                0.000  │
│                                                                              │
│  User Stats                    Value    User Stats                    Value  │
│  episode_return                6.109    damage_dealt                661.045  │
│  damage_received              69.206    episode_length              143.142  │
│  wins                          0.000    wave                         68.000  │
│  idle_ticks                    0.138    brews_used                    1.563  │
│  blood_healed                  0.000    prayer_correct_rate           0.215  │
│  unavoidable_off_praye…        0.002    brews_remaining              10.437  │
│  restores_remaining           11.807    prayer_at_death              87.094  │
│  current_ranged               94.498    current_magic                85.928  │
│  behind_shield_pct             0.777    zuk_hp_remaining            538.817  │
│  min_zuk_hp_seen             538.983    hp_restored                   0.169  │
│  zuk_healer_damage             0.000    deaths_to_jad                 0.040  │
│  episode_return_normal         6.109    wins_normal                   0.000  │
│  min_zuk_hp_normal           538.983    score_normal                  0.551  │
│  zuk_objective_normal          0.551    phase_reached_normal          1.730  │
│  death_tick_normal           143.142    frac_min_hp_le_300_no…        0.031  │
╰──────────────────────────────────────────────────────────────────────────────╯

[0;0H╭──────────────────────────────────────────────────────────────────────────────╮
│  PufferLib 4.0   🐡               GPU: 0%      VRAM: 0.4/18G      RAM: 0.6G  │
│                                                                              │
│  Summary          Value    Evaluate   248ms  37%    Losses            Value  │
│  Env       osrs_inferno      GPU      205ms  31%    policy            0.001  │
│  Params          752.1K      Env       42ms   6%    value             0.028  │
│  Steps            34.1M    Train      410ms  62%    entropy           1.287  │
│  SPS             246.3K      Misc       0ms   0%    total             0.013  │
│  Epoch             1040      Forwa…     0ms   0%    old_kl            0.003  │
│  Uptime    0d 0h 2m 18s                             kl                0.003  │
│  Remaini…   0d 0h 1m 4s                             clipfrac          0.127  │
│                                                     bc                0.000  │
│                                                                              │
│  User Stats                    Value    User Stats                    Value  │
│  episode_return                6.495    damage_dealt                699.785  │
│  damage_received              62.291    episode_length              143.027  │
│  wins                          0.000    wave                         68.000  │
│  idle_ticks                    0.192    brews_used                    1.399  │
│  blood_healed                  0.000    prayer_correct_rate           0.203  │
│  unavoidable_off_praye…        0.002    brews_remaining              10.601  │
│  restores_remaining           11.829    prayer_at_death              86.962  │
│  current_ranged               95.968    current_magic                87.299  │
│  behind_shield_pct             0.779    zuk_hp_remaining            500.350  │
│  min_zuk_hp_seen             500.339    hp_restored                   0.250  │
│  zuk_healer_damage             0.000    deaths_to_jad                 0.086  │
│  episode_return_normal         6.495    wins_normal                   0.000  │
│  min_zuk_hp_normal           500.339    score_normal                  0.583  │
│  zuk_objective_normal          0.583    phase_reached_normal          1.835  │
│  death_tick_normal           143.027    frac_min_hp_le_300_no…        0.057  │
╰──────────────────────────────────────────────────────────────────────────────╯

[0;0H╭──────────────────────────────────────────────────────────────────────────────╮
│  PufferLib 4.0  🐡                GPU: 0%      VRAM: 0.4/18G      RAM: 0.6G  │
│                                                                              │
│  Summary          Value    Evaluate   248ms  37%    Losses            Value  │
│  Env       osrs_inferno      GPU      207ms  31%    policy            0.033  │
│  Params          752.1K      Env       41ms   6%    value             0.030  │
│  Steps            34.2M    Train      411ms  62%    entropy           1.284  │
│  SPS             245.8K      Misc       0ms   0%    total             0.046  │
│  Epoch             1045      Forwa…     0ms   0%    old_kl            0.003  │
│  Uptime    0d 0h 2m 19s                             kl                0.003  │
│  Remaini…   0d 0h 1m 4s                             clipfrac          0.131  │
│                                                     bc                0.000  │
│                                                                              │
│  User Stats                    Value    User Stats                    Value  │
│  episode_return                6.568    damage_dealt                708.239  │
│  damage_received              60.423    episode_length              141.591  │
│  wins                          0.000    wave                         68.000  │
│  idle_ticks                    0.274    brews_used                    1.278  │
│  blood_healed                  0.000    prayer_correct_rate           0.197  │
│  unavoidable_off_praye…        0.004    brews_remaining              10.722  │
│  restores_remaining           11.855    prayer_at_death              86.823  │
│  current_ranged               96.272    current_magic                87.409  │
│  behind_shield_pct             0.784    zuk_hp_remaining            493.145  │
│  min_zuk_hp_seen             491.924    hp_restored                   1.359  │
│  zuk_healer_damage             0.000    deaths_to_jad                 0.092  │
│  episode_return_normal         6.568    wins_normal                   0.000  │
│  min_zuk_hp_normal           491.924    score_normal                  0.590  │
│  zuk_objective_normal          0.590    phase_reached_normal          1.896  │
│  death_tick_normal           141.591    frac_min_hp_le_300_no…        0.116  │
╰──────────────────────────────────────────────────────────────────────────────╯

[0;0H╭──────────────────────────────────────────────────────────────────────────────╮
│  PufferLib 4.0 🐡                 GPU: 0%      VRAM: 0.4/18G      RAM: 0.6G  │
│                                                                              │
│  Summary          Value    Evaluate   247ms  37%    Losses            Value  │
│  Env       osrs_inferno      GPU      204ms  31%    policy            0.003  │
│  Params          752.1K      Env       42ms   6%    value             0.033  │
│  Steps            34.4M    Train      408ms  62%    entropy           1.280  │
│  SPS             247.1K      Misc       0ms   0%    total             0.017  │
│  Epoch             1050      Forwa…     0ms   0%    old_kl            0.003  │
│  Uptime    0d 0h 2m 19s                             kl                0.003  │
│  Remaini…   0d 0h 1m 3s                             clipfrac          0.128  │
│                                                     bc                0.000  │
│                                                                              │
│  User Stats                    Value    User Stats                    Value  │
│  episode_return                6.417    damage_dealt                694.659  │
│  damage_received              61.526    episode_length              141.319  │
│  wins                          0.000    wave                         68.000  │
│  idle_ticks                    0.173    brews_used                    1.315  │
│  blood_healed                  0.000    prayer_correct_rate           0.198  │
│  unavoidable_off_praye…        0.006    brews_remaining              10.685  │
│  restores_remaining           11.866    prayer_at_death              87.056  │
│  current_ranged               95.672    current_magic                86.946  │
│  behind_shield_pct             0.783    zuk_hp_remaining            508.016  │
│  min_zuk_hp_seen             505.899    hp_restored                   2.567  │
│  zuk_healer_damage             0.000    deaths_to_jad                 0.060  │
│  episode_return_normal         6.417    wins_normal                   0.000  │
│  min_zuk_hp_normal           505.899    score_normal                  0.578  │
│  zuk_objective_normal          0.578    phase_reached_normal          1.848  │
│  death_tick_normal           141.319    frac_min_hp_le_300_no…        0.073  │
╰──────────────────────────────────────────────────────────────────────────────╯

[0;0H╭──────────────────────────────────────────────────────────────────────────────╮
│  PufferLib 4.0          🐡        GPU: 0%      VRAM: 0.4/18G      RAM: 0.6G  │
│                                                                              │
│  Summary          Value    Evaluate   252ms  37%    Losses            Value  │
│  Env       osrs_inferno      GPU      209ms  31%    policy            0.018  │
│  Params          752.1K      Env       43ms   6%    value             0.029  │
│  Steps            34.6M    Train      411ms  62%    entropy           1.279  │
│  SPS             244.3K      Misc       0ms   0%    total             0.030  │
│  Epoch             1055      Forwa…     0ms   0%    old_kl            0.003  │
│  Uptime    0d 0h 2m 20s                             kl                0.003  │
│  Remaini…   0d 0h 1m 3s                             clipfrac          0.130  │
│                                                     bc                0.000  │
│                                                                              │
│  User Stats                    Value    User Stats                    Value  │
│  episode_return                6.352    damage_dealt                687.197  │
│  damage_received              73.591    episode_length              143.978  │
│  wins                          0.000    wave                         68.000  │
│  idle_ticks                    0.167    brews_used                    1.520  │
│  blood_healed                  0.000    prayer_correct_rate           0.204  │
│  unavoidable_off_praye…        0.004    brews_remaining              10.480  │
│  restores_remaining           11.820    prayer_at_death              87.002  │
│  current_ranged               93.931    current_magic                85.737  │
│  behind_shield_pct             0.776    zuk_hp_remaining            514.102  │
│  min_zuk_hp_seen             513.124    hp_restored                   1.670  │
│  zuk_healer_damage             0.000    deaths_to_jad                 0.053  │
│  episode_return_normal         6.352    wins_normal                   0.000  │
│  min_zuk_hp_normal           513.124    score_normal                  0.572  │
│  zuk_objective_normal          0.572    phase_reached_normal          1.767  │
│  death_tick_normal           143.978    frac_min_hp_le_300_no…        0.030  │
╰──────────────────────────────────────────────────────────────────────────────╯

[0;0H╭──────────────────────────────────────────────────────────────────────────────╮
│  PufferLib 4.0         🐡         GPU: 0%      VRAM: 0.4/18G      RAM: 0.6G  │
│                                                                              │
│  Summary          Value    Evaluate   250ms  37%    Losses            Value  │
│  Env       osrs_inferno      GPU      207ms  31%    policy           -0.002  │
│  Params          752.1K      Env       43ms   6%    value             0.031  │
│  Steps            34.7M    Train      410ms  62%    entropy           1.292  │
│  SPS             245.2K      Misc       0ms   0%    total             0.011  │
│  Epoch             1060      Forwa…     0ms   0%    old_kl            0.003  │
│  Uptime    0d 0h 2m 21s                             kl                0.003  │
│  Remaini…   0d 0h 1m 2s                             clipfrac          0.126  │
│                                                     bc                0.000  │
│                                                                              │
│  User Stats                    Value    User Stats                    Value  │
│  episode_return                6.157    damage_dealt                666.069  │
│  damage_received              72.845    episode_length              143.529  │
│  wins                          0.000    wave                         68.000  │
│  idle_ticks                    0.058    brews_used                    1.631  │
│  blood_healed                  0.000    prayer_correct_rate           0.215  │
│  unavoidable_off_praye…        0.003    brews_remaining              10.369  │
│  restores_remaining           11.785    prayer_at_death              87.485  │
│  current_ranged               93.641    current_magic                85.588  │
│  behind_shield_pct             0.771    zuk_hp_remaining            533.703  │
│  min_zuk_hp_seen             533.939    hp_restored                   0.436  │
│  zuk_healer_damage             0.000    deaths_to_jad                 0.056  │
│  episode_return_normal         6.157    wins_normal                   0.000  │
│  min_zuk_hp_normal           533.939    score_normal                  0.555  │
│  zuk_objective_normal          0.555    phase_reached_normal          1.704  │
│  death_tick_normal           143.529    frac_min_hp_le_300_no…        0.029  │
╰──────────────────────────────────────────────────────────────────────────────╯

[0;0H╭──────────────────────────────────────────────────────────────────────────────╮
│  PufferLib 4.0        🐡          GPU: 0%      VRAM: 0.4/18G      RAM: 0.6G  │
│                                                                              │
│  Summary          Value    Evaluate   252ms  38%    Losses            Value  │
│  Env       osrs_inferno      GPU      208ms  31%    policy            0.003  │
│  Params          752.1K      Env       44ms   6%    value             0.033  │
│  Steps            34.9M    Train      410ms  61%    entropy           1.274  │
│  SPS             244.7K      Misc       0ms   0%    total             0.017  │
│  Epoch             1065      Forwa…     0ms   0%    old_kl            0.003  │
│  Uptime    0d 0h 2m 22s                             kl                0.003  │
│  Remaini…   0d 0h 1m 1s                             clipfrac          0.123  │
│                                                     bc                0.000  │
│                                                                              │
│  User Stats                    Value    User Stats                    Value  │
│  episode_return                6.283    damage_dealt                680.884  │
│  damage_received              65.072    episode_length              143.766  │
│  wins                          0.000    wave                         68.000  │
│  idle_ticks                    0.150    brews_used                    1.515  │
│  blood_healed                  0.000    prayer_correct_rate           0.209  │
│  unavoidable_off_praye…        0.003    brews_remaining              10.485  │
│  restores_remaining           11.764    prayer_at_death              88.054  │
│  current_ranged               94.548    current_magic                86.518  │
│  behind_shield_pct             0.775    zuk_hp_remaining            521.600  │
│  min_zuk_hp_seen             519.571    hp_restored                   2.421  │
│  zuk_healer_damage             0.000    deaths_to_jad                 0.040  │
│  episode_return_normal         6.283    wins_normal                   0.000  │
│  min_zuk_hp_normal           519.571    score_normal                  0.567  │
│  zuk_objective_normal          0.567    phase_reached_normal          1.786  │
│  death_tick_normal           143.766    frac_min_hp_le_300_no…        0.092  │
╰──────────────────────────────────────────────────────────────────────────────╯

[0;0H╭──────────────────────────────────────────────────────────────────────────────╮
│  PufferLib 4.0       🐡           GPU: 0%      VRAM: 0.4/18G      RAM: 0.6G  │
│                                                                              │
│  Summary          Value    Evaluate   251ms  38%    Losses            Value  │
│  Env       osrs_inferno      GPU      208ms  31%    policy            0.006  │
│  Params          752.1K      Env       43ms   6%    value             0.031  │
│  Steps            35.1M    Train      409ms  61%    entropy           1.246  │
│  SPS             245.3K      Misc       0ms   0%    total             0.019  │
│  Epoch             1070      Forwa…     0ms   0%    old_kl            0.002  │
│  Uptime    0d 0h 2m 22s                             kl                0.003  │
│  Remaini…   0d 0h 1m 0s                             clipfrac          0.123  │
│                                                     bc                0.000  │
│                                                                              │
│  User Stats                    Value    User Stats                    Value  │
│  episode_return                6.269    damage_dealt                678.118  │
│  damage_received              70.413    episode_length              143.467  │
│  wins                          0.000    wave                         68.000  │
│  idle_ticks                    0.080    brews_used                    1.531  │
│  blood_healed                  0.000    prayer_correct_rate           0.215  │
│  unavoidable_off_praye…        0.002    brews_remaining              10.469  │
│  restores_remaining           11.775    prayer_at_death              87.843  │
│  current_ranged               93.676    current_magic                86.082  │
│  behind_shield_pct             0.775    zuk_hp_remaining            522.942  │
│  min_zuk_hp_seen             522.079    hp_restored                   1.029  │
│  zuk_healer_damage             0.000    deaths_to_jad                 0.046  │
│  episode_return_normal         6.269    wins_normal                   0.000  │
│  min_zuk_hp_normal           522.079    score_normal                  0.565  │
│  zuk_objective_normal          0.565    phase_reached_normal          1.782  │
│  death_tick_normal           143.467    frac_min_hp_le_300_no…        0.080  │
╰──────────────────────────────────────────────────────────────────────────────╯

[0;0H╭──────────────────────────────────────────────────────────────────────────────╮
│  PufferLib 4.0      🐡            GPU: 0%      VRAM: 0.4/18G      RAM: 0.6G  │
│                                                                              │
│  Summary          Value    Evaluate   249ms  37%    Losses            Value  │
│  Env       osrs_inferno      GPU      206ms  31%    policy           -0.015  │
│  Params          752.1K      Env       43ms   6%    value             0.030  │
│  Steps            35.2M    Train      409ms  62%    entropy           1.205  │
│  SPS             245.8K      Misc       0ms   0%    total            -0.002  │
│  Epoch             1075      Forwa…     0ms   0%    old_kl            0.003  │
│  Uptime    0d 0h 2m 23s                             kl                0.002  │
│  Remaini…   0d 0h 1m 0s                             clipfrac          0.120  │
│                                                     bc                0.000  │
│                                                                              │
│  User Stats                    Value    User Stats                    Value  │
│  episode_return                6.046    damage_dealt                654.822  │
│  damage_received              63.018    episode_length              141.867  │
│  wins                          0.000    wave                         68.000  │
│  idle_ticks                    0.058    brews_used                    1.457  │
│  blood_healed                  0.000    prayer_correct_rate           0.210  │
│  unavoidable_off_praye…        0.001    brews_remaining              10.543  │
│  restores_remaining           11.829    prayer_at_death              87.413  │
│  current_ranged               94.482    current_magic                86.445  │
│  behind_shield_pct             0.780    zuk_hp_remaining            545.147  │
│  min_zuk_hp_seen             545.262    hp_restored                   0.170  │
│  zuk_healer_damage             0.000    deaths_to_jad                 0.022  │
│  episode_return_normal         6.046    wins_normal                   0.000  │
│  min_zuk_hp_normal           545.262    score_normal                  0.546  │
│  zuk_objective_normal          0.546    phase_reached_normal          1.682  │
│  death_tick_normal           141.867    frac_min_hp_le_300_no…        0.035  │
╰──────────────────────────────────────────────────────────────────────────────╯

[0;0H╭──────────────────────────────────────────────────────────────────────────────╮
│  PufferLib 4.0     🐡             GPU: 0%      VRAM: 0.4/18G      RAM: 0.6G  │
│                                                                              │
│  Summary          Value    Evaluate   249ms  37%    Losses            Value  │
│  Env       osrs_inferno      GPU      207ms  31%    policy           -0.009  │
│  Params          752.1K      Env       42ms   6%    value             0.030  │
│  Steps            35.4M    Train      410ms  62%    entropy           1.191  │
│  SPS             245.6K      Misc       0ms   0%    total             0.004  │
│  Epoch             1080      Forwa…     0ms   0%    old_kl            0.003  │
│  Uptime    0d 0h 2m 24s                             kl                0.003  │
│  Remaini…  0d 0h 0m 59s                             clipfrac          0.120  │
│                                                     bc                0.000  │
│                                                                              │
│  User Stats                    Value    User Stats                    Value  │
│  episode_return                5.947    damage_dealt                646.608  │
│  damage_received              59.184    episode_length              143.236  │
│  wins                          0.000    wave                         68.000  │
│  idle_ticks                    0.050    brews_used                    1.472  │
│  blood_healed                  0.000    prayer_correct_rate           0.214  │
│  unavoidable_off_praye…        0.001    brews_remaining              10.528  │
│  restores_remaining           11.805    prayer_at_death              87.297  │
│  current_ranged               94.315    current_magic                86.166  │
│  behind_shield_pct             0.773    zuk_hp_remaining            554.583  │
│  min_zuk_hp_seen             553.920    hp_restored                   1.394  │
│  zuk_healer_damage             0.000    deaths_to_jad                 0.018  │
│  episode_return_normal         5.947    wins_normal                   0.000  │
│  min_zuk_hp_normal           553.920    score_normal                  0.538  │
│  zuk_objective_normal          0.538    phase_reached_normal          1.609  │
│  death_tick_normal           143.236    frac_min_hp_le_300_no…        0.018  │
╰──────────────────────────────────────────────────────────────────────────────╯

[0;0H╭──────────────────────────────────────────────────────────────────────────────╮
│  PufferLib 4.0    🐡              GPU: 0%      VRAM: 0.4/18G      RAM: 0.6G  │
│                                                                              │
│  Summary          Value    Evaluate   250ms  37%    Losses            Value  │
│  Env       osrs_inferno      GPU      207ms  31%    policy           -0.015  │
│  Params          752.1K      Env       42ms   6%    value             0.031  │
│  Steps            35.6M    Train      410ms  62%    entropy           1.150  │
│  SPS             245.7K      Misc       0ms   0%    total            -0.001  │
│  Epoch             1085      Forwa…     0ms   0%    old_kl            0.003  │
│  Uptime    0d 0h 2m 24s                             kl                0.003  │
│  Remaini…  0d 0h 0m 58s                             clipfrac          0.119  │
│                                                     bc                0.000  │
│                                                                              │
│  User Stats                    Value    User Stats                    Value  │
│  episode_return                5.976    damage_dealt                653.939  │
│  damage_received              62.588    episode_length              145.776  │
│  wins                          0.000    wave                         68.000  │
│  idle_ticks                    0.066    brews_used                    1.571  │
│  blood_healed                  0.000    prayer_correct_rate           0.226  │
│  unavoidable_off_praye…        0.001    brews_remaining              10.429  │
│  restores_remaining           11.723    prayer_at_death              88.034  │
│  current_ranged               94.501    current_magic                86.753  │
│  behind_shield_pct             0.763    zuk_hp_remaining            549.795  │
│  min_zuk_hp_seen             547.863    hp_restored                   4.521  │
│  zuk_healer_damage             0.000    deaths_to_jad                 0.029  │
│  episode_return_normal         5.976    wins_normal                   0.000  │
│  min_zuk_hp_normal           547.863    score_normal                  0.543  │
│  zuk_objective_normal          0.543    phase_reached_normal          1.635  │
│  death_tick_normal           145.776    frac_min_hp_le_300_no…        0.029  │
╰──────────────────────────────────────────────────────────────────────────────╯

[0;0H╭──────────────────────────────────────────────────────────────────────────────╮
│  PufferLib 4.0   🐡               GPU: 0%      VRAM: 0.4/18G      RAM: 0.6G  │
│                                                                              │
│  Summary          Value    Evaluate   250ms  37%    Losses            Value  │
│  Env       osrs_inferno      GPU      207ms  31%    policy            0.010  │
│  Params          752.1K      Env       42ms   6%    value             0.030  │
│  Steps            35.7M    Train      409ms  62%    entropy           1.130  │
│  SPS             245.8K      Misc       0ms   0%    total             0.024  │
│  Epoch             1090      Forwa…     0ms   0%    old_kl            0.002  │
│  Uptime    0d 0h 2m 25s                             kl                0.003  │
│  Remaini…  0d 0h 0m 58s                             clipfrac          0.115  │
│                                                     bc                0.000  │
│                                                                              │
│  User Stats                    Value    User Stats                    Value  │
│  episode_return                6.100    damage_dealt                660.828  │
│  damage_received              74.291    episode_length              146.521  │
│  wins                          0.000    wave                         68.000  │
│  idle_ticks                    0.059    brews_used                    1.892  │
│  blood_healed                  0.000    prayer_correct_rate           0.240  │
│  unavoidable_off_praye…        0.002    brews_remaining              10.108  │
│  restores_remaining           11.731    prayer_at_death              87.822  │
│  current_ranged               92.300    current_magic                84.703  │
│  behind_shield_pct             0.756    zuk_hp_remaining            539.457  │
│  min_zuk_hp_seen             539.465    hp_restored                   0.567  │
│  zuk_healer_damage             0.000    deaths_to_jad                 0.029  │
│  episode_return_normal         6.100    wins_normal                   0.000  │
│  min_zuk_hp_normal           539.465    score_normal                  0.550  │
│  zuk_objective_normal          0.550    phase_reached_normal          1.698  │
│  death_tick_normal           146.521    frac_min_hp_le_300_no…        0.010  │
╰──────────────────────────────────────────────────────────────────────────────╯

[0;0H╭──────────────────────────────────────────────────────────────────────────────╮
│  PufferLib 4.0  🐡                GPU: 0%      VRAM: 0.4/18G      RAM: 0.6G  │
│                                                                              │
│  Summary          Value    Evaluate   250ms  37%    Losses            Value  │
│  Env       osrs_inferno      GPU      208ms  31%    policy            0.003  │
│  Params          752.1K      Env       42ms   6%    value             0.030  │
│  Steps            35.9M    Train      410ms  62%    entropy           1.110  │
│  SPS             245.6K      Misc       0ms   0%    total             0.016  │
│  Epoch             1095      Forwa…     0ms   0%    old_kl            0.003  │
│  Uptime    0d 0h 2m 26s                             kl                0.002  │
│  Remaini…  0d 0h 0m 57s                             clipfrac          0.113  │
│                                                     bc                0.000  │
│                                                                              │
│  User Stats                    Value    User Stats                    Value  │
│  episode_return                6.183    damage_dealt                668.619  │
│  damage_received              74.208    episode_length              144.553  │
│  wins                          0.000    wave                         68.000  │
│  idle_ticks                    0.123    brews_used                    1.897  │
│  blood_healed                  0.000    prayer_correct_rate           0.230  │
│  unavoidable_off_praye…        0.001    brews_remaining              10.103  │
│  restores_remaining           11.780    prayer_at_death              87.748  │
│  current_ranged               92.660    current_magic                84.486  │
│  behind_shield_pct             0.758    zuk_hp_remaining            531.101  │
│  min_zuk_hp_seen             531.462    hp_restored                   0.211  │
│  zuk_healer_damage             0.009    deaths_to_jad                 0.034  │
│  episode_return_normal         6.183    wins_normal                   0.000  │
│  min_zuk_hp_normal           531.462    score_normal                  0.557  │
│  zuk_objective_normal          0.557    phase_reached_normal          1.729  │
│  death_tick_normal           144.553    frac_min_hp_le_300_no…        0.019  │
╰──────────────────────────────────────────────────────────────────────────────╯

[0;0H╭──────────────────────────────────────────────────────────────────────────────╮
│  PufferLib 4.0 🐡                 GPU: 0%      VRAM: 0.4/18G      RAM: 0.6G  │
│                                                                              │
│  Summary          Value    Evaluate   250ms  37%    Losses            Value  │
│  Env       osrs_inferno      GPU      207ms  31%    policy            0.014  │
│  Params          752.1K      Env       42ms   6%    value             0.031  │
│  Steps            36.0M    Train      410ms  62%    entropy           1.110  │
│  SPS             245.6K      Misc       0ms   0%    total             0.028  │
│  Epoch             1100      Forwa…     0ms   0%    old_kl            0.003  │
│  Uptime    0d 0h 2m 26s                             kl                0.002  │
│  Remaini…  0d 0h 0m 56s                             clipfrac          0.112  │
│                                                     bc                0.000  │
│                                                                              │
│  User Stats                    Value    User Stats                    Value  │
│  episode_return                6.252    damage_dealt                675.324  │
│  damage_received              70.119    episode_length              144.714  │
│  wins                          0.000    wave                         68.000  │
│  idle_ticks                    0.111    brews_used                    1.790  │
│  blood_healed                  0.000    prayer_correct_rate           0.220  │
│  unavoidable_off_praye…        0.001    brews_remaining              10.210  │
│  restores_remaining           11.818    prayer_at_death              87.320  │
│  current_ranged               92.530    current_magic                84.340  │
│  behind_shield_pct             0.763    zuk_hp_remaining            524.572  │
│  min_zuk_hp_seen             524.711    hp_restored                   0.125  │
│  zuk_healer_damage             0.000    deaths_to_jad                 0.033  │
│  episode_return_normal         6.252    wins_normal                   0.000  │
│  min_zuk_hp_normal           524.711    score_normal                  0.563  │
│  zuk_objective_normal          0.563    phase_reached_normal          1.742  │
│  death_tick_normal           144.714    frac_min_hp_le_300_no…        0.031  │
╰──────────────────────────────────────────────────────────────────────────────╯

[0;0H╭──────────────────────────────────────────────────────────────────────────────╮
│  PufferLib 4.0          🐡        GPU: 0%      VRAM: 0.4/18G      RAM: 0.6G  │
│                                                                              │
│  Summary          Value    Evaluate   251ms  37%    Losses            Value  │
│  Env       osrs_inferno      GPU      208ms  31%    policy           -0.019  │
│  Params          752.1K      Env       42ms   6%    value             0.029  │
│  Steps            36.2M    Train      411ms  62%    entropy           1.106  │
│  SPS             244.8K      Misc       0ms   0%    total            -0.006  │
│  Epoch             1105      Forwa…     0ms   0%    old_kl            0.003  │
│  Uptime    0d 0h 2m 27s                             kl                0.003  │
│  Remaini…  0d 0h 0m 56s                             clipfrac          0.117  │
│                                                     bc                0.000  │
│                                                                              │
│  User Stats                    Value    User Stats                    Value  │
│  episode_return                6.449    damage_dealt                695.744  │
│  damage_received              68.325    episode_length              143.567  │
│  wins                          0.000    wave                         68.000  │
│  idle_ticks                    0.078    brews_used                    1.743  │
│  blood_healed                  0.000    prayer_correct_rate           0.224  │
│  unavoidable_off_praye…        0.003    brews_remaining              10.257  │
│  restores_remaining           11.859    prayer_at_death              87.155  │
│  current_ranged               91.862    current_magic                83.757  │
│  behind_shield_pct             0.763    zuk_hp_remaining            504.711  │
│  min_zuk_hp_seen             504.525    hp_restored                   0.588  │
│  zuk_healer_damage             0.000    deaths_to_jad                 0.044  │
│  episode_return_normal         6.449    wins_normal                   0.000  │
│  min_zuk_hp_normal           504.525    score_normal                  0.580  │
│  zuk_objective_normal          0.580    phase_reached_normal          1.793  │
│  death_tick_normal           143.567    frac_min_hp_le_300_no…        0.056  │
╰──────────────────────────────────────────────────────────────────────────────╯

[0;0H╭──────────────────────────────────────────────────────────────────────────────╮
│  PufferLib 4.0         🐡         GPU: 0%      VRAM: 0.4/18G      RAM: 0.6G  │
│                                                                              │
│  Summary          Value    Evaluate   250ms  37%    Losses            Value  │
│  Env       osrs_inferno      GPU      208ms  31%    policy            0.006  │
│  Params          752.1K      Env       42ms   6%    value             0.029  │
│  Steps            36.4M    Train      410ms  62%    entropy           1.064  │
│  SPS             245.3K      Misc       0ms   0%    total             0.019  │
│  Epoch             1110      Forwa…     0ms   0%    old_kl            0.003  │
│  Uptime    0d 0h 2m 28s                             kl                0.003  │
│  Remaini…  0d 0h 0m 55s                             clipfrac          0.113  │
│                                                     bc                0.000  │
│                                                                              │
│  User Stats                    Value    User Stats                    Value  │
│  episode_return                6.077    damage_dealt                657.752  │
│  damage_received              60.422    episode_length              145.141  │
│  wins                          0.000    wave                         68.000  │
│  idle_ticks                    0.031    brews_used                    1.765  │
│  blood_healed                  0.000    prayer_correct_rate           0.225  │
│  unavoidable_off_praye…        0.001    brews_remaining              10.235  │
│  restores_remaining           11.829    prayer_at_death              87.345  │
│  current_ranged               91.579    current_magic                83.678  │
│  behind_shield_pct             0.761    zuk_hp_remaining            541.972  │
│  min_zuk_hp_seen             542.248    hp_restored                   0.045  │
│  zuk_healer_damage             0.000    deaths_to_jad                 0.025  │
│  episode_return_normal         6.077    wins_normal                   0.000  │
│  min_zuk_hp_normal           542.248    score_normal                  0.548  │
│  zuk_objective_normal          0.548    phase_reached_normal          1.678  │
│  death_tick_normal           145.141    frac_min_hp_le_300_no…        0.022  │
╰──────────────────────────────────────────────────────────────────────────────╯

[0;0H╭──────────────────────────────────────────────────────────────────────────────╮
│  PufferLib 4.0        🐡          GPU: 0%      VRAM: 0.4/18G      RAM: 0.6G  │
│                                                                              │
│  Summary          Value    Evaluate   251ms  38%    Losses            Value  │
│  Env       osrs_inferno      GPU      208ms  31%    policy           -0.013  │
│  Params          752.1K      Env       42ms   6%    value             0.032  │
│  Steps            36.5M    Train      409ms  61%    entropy           1.062  │
│  SPS             245.5K      Misc       0ms   0%    total             0.002  │
│  Epoch             1115      Forwa…     0ms   0%    old_kl            0.003  │
│  Uptime    0d 0h 2m 28s                             kl                0.002  │
│  Remaini…  0d 0h 0m 54s                             clipfrac          0.110  │
│                                                     bc                0.000  │
│                                                                              │
│  User Stats                    Value    User Stats                    Value  │
│  episode_return                6.367    damage_dealt                687.661  │
│  damage_received              57.226    episode_length              143.050  │
│  wins                          0.000    wave                         68.000  │
│  idle_ticks                    0.069    brews_used                    1.512  │
│  blood_healed                  0.000    prayer_correct_rate           0.213  │
│  unavoidable_off_praye…        0.002    brews_remaining              10.488  │
│  restores_remaining           11.804    prayer_at_death              88.339  │
│  current_ranged               94.342    current_magic                86.341  │
│  behind_shield_pct             0.770    zuk_hp_remaining            512.513  │
│  min_zuk_hp_seen             512.563    hp_restored                   0.735  │
│  zuk_healer_damage             0.000    deaths_to_jad                 0.046  │
│  episode_return_normal         6.367    wins_normal                   0.000  │
│  min_zuk_hp_normal           512.563    score_normal                  0.573  │
│  zuk_objective_normal          0.573    phase_reached_normal          1.800  │
│  death_tick_normal           143.050    frac_min_hp_le_300_no…        0.073  │
╰──────────────────────────────────────────────────────────────────────────────╯

[0;0H╭──────────────────────────────────────────────────────────────────────────────╮
│  PufferLib 4.0       🐡           GPU: 0%      VRAM: 0.4/18G      RAM: 0.6G  │
│                                                                              │
│  Summary          Value    Evaluate   252ms  37%    Losses            Value  │
│  Env       osrs_inferno      GPU      210ms  31%    policy           -0.018  │
│  Params          752.1K      Env       42ms   6%    value             0.034  │
│  Steps            36.7M    Train      412ms  62%    entropy           1.037  │
│  SPS             244.0K      Misc       0ms   0%    total            -0.002  │
│  Epoch             1120      Forwa…     0ms   0%    old_kl            0.003  │
│  Uptime    0d 0h 2m 29s                             kl                0.002  │
│  Remaini…  0d 0h 0m 54s                             clipfrac          0.112  │
│                                                     bc                0.000  │
│                                                                              │
│  User Stats                    Value    User Stats                    Value  │
│  episode_return                6.372    damage_dealt                687.234  │
│  damage_received              60.327    episode_length              142.448  │
│  wins                          0.000    wave                         68.000  │
│  idle_ticks                    0.044    brews_used                    1.548  │
│  blood_healed                  0.000    prayer_correct_rate           0.215  │
│  unavoidable_off_praye…        0.003    brews_remaining              10.452  │
│  restores_remaining           11.812    prayer_at_death              88.339  │
│  current_ranged               94.072    current_magic                85.867  │
│  behind_shield_pct             0.770    zuk_hp_remaining            512.487  │
│  min_zuk_hp_seen             512.797    hp_restored                   0.042  │
│  zuk_healer_damage             0.000    deaths_to_jad                 0.069  │
│  episode_return_normal         6.372    wins_normal                   0.000  │
│  min_zuk_hp_normal           512.797    score_normal                  0.573  │
│  zuk_objective_normal          0.573    phase_reached_normal          1.767  │
│  death_tick_normal           142.448    frac_min_hp_le_300_no…        0.024  │
╰──────────────────────────────────────────────────────────────────────────────╯

[0;0H╭──────────────────────────────────────────────────────────────────────────────╮
│  PufferLib 4.0      🐡            GPU: 0%      VRAM: 0.4/18G      RAM: 0.6G  │
│                                                                              │
│  Summary          Value    Evaluate   251ms  37%    Losses            Value  │
│  Env       osrs_inferno      GPU      208ms  31%    policy            0.000  │
│  Params          752.1K      Env       42ms   6%    value             0.032  │
│  Steps            36.9M    Train      410ms  62%    entropy           1.031  │
│  SPS             245.2K      Misc       0ms   0%    total             0.015  │
│  Epoch             1125      Forwa…     0ms   0%    old_kl            0.002  │
│  Uptime    0d 0h 2m 30s                             kl                0.002  │
│  Remaini…  0d 0h 0m 53s                             clipfrac          0.107  │
│                                                     bc                0.000  │
│                                                                              │
│  User Stats                    Value    User Stats                    Value  │
│  episode_return                6.262    damage_dealt                676.560  │
│  damage_received              62.444    episode_length              142.744  │
│  wins                          0.000    wave                         68.000  │
│  idle_ticks                    0.077    brews_used                    1.494  │
│  blood_healed                  0.000    prayer_correct_rate           0.213  │
│  unavoidable_off_praye…        0.003    brews_remaining              10.506  │
│  restores_remaining           11.854    prayer_at_death              87.761  │
│  current_ranged               94.685    current_magic                86.212  │
│  behind_shield_pct             0.773    zuk_hp_remaining            523.685  │
│  min_zuk_hp_seen             523.487    hp_restored                   0.281  │
│  zuk_healer_damage             0.000    deaths_to_jad                 0.102  │
│  episode_return_normal         6.262    wins_normal                   0.000  │
│  min_zuk_hp_normal           523.487    score_normal                  0.564  │
│  zuk_objective_normal          0.564    phase_reached_normal          1.743  │
│  death_tick_normal           142.744    frac_min_hp_le_300_no…        0.028  │
╰──────────────────────────────────────────────────────────────────────────────╯

[0;0H╭──────────────────────────────────────────────────────────────────────────────╮
│  PufferLib 4.0     🐡             GPU: 0%      VRAM: 0.4/18G      RAM: 0.6G  │
│                                                                              │
│  Summary          Value    Evaluate   249ms  37%    Losses            Value  │
│  Env       osrs_inferno      GPU      206ms  31%    policy           -0.009  │
│  Params          752.1K      Env       42ms   6%    value             0.029  │
│  Steps            37.0M    Train      410ms  62%    entropy           1.017  │
│  SPS             246.1K      Misc       0ms   0%    total             0.004  │
│  Epoch             1130      Forwa…     0ms   0%    old_kl            0.003  │
│  Uptime    0d 0h 2m 30s                             kl                0.002  │
│  Remaini…  0d 0h 0m 52s                             clipfrac          0.108  │
│                                                     bc                0.000  │
│                                                                              │
│  User Stats                    Value    User Stats                    Value  │
│  episode_return                6.031    damage_dealt                653.787  │
│  damage_received              65.412    episode_length              143.645  │
│  wins                          0.000    wave                         68.000  │
│  idle_ticks                    0.068    brews_used                    1.642  │
│  blood_healed                  0.000    prayer_correct_rate           0.233  │
│  unavoidable_off_praye…        0.003    brews_remaining              10.358  │
│  restores_remaining           11.787    prayer_at_death              88.116  │
│  current_ranged               93.506    current_magic                85.285  │
│  behind_shield_pct             0.766    zuk_hp_remaining            546.403  │
│  min_zuk_hp_seen             546.326    hp_restored                   0.637  │
│  zuk_healer_damage             0.000    deaths_to_jad                 0.052  │
│  episode_return_normal         6.031    wins_normal                   0.000  │
│  min_zuk_hp_normal           546.326    score_normal                  0.545  │
│  zuk_objective_normal          0.545    phase_reached_normal          1.685  │
│  death_tick_normal           143.645    frac_min_hp_le_300_no…        0.024  │
╰──────────────────────────────────────────────────────────────────────────────╯

[0;0H╭──────────────────────────────────────────────────────────────────────────────╮
│  PufferLib 4.0    🐡              GPU: 0%      VRAM: 0.4/18G      RAM: 0.6G  │
│                                                                              │
│  Summary          Value    Evaluate   250ms  37%    Losses            Value  │
│  Env       osrs_inferno      GPU      208ms  31%    policy            0.008  │
│  Params          752.1K      Env       42ms   6%    value             0.030  │
│  Steps            37.2M    Train      411ms  62%    entropy           1.021  │
│  SPS             245.0K      Misc       0ms   0%    total             0.022  │
│  Epoch             1135      Forwa…     0ms   0%    old_kl            0.003  │
│  Uptime    0d 0h 2m 31s                             kl                0.002  │
│  Remaini…  0d 0h 0m 52s                             clipfrac          0.111  │
│                                                     bc                0.000  │
│                                                                              │
│  User Stats                    Value    User Stats                    Value  │
│  episode_return                5.929    damage_dealt                642.858  │
│  damage_received              64.714    episode_length              143.311  │
│  wins                          0.000    wave                         68.000  │
│  idle_ticks                    0.200    brews_used                    1.621  │
│  blood_healed                  0.000    prayer_correct_rate           0.234  │
│  unavoidable_off_praye…        0.002    brews_remaining              10.379  │
│  restores_remaining           11.738    prayer_at_death              88.835  │
│  current_ranged               94.625    current_magic                86.667  │
│  behind_shield_pct             0.761    zuk_hp_remaining            556.811  │
│  min_zuk_hp_seen             557.142    hp_restored                   0.000  │
│  zuk_healer_damage             0.000    deaths_to_jad                 0.022  │
│  episode_return_normal         5.929    wins_normal                   0.000  │
│  min_zuk_hp_normal           557.142    score_normal                  0.536  │
│  zuk_objective_normal          0.536    phase_reached_normal          1.638  │
│  death_tick_normal           143.311    frac_min_hp_le_300_no…        0.010  │
╰──────────────────────────────────────────────────────────────────────────────╯

[0;0H╭──────────────────────────────────────────────────────────────────────────────╮
│  PufferLib 4.0   🐡               GPU: 0%      VRAM: 0.4/18G      RAM: 0.6G  │
│                                                                              │
│  Summary          Value    Evaluate   248ms  37%    Losses            Value  │
│  Env       osrs_inferno      GPU      206ms  31%    policy           -0.000  │
│  Params          752.1K      Env       42ms   6%    value             0.029  │
│  Steps            37.4M    Train      409ms  62%    entropy           1.014  │
│  SPS             246.5K      Misc       0ms   0%    total             0.013  │
│  Epoch             1140      Forwa…     0ms   0%    old_kl            0.003  │
│  Uptime    0d 0h 2m 32s                             kl                0.003  │
│  Remaini…  0d 0h 0m 51s                             clipfrac          0.108  │
│                                                     bc                0.000  │
│                                                                              │
│  User Stats                    Value    User Stats                    Value  │
│  episode_return                6.289    damage_dealt                679.176  │
│  damage_received              63.275    episode_length              144.187  │
│  wins                          0.000    wave                         68.000  │
│  idle_ticks                    0.299    brews_used                    1.545  │
│  blood_healed                  0.000    prayer_correct_rate           0.222  │
│  unavoidable_off_praye…        0.002    brews_remaining              10.455  │
│  restores_remaining           11.715    prayer_at_death              89.017  │
│  current_ranged               95.170    current_magic                87.124  │
│  behind_shield_pct             0.762    zuk_hp_remaining            520.664  │
│  min_zuk_hp_seen             520.824    hp_restored                   0.276  │
│  zuk_healer_damage             0.000    deaths_to_jad                 0.045  │
│  episode_return_normal         6.289    wins_normal                   0.000  │
│  min_zuk_hp_normal           520.824    score_normal                  0.566  │
│  zuk_objective_normal          0.566    phase_reached_normal          1.775  │
│  death_tick_normal           144.187    frac_min_hp_le_300_no…        0.025  │
╰──────────────────────────────────────────────────────────────────────────────╯

[0;0H╭──────────────────────────────────────────────────────────────────────────────╮
│  PufferLib 4.0  🐡                GPU: 0%      VRAM: 0.4/18G      RAM: 0.6G  │
│                                                                              │
│  Summary          Value    Evaluate   251ms  37%    Losses            Value  │
│  Env       osrs_inferno      GPU      208ms  31%    policy            0.005  │
│  Params          752.1K      Env       43ms   6%    value             0.028  │
│  Steps            37.5M    Train      411ms  62%    entropy           1.010  │
│  SPS             244.6K      Misc       0ms   0%    total             0.017  │
│  Epoch             1145      Forwa…     0ms   0%    old_kl            0.003  │
│  Uptime    0d 0h 2m 32s                             kl                0.002  │
│  Remaini…  0d 0h 0m 51s                             clipfrac          0.107  │
│                                                     bc                0.000  │
│                                                                              │
│  User Stats                    Value    User Stats                    Value  │
│  episode_return                6.447    damage_dealt                695.144  │
│  damage_received              67.988    episode_length              144.880  │
│  wins                          0.000    wave                         68.000  │
│  idle_ticks                    0.270    brews_used                    1.672  │
│  blood_healed                  0.000    prayer_correct_rate           0.233  │
│  unavoidable_off_praye…        0.002    brews_remaining              10.328  │
│  restores_remaining           11.776    prayer_at_death              87.919  │
│  current_ranged               93.148    current_magic                84.893  │
│  behind_shield_pct             0.758    zuk_hp_remaining            504.926  │
│  min_zuk_hp_seen             504.856    hp_restored                   0.516  │
│  zuk_healer_damage             0.000    deaths_to_jad                 0.074  │
│  episode_return_normal         6.447    wins_normal                   0.000  │
│  min_zuk_hp_normal           504.856    score_normal                  0.579  │
│  zuk_objective_normal          0.579    phase_reached_normal          1.777  │
│  death_tick_normal           144.880    frac_min_hp_le_300_no…        0.035  │
╰──────────────────────────────────────────────────────────────────────────────╯

[0;0H╭──────────────────────────────────────────────────────────────────────────────╮
│  PufferLib 4.0 🐡                 GPU: 0%      VRAM: 0.4/18G      RAM: 0.6G  │
│                                                                              │
│  Summary          Value    Evaluate   252ms  38%    Losses            Value  │
│  Env       osrs_inferno      GPU      209ms  31%    policy            0.008  │
│  Params          752.1K      Env       42ms   6%    value             0.027  │
│  Steps            37.7M    Train      411ms  61%    entropy           0.988  │
│  SPS             244.5K      Misc       0ms   0%    total             0.020  │
│  Epoch             1150      Forwa…     0ms   0%    old_kl            0.003  │
│  Uptime    0d 0h 2m 33s                             kl                0.003  │
│  Remaini…  0d 0h 0m 50s                             clipfrac          0.105  │
│                                                     bc                0.000  │
│                                                                              │
│  User Stats                    Value    User Stats                    Value  │
│  episode_return                5.920    damage_dealt                642.133  │
│  damage_received              67.428    episode_length              146.030  │
│  wins                          0.000    wave                         68.000  │
│  idle_ticks                    0.214    brews_used                    1.703  │
│  blood_healed                  0.000    prayer_correct_rate           0.226  │
│  unavoidable_off_praye…        0.002    brews_remaining              10.297  │
│  restores_remaining           11.730    prayer_at_death              88.103  │
│  current_ranged               94.767    current_magic                86.232  │
│  behind_shield_pct             0.760    zuk_hp_remaining            557.551  │
│  min_zuk_hp_seen             557.867    hp_restored                   0.182  │
│  zuk_healer_damage             0.000    deaths_to_jad                 0.049  │
│  episode_return_normal         5.920    wins_normal                   0.000  │
│  min_zuk_hp_normal           557.867    score_normal                  0.535  │
│  zuk_objective_normal          0.535    phase_reached_normal          1.583  │
│  death_tick_normal           146.030    frac_min_hp_le_300_no…        0.016  │
╰──────────────────────────────────────────────────────────────────────────────╯

[0;0H╭──────────────────────────────────────────────────────────────────────────────╮
│  PufferLib 4.0          🐡        GPU: 0%      VRAM: 0.4/18G      RAM: 0.6G  │
│                                                                              │
│  Summary          Value    Evaluate   251ms  38%    Losses            Value  │
│  Env       osrs_inferno      GPU      208ms  31%    policy           -0.003  │
│  Params          752.1K      Env       42ms   6%    value             0.029  │
│  Steps            37.8M    Train      409ms  61%    entropy           0.964  │
│  SPS             245.2K      Misc       0ms   0%    total             0.010  │
│  Epoch             1155      Forwa…     0ms   0%    old_kl            0.003  │
│  Uptime    0d 0h 2m 34s                             kl                0.002  │
│  Remaini…  0d 0h 0m 49s                             clipfrac          0.112  │
│                                                     bc                0.000  │
│                                                                              │
│  User Stats                    Value    User Stats                    Value  │
│  episode_return                5.660    damage_dealt                615.937  │
│  damage_received              55.962    episode_length              144.031  │
│  wins                          0.000    wave                         68.000  │
│  idle_ticks                    0.169    brews_used                    1.489  │
│  blood_healed                  0.000    prayer_correct_rate           0.215  │
│  unavoidable_off_praye…        0.002    brews_remaining              10.511  │
│  restores_remaining           11.803    prayer_at_death              87.745  │
│  current_ranged               95.789    current_magic                87.112  │
│  behind_shield_pct             0.770    zuk_hp_remaining            583.675  │
│  min_zuk_hp_seen             584.100    hp_restored                   0.125  │
│  zuk_healer_damage             0.010    deaths_to_jad                 0.026  │
│  episode_return_normal         5.660    wins_normal                   0.000  │
│  min_zuk_hp_normal           584.100    score_normal                  0.513  │
│  zuk_objective_normal          0.513    phase_reached_normal          1.570  │
│  death_tick_normal           144.031    frac_min_hp_le_300_no…        0.010  │
╰──────────────────────────────────────────────────────────────────────────────╯

[0;0H╭──────────────────────────────────────────────────────────────────────────────╮
│  PufferLib 4.0         🐡         GPU: 0%      VRAM: 0.4/18G      RAM: 0.6G  │
│                                                                              │
│  Summary          Value    Evaluate   252ms  37%    Losses            Value  │
│  Env       osrs_inferno      GPU      209ms  31%    policy            0.004  │
│  Params          752.1K      Env       43ms   6%    value             0.030  │
│  Steps            38.0M    Train      411ms  62%    entropy           0.954  │
│  SPS             244.4K      Misc       0ms   0%    total             0.017  │
│  Epoch             1160      Forwa…     0ms   0%    old_kl            0.002  │
│  Uptime    0d 0h 2m 34s                             kl                0.003  │
│  Remaini…  0d 0h 0m 49s                             clipfrac          0.105  │
│                                                     bc                0.000  │
│                                                                              │
│  User Stats                    Value    User Stats                    Value  │
│  episode_return                5.975    damage_dealt                648.141  │
│  damage_received              54.450    episode_length              142.257  │
│  wins                          0.000    wave                         68.000  │
│  idle_ticks                    0.150    brews_used                    1.409  │
│  blood_healed                  0.000    prayer_correct_rate           0.207  │
│  unavoidable_off_praye…        0.003    brews_remaining              10.591  │
│  restores_remaining           11.841    prayer_at_death              87.882  │
│  current_ranged               96.208    current_magic                87.522  │
│  behind_shield_pct             0.773    zuk_hp_remaining            552.397  │
│  min_zuk_hp_seen             552.126    hp_restored                   0.697  │
│  zuk_healer_damage             0.000    deaths_to_jad                 0.031  │
│  episode_return_normal         5.975    wins_normal                   0.000  │
│  min_zuk_hp_normal           552.126    score_normal                  0.540  │
│  zuk_objective_normal          0.540    phase_reached_normal          1.677  │
│  death_tick_normal           142.257    frac_min_hp_le_300_no…        0.029  │
╰──────────────────────────────────────────────────────────────────────────────╯

[0;0H╭──────────────────────────────────────────────────────────────────────────────╮
│  PufferLib 4.0        🐡          GPU: 0%      VRAM: 0.4/18G      RAM: 0.6G  │
│                                                                              │
│  Summary          Value    Evaluate   250ms  37%    Losses            Value  │
│  Env       osrs_inferno      GPU      208ms  31%    policy            0.005  │
│  Params          752.1K      Env       42ms   6%    value             0.032  │
│  Steps            38.2M    Train      411ms  62%    entropy           0.951  │
│  SPS             245.1K      Misc       0ms   0%    total             0.019  │
│  Epoch             1165      Forwa…     0ms   0%    old_kl            0.003  │
│  Uptime    0d 0h 2m 35s                             kl                0.003  │
│  Remaini…  0d 0h 0m 48s                             clipfrac          0.103  │
│                                                     bc                0.000  │
│                                                                              │
│  User Stats                    Value    User Stats                    Value  │
│  episode_return                6.118    damage_dealt                662.287  │
│  damage_received              66.510    episode_length              142.512  │
│  wins                          0.000    wave                         68.000  │
│  idle_ticks                    0.188    brews_used                    1.673  │
│  blood_healed                  0.000    prayer_correct_rate           0.227  │
│  unavoidable_off_praye…        0.004    brews_remaining              10.327  │
│  restores_remaining           11.793    prayer_at_death              88.173  │
│  current_ranged               94.037    current_magic                85.866  │
│  behind_shield_pct             0.764    zuk_hp_remaining            538.258  │
│  min_zuk_hp_seen             537.799    hp_restored                   0.531  │
│  zuk_healer_damage             0.000    deaths_to_jad                 0.034  │
│  episode_return_normal         6.118    wins_normal                   0.000  │
│  min_zuk_hp_normal           537.799    score_normal                  0.552  │
│  zuk_objective_normal          0.552    phase_reached_normal          1.704  │
│  death_tick_normal           142.512    frac_min_hp_le_300_no…        0.030  │
╰──────────────────────────────────────────────────────────────────────────────╯

[0;0H╭──────────────────────────────────────────────────────────────────────────────╮
│  PufferLib 4.0       🐡           GPU: 0%      VRAM: 0.4/18G      RAM: 0.6G  │
│                                                                              │
│  Summary          Value    Evaluate   251ms  37%    Losses            Value  │
│  Env       osrs_inferno      GPU      208ms  31%    policy            0.027  │
│  Params          752.1K      Env       43ms   6%    value             0.031  │
│  Steps            38.3M    Train      411ms  62%    entropy           0.942  │
│  SPS             245.0K      Misc       0ms   0%    total             0.041  │
│  Epoch             1170      Forwa…     0ms   0%    old_kl            0.003  │
│  Uptime    0d 0h 2m 36s                             kl                0.003  │
│  Remaini…  0d 0h 0m 47s                             clipfrac          0.102  │
│                                                     bc                0.000  │
│                                                                              │
│  User Stats                    Value    User Stats                    Value  │
│  episode_return                6.108    damage_dealt                663.321  │
│  damage_received              67.436    episode_length              143.119  │
│  wins                          0.000    wave                         68.000  │
│  idle_ticks                    0.302    brews_used                    1.678  │
│  blood_healed                  0.000    prayer_correct_rate           0.225  │
│  unavoidable_off_praye…        0.003    brews_remaining              10.322  │
│  restores_remaining           11.856    prayer_at_death              87.499  │
│  current_ranged               93.436    current_magic                84.978  │
│  behind_shield_pct             0.766    zuk_hp_remaining            538.843  │
│  min_zuk_hp_seen             537.242    hp_restored                   2.001  │
│  zuk_healer_damage             0.000    deaths_to_jad                 0.059  │
│  episode_return_normal         6.108    wins_normal                   0.000  │
│  min_zuk_hp_normal           537.242    score_normal                  0.552  │
│  zuk_objective_normal          0.552    phase_reached_normal          1.684  │
│  death_tick_normal           143.119    frac_min_hp_le_300_no…        0.050  │
╰──────────────────────────────────────────────────────────────────────────────╯

[0;0H╭──────────────────────────────────────────────────────────────────────────────╮
│  PufferLib 4.0      🐡            GPU: 0%      VRAM: 0.4/18G      RAM: 0.6G  │
│                                                                              │
│  Summary          Value    Evaluate   253ms  38%    Losses            Value  │
│  Env       osrs_inferno      GPU      209ms  31%    policy           -0.010  │
│  Params          752.1K      Env       43ms   6%    value             0.031  │
│  Steps            38.5M    Train      411ms  61%    entropy           0.939  │
│  SPS             244.3K      Misc       0ms   0%    total             0.004  │
│  Epoch             1175      Forwa…     0ms   0%    old_kl            0.003  │
│  Uptime    0d 0h 2m 36s                             kl                0.002  │
│  Remaini…  0d 0h 0m 47s                             clipfrac          0.098  │
│                                                     bc                0.000  │
│                                                                              │
│  User Stats                    Value    User Stats                    Value  │
│  episode_return                5.965    damage_dealt                655.598  │
│  damage_received              69.603    episode_length              144.007  │
│  wins                          0.000    wave                         68.000  │
│  idle_ticks                    0.214    brews_used                    1.764  │
│  blood_healed                  0.000    prayer_correct_rate           0.227  │
│  unavoidable_off_praye…        0.002    brews_remaining              10.236  │
│  restores_remaining           11.860    prayer_at_death              87.346  │
│  current_ranged               92.199    current_magic                83.833  │
│  behind_shield_pct             0.768    zuk_hp_remaining            551.897  │
│  min_zuk_hp_seen             546.571    hp_restored                   6.967  │
│  zuk_healer_damage             0.000    deaths_to_jad                 0.036  │
│  episode_return_normal         5.965    wins_normal                   0.000  │
│  min_zuk_hp_normal           546.571    score_normal                  0.545  │
│  zuk_objective_normal          0.545    phase_reached_normal          1.675  │
│  death_tick_normal           144.007    frac_min_hp_le_300_no…        0.064  │
╰──────────────────────────────────────────────────────────────────────────────╯

[0;0H╭──────────────────────────────────────────────────────────────────────────────╮
│  PufferLib 4.0     🐡             GPU: 0%      VRAM: 0.4/18G      RAM: 0.6G  │
│                                                                              │
│  Summary          Value    Evaluate   252ms  38%    Losses            Value  │
│  Env       osrs_inferno      GPU      209ms  31%    policy           -0.006  │
│  Params          752.1K      Env       43ms   6%    value             0.031  │
│  Steps            38.7M    Train      411ms  61%    entropy           0.942  │
│  SPS             244.4K      Misc       0ms   0%    total             0.008  │
│  Epoch             1180      Forwa…     0ms   0%    old_kl            0.003  │
│  Uptime    0d 0h 2m 37s                             kl                0.002  │
│  Remaini…  0d 0h 0m 46s                             clipfrac          0.104  │
│                                                     bc                0.000  │
│                                                                              │
│  User Stats                    Value    User Stats                    Value  │
│  episode_return                6.645    damage_dealt                727.825  │
│  damage_received              68.368    episode_length              143.507  │
│  wins                          0.000    wave                         68.000  │
│  idle_ticks                    0.189    brews_used                    1.645  │
│  blood_healed                  0.000    prayer_correct_rate           0.223  │
│  unavoidable_off_praye…        0.002    brews_remaining              10.355  │
│  restores_remaining           11.872    prayer_at_death              87.330  │
│  current_ranged               92.889    current_magic                84.514  │
│  behind_shield_pct             0.774    zuk_hp_remaining            482.566  │
│  min_zuk_hp_seen             475.488    hp_restored                  10.054  │
│  zuk_healer_damage             0.000    deaths_to_jad                 0.065  │
│  episode_return_normal         6.645    wins_normal                   0.000  │
│  min_zuk_hp_normal           475.488    score_normal                  0.604  │
│  zuk_objective_normal          0.604    phase_reached_normal          1.936  │
│  death_tick_normal           143.507    frac_min_hp_le_300_no…        0.072  │
╰──────────────────────────────────────────────────────────────────────────────╯

[0;0H╭──────────────────────────────────────────────────────────────────────────────╮
│  PufferLib 4.0    🐡              GPU: 0%      VRAM: 0.4/18G      RAM: 0.6G  │
│                                                                              │
│  Summary          Value    Evaluate   253ms  38%    Losses            Value  │
│  Env       osrs_inferno      GPU      209ms  31%    policy           -0.006  │
│  Params          752.1K      Env       43ms   6%    value             0.030  │
│  Steps            38.8M    Train      411ms  61%    entropy           0.928  │
│  SPS             244.3K      Misc       0ms   0%    total             0.008  │
│  Epoch             1185      Forwa…     0ms   0%    old_kl            0.003  │
│  Uptime    0d 0h 2m 38s                             kl                0.003  │
│  Remaini…  0d 0h 0m 45s                             clipfrac          0.102  │
│                                                     bc                0.000  │
│                                                                              │
│  User Stats                    Value    User Stats                    Value  │
│  episode_return                6.450    damage_dealt                695.673  │
│  damage_received              62.298    episode_length              142.568  │
│  wins                          0.000    wave                         68.000  │
│  idle_ticks                    0.216    brews_used                    1.723  │
│  blood_healed                  0.000    prayer_correct_rate           0.231  │
│  unavoidable_off_praye…        0.005    brews_remaining              10.277  │
│  restores_remaining           11.839    prayer_at_death              87.995  │
│  current_ranged               93.000    current_magic                84.736  │
│  behind_shield_pct             0.770    zuk_hp_remaining            504.799  │
│  min_zuk_hp_seen             504.539    hp_restored                   0.499  │
│  zuk_healer_damage             0.000    deaths_to_jad                 0.052  │
│  episode_return_normal         6.450    wins_normal                   0.000  │
│  min_zuk_hp_normal           504.539    score_normal                  0.580  │
│  zuk_objective_normal          0.580    phase_reached_normal          1.823  │
│  death_tick_normal           142.568    frac_min_hp_le_300_no…        0.046  │
╰──────────────────────────────────────────────────────────────────────────────╯

[0;0H╭──────────────────────────────────────────────────────────────────────────────╮
│  PufferLib 4.0   🐡               GPU: 0%      VRAM: 0.4/18G      RAM: 0.6G  │
│                                                                              │
│  Summary          Value    Evaluate   249ms  37%    Losses            Value  │
│  Env       osrs_inferno      GPU      207ms  31%    policy            0.020  │
│  Params          752.1K      Env       42ms   6%    value             0.028  │
│  Steps            39.0M    Train      409ms  62%    entropy           0.924  │
│  SPS             245.9K      Misc       0ms   0%    total             0.033  │
│  Epoch             1190      Forwa…     0ms   0%    old_kl            0.003  │
│  Uptime    0d 0h 2m 38s                             kl                0.003  │
│  Remaini…  0d 0h 0m 44s                             clipfrac          0.102  │
│                                                     bc                0.000  │
│                                                                              │
│  User Stats                    Value    User Stats                    Value  │
│  episode_return                6.349    damage_dealt                685.032  │
│  damage_received              64.958    episode_length              145.539  │
│  wins                          0.000    wave                         68.000  │
│  idle_ticks                    0.171    brews_used                    1.869  │
│  blood_healed                  0.000    prayer_correct_rate           0.246  │
│  unavoidable_off_praye…        0.006    brews_remaining              10.131  │
│  restores_remaining           11.753    prayer_at_death              88.860  │
│  current_ranged               94.087    current_magic                85.649  │
│  behind_shield_pct             0.763    zuk_hp_remaining            514.886  │
│  min_zuk_hp_seen             514.986    hp_restored                   0.093  │
│  zuk_healer_damage             0.004    deaths_to_jad                 0.031  │
│  episode_return_normal         6.349    wins_normal                   0.000  │
│  min_zuk_hp_normal           514.986    score_normal                  0.571  │
│  zuk_objective_normal          0.571    phase_reached_normal          1.784  │
│  death_tick_normal           145.539    frac_min_hp_le_300_no…        0.043  │
╰──────────────────────────────────────────────────────────────────────────────╯

[0;0H╭──────────────────────────────────────────────────────────────────────────────╮
│  PufferLib 4.0  🐡                GPU: 0%      VRAM: 0.4/18G      RAM: 0.6G  │
│                                                                              │
│  Summary          Value    Evaluate   252ms  38%    Losses            Value  │
│  Env       osrs_inferno      GPU      209ms  31%    policy            0.014  │
│  Params          752.1K      Env       43ms   6%    value             0.027  │
│  Steps            39.2M    Train      410ms  61%    entropy           0.898  │
│  SPS             244.4K      Misc       0ms   0%    total             0.026  │
│  Epoch             1195      Forwa…     0ms   0%    old_kl            0.003  │
│  Uptime    0d 0h 2m 39s                             kl                0.003  │
│  Remaini…  0d 0h 0m 44s                             clipfrac          0.097  │
│                                                     bc                0.000  │
│                                                                              │
│  User Stats                    Value    User Stats                    Value  │
│  episode_return                6.354    damage_dealt                685.694  │
│  damage_received              79.045    episode_length              146.635  │
│  wins                          0.000    wave                         68.000  │
│  idle_ticks                    0.148    brews_used                    2.172  │
│  blood_healed                  0.000    prayer_correct_rate           0.250  │
│  unavoidable_off_praye…        0.003    brews_remaining               9.828  │
│  restores_remaining           11.701    prayer_at_death              89.005  │
│  current_ranged               91.298    current_magic                83.243  │
│  behind_shield_pct             0.757    zuk_hp_remaining            514.496  │
│  min_zuk_hp_seen             514.339    hp_restored                   0.285  │
│  zuk_healer_damage             0.000    deaths_to_jad                 0.038  │
│  episode_return_normal         6.354    wins_normal                   0.000  │
│  min_zuk_hp_normal           514.339    score_normal                  0.571  │
│  zuk_objective_normal          0.571    phase_reached_normal          1.778  │
│  death_tick_normal           146.635    frac_min_hp_le_300_no…        0.049  │
╰──────────────────────────────────────────────────────────────────────────────╯

[0;0H╭──────────────────────────────────────────────────────────────────────────────╮
│  PufferLib 4.0 🐡                 GPU: 0%      VRAM: 0.4/18G      RAM: 0.6G  │
│                                                                              │
│  Summary          Value    Evaluate   253ms  38%    Losses            Value  │
│  Env       osrs_inferno      GPU      210ms  31%    policy           -0.013  │
│  Params          752.1K      Env       43ms   6%    value             0.030  │
│  Steps            39.3M    Train      409ms  61%    entropy           0.901  │
│  SPS             244.7K      Misc       0ms   0%    total             0.001  │
│  Epoch             1200      Forwa…     0ms   0%    old_kl            0.004  │
│  Uptime    0d 0h 2m 40s                             kl                0.003  │
│  Remaini…  0d 0h 0m 43s                             clipfrac          0.097  │
│                                                     bc                0.000  │
│                                                                              │
│  User Stats                    Value    User Stats                    Value  │
│  episode_return                6.614    damage_dealt                712.420  │
│  damage_received              70.921    episode_length              144.746  │
│  wins                          0.000    wave                         68.000  │
│  idle_ticks                    0.268    brews_used                    1.757  │
│  blood_healed                  0.000    prayer_correct_rate           0.235  │
│  unavoidable_off_praye…        0.005    brews_remaining              10.243  │
│  restores_remaining           11.741    prayer_at_death              89.108  │
│  current_ranged               94.242    current_magic                85.856  │
│  behind_shield_pct             0.767    zuk_hp_remaining            488.371  │
│  min_zuk_hp_seen             487.683    hp_restored                   1.004  │
│  zuk_healer_damage             0.000    deaths_to_jad                 0.048  │
│  episode_return_normal         6.614    wins_normal                   0.000  │
│  min_zuk_hp_normal           487.683    score_normal                  0.594  │
│  zuk_objective_normal          0.594    phase_reached_normal          1.872  │
│  death_tick_normal           144.746    frac_min_hp_le_300_no…        0.075  │
╰──────────────────────────────────────────────────────────────────────────────╯

[0;0H╭──────────────────────────────────────────────────────────────────────────────╮
│  PufferLib 4.0          🐡        GPU: 0%      VRAM: 0.4/18G      RAM: 0.6G  │
│                                                                              │
│  Summary          Value    Evaluate   249ms  37%    Losses            Value  │
│  Env       osrs_inferno      GPU      207ms  31%    policy           -0.007  │
│  Params          752.1K      Env       42ms   6%    value             0.030  │
│  Steps            39.5M    Train      407ms  62%    entropy           0.889  │
│  SPS             246.6K      Misc       0ms   0%    total             0.007  │
│  Epoch             1205      Forwa…     0ms   0%    old_kl            0.003  │
│  Uptime    0d 0h 2m 40s                             kl                0.002  │
│  Remaini…  0d 0h 0m 42s                             clipfrac          0.095  │
│                                                     bc                0.000  │
│                                                                              │
│  User Stats                    Value    User Stats                    Value  │
│  episode_return                6.230    damage_dealt                673.028  │
│  damage_received              61.411    episode_length              144.038  │
│  wins                          0.000    wave                         68.000  │
│  idle_ticks                    0.260    brews_used                    1.538  │
│  blood_healed                  0.000    prayer_correct_rate           0.226  │
│  unavoidable_off_praye…        0.002    brews_remaining              10.462  │
│  restores_remaining           11.803    prayer_at_death              88.291  │
│  current_ranged               95.226    current_magic                86.765  │
│  behind_shield_pct             0.774    zuk_hp_remaining            526.679  │
│  min_zuk_hp_seen             526.994    hp_restored                   0.084  │
│  zuk_healer_damage             0.000    deaths_to_jad                 0.043  │
│  episode_return_normal         6.230    wins_normal                   0.000  │
│  min_zuk_hp_normal           526.994    score_normal                  0.561  │
│  zuk_objective_normal          0.561    phase_reached_normal          1.796  │
│  death_tick_normal           144.038    frac_min_hp_le_300_no…        0.020  │
╰──────────────────────────────────────────────────────────────────────────────╯

[0;0H╭──────────────────────────────────────────────────────────────────────────────╮
│  PufferLib 4.0         🐡         GPU: 0%      VRAM: 0.4/18G      RAM: 0.6G  │
│                                                                              │
│  Summary          Value    Evaluate   251ms  37%    Losses            Value  │
│  Env       osrs_inferno      GPU      208ms  31%    policy           -0.001  │
│  Params          752.1K      Env       42ms   6%    value             0.029  │
│  Steps            39.6M    Train      411ms  62%    entropy           0.889  │
│  SPS             244.7K      Misc       0ms   0%    total             0.012  │
│  Epoch             1210      Forwa…     0ms   0%    old_kl            0.003  │
│  Uptime    0d 0h 2m 41s                             kl                0.003  │
│  Remaini…  0d 0h 0m 42s                             clipfrac          0.096  │
│                                                     bc                0.000  │
│                                                                              │
│  User Stats                    Value    User Stats                    Value  │
│  episode_return                6.591    damage_dealt                709.149  │
│  damage_received              63.076    episode_length              141.728  │
│  wins                          0.000    wave                         68.000  │
│  idle_ticks                    0.178    brews_used                    1.441  │
│  blood_healed                  0.000    prayer_correct_rate           0.218  │
│  unavoidable_off_praye…        0.003    brews_remaining              10.559  │
│  restores_remaining           11.793    prayer_at_death              88.866  │
│  current_ranged               96.341    current_magic                87.896  │
│  behind_shield_pct             0.772    zuk_hp_remaining            490.651  │
│  min_zuk_hp_seen             490.908    hp_restored                   0.178  │
│  zuk_healer_damage             0.000    deaths_to_jad                 0.054  │
│  episode_return_normal         6.591    wins_normal                   0.000  │
│  min_zuk_hp_normal           490.908    score_normal                  0.591  │
│  zuk_objective_normal          0.591    phase_reached_normal          1.888  │
│  death_tick_normal           141.728    frac_min_hp_le_300_no…        0.022  │
╰──────────────────────────────────────────────────────────────────────────────╯

[0;0H╭──────────────────────────────────────────────────────────────────────────────╮
│  PufferLib 4.0        🐡          GPU: 0%      VRAM: 0.4/18G      RAM: 0.6G  │
│                                                                              │
│  Summary          Value    Evaluate   251ms  37%    Losses            Value  │
│  Env       osrs_inferno      GPU      208ms  31%    policy            0.003  │
│  Params          752.1K      Env       42ms   6%    value             0.028  │
│  Steps            39.8M    Train      409ms  62%    entropy           0.885  │
│  SPS             245.6K      Misc       0ms   0%    total             0.016  │
│  Epoch             1215      Forwa…     0ms   0%    old_kl            0.003  │
│  Uptime    0d 0h 2m 42s                             kl                0.003  │
│  Remaini…  0d 0h 0m 41s                             clipfrac          0.093  │
│                                                     bc                0.000  │
│                                                                              │
│  User Stats                    Value    User Stats                    Value  │
│  episode_return                6.646    damage_dealt                714.196  │
│  damage_received              67.085    episode_length              141.826  │
│  wins                          0.000    wave                         68.000  │
│  idle_ticks                    0.038    brews_used                    1.572  │
│  blood_healed                  0.000    prayer_correct_rate           0.227  │
│  unavoidable_off_praye…        0.006    brews_remaining              10.428  │
│  restores_remaining           11.778    prayer_at_death              89.143  │
│  current_ranged               95.329    current_magic                86.879  │
│  behind_shield_pct             0.769    zuk_hp_remaining            485.613  │
│  min_zuk_hp_seen             485.804    hp_restored                   0.048  │
│  zuk_healer_damage             0.000    deaths_to_jad                 0.066  │
│  episode_return_normal         6.646    wins_normal                   0.000  │
│  min_zuk_hp_normal           485.804    score_normal                  0.595  │
│  zuk_objective_normal          0.595    phase_reached_normal          1.872  │
│  death_tick_normal           141.826    frac_min_hp_le_300_no…        0.038  │
╰──────────────────────────────────────────────────────────────────────────────╯

[0;0H╭──────────────────────────────────────────────────────────────────────────────╮
│  PufferLib 4.0       🐡           GPU: 0%      VRAM: 0.4/18G      RAM: 0.6G  │
│                                                                              │
│  Summary          Value    Evaluate   250ms  37%    Losses            Value  │
│  Env       osrs_inferno      GPU      207ms  31%    policy           -0.006  │
│  Params          752.1K      Env       43ms   6%    value             0.030  │
│  Steps            40.0M    Train      409ms  62%    entropy           0.876  │
│  SPS             245.9K      Misc       0ms   0%    total             0.007  │
│  Epoch             1220      Forwa…     0ms   0%    old_kl            0.003  │
│  Uptime    0d 0h 2m 42s                             kl                0.002  │
│  Remaini…  0d 0h 0m 40s                             clipfrac          0.094  │
│                                                     bc                0.000  │
│                                                                              │
│  User Stats                    Value    User Stats                    Value  │
│  episode_return                6.098    damage_dealt                662.218  │
│  damage_received              68.522    episode_length              144.436  │
│  wins                          0.000    wave                         68.000  │
│  idle_ticks                    0.200    brews_used                    1.615  │
│  blood_healed                  0.000    prayer_correct_rate           0.224  │
│  unavoidable_off_praye…        0.003    brews_remaining              10.385  │
│  restores_remaining           11.769    prayer_at_death              88.905  │
│  current_ranged               95.441    current_magic                86.990  │
│  behind_shield_pct             0.768    zuk_hp_remaining            540.047  │
│  min_zuk_hp_seen             538.369    hp_restored                   2.260  │
│  zuk_healer_damage             0.030    deaths_to_jad                 0.027  │
│  episode_return_normal         6.098    wins_normal                   0.000  │
│  min_zuk_hp_normal           538.369    score_normal                  0.551  │
│  zuk_objective_normal          0.551    phase_reached_normal          1.685  │
│  death_tick_normal           144.436    frac_min_hp_le_300_no…        0.045  │
╰──────────────────────────────────────────────────────────────────────────────╯

[0;0H╭──────────────────────────────────────────────────────────────────────────────╮
│  PufferLib 4.0      🐡            GPU: 0%      VRAM: 0.4/18G      RAM: 0.6G  │
│                                                                              │
│  Summary          Value    Evaluate   252ms  38%    Losses            Value  │
│  Env       osrs_inferno      GPU      209ms  31%    policy            0.006  │
│  Params          752.1K      Env       43ms   6%    value             0.033  │
│  Steps            40.1M    Train      411ms  61%    entropy           0.870  │
│  SPS             244.7K      Misc       0ms   0%    total             0.021  │
│  Epoch             1225      Forwa…     0ms   0%    old_kl            0.004  │
│  Uptime    0d 0h 2m 43s                             kl                0.003  │
│  Remaini…  0d 0h 0m 40s                             clipfrac          0.090  │
│                                                     bc                0.000  │
│                                                                              │
│  User Stats                    Value    User Stats                    Value  │
│  episode_return                6.298    damage_dealt                688.001  │
│  damage_received              62.997    episode_length              141.128  │
│  wins                          0.000    wave                         68.000  │
│  idle_ticks                    0.443    brews_used                    1.630  │
│  blood_healed                  0.000    prayer_correct_rate           0.209  │
│  unavoidable_off_praye…        0.002    brews_remaining              10.370  │
│  restores_remaining           11.760    prayer_at_death              89.767  │
│  current_ranged               96.684    current_magic                87.884  │
│  behind_shield_pct             0.772    zuk_hp_remaining            520.019  │
│  min_zuk_hp_seen             512.979    hp_restored                   8.413  │
│  zuk_healer_damage             0.106    deaths_to_jad                 0.051  │
│  episode_return_normal         6.298    wins_normal                   0.000  │
│  min_zuk_hp_normal           512.979    score_normal                  0.573  │
│  zuk_objective_normal          0.573    phase_reached_normal          1.778  │
│  death_tick_normal           141.128    frac_min_hp_le_300_no…        0.115  │
╰──────────────────────────────────────────────────────────────────────────────╯

[0;0H╭──────────────────────────────────────────────────────────────────────────────╮
│  PufferLib 4.0     🐡             GPU: 0%      VRAM: 0.4/18G      RAM: 0.6G  │
│                                                                              │
│  Summary          Value    Evaluate   251ms  38%    Losses            Value  │
│  Env       osrs_inferno      GPU      208ms  31%    policy           -0.005  │
│  Params          752.1K      Env       43ms   6%    value             0.030  │
│  Steps            40.3M    Train      408ms  61%    entropy           0.883  │
│  SPS             245.9K      Misc       0ms   0%    total             0.009  │
│  Epoch             1230      Forwa…     0ms   0%    old_kl            0.002  │
│  Uptime    0d 0h 2m 44s                             kl                0.003  │
│  Remaini…  0d 0h 0m 39s                             clipfrac          0.087  │
│                                                     bc                0.000  │
│                                                                              │
│  User Stats                    Value    User Stats                    Value  │
│  episode_return                6.614    damage_dealt                713.576  │
│  damage_received              65.705    episode_length              142.752  │
│  wins                          0.000    wave                         68.000  │
│  idle_ticks                    0.122    brews_used                    1.596  │
│  blood_healed                  0.000    prayer_correct_rate           0.218  │
│  unavoidable_off_praye…        0.003    brews_remaining              10.404  │
│  restores_remaining           11.828    prayer_at_death              88.646  │
│  current_ranged               94.989    current_magic                86.423  │
│  behind_shield_pct             0.774    zuk_hp_remaining            487.740  │
│  min_zuk_hp_seen             486.868    hp_restored                   2.244  │
│  zuk_healer_damage             0.044    deaths_to_jad                 0.070  │
│  episode_return_normal         6.614    wins_normal                   0.000  │
│  min_zuk_hp_normal           486.868    score_normal                  0.594  │
│  zuk_objective_normal          0.594    phase_reached_normal          1.871  │
│  death_tick_normal           142.752    frac_min_hp_le_300_no…        0.066  │
╰──────────────────────────────────────────────────────────────────────────────╯

[0;0H╭──────────────────────────────────────────────────────────────────────────────╮
│  PufferLib 4.0    🐡              GPU: 0%      VRAM: 0.4/18G      RAM: 0.6G  │
│                                                                              │
│  Summary          Value    Evaluate   252ms  38%    Losses            Value  │
│  Env       osrs_inferno      GPU      209ms  31%    policy           -0.005  │
│  Params          752.1K      Env       43ms   6%    value             0.028  │
│  Steps            40.5M    Train      408ms  61%    entropy           0.876  │
│  SPS             245.5K      Misc       0ms   0%    total             0.008  │
│  Epoch             1235      Forwa…     0ms   0%    old_kl            0.003  │
│  Uptime    0d 0h 2m 44s                             kl                0.002  │
│  Remaini…  0d 0h 0m 38s                             clipfrac          0.088  │
│                                                     bc                0.000  │
│                                                                              │
│  User Stats                    Value    User Stats                    Value  │
│  episode_return                6.342    damage_dealt                684.206  │
│  damage_received              64.570    episode_length              144.614  │
│  wins                          0.000    wave                         68.000  │
│  idle_ticks                    0.111    brews_used                    1.744  │
│  blood_healed                  0.000    prayer_correct_rate           0.234  │
│  unavoidable_off_praye…        0.001    brews_remaining              10.256  │
│  restores_remaining           11.822    prayer_at_death              88.192  │
│  current_ranged               93.153    current_magic                84.772  │
│  behind_shield_pct             0.770    zuk_hp_remaining            515.242  │
│  min_zuk_hp_seen             515.800    hp_restored                   0.000  │
│  zuk_healer_damage             0.000    deaths_to_jad                 0.055  │
│  episode_return_normal         6.342    wins_normal                   0.000  │
│  min_zuk_hp_normal           515.800    score_normal                  0.570  │
│  zuk_objective_normal          0.570    phase_reached_normal          1.788  │
│  death_tick_normal           144.614    frac_min_hp_le_300_no…        0.017  │
╰──────────────────────────────────────────────────────────────────────────────╯

[0;0H╭──────────────────────────────────────────────────────────────────────────────╮
│  PufferLib 4.0   🐡               GPU: 0%      VRAM: 0.4/18G      RAM: 0.6G  │
│                                                                              │
│  Summary          Value    Evaluate   250ms  38%    Losses            Value  │
│  Env       osrs_inferno      GPU      208ms  31%    policy            0.008  │
│  Params          752.1K      Env       42ms   6%    value             0.026  │
│  Steps            40.6M    Train      407ms  61%    entropy           0.882  │
│  SPS             246.3K      Misc       0ms   0%    total             0.020  │
│  Epoch             1240      Forwa…     0ms   0%    old_kl            0.002  │
│  Uptime    0d 0h 2m 45s                             kl                0.019  │
│  Remaini…  0d 0h 0m 38s                             clipfrac          0.090  │
│                                                     bc                0.000  │
│                                                                              │
│  User Stats                    Value    User Stats                    Value  │
│  episode_return                6.061    damage_dealt                656.147  │
│  damage_received              68.935    episode_length              146.289  │
│  wins                          0.000    wave                         68.000  │
│  idle_ticks                    0.105    brews_used                    1.856  │
│  blood_healed                  0.000    prayer_correct_rate           0.243  │
│  unavoidable_off_praye…        0.004    brews_remaining              10.144  │
│  restores_remaining           11.741    prayer_at_death              88.885  │
│  current_ranged               92.844    current_magic                84.924  │
│  behind_shield_pct             0.764    zuk_hp_remaining            543.420  │
│  min_zuk_hp_seen             543.897    hp_restored                   0.000  │
│  zuk_healer_damage             0.000    deaths_to_jad                 0.041  │
│  episode_return_normal         6.061    wins_normal                   0.000  │
│  min_zuk_hp_normal           543.897    score_normal                  0.547  │
│  zuk_objective_normal          0.547    phase_reached_normal          1.726  │
│  death_tick_normal           146.289    frac_min_hp_le_300_no…        0.027  │
╰──────────────────────────────────────────────────────────────────────────────╯

[0;0H╭──────────────────────────────────────────────────────────────────────────────╮
│  PufferLib 4.0  🐡                GPU: 0%      VRAM: 0.4/18G      RAM: 0.6G  │
│                                                                              │
│  Summary          Value    Evaluate   251ms  37%    Losses            Value  │
│  Env       osrs_inferno      GPU      208ms  31%    policy            0.004  │
│  Params          752.1K      Env       42ms   6%    value             0.027  │
│  Steps            40.8M    Train      411ms  62%    entropy           0.886  │
│  SPS             244.7K      Misc       0ms   0%    total             0.016  │
│  Epoch             1245      Forwa…     0ms   0%    old_kl            0.003  │
│  Uptime    0d 0h 2m 46s                             kl                0.002  │
│  Remaini…  0d 0h 0m 37s                             clipfrac          0.091  │
│                                                     bc                0.000  │
│                                                                              │
│  User Stats                    Value    User Stats                    Value  │
│  episode_return                6.012    damage_dealt                651.238  │
│  damage_received              70.455    episode_length              144.679  │
│  wins                          0.000    wave                         68.000  │
│  idle_ticks                    0.059    brews_used                    1.896  │
│  blood_healed                  0.000    prayer_correct_rate           0.248  │
│  unavoidable_off_praye…        0.004    brews_remaining              10.104  │
│  restores_remaining           11.702    prayer_at_death              89.407  │
│  current_ranged               92.178    current_magic                84.620  │
│  behind_shield_pct             0.762    zuk_hp_remaining            548.839  │
│  min_zuk_hp_seen             548.762    hp_restored                   0.178  │
│  zuk_healer_damage             0.000    deaths_to_jad                 0.042  │
│  episode_return_normal         6.012    wins_normal                   0.000  │
│  min_zuk_hp_normal           548.762    score_normal                  0.543  │
│  zuk_objective_normal          0.543    phase_reached_normal          1.675  │
│  death_tick_normal           144.679    frac_min_hp_le_300_no…        0.036  │
╰──────────────────────────────────────────────────────────────────────────────╯

[0;0H╭──────────────────────────────────────────────────────────────────────────────╮
│  PufferLib 4.0 🐡                 GPU: 0%      VRAM: 0.4/18G      RAM: 0.6G  │
│                                                                              │
│  Summary          Value    Evaluate   249ms  37%    Losses            Value  │
│  Env       osrs_inferno      GPU      207ms  31%    policy            0.003  │
│  Params          752.1K      Env       42ms   6%    value             0.029  │
│  Steps            41.0M    Train      409ms  62%    entropy           0.885  │
│  SPS             246.1K      Misc       0ms   0%    total             0.016  │
│  Epoch             1250      Forwa…     0ms   0%    old_kl            0.003  │
│  Uptime    0d 0h 2m 46s                             kl                0.002  │
│  Remaini…  0d 0h 0m 36s                             clipfrac          0.088  │
│                                                     bc                0.000  │
│                                                                              │
│  User Stats                    Value    User Stats                    Value  │
│  episode_return                6.291    damage_dealt                679.587  │
│  damage_received              61.009    episode_length              141.742  │
│  wins                          0.000    wave                         68.000  │
│  idle_ticks                    0.056    brews_used                    1.544  │
│  blood_healed                  0.000    prayer_correct_rate           0.225  │
│  unavoidable_off_praye…        0.005    brews_remaining              10.456  │
│  restores_remaining           11.775    prayer_at_death              89.028  │
│  current_ranged               94.496    current_magic                86.522  │
│  behind_shield_pct             0.774    zuk_hp_remaining            520.796  │
│  min_zuk_hp_seen             520.611    hp_restored                   0.461  │
│  zuk_healer_damage             0.003    deaths_to_jad                 0.080  │
│  episode_return_normal         6.291    wins_normal                   0.000  │
│  min_zuk_hp_normal           520.611    score_normal                  0.566  │
│  zuk_objective_normal          0.566    phase_reached_normal          1.760  │
│  death_tick_normal           141.742    frac_min_hp_le_300_no…        0.032  │
╰──────────────────────────────────────────────────────────────────────────────╯

[0;0H╭──────────────────────────────────────────────────────────────────────────────╮
│  PufferLib 4.0          🐡        GPU: 0%      VRAM: 0.4/18G      RAM: 0.6G  │
│                                                                              │
│  Summary          Value    Evaluate   250ms  37%    Losses            Value  │
│  Env       osrs_inferno      GPU      208ms  31%    policy            0.021  │
│  Params          752.1K      Env       42ms   6%    value             0.026  │
│  Steps            41.1M    Train      410ms  62%    entropy           0.881  │
│  SPS             245.3K      Misc       0ms   0%    total             0.033  │
│  Epoch             1255      Forwa…     0ms   0%    old_kl            0.003  │
│  Uptime    0d 0h 2m 47s                             kl                0.002  │
│  Remaini…  0d 0h 0m 36s                             clipfrac          0.087  │
│                                                     bc                0.000  │
│                                                                              │
│  User Stats                    Value    User Stats                    Value  │
│  episode_return                6.600    damage_dealt                710.518  │
│  damage_received              61.436    episode_length              143.725  │
│  wins                          0.000    wave                         68.000  │
│  idle_ticks                    0.102    brews_used                    1.573  │
│  blood_healed                  0.000    prayer_correct_rate           0.230  │
│  unavoidable_off_praye…        0.003    brews_remaining              10.427  │
│  restores_remaining           11.752    prayer_at_death              89.036  │
│  current_ranged               94.623    current_magic                87.026  │
│  behind_shield_pct             0.770    zuk_hp_remaining            489.807  │
│  min_zuk_hp_seen             489.604    hp_restored                   0.513  │
│  zuk_healer_damage             0.008    deaths_to_jad                 0.099  │
│  episode_return_normal         6.600    wins_normal                   0.000  │
│  min_zuk_hp_normal           489.604    score_normal                  0.592  │
│  zuk_objective_normal          0.592    phase_reached_normal          1.879  │
│  death_tick_normal           143.725    frac_min_hp_le_300_no…        0.034  │
╰──────────────────────────────────────────────────────────────────────────────╯

[0;0H╭──────────────────────────────────────────────────────────────────────────────╮
│  PufferLib 4.0         🐡         GPU: 0%      VRAM: 0.4/18G      RAM: 0.6G  │
│                                                                              │
│  Summary          Value    Evaluate   251ms  38%    Losses            Value  │
│  Env       osrs_inferno      GPU      208ms  31%    policy            0.018  │
│  Params          752.1K      Env       42ms   6%    value             0.027  │
│  Steps            41.3M    Train      409ms  61%    entropy           0.866  │
│  SPS             245.6K      Misc       0ms   0%    total             0.030  │
│  Epoch             1260      Forwa…     0ms   0%    old_kl            0.002  │
│  Uptime    0d 0h 2m 48s                             kl                0.002  │
│  Remaini…  0d 0h 0m 35s                             clipfrac          0.093  │
│                                                     bc                0.000  │
│                                                                              │
│  User Stats                    Value    User Stats                    Value  │
│  episode_return                5.835    damage_dealt                633.506  │
│  damage_received              74.546    episode_length              144.315  │
│  wins                          0.000    wave                         68.000  │
│  idle_ticks                    0.164    brews_used                    1.907  │
│  blood_healed                  0.000    prayer_correct_rate           0.244  │
│  unavoidable_off_praye…        0.002    brews_remaining              10.093  │
│  restores_remaining           11.733    prayer_at_death              89.148  │
│  current_ranged               91.062    current_magic                84.008  │
│  behind_shield_pct             0.761    zuk_hp_remaining            566.085  │
│  min_zuk_hp_seen             566.494    hp_restored                   0.000  │
│  zuk_healer_damage             0.000    deaths_to_jad                 0.044  │
│  episode_return_normal         5.835    wins_normal                   0.000  │
│  min_zuk_hp_normal           566.494    score_normal                  0.528  │
│  zuk_objective_normal          0.528    phase_reached_normal          1.611  │
│  death_tick_normal           144.315    frac_min_hp_le_300_no…        0.032  │
╰──────────────────────────────────────────────────────────────────────────────╯

[0;0H╭──────────────────────────────────────────────────────────────────────────────╮
│  PufferLib 4.0        🐡          GPU: 0%      VRAM: 0.4/18G      RAM: 0.6G  │
│                                                                              │
│  Summary          Value    Evaluate   251ms  37%    Losses            Value  │
│  Env       osrs_inferno      GPU      208ms  31%    policy            0.007  │
│  Params          752.1K      Env       42ms   6%    value             0.028  │
│  Steps            41.5M    Train      410ms  62%    entropy           0.854  │
│  SPS             245.2K      Misc       0ms   0%    total             0.020  │
│  Epoch             1265      Forwa…     0ms   0%    old_kl            0.002  │
│  Uptime    0d 0h 2m 48s                             kl                0.002  │
│  Remaini…  0d 0h 0m 34s                             clipfrac          0.081  │
│                                                     bc                0.000  │
│                                                                              │
│  User Stats                    Value    User Stats                    Value  │
│  episode_return                5.612    damage_dealt                611.420  │
│  damage_received              70.766    episode_length              142.443  │
│  wins                          0.000    wave                         68.000  │
│  idle_ticks                    0.076    brews_used                    1.703  │
│  blood_healed                  0.000    prayer_correct_rate           0.226  │
│  unavoidable_off_praye…        0.001    brews_remaining              10.297  │
│  restores_remaining           11.822    prayer_at_death              88.523  │
│  current_ranged               92.605    current_magic                84.665  │
│  behind_shield_pct             0.771    zuk_hp_remaining            588.360  │
│  min_zuk_hp_seen             588.634    hp_restored                   0.279  │
│  zuk_healer_damage             0.000    deaths_to_jad                 0.047  │
│  episode_return_normal         5.612    wins_normal                   0.000  │
│  min_zuk_hp_normal           588.634    score_normal                  0.509  │
│  zuk_objective_normal          0.509    phase_reached_normal          1.505  │
│  death_tick_normal           142.443    frac_min_hp_le_300_no…        0.033  │
╰──────────────────────────────────────────────────────────────────────────────╯

[0;0H╭──────────────────────────────────────────────────────────────────────────────╮
│  PufferLib 4.0       🐡           GPU: 0%      VRAM: 0.4/18G      RAM: 0.6G  │
│                                                                              │
│  Summary          Value    Evaluate   249ms  37%    Losses            Value  │
│  Env       osrs_inferno      GPU      207ms  31%    policy            0.008  │
│  Params          752.1K      Env       42ms   6%    value             0.029  │
│  Steps            41.6M    Train      409ms  62%    entropy           0.833  │
│  SPS             246.1K      Misc       0ms   0%    total             0.021  │
│  Epoch             1270      Forwa…     0ms   0%    old_kl            0.002  │
│  Uptime    0d 0h 2m 49s                             kl                0.002  │
│  Remaini…  0d 0h 0m 34s                             clipfrac          0.088  │
│                                                     bc                0.000  │
│                                                                              │
│  User Stats                    Value    User Stats                    Value  │
│  episode_return                6.094    damage_dealt                659.578  │
│  damage_received              62.413    episode_length              142.599  │
│  wins                          0.000    wave                         68.000  │
│  idle_ticks                    0.111    brews_used                    1.594  │
│  blood_healed                  0.000    prayer_correct_rate           0.225  │
│  unavoidable_off_praye…        0.002    brews_remaining              10.406  │
│  restores_remaining           11.870    prayer_at_death              87.881  │
│  current_ranged               93.105    current_magic                84.941  │
│  behind_shield_pct             0.774    zuk_hp_remaining            540.461  │
│  min_zuk_hp_seen             540.461    hp_restored                   0.289  │
│  zuk_healer_damage             0.000    deaths_to_jad                 0.059  │
│  episode_return_normal         6.094    wins_normal                   0.000  │
│  min_zuk_hp_normal           540.461    score_normal                  0.550  │
│  zuk_objective_normal          0.550    phase_reached_normal          1.673  │
│  death_tick_normal           142.599    frac_min_hp_le_300_no…        0.040  │
╰──────────────────────────────────────────────────────────────────────────────╯

[0;0H╭──────────────────────────────────────────────────────────────────────────────╮
│  PufferLib 4.0      🐡            GPU: 0%      VRAM: 0.4/18G      RAM: 0.6G  │
│                                                                              │
│  Summary          Value    Evaluate   249ms  37%    Losses            Value  │
│  Env       osrs_inferno      GPU      206ms  31%    policy            0.005  │
│  Params          752.1K      Env       42ms   6%    value             0.029  │
│  Steps            41.8M    Train      408ms  62%    entropy           0.812  │
│  SPS             247.0K      Misc       0ms   0%    total             0.018  │
│  Epoch             1275      Forwa…     0ms   0%    old_kl            0.002  │
│  Uptime    0d 0h 2m 50s                             kl                0.002  │
│  Remaini…  0d 0h 0m 33s                             clipfrac          0.081  │
│                                                     bc                0.000  │
│                                                                              │
│  User Stats                    Value    User Stats                    Value  │
│  episode_return                6.294    damage_dealt                679.837  │
│  damage_received              63.370    episode_length              141.918  │
│  wins                          0.000    wave                         68.000  │
│  idle_ticks                    0.064    brews_used                    1.627  │
│  blood_healed                  0.000    prayer_correct_rate           0.227  │
│  unavoidable_off_praye…        0.002    brews_remaining              10.373  │
│  restores_remaining           11.888    prayer_at_death              87.971  │
│  current_ranged               92.985    current_magic                84.792  │
│  behind_shield_pct             0.771    zuk_hp_remaining            520.443  │
│  min_zuk_hp_seen             520.174    hp_restored                   0.562  │
│  zuk_healer_damage             0.000    deaths_to_jad                 0.026  │
│  episode_return_normal         6.294    wins_normal                   0.000  │
│  min_zuk_hp_normal           520.174    score_normal                  0.567  │
│  zuk_objective_normal          0.567    phase_reached_normal          1.780  │
│  death_tick_normal           141.918    frac_min_hp_le_300_no…        0.024  │
╰──────────────────────────────────────────────────────────────────────────────╯

[0;0H╭──────────────────────────────────────────────────────────────────────────────╮
│  PufferLib 4.0     🐡             GPU: 0%      VRAM: 0.4/18G      RAM: 0.6G  │
│                                                                              │
│  Summary          Value    Evaluate   250ms  37%    Losses            Value  │
│  Env       osrs_inferno      GPU      208ms  31%    policy           -0.002  │
│  Params          752.1K      Env       42ms   6%    value             0.032  │
│  Steps            41.9M    Train      412ms  62%    entropy           0.810  │
│  SPS             244.6K      Misc       0ms   0%    total             0.013  │
│  Epoch             1280      Forwa…     0ms   0%    old_kl            0.003  │
│  Uptime    0d 0h 2m 50s                             kl                0.003  │
│  Remaini…  0d 0h 0m 32s                             clipfrac          0.083  │
│                                                     bc                0.000  │
│                                                                              │
│  User Stats                    Value    User Stats                    Value  │
│  episode_return                6.284    damage_dealt                678.455  │
│  damage_received              64.359    episode_length              142.497  │
│  wins                          0.000    wave                         68.000  │
│  idle_ticks                    0.013    brews_used                    1.693  │
│  blood_healed                  0.000    prayer_correct_rate           0.238  │
│  unavoidable_off_praye…        0.002    brews_remaining              10.307  │
│  restores_remaining           11.795    prayer_at_death              89.014  │
│  current_ranged               93.533    current_magic                85.542  │
│  behind_shield_pct             0.767    zuk_hp_remaining            521.489  │
│  min_zuk_hp_seen             521.552    hp_restored                   0.031  │
│  zuk_healer_damage             0.000    deaths_to_jad                 0.027  │
│  episode_return_normal         6.284    wins_normal                   0.000  │
│  min_zuk_hp_normal           521.552    score_normal                  0.565  │
│  zuk_objective_normal          0.565    phase_reached_normal          1.757  │
│  death_tick_normal           142.497    frac_min_hp_le_300_no…        0.030  │
╰──────────────────────────────────────────────────────────────────────────────╯

[0;0H╭──────────────────────────────────────────────────────────────────────────────╮
│  PufferLib 4.0    🐡              GPU: 0%      VRAM: 0.4/18G      RAM: 0.6G  │
│                                                                              │
│  Summary          Value    Evaluate   251ms  37%    Losses            Value  │
│  Env       osrs_inferno      GPU      208ms  31%    policy           -0.001  │
│  Params          752.1K      Env       42ms   6%    value             0.032  │
│  Steps            42.1M    Train      413ms  62%    entropy           0.807  │
│  SPS             244.3K      Misc       0ms   0%    total             0.014  │
│  Epoch             1285      Forwa…     0ms   0%    old_kl            0.002  │
│  Uptime    0d 0h 2m 51s                             kl                0.003  │
│  Remaini…  0d 0h 0m 32s                             clipfrac          0.084  │
│                                                     bc                0.000  │
│                                                                              │
│  User Stats                    Value    User Stats                    Value  │
│  episode_return                6.102    damage_dealt                660.200  │
│  damage_received              63.587    episode_length              143.964  │
│  wins                          0.000    wave                         68.000  │
│  idle_ticks                    0.041    brews_used                    1.621  │
│  blood_healed                  0.000    prayer_correct_rate           0.241  │
│  unavoidable_off_praye…        0.002    brews_remaining              10.379  │
│  restores_remaining           11.768    prayer_at_death              89.169  │
│  current_ranged               94.490    current_magic                86.513  │
│  behind_shield_pct             0.768    zuk_hp_remaining            539.798  │
│  min_zuk_hp_seen             539.849    hp_restored                   0.000  │
│  zuk_healer_damage             0.000    deaths_to_jad                 0.042  │
│  episode_return_normal         6.102    wins_normal                   0.000  │
│  min_zuk_hp_normal           539.849    score_normal                  0.550  │
│  zuk_objective_normal          0.550    phase_reached_normal          1.690  │
│  death_tick_normal           143.964    frac_min_hp_le_300_no…        0.033  │
╰──────────────────────────────────────────────────────────────────────────────╯

[0;0H╭──────────────────────────────────────────────────────────────────────────────╮
│  PufferLib 4.0   🐡               GPU: 0%      VRAM: 0.4/18G      RAM: 0.6G  │
│                                                                              │
│  Summary          Value    Evaluate   251ms  37%    Losses            Value  │
│  Env       osrs_inferno      GPU      208ms  31%    policy           -0.010  │
│  Params          752.1K      Env       42ms   6%    value             0.031  │
│  Steps            42.3M    Train      410ms  62%    entropy           0.803  │
│  SPS             245.2K      Misc       0ms   0%    total             0.005  │
│  Epoch             1290      Forwa…     0ms   0%    old_kl            0.002  │
│  Uptime    0d 0h 2m 52s                             kl                0.002  │
│  Remaini…  0d 0h 0m 31s                             clipfrac          0.081  │
│                                                     bc                0.000  │
│                                                                              │
│  User Stats                    Value    User Stats                    Value  │
│  episode_return                6.109    damage_dealt                661.147  │
│  damage_received              73.126    episode_length              144.797  │
│  wins                          0.000    wave                         68.000  │
│  idle_ticks                    0.025    brews_used                    1.802  │
│  blood_healed                  0.000    prayer_correct_rate           0.249  │
│  unavoidable_off_praye…        0.001    brews_remaining              10.198  │
│  restores_remaining           11.730    prayer_at_death              89.290  │
│  current_ranged               92.340    current_magic                85.052  │
│  behind_shield_pct             0.760    zuk_hp_remaining            538.937  │
│  min_zuk_hp_seen             538.942    hp_restored                   0.285  │
│  zuk_healer_damage             0.000    deaths_to_jad                 0.052  │
│  episode_return_normal         6.109    wins_normal                   0.000  │
│  min_zuk_hp_normal           538.942    score_normal                  0.551  │
│  zuk_objective_normal          0.551    phase_reached_normal          1.739  │
│  death_tick_normal           144.797    frac_min_hp_le_300_no…        0.024  │
╰──────────────────────────────────────────────────────────────────────────────╯

[0;0H╭──────────────────────────────────────────────────────────────────────────────╮
│  PufferLib 4.0  🐡                GPU: 0%      VRAM: 0.4/18G      RAM: 0.6G  │
│                                                                              │
│  Summary          Value    Evaluate   250ms  37%    Losses            Value  │
│  Env       osrs_inferno      GPU      208ms  31%    policy            0.012  │
│  Params          752.1K      Env       42ms   6%    value             0.026  │
│  Steps            42.4M    Train      409ms  62%    entropy           0.783  │
│  SPS             245.6K      Misc       0ms   0%    total             0.024  │
│  Epoch             1295      Forwa…     0ms   0%    old_kl            0.002  │
│  Uptime    0d 0h 2m 52s                             kl                0.002  │
│  Remaini…  0d 0h 0m 30s                             clipfrac          0.080  │
│                                                     bc                0.000  │
│                                                                              │
│  User Stats                    Value    User Stats                    Value  │
│  episode_return                6.212    damage_dealt                671.193  │
│  damage_received              77.850    episode_length              144.702  │
│  wins                          0.000    wave                         68.000  │
│  idle_ticks                    0.088    brews_used                    2.058  │
│  blood_healed                  0.000    prayer_correct_rate           0.257  │
│  unavoidable_off_praye…        0.001    brews_remaining               9.942  │
│  restores_remaining           11.700    prayer_at_death              89.407  │
│  current_ranged               90.062    current_magic                83.153  │
│  behind_shield_pct             0.754    zuk_hp_remaining            528.757  │
│  min_zuk_hp_seen             528.847    hp_restored                   0.072  │
│  zuk_healer_damage             0.000    deaths_to_jad                 0.025  │
│  episode_return_normal         6.212    wins_normal                   0.000  │
│  min_zuk_hp_normal           528.847    score_normal                  0.559  │
│  zuk_objective_normal          0.559    phase_reached_normal          1.727  │
│  death_tick_normal           144.702    frac_min_hp_le_300_no…        0.018  │
╰──────────────────────────────────────────────────────────────────────────────╯

[0;0H╭──────────────────────────────────────────────────────────────────────────────╮
│  PufferLib 4.0 🐡                 GPU: 0%      VRAM: 0.4/18G      RAM: 0.6G  │
│                                                                              │
│  Summary          Value    Evaluate   250ms  37%    Losses            Value  │
│  Env       osrs_inferno      GPU      208ms  31%    policy            0.010  │
│  Params          752.1K      Env       42ms   6%    value             0.030  │
│  Steps            42.6M    Train      409ms  62%    entropy           0.784  │
│  SPS             245.8K      Misc       0ms   0%    total             0.023  │
│  Epoch             1300      Forwa…     0ms   0%    old_kl            0.003  │
│  Uptime    0d 0h 2m 53s                             kl                0.003  │
│  Remaini…  0d 0h 0m 30s                             clipfrac          0.078  │
│                                                     bc                0.000  │
│                                                                              │
│  User Stats                    Value    User Stats                    Value  │
│  episode_return                6.303    damage_dealt                680.591  │
│  damage_received              72.004    episode_length              142.940  │
│  wins                          0.000    wave                         68.000  │
│  idle_ticks                    0.101    brews_used                    1.746  │
│  blood_healed                  0.000    prayer_correct_rate           0.242  │
│  unavoidable_off_praye…        0.002    brews_remaining              10.254  │
│  restores_remaining           11.703    prayer_at_death              89.624  │
│  current_ranged               93.344    current_magic                85.885  │
│  behind_shield_pct             0.764    zuk_hp_remaining            519.603  │
│  min_zuk_hp_seen             519.409    hp_restored                   0.322  │
│  zuk_healer_damage             0.000    deaths_to_jad                 0.026  │
│  episode_return_normal         6.303    wins_normal                   0.000  │
│  min_zuk_hp_normal           519.409    score_normal                  0.567  │
│  zuk_objective_normal          0.567    phase_reached_normal          1.783  │
│  death_tick_normal           142.940    frac_min_hp_le_300_no…        0.045  │
╰──────────────────────────────────────────────────────────────────────────────╯

[0;0H╭──────────────────────────────────────────────────────────────────────────────╮
│  PufferLib 4.0          🐡        GPU: 0%      VRAM: 0.4/18G      RAM: 0.6G  │
│                                                                              │
│  Summary          Value    Evaluate   250ms  37%    Losses            Value  │
│  Env       osrs_inferno      GPU      207ms  31%    policy           -0.000  │
│  Params          752.1K      Env       42ms   6%    value             0.029  │
│  Steps            42.8M    Train      411ms  62%    entropy           0.790  │
│  SPS             245.4K      Misc       0ms   0%    total             0.013  │
│  Epoch             1305      Forwa…     0ms   0%    old_kl            0.003  │
│  Uptime    0d 0h 2m 54s                             kl                0.002  │
│  Remaini…  0d 0h 0m 29s                             clipfrac          0.078  │
│                                                     bc                0.000  │
│                                                                              │
│  User Stats                    Value    User Stats                    Value  │
│  episode_return                6.166    damage_dealt                667.952  │
│  damage_received              70.332    episode_length              143.951  │
│  wins                          0.000    wave                         68.000  │
│  idle_ticks                    0.170    brews_used                    1.663  │
│  blood_healed                  0.000    prayer_correct_rate           0.236  │
│  unavoidable_off_praye…        0.004    brews_remaining              10.337  │
│  restores_remaining           11.740    prayer_at_death              89.114  │
│  current_ranged               94.266    current_magic                86.409  │
│  behind_shield_pct             0.766    zuk_hp_remaining            533.208  │
│  min_zuk_hp_seen             532.149    hp_restored                   1.375  │
│  zuk_healer_damage             0.009    deaths_to_jad                 0.051  │
│  episode_return_normal         6.166    wins_normal                   0.000  │
│  min_zuk_hp_normal           532.149    score_normal                  0.557  │
│  zuk_objective_normal          0.557    phase_reached_normal          1.716  │
│  death_tick_normal           143.951    frac_min_hp_le_300_no…        0.034  │
╰──────────────────────────────────────────────────────────────────────────────╯

[0;0H╭──────────────────────────────────────────────────────────────────────────────╮
│  PufferLib 4.0         🐡         GPU: 0%      VRAM: 0.4/18G      RAM: 0.6G  │
│                                                                              │
│  Summary          Value    Evaluate   252ms  37%    Losses            Value  │
│  Env       osrs_inferno      GPU      209ms  31%    policy           -0.001  │
│  Params          752.1K      Env       42ms   6%    value             0.025  │
│  Steps            42.9M    Train      411ms  62%    entropy           0.789  │
│  SPS             244.4K      Misc       0ms   0%    total             0.010  │
│  Epoch             1310      Forwa…     0ms   0%    old_kl            0.002  │
│  Uptime    0d 0h 2m 54s                             kl                0.002  │
│  Remaini…  0d 0h 0m 28s                             clipfrac          0.081  │
│                                                     bc                0.000  │
│                                                                              │
│  User Stats                    Value    User Stats                    Value  │
│  episode_return                6.077    damage_dealt                658.437  │
│  damage_received              76.368    episode_length              145.411  │
│  wins                          0.000    wave                         68.000  │
│  idle_ticks                    0.155    brews_used                    1.733  │
│  blood_healed                  0.000    prayer_correct_rate           0.243  │
│  unavoidable_off_praye…        0.001    brews_remaining              10.267  │
│  restores_remaining           11.737    prayer_at_death              88.849  │
│  current_ranged               94.000    current_magic                86.277  │
│  behind_shield_pct             0.761    zuk_hp_remaining            542.168  │
│  min_zuk_hp_seen             541.623    hp_restored                   0.777  │
│  zuk_healer_damage             0.011    deaths_to_jad                 0.041  │
│  episode_return_normal         6.077    wins_normal                   0.000  │
│  min_zuk_hp_normal           541.623    score_normal                  0.549  │
│  zuk_objective_normal          0.549    phase_reached_normal          1.628  │
│  death_tick_normal           145.411    frac_min_hp_le_300_no…        0.030  │
╰──────────────────────────────────────────────────────────────────────────────╯

[0;0H╭──────────────────────────────────────────────────────────────────────────────╮
│  PufferLib 4.0        🐡          GPU: 0%      VRAM: 0.4/18G      RAM: 0.6G  │
│                                                                              │
│  Summary          Value    Evaluate   251ms  37%    Losses            Value  │
│  Env       osrs_inferno      GPU      209ms  31%    policy           -0.003  │
│  Params          752.1K      Env       42ms   6%    value             0.028  │
│  Steps            43.1M    Train      412ms  62%    entropy           0.776  │
│  SPS             244.3K      Misc       0ms   0%    total             0.010  │
│  Epoch             1315      Forwa…     0ms   0%    old_kl            0.002  │
│  Uptime    0d 0h 2m 55s                             kl                0.002  │
│  Remaini…  0d 0h 0m 28s                             clipfrac          0.081  │
│                                                     bc                0.000  │
│                                                                              │
│  User Stats                    Value    User Stats                    Value  │
│  episode_return                6.337    damage_dealt                684.048  │
│  damage_received              78.334    episode_length              145.345  │
│  wins                          0.000    wave                         68.000  │
│  idle_ticks                    0.040    brews_used                    1.696  │
│  blood_healed                  0.000    prayer_correct_rate           0.237  │
│  unavoidable_off_praye…        0.002    brews_remaining              10.304  │
│  restores_remaining           11.725    prayer_at_death              89.434  │
│  current_ranged               95.076    current_magic                86.917  │
│  behind_shield_pct             0.762    zuk_hp_remaining            515.360  │
│  min_zuk_hp_seen             516.060    hp_restored                   0.478  │
│  zuk_healer_damage             0.011    deaths_to_jad                 0.055  │
│  episode_return_normal         6.337    wins_normal                   0.000  │
│  min_zuk_hp_normal           516.060    score_normal                  0.570  │
│  zuk_objective_normal          0.570    phase_reached_normal          1.737  │
│  death_tick_normal           145.345    frac_min_hp_le_300_no…        0.036  │
╰──────────────────────────────────────────────────────────────────────────────╯

[0;0H╭──────────────────────────────────────────────────────────────────────────────╮
│  PufferLib 4.0       🐡           GPU: 0%      VRAM: 0.4/18G      RAM: 0.6G  │
│                                                                              │
│  Summary          Value    Evaluate   252ms  38%    Losses            Value  │
│  Env       osrs_inferno      GPU      209ms  31%    policy           -0.005  │
│  Params          752.1K      Env       43ms   6%    value             0.029  │
│  Steps            43.3M    Train      408ms  61%    entropy           0.771  │
│  SPS             245.6K      Misc       0ms   0%    total             0.008  │
│  Epoch             1320      Forwa…     0ms   0%    old_kl            0.002  │
│  Uptime    0d 0h 2m 56s                             kl                0.002  │
│  Remaini…  0d 0h 0m 27s                             clipfrac          0.079  │
│                                                     bc                0.000  │
│                                                                              │
│  User Stats                    Value    User Stats                    Value  │
│  episode_return                6.613    damage_dealt                712.924  │
│  damage_received              72.548    episode_length              143.643  │
│  wins                          0.000    wave                         68.000  │
│  idle_ticks                    0.127    brews_used                    1.550  │
│  blood_healed                  0.000    prayer_correct_rate           0.235  │
│  unavoidable_off_praye…        0.004    brews_remaining              10.450  │
│  restores_remaining           11.750    prayer_at_death              89.446  │
│  current_ranged               95.527    current_magic                87.426  │
│  behind_shield_pct             0.768    zuk_hp_remaining            487.925  │
│  min_zuk_hp_seen             487.341    hp_restored                   1.497  │
│  zuk_healer_damage             0.036    deaths_to_jad                 0.073  │
│  episode_return_normal         6.613    wins_normal                   0.000  │
│  min_zuk_hp_normal           487.341    score_normal                  0.594  │
│  zuk_objective_normal          0.594    phase_reached_normal          1.831  │
│  death_tick_normal           143.643    frac_min_hp_le_300_no…        0.062  │
╰──────────────────────────────────────────────────────────────────────────────╯

[0;0H╭──────────────────────────────────────────────────────────────────────────────╮
│  PufferLib 4.0      🐡            GPU: 0%      VRAM: 0.4/18G      RAM: 0.6G  │
│                                                                              │
│  Summary          Value    Evaluate   247ms  37%    Losses            Value  │
│  Env       osrs_inferno      GPU      206ms  31%    policy           -0.002  │
│  Params          752.1K      Env       41ms   6%    value             0.031  │
│  Steps            43.4M    Train      411ms  62%    entropy           0.764  │
│  SPS             246.1K      Misc       0ms   0%    total             0.012  │
│  Epoch             1325      Forwa…     0ms   0%    old_kl            0.002  │
│  Uptime    0d 0h 2m 56s                             kl                0.002  │
│  Remaini…  0d 0h 0m 26s                             clipfrac          0.072  │
│                                                     bc                0.000  │
│                                                                              │
│  User Stats                    Value    User Stats                    Value  │
│  episode_return                6.519    damage_dealt                702.518  │
│  damage_received              72.430    episode_length              142.460  │
│  wins                          0.000    wave                         68.000  │
│  idle_ticks                    0.081    brews_used                    1.564  │
│  blood_healed                  0.000    prayer_correct_rate           0.241  │
│  unavoidable_off_praye…        0.002    brews_remaining              10.436  │
│  restores_remaining           11.753    prayer_at_death              89.444  │
│  current_ranged               95.404    current_magic                87.218  │
│  behind_shield_pct             0.768    zuk_hp_remaining            497.959  │
│  min_zuk_hp_seen             497.658    hp_restored                   0.639  │
│  zuk_healer_damage             0.041    deaths_to_jad                 0.069  │
│  episode_return_normal         6.519    wins_normal                   0.000  │
│  min_zuk_hp_normal           497.658    score_normal                  0.585  │
│  zuk_objective_normal          0.585    phase_reached_normal          1.792  │
│  death_tick_normal           142.460    frac_min_hp_le_300_no…        0.073  │
╰──────────────────────────────────────────────────────────────────────────────╯

[0;0H╭──────────────────────────────────────────────────────────────────────────────╮
│  PufferLib 4.0     🐡             GPU: 0%      VRAM: 0.4/18G      RAM: 0.6G  │
│                                                                              │
│  Summary          Value    Evaluate   249ms  37%    Losses            Value  │
│  Env       osrs_inferno      GPU      207ms  31%    policy            0.022  │
│  Params          752.1K      Env       42ms   6%    value             0.030  │
│  Steps            43.6M    Train      409ms  62%    entropy           0.754  │
│  SPS             245.9K      Misc       0ms   0%    total             0.036  │
│  Epoch             1330      Forwa…     0ms   0%    old_kl            0.002  │
│  Uptime    0d 0h 2m 57s                             kl                0.002  │
│  Remaini…  0d 0h 0m 26s                             clipfrac          0.074  │
│                                                     bc                0.000  │
│                                                                              │
│  User Stats                    Value    User Stats                    Value  │
│  episode_return                6.069    damage_dealt                657.354  │
│  damage_received              67.055    episode_length              142.421  │
│  wins                          0.000    wave                         68.000  │
│  idle_ticks                    0.123    brews_used                    1.522  │
│  blood_healed                  0.000    prayer_correct_rate           0.236  │
│  unavoidable_off_praye…        0.003    brews_remaining              10.478  │
│  restores_remaining           11.761    prayer_at_death              89.033  │
│  current_ranged               96.132    current_magic                87.475  │
│  behind_shield_pct             0.773    zuk_hp_remaining            543.149  │
│  min_zuk_hp_seen             542.804    hp_restored                   0.518  │
│  zuk_healer_damage             0.004    deaths_to_jad                 0.051  │
│  episode_return_normal         6.069    wins_normal                   0.000  │
│  min_zuk_hp_normal           542.804    score_normal                  0.548  │
│  zuk_objective_normal          0.548    phase_reached_normal          1.616  │
│  death_tick_normal           142.421    frac_min_hp_le_300_no…        0.046  │
╰──────────────────────────────────────────────────────────────────────────────╯

[0;0H╭──────────────────────────────────────────────────────────────────────────────╮
│  PufferLib 4.0    🐡              GPU: 0%      VRAM: 0.4/18G      RAM: 0.6G  │
│                                                                              │
│  Summary          Value    Evaluate   251ms  38%    Losses            Value  │
│  Env       osrs_inferno      GPU      208ms  31%    policy            0.012  │
│  Params          752.1K      Env       43ms   6%    value             0.030  │
│  Steps            43.7M    Train      408ms  61%    entropy           0.757  │
│  SPS             246.0K      Misc       0ms   0%    total             0.025  │
│  Epoch             1335      Forwa…     0ms   0%    old_kl            0.003  │
│  Uptime    0d 0h 2m 58s                             kl                0.003  │
│  Remaini…  0d 0h 0m 25s                             clipfrac          0.074  │
│                                                     bc                0.000  │
│                                                                              │
│  User Stats                    Value    User Stats                    Value  │
│  episode_return                5.971    damage_dealt                647.743  │
│  damage_received              73.937    episode_length              144.739  │
│  wins                          0.000    wave                         68.000  │
│  idle_ticks                    0.381    brews_used                    1.768  │
│  blood_healed                  0.000    prayer_correct_rate           0.240  │
│  unavoidable_off_praye…        0.002    brews_remaining              10.232  │
│  restores_remaining           11.744    prayer_at_death              88.883  │
│  current_ranged               93.193    current_magic                85.376  │
│  behind_shield_pct             0.765    zuk_hp_remaining            552.507  │
│  min_zuk_hp_seen             552.359    hp_restored                   0.589  │
│  zuk_healer_damage             0.018    deaths_to_jad                 0.033  │
│  episode_return_normal         5.971    wins_normal                   0.000  │
│  min_zuk_hp_normal           552.359    score_normal                  0.540  │
│  zuk_objective_normal          0.540    phase_reached_normal          1.654  │
│  death_tick_normal           144.739    frac_min_hp_le_300_no…        0.048  │
╰──────────────────────────────────────────────────────────────────────────────╯

[0;0H╭──────────────────────────────────────────────────────────────────────────────╮
│  PufferLib 4.0   🐡               GPU: 0%      VRAM: 0.4/18G      RAM: 0.6G  │
│                                                                              │
│  Summary          Value    Evaluate   251ms  37%    Losses            Value  │
│  Env       osrs_inferno      GPU      208ms  31%    policy            0.017  │
│  Params          752.1K      Env       43ms   6%    value             0.029  │
│  Steps            43.9M    Train      413ms  62%    entropy           0.734  │
│  SPS             244.0K      Misc       0ms   0%    total             0.030  │
│  Epoch             1340      Forwa…     0ms   0%    old_kl            0.003  │
│  Uptime    0d 0h 2m 58s                             kl                0.002  │
│  Remaini…  0d 0h 0m 24s                             clipfrac          0.076  │
│                                                     bc                0.000  │
│                                                                              │
│  User Stats                    Value    User Stats                    Value  │
│  episode_return                6.075    damage_dealt                658.488  │
│  damage_received              80.499    episode_length              146.008  │
│  wins                          0.000    wave                         68.000  │
│  idle_ticks                    0.265    brews_used                    2.038  │
│  blood_healed                  0.000    prayer_correct_rate           0.252  │
│  unavoidable_off_praye…        0.001    brews_remaining               9.962  │
│  restores_remaining           11.759    prayer_at_death              88.601  │
│  current_ranged               90.509    current_magic                82.927  │
│  behind_shield_pct             0.755    zuk_hp_remaining            541.577  │
│  min_zuk_hp_seen             541.680    hp_restored                   0.839  │
│  zuk_healer_damage             0.004    deaths_to_jad                 0.028  │
│  episode_return_normal         6.075    wins_normal                   0.000  │
│  min_zuk_hp_normal           541.680    score_normal                  0.549  │
│  zuk_objective_normal          0.549    phase_reached_normal          1.699  │
│  death_tick_normal           146.008    frac_min_hp_le_300_no…        0.021  │
╰──────────────────────────────────────────────────────────────────────────────╯

[0;0H╭──────────────────────────────────────────────────────────────────────────────╮
│  PufferLib 4.0  🐡                GPU: 0%      VRAM: 0.4/18G      RAM: 0.6G  │
│                                                                              │
│  Summary          Value    Evaluate   251ms  37%    Losses            Value  │
│  Env       osrs_inferno      GPU      208ms  31%    policy           -0.006  │
│  Params          752.1K      Env       42ms   6%    value             0.032  │
│  Steps            44.1M    Train      413ms  62%    entropy           0.728  │
│  SPS             244.0K      Misc       0ms   0%    total             0.008  │
│  Epoch             1345      Forwa…     0ms   0%    old_kl            0.002  │
│  Uptime    0d 0h 2m 59s                             kl                0.002  │
│  Remaini…  0d 0h 0m 24s                             clipfrac          0.072  │
│                                                     bc                0.000  │
│                                                                              │
│  User Stats                    Value    User Stats                    Value  │
│  episode_return                6.481    damage_dealt                700.635  │
│  damage_received              80.791    episode_length              144.805  │
│  wins                          0.000    wave                         68.000  │
│  idle_ticks                    0.172    brews_used                    2.002  │
│  blood_healed                  0.000    prayer_correct_rate           0.241  │
│  unavoidable_off_praye…        0.000    brews_remaining               9.998  │
│  restores_remaining           11.757    prayer_at_death              89.126  │
│  current_ranged               91.396    current_magic                83.611  │
│  behind_shield_pct             0.757    zuk_hp_remaining            501.468  │
│  min_zuk_hp_seen             500.460    hp_restored                   1.952  │
│  zuk_healer_damage             0.003    deaths_to_jad                 0.094  │
│  episode_return_normal         6.481    wins_normal                   0.000  │
│  min_zuk_hp_normal           500.460    score_normal                  0.583  │
│  zuk_objective_normal          0.583    phase_reached_normal          1.861  │
│  death_tick_normal           144.805    frac_min_hp_le_300_no…        0.054  │
╰──────────────────────────────────────────────────────────────────────────────╯

[0;0H╭──────────────────────────────────────────────────────────────────────────────╮
│  PufferLib 4.0 🐡                 GPU: 0%      VRAM: 0.4/18G      RAM: 0.6G  │
│                                                                              │
│  Summary          Value    Evaluate   251ms  37%    Losses            Value  │
│  Env       osrs_inferno      GPU      208ms  31%    policy            0.008  │
│  Params          752.1K      Env       42ms   6%    value             0.032  │
│  Steps            44.2M    Train      410ms  62%    entropy           0.749  │
│  SPS             245.2K      Misc       0ms   0%    total             0.023  │
│  Epoch             1350      Forwa…     0ms   0%    old_kl            0.002  │
│  Uptime     0d 0h 3m 0s                             kl                0.002  │
│  Remaini…  0d 0h 0m 23s                             clipfrac          0.075  │
│                                                     bc                0.000  │
│                                                                              │
│  User Stats                    Value    User Stats                    Value  │
│  episode_return                6.803    damage_dealt                731.848  │
│  damage_received              70.209    episode_length              143.789  │
│  wins                          0.000    wave                         68.000  │
│  idle_ticks                    0.121    brews_used                    1.736  │
│  blood_healed                  0.000    prayer_correct_rate           0.221  │
│  unavoidable_off_praye…        0.001    brews_remaining              10.264  │
│  restores_remaining           11.763    prayer_at_death              89.228  │
│  current_ranged               94.667    current_magic                86.210  │
│  behind_shield_pct             0.765    zuk_hp_remaining            470.487  │
│  min_zuk_hp_seen             469.925    hp_restored                   1.308  │
│  zuk_healer_damage             0.017    deaths_to_jad                 0.120  │
│  episode_return_normal         6.803    wins_normal                   0.000  │
│  min_zuk_hp_normal           469.925    score_normal                  0.608  │
│  zuk_objective_normal          0.608    phase_reached_normal          1.933  │
│  death_tick_normal           143.789    frac_min_hp_le_300_no…        0.059  │
╰──────────────────────────────────────────────────────────────────────────────╯

[0;0H╭──────────────────────────────────────────────────────────────────────────────╮
│  PufferLib 4.0          🐡        GPU: 0%      VRAM: 0.4/18G      RAM: 0.6G  │
│                                                                              │
│  Summary          Value    Evaluate   251ms  37%    Losses            Value  │
│  Env       osrs_inferno      GPU      207ms  31%    policy           -0.009  │
│  Params          752.1K      Env       43ms   6%    value             0.029  │
│  Steps            44.4M    Train      413ms  62%    entropy           0.750  │
│  SPS             244.3K      Misc       0ms   0%    total             0.004  │
│  Epoch             1355      Forwa…     0ms   0%    old_kl            0.002  │
│  Uptime     0d 0h 3m 0s                             kl                0.002  │
│  Remaini…  0d 0h 0m 22s                             clipfrac          0.072  │
│                                                     bc                0.000  │
│                                                                              │
│  User Stats                    Value    User Stats                    Value  │
│  episode_return                6.853    damage_dealt                736.137  │
│  damage_received              71.381    episode_length              146.403  │
│  wins                          0.000    wave                         68.000  │
│  idle_ticks                    0.098    brews_used                    1.740  │
│  blood_healed                  0.000    prayer_correct_rate           0.237  │
│  unavoidable_off_praye…        0.003    brews_remaining              10.260  │
│  restores_remaining           11.718    prayer_at_death              89.145  │
│  current_ranged               94.725    current_magic                86.598  │
│  behind_shield_pct             0.764    zuk_hp_remaining            464.179  │
│  min_zuk_hp_seen             464.393    hp_restored                   0.765  │
│  zuk_healer_damage             0.000    deaths_to_jad                 0.087  │
│  episode_return_normal         6.853    wins_normal                   0.000  │
│  min_zuk_hp_normal           464.393    score_normal                  0.613  │
│  zuk_objective_normal          0.613    phase_reached_normal          1.953  │
│  death_tick_normal           146.403    frac_min_hp_le_300_no…        0.069  │
╰──────────────────────────────────────────────────────────────────────────────╯

[0;0H╭──────────────────────────────────────────────────────────────────────────────╮
│  PufferLib 4.0         🐡         GPU: 0%      VRAM: 0.4/18G      RAM: 0.6G  │
│                                                                              │
│  Summary          Value    Evaluate   251ms  38%    Losses            Value  │
│  Env       osrs_inferno      GPU      209ms  31%    policy           -0.009  │
│  Params          752.1K      Env       42ms   6%    value             0.030  │
│  Steps            44.6M    Train      409ms  61%    entropy           0.730  │
│  SPS             245.3K      Misc       0ms   0%    total             0.006  │
│  Epoch             1360      Forwa…     0ms   0%    old_kl            0.002  │
│  Uptime     0d 0h 3m 1s                             kl                0.002  │
│  Remaini…  0d 0h 0m 22s                             clipfrac          0.070  │
│                                                     bc                0.000  │
│                                                                              │
│  User Stats                    Value    User Stats                    Value  │
│  episode_return                6.650    damage_dealt                715.521  │
│  damage_received              70.734    episode_length              146.145  │
│  wins                          0.000    wave                         68.000  │
│  idle_ticks                    0.114    brews_used                    1.699  │
│  blood_healed                  0.000    prayer_correct_rate           0.234  │
│  unavoidable_off_praye…        0.002    brews_remaining              10.301  │
│  restores_remaining           11.746    prayer_at_death              89.097  │
│  current_ranged               94.166    current_magic                86.209  │
│  behind_shield_pct             0.765    zuk_hp_remaining            484.680  │
│  min_zuk_hp_seen             484.930    hp_restored                   0.490  │
│  zuk_healer_damage             0.000    deaths_to_jad                 0.063  │
│  episode_return_normal         6.650    wins_normal                   0.000  │
│  min_zuk_hp_normal           484.930    score_normal                  0.596  │
│  zuk_objective_normal          0.596    phase_reached_normal          1.890  │
│  death_tick_normal           146.145    frac_min_hp_le_300_no…        0.073  │
╰──────────────────────────────────────────────────────────────────────────────╯

[0;0H╭──────────────────────────────────────────────────────────────────────────────╮
│  PufferLib 4.0        🐡          GPU: 0%      VRAM: 0.4/18G      RAM: 0.6G  │
│                                                                              │
│  Summary          Value    Evaluate   250ms  37%    Losses            Value  │
│  Env       osrs_inferno      GPU      207ms  31%    policy            0.007  │
│  Params          752.1K      Env       43ms   6%    value             0.029  │
│  Steps            44.7M    Train      408ms  62%    entropy           0.728  │
│  SPS             246.3K      Misc       0ms   0%    total             0.020  │
│  Epoch             1365      Forwa…     0ms   0%    old_kl            0.002  │
│  Uptime     0d 0h 3m 2s                             kl                0.002  │
│  Remaini…  0d 0h 0m 21s                             clipfrac          0.073  │
│                                                     bc                0.000  │
│                                                                              │
│  User Stats                    Value    User Stats                    Value  │
│  episode_return                6.189    damage_dealt                669.267  │
│  damage_received              70.359    episode_length              144.310  │
│  wins                          0.000    wave                         68.000  │
│  idle_ticks                    0.017    brews_used                    1.832  │
│  blood_healed                  0.000    prayer_correct_rate           0.245  │
│  unavoidable_off_praye…        0.001    brews_remaining              10.168  │
│  restores_remaining           11.729    prayer_at_death              89.600  │
│  current_ranged               93.089    current_magic                85.529  │
│  behind_shield_pct             0.761    zuk_hp_remaining            530.947  │
│  min_zuk_hp_seen             530.849    hp_restored                   0.248  │
│  zuk_healer_damage             0.016    deaths_to_jad                 0.038  │
│  episode_return_normal         6.189    wins_normal                   0.000  │
│  min_zuk_hp_normal           530.849    score_normal                  0.558  │
│  zuk_objective_normal          0.558    phase_reached_normal          1.745  │
│  death_tick_normal           144.310    frac_min_hp_le_300_no…        0.032  │
╰──────────────────────────────────────────────────────────────────────────────╯

[0;0H╭──────────────────────────────────────────────────────────────────────────────╮
│  PufferLib 4.0       🐡           GPU: 0%      VRAM: 0.4/18G      RAM: 0.6G  │
│                                                                              │
│  Summary          Value    Evaluate   251ms  37%    Losses            Value  │
│  Env       osrs_inferno      GPU      208ms  31%    policy            0.002  │
│  Params          752.1K      Env       42ms   6%    value             0.029  │
│  Steps            44.9M    Train      411ms  62%    entropy           0.711  │
│  SPS             244.7K      Misc       0ms   0%    total             0.015  │
│  Epoch             1370      Forwa…     0ms   0%    old_kl            0.002  │
│  Uptime     0d 0h 3m 2s                             kl                0.002  │
│  Remaini…  0d 0h 0m 20s                             clipfrac          0.071  │
│                                                     bc                0.000  │
│                                                                              │
│  User Stats                    Value    User Stats                    Value  │
│  episode_return                6.337    damage_dealt                685.123  │
│  damage_received              67.590    episode_length              143.423  │
│  wins                          0.000    wave                         68.000  │
│  idle_ticks                    0.130    brews_used                    1.628  │
│  blood_healed                  0.000    prayer_correct_rate           0.232  │
│  unavoidable_off_praye…        0.002    brews_remaining              10.372  │
│  restores_remaining           11.810    prayer_at_death              88.779  │
│  current_ranged               94.440    current_magic                86.343  │
│  behind_shield_pct             0.769    zuk_hp_remaining            515.436  │
│  min_zuk_hp_seen             515.255    hp_restored                   1.150  │
│  zuk_healer_damage             0.016    deaths_to_jad                 0.049  │
│  episode_return_normal         6.337    wins_normal                   0.000  │
│  min_zuk_hp_normal           515.255    score_normal                  0.571  │
│  zuk_objective_normal          0.571    phase_reached_normal          1.790  │
│  death_tick_normal           143.423    frac_min_hp_le_300_no…        0.028  │
╰──────────────────────────────────────────────────────────────────────────────╯

[0;0H╭──────────────────────────────────────────────────────────────────────────────╮
│  PufferLib 4.0      🐡            GPU: 0%      VRAM: 0.4/18G      RAM: 0.6G  │
│                                                                              │
│  Summary          Value    Evaluate   251ms  37%    Losses            Value  │
│  Env       osrs_inferno      GPU      208ms  31%    policy            0.011  │
│  Params          752.1K      Env       42ms   6%    value             0.028  │
│  Steps            45.1M    Train      411ms  62%    entropy           0.707  │
│  SPS             244.8K      Misc       0ms   0%    total             0.024  │
│  Epoch             1375      Forwa…     0ms   0%    old_kl            0.002  │
│  Uptime     0d 0h 3m 3s                             kl                0.002  │
│  Remaini…  0d 0h 0m 20s                             clipfrac          0.066  │
│                                                     bc                0.000  │
│                                                                              │
│  User Stats                    Value    User Stats                    Value  │
│  episode_return                6.269    damage_dealt                679.170  │
│  damage_received              65.572    episode_length              144.951  │
│  wins                          0.000    wave                         68.000  │
│  idle_ticks                    0.210    brews_used                    1.674  │
│  blood_healed                  0.000    prayer_correct_rate           0.228  │
│  unavoidable_off_praye…        0.002    brews_remaining              10.326  │
│  restores_remaining           11.788    prayer_at_death              88.677  │
│  current_ranged               94.099    current_magic                86.002  │
│  behind_shield_pct             0.767    zuk_hp_remaining            522.722  │
│  min_zuk_hp_seen             520.994    hp_restored                   2.180  │
│  zuk_healer_damage             0.000    deaths_to_jad                 0.041  │
│  episode_return_normal         6.269    wins_normal                   0.000  │
│  min_zuk_hp_normal           520.994    score_normal                  0.566  │
│  zuk_objective_normal          0.566    phase_reached_normal          1.783  │
│  death_tick_normal           144.951    frac_min_hp_le_300_no…        0.053  │
╰──────────────────────────────────────────────────────────────────────────────╯

[0;0H╭──────────────────────────────────────────────────────────────────────────────╮
│  PufferLib 4.0     🐡             GPU: 0%      VRAM: 0.4/18G      RAM: 0.6G  │
│                                                                              │
│  Summary          Value    Evaluate   250ms  38%    Losses            Value  │
│  Env       osrs_inferno      GPU      207ms  31%    policy           -0.004  │
│  Params          752.1K      Env       42ms   6%    value             0.028  │
│  Steps            45.2M    Train      408ms  61%    entropy           0.691  │
│  SPS             246.2K      Misc       0ms   0%    total             0.009  │
│  Epoch             1380      Forwa…     0ms   0%    old_kl            0.002  │
│  Uptime     0d 0h 3m 4s                             kl                0.002  │
│  Remaini…  0d 0h 0m 19s                             clipfrac          0.072  │
│                                                     bc                0.000  │
│                                                                              │
│  User Stats                    Value    User Stats                    Value  │
│  episode_return                6.069    damage_dealt                659.508  │
│  damage_received              65.078    episode_length              143.729  │
│  wins                          0.000    wave                         68.000  │
│  idle_ticks                    0.136    brews_used                    1.645  │
│  blood_healed                  0.000    prayer_correct_rate           0.238  │
│  unavoidable_off_praye…        0.003    brews_remaining              10.355  │
│  restores_remaining           11.842    prayer_at_death              88.322  │
│  current_ranged               94.024    current_magic                85.666  │
│  behind_shield_pct             0.768    zuk_hp_remaining            542.919  │
│  min_zuk_hp_seen             540.560    hp_restored                   2.596  │
│  zuk_healer_damage             0.031    deaths_to_jad                 0.024  │
│  episode_return_normal         6.069    wins_normal                   0.000  │
│  min_zuk_hp_normal           540.560    score_normal                  0.550  │
│  zuk_objective_normal          0.550    phase_reached_normal          1.728  │
│  death_tick_normal           143.729    frac_min_hp_le_300_no…        0.080  │
╰──────────────────────────────────────────────────────────────────────────────╯

[0;0H╭──────────────────────────────────────────────────────────────────────────────╮
│  PufferLib 4.0    🐡              GPU: 0%      VRAM: 0.4/18G      RAM: 0.6G  │
│                                                                              │
│  Summary          Value    Evaluate   251ms  37%    Losses            Value  │
│  Env       osrs_inferno      GPU      208ms  31%    policy            0.010  │
│  Params          752.1K      Env       43ms   6%    value             0.032  │
│  Steps            45.4M    Train      411ms  62%    entropy           0.703  │
│  SPS             244.9K      Misc       0ms   0%    total             0.025  │
│  Epoch             1385      Forwa…     0ms   0%    old_kl            0.002  │
│  Uptime     0d 0h 3m 4s                             kl                0.002  │
│  Remaini…  0d 0h 0m 18s                             clipfrac          0.072  │
│                                                     bc                0.000  │
│                                                                              │
│  User Stats                    Value    User Stats                    Value  │
│  episode_return                6.537    damage_dealt                704.525  │
│  damage_received              64.826    episode_length              143.697  │
│  wins                          0.000    wave                         68.000  │
│  idle_ticks                    0.152    brews_used                    1.594  │
│  blood_healed                  0.000    prayer_correct_rate           0.233  │
│  unavoidable_off_praye…        0.004    brews_remaining              10.406  │
│  restores_remaining           11.805    prayer_at_death              88.883  │
│  current_ranged               94.523    current_magic                86.154  │
│  behind_shield_pct             0.769    zuk_hp_remaining            495.585  │
│  min_zuk_hp_seen             495.777    hp_restored                   0.760  │
│  zuk_healer_damage             0.025    deaths_to_jad                 0.052  │
│  episode_return_normal         6.537    wins_normal                   0.000  │
│  min_zuk_hp_normal           495.777    score_normal                  0.587  │
│  zuk_objective_normal          0.587    phase_reached_normal          1.835  │
│  death_tick_normal           143.697    frac_min_hp_le_300_no…        0.078  │
╰──────────────────────────────────────────────────────────────────────────────╯

[0;0H╭──────────────────────────────────────────────────────────────────────────────╮
│  PufferLib 4.0   🐡               GPU: 0%      VRAM: 0.4/18G      RAM: 0.6G  │
│                                                                              │
│  Summary          Value    Evaluate   251ms  38%    Losses            Value  │
│  Env       osrs_inferno      GPU      209ms  31%    policy            0.006  │
│  Params          752.1K      Env       42ms   6%    value             0.034  │
│  Steps            45.5M    Train      408ms  61%    entropy           0.715  │
│  SPS             245.8K      Misc       0ms   0%    total             0.022  │
│  Epoch             1390      Forwa…     0ms   0%    old_kl            0.002  │
│  Uptime     0d 0h 3m 5s                             kl                0.002  │
│  Remaini…  0d 0h 0m 18s                             clipfrac          0.072  │
│                                                     bc                0.000  │
│                                                                              │
│  User Stats                    Value    User Stats                    Value  │
│  episode_return                6.709    damage_dealt                723.733  │
│  damage_received              62.793    episode_length              141.931  │
│  wins                          0.000    wave                         68.000  │
│  idle_ticks                    0.102    brews_used                    1.493  │
│  blood_healed                  0.000    prayer_correct_rate           0.228  │
│  unavoidable_off_praye…        0.002    brews_remaining              10.507  │
│  restores_remaining           11.784    prayer_at_death              89.387  │
│  current_ranged               96.010    current_magic                87.604  │
│  behind_shield_pct             0.774    zuk_hp_remaining            478.165  │
│  min_zuk_hp_seen             477.288    hp_restored                   2.396  │
│  zuk_healer_damage             0.010    deaths_to_jad                 0.082  │
│  episode_return_normal         6.709    wins_normal                   0.000  │
│  min_zuk_hp_normal           477.288    score_normal                  0.602  │
│  zuk_objective_normal          0.602    phase_reached_normal          1.886  │
│  death_tick_normal           141.931    frac_min_hp_le_300_no…        0.069  │
╰──────────────────────────────────────────────────────────────────────────────╯

[0;0H╭──────────────────────────────────────────────────────────────────────────────╮
│  PufferLib 4.0  🐡                GPU: 0%      VRAM: 0.4/18G      RAM: 0.6G  │
│                                                                              │
│  Summary          Value    Evaluate   250ms  37%    Losses            Value  │
│  Env       osrs_inferno      GPU      208ms  31%    policy            0.013  │
│  Params          752.1K      Env       42ms   6%    value             0.031  │
│  Steps            45.7M    Train      410ms  62%    entropy           0.726  │
│  SPS             245.2K      Misc       0ms   0%    total             0.028  │
│  Epoch             1395      Forwa…     0ms   0%    old_kl            0.002  │
│  Uptime     0d 0h 3m 6s                             kl                0.002  │
│  Remaini…  0d 0h 0m 17s                             clipfrac          0.072  │
│                                                     bc                0.000  │
│                                                                              │
│  User Stats                    Value    User Stats                    Value  │
│  episode_return                6.448    damage_dealt                700.638  │
│  damage_received              63.562    episode_length              143.500  │
│  wins                          0.000    wave                         68.000  │
│  idle_ticks                    0.146    brews_used                    1.574  │
│  blood_healed                  0.000    prayer_correct_rate           0.225  │
│  unavoidable_off_praye…        0.002    brews_remaining              10.426  │
│  restores_remaining           11.738    prayer_at_death              89.612  │
│  current_ranged               96.295    current_magic                87.913  │
│  behind_shield_pct             0.773    zuk_hp_remaining            504.712  │
│  min_zuk_hp_seen             501.066    hp_restored                   4.834  │
│  zuk_healer_damage             0.065    deaths_to_jad                 0.103  │
│  episode_return_normal         6.448    wins_normal                   0.000  │
│  min_zuk_hp_normal           501.066    score_normal                  0.582  │
│  zuk_objective_normal          0.582    phase_reached_normal          1.821  │
│  death_tick_normal           143.500    frac_min_hp_le_300_no…        0.063  │
╰──────────────────────────────────────────────────────────────────────────────╯

[0;0H╭──────────────────────────────────────────────────────────────────────────────╮
│  PufferLib 4.0 🐡                 GPU: 0%      VRAM: 0.4/18G      RAM: 0.6G  │
│                                                                              │
│  Summary          Value    Evaluate   251ms  37%    Losses            Value  │
│  Env       osrs_inferno      GPU      208ms  31%    policy           -0.006  │
│  Params          752.1K      Env       42ms   6%    value             0.029  │
│  Steps            45.9M    Train      410ms  62%    entropy           0.720  │
│  SPS             245.3K      Misc       0ms   0%    total             0.007  │
│  Epoch             1400      Forwa…     0ms   0%    old_kl            0.003  │
│  Uptime     0d 0h 3m 6s                             kl                0.002  │
│  Remaini…  0d 0h 0m 16s                             clipfrac          0.074  │
│                                                     bc                0.000  │
│                                                                              │
│  User Stats                    Value    User Stats                    Value  │
│  episode_return                6.375    damage_dealt                692.997  │
│  damage_received              70.697    episode_length              144.776  │
│  wins                          0.000    wave                         68.000  │
│  idle_ticks                    0.112    brews_used                    1.683  │
│  blood_healed                  0.000    prayer_correct_rate           0.233  │
│  unavoidable_off_praye…        0.002    brews_remaining              10.317  │
│  restores_remaining           11.725    prayer_at_death              89.399  │
│  current_ranged               95.800    current_magic                87.648  │
│  behind_shield_pct             0.767    zuk_hp_remaining            511.578  │
│  min_zuk_hp_seen             508.217    hp_restored                   4.376  │
│  zuk_healer_damage             0.043    deaths_to_jad                 0.064  │
│  episode_return_normal         6.375    wins_normal                   0.000  │
│  min_zuk_hp_normal           508.217    score_normal                  0.576  │
│  zuk_objective_normal          0.576    phase_reached_normal          1.860  │
│  death_tick_normal           144.776    frac_min_hp_le_300_no…        0.068  │
╰──────────────────────────────────────────────────────────────────────────────╯

[0;0H╭──────────────────────────────────────────────────────────────────────────────╮
│  PufferLib 4.0          🐡        GPU: 0%      VRAM: 0.4/18G      RAM: 0.6G  │
│                                                                              │
│  Summary          Value    Evaluate   249ms  37%    Losses            Value  │
│  Env       osrs_inferno      GPU      206ms  31%    policy           -0.010  │
│  Params          752.1K      Env       42ms   6%    value             0.027  │
│  Steps            46.0M    Train      408ms  62%    entropy           0.707  │
│  SPS             246.7K      Misc       0ms   0%    total             0.002  │
│  Epoch             1405      Forwa…     0ms   0%    old_kl            0.002  │
│  Uptime     0d 0h 3m 7s                             kl                0.002  │
│  Remaini…  0d 0h 0m 16s                             clipfrac          0.071  │
│                                                     bc                0.000  │
│                                                                              │
│  User Stats                    Value    User Stats                    Value  │
│  episode_return                6.195    damage_dealt                670.648  │
│  damage_received              61.880    episode_length              143.742  │
│  wins                          0.000    wave                         68.000  │
│  idle_ticks                    0.033    brews_used                    1.538  │
│  blood_healed                  0.000    prayer_correct_rate           0.240  │
│  unavoidable_off_praye…        0.002    brews_remaining              10.462  │
│  restores_remaining           11.752    prayer_at_death              89.143  │
│  current_ranged               96.318    current_magic                87.963  │
│  behind_shield_pct             0.771    zuk_hp_remaining            529.994  │
│  min_zuk_hp_seen             529.648    hp_restored                   0.849  │
│  zuk_healer_damage             0.000    deaths_to_jad                 0.029  │
│  episode_return_normal         6.195    wins_normal                   0.000  │
│  min_zuk_hp_normal           529.648    score_normal                  0.559  │
│  zuk_objective_normal          0.559    phase_reached_normal          1.762  │
│  death_tick_normal           143.742    frac_min_hp_le_300_no…        0.031  │
╰──────────────────────────────────────────────────────────────────────────────╯

[0;0H╭──────────────────────────────────────────────────────────────────────────────╮
│  PufferLib 4.0         🐡         GPU: 0%      VRAM: 0.4/18G      RAM: 0.6G  │
│                                                                              │
│  Summary          Value    Evaluate   250ms  37%    Losses            Value  │
│  Env       osrs_inferno      GPU      207ms  31%    policy           -0.001  │
│  Params          752.1K      Env       42ms   6%    value             0.028  │
│  Steps            46.2M    Train      411ms  62%    entropy           0.702  │
│  SPS             245.0K      Misc       0ms   0%    total             0.012  │
│  Epoch             1410      Forwa…     0ms   0%    old_kl            0.002  │
│  Uptime     0d 0h 3m 8s                             kl                0.002  │
│  Remaini…  0d 0h 0m 15s                             clipfrac          0.070  │
│                                                     bc                0.000  │
│                                                                              │
│  User Stats                    Value    User Stats                    Value  │
│  episode_return                6.319    damage_dealt                683.023  │
│  damage_received              64.883    episode_length              143.027  │
│  wins                          0.000    wave                         68.000  │
│  idle_ticks                    0.100    brews_used                    1.605  │
│  blood_healed                  0.000    prayer_correct_rate           0.236  │
│  unavoidable_off_praye…        0.006    brews_remaining              10.395  │
│  restores_remaining           11.807    prayer_at_death              88.784  │
│  current_ranged               94.238    current_magic                85.675  │
│  behind_shield_pct             0.772    zuk_hp_remaining            517.888  │
│  min_zuk_hp_seen             517.386    hp_restored                   0.827  │
│  zuk_healer_damage             0.028    deaths_to_jad                 0.024  │
│  episode_return_normal         6.319    wins_normal                   0.000  │
│  min_zuk_hp_normal           517.386    score_normal                  0.569  │
│  zuk_objective_normal          0.569    phase_reached_normal          1.833  │
│  death_tick_normal           143.027    frac_min_hp_le_300_no…        0.034  │
╰──────────────────────────────────────────────────────────────────────────────╯

[0;0H╭──────────────────────────────────────────────────────────────────────────────╮
│  PufferLib 4.0        🐡          GPU: 0%      VRAM: 0.4/18G      RAM: 0.6G  │
│                                                                              │
│  Summary          Value    Evaluate   250ms  37%    Losses            Value  │
│  Env       osrs_inferno      GPU      208ms  31%    policy            0.018  │
│  Params          752.1K      Env       42ms   6%    value             0.030  │
│  Steps            46.4M    Train      411ms  62%    entropy           0.696  │
│  SPS             245.1K      Misc       0ms   0%    total             0.032  │
│  Epoch             1415      Forwa…     0ms   0%    old_kl            0.002  │
│  Uptime     0d 0h 3m 8s                             kl                0.002  │
│  Remaini…  0d 0h 0m 14s                             clipfrac          0.069  │
│                                                     bc                0.000  │
│                                                                              │
│  User Stats                    Value    User Stats                    Value  │
│  episode_return                6.256    damage_dealt                677.408  │
│  damage_received              62.193    episode_length              144.720  │
│  wins                          0.000    wave                         68.000  │
│  idle_ticks                    0.201    brews_used                    1.472  │
│  blood_healed                  0.000    prayer_correct_rate           0.229  │
│  unavoidable_off_praye…        0.005    brews_remaining              10.528  │
│  restores_remaining           11.779    prayer_at_death              89.145  │
│  current_ranged               96.441    current_magic                87.547  │
│  behind_shield_pct             0.774    zuk_hp_remaining            524.101  │
│  min_zuk_hp_seen             523.255    hp_restored                   1.250  │
│  zuk_healer_damage             0.084    deaths_to_jad                 0.049  │
│  episode_return_normal         6.256    wins_normal                   0.000  │
│  min_zuk_hp_normal           523.255    score_normal                  0.564  │
│  zuk_objective_normal          0.564    phase_reached_normal          1.772  │
│  death_tick_normal           144.720    frac_min_hp_le_300_no…        0.058  │
╰──────────────────────────────────────────────────────────────────────────────╯

[0;0H╭──────────────────────────────────────────────────────────────────────────────╮
│  PufferLib 4.0       🐡           GPU: 0%      VRAM: 0.4/18G      RAM: 0.6G  │
│                                                                              │
│  Summary          Value    Evaluate   249ms  38%    Losses            Value  │
│  Env       osrs_inferno      GPU      207ms  31%    policy           -0.001  │
│  Params          752.1K      Env       42ms   6%    value             0.030  │
│  Steps            46.5M    Train      406ms  61%    entropy           0.683  │
│  SPS             247.1K      Misc       0ms   0%    total             0.013  │
│  Epoch             1420      Forwa…     0ms   0%    old_kl            0.002  │
│  Uptime     0d 0h 3m 9s                             kl                0.002  │
│  Remaini…  0d 0h 0m 14s                             clipfrac          0.072  │
│                                                     bc                0.000  │
│                                                                              │
│  User Stats                    Value    User Stats                    Value  │
│  episode_return                6.049    damage_dealt                656.396  │
│  damage_received              60.807    episode_length              142.965  │
│  wins                          0.000    wave                         68.000  │
│  idle_ticks                    0.186    brews_used                    1.499  │
│  blood_healed                  0.000    prayer_correct_rate           0.229  │
│  unavoidable_off_praye…        0.002    brews_remaining              10.501  │
│  restores_remaining           11.799    prayer_at_death              89.298  │
│  current_ranged               95.200    current_magic                86.813  │
│  behind_shield_pct             0.775    zuk_hp_remaining            544.184  │
│  min_zuk_hp_seen             543.977    hp_restored                   1.288  │
│  zuk_healer_damage             0.098    deaths_to_jad                 0.051  │
│  episode_return_normal         6.049    wins_normal                   0.000  │
│  min_zuk_hp_normal           543.977    score_normal                  0.547  │
│  zuk_objective_normal          0.547    phase_reached_normal          1.724  │
│  death_tick_normal           142.965    frac_min_hp_le_300_no…        0.042  │
╰──────────────────────────────────────────────────────────────────────────────╯

[0;0H╭──────────────────────────────────────────────────────────────────────────────╮
│  PufferLib 4.0      🐡            GPU: 0%      VRAM: 0.4/18G      RAM: 0.6G  │
│                                                                              │
│  Summary          Value    Evaluate   252ms  37%    Losses            Value  │
│  Env       osrs_inferno      GPU      209ms  31%    policy           -0.001  │
│  Params          752.1K      Env       43ms   6%    value             0.032  │
│  Steps            46.7M    Train      412ms  62%    entropy           0.664  │
│  SPS             244.3K      Misc       0ms   0%    total             0.014  │
│  Epoch             1425      Forwa…     0ms   0%    old_kl            0.003  │
│  Uptime    0d 0h 3m 10s                             kl                0.002  │
│  Remaini…  0d 0h 0m 13s                             clipfrac          0.067  │
│                                                     bc                0.000  │
│                                                                              │
│  User Stats                    Value    User Stats                    Value  │
│  episode_return                6.221    damage_dealt                679.000  │
│  damage_received              62.863    episode_length              141.706  │
│  wins                          0.000    wave                         68.000  │
│  idle_ticks                    0.102    brews_used                    1.549  │
│  blood_healed                  0.000    prayer_correct_rate           0.234  │
│  unavoidable_off_praye…        0.002    brews_remaining              10.451  │
│  restores_remaining           11.810    prayer_at_death              89.530  │
│  current_ranged               95.137    current_magic                86.681  │
│  behind_shield_pct             0.772    zuk_hp_remaining            527.929  │
│  min_zuk_hp_seen             522.840    hp_restored                   6.551  │
│  zuk_healer_damage             0.536    deaths_to_jad                 0.028  │
│  episode_return_normal         6.221    wins_normal                   0.000  │
│  min_zuk_hp_normal           522.840    score_normal                  0.564  │
│  zuk_objective_normal          0.564    phase_reached_normal          1.797  │
│  death_tick_normal           141.706    frac_min_hp_le_300_no…        0.061  │
╰──────────────────────────────────────────────────────────────────────────────╯

[0;0H╭──────────────────────────────────────────────────────────────────────────────╮
│  PufferLib 4.0     🐡             GPU: 0%      VRAM: 0.4/18G      RAM: 0.6G  │
│                                                                              │
│  Summary          Value    Evaluate   251ms  37%    Losses            Value  │
│  Env       osrs_inferno      GPU      209ms  31%    policy           -0.009  │
│  Params          752.1K      Env       42ms   6%    value             0.029  │
│  Steps            46.9M    Train      412ms  62%    entropy           0.658  │
│  SPS             244.5K      Misc       0ms   0%    total             0.004  │
│  Epoch             1430      Forwa…     0ms   0%    old_kl            0.002  │
│  Uptime    0d 0h 3m 10s                             kl                0.002  │
│  Remaini…  0d 0h 0m 12s                             clipfrac          0.059  │
│                                                     bc                0.000  │
│                                                                              │
│  User Stats                    Value    User Stats                    Value  │
│  episode_return                6.413    damage_dealt                698.408  │
│  damage_received              59.647    episode_length              140.534  │
│  wins                          0.000    wave                         68.000  │
│  idle_ticks                    0.051    brews_used                    1.384  │
│  blood_healed                  0.000    prayer_correct_rate           0.230  │
│  unavoidable_off_praye…        0.002    brews_remaining              10.616  │
│  restores_remaining           11.816    prayer_at_death              89.735  │
│  current_ranged               96.604    current_magic                87.968  │
│  behind_shield_pct             0.775    zuk_hp_remaining            509.354  │
│  min_zuk_hp_seen             503.480    hp_restored                   6.827  │
│  zuk_healer_damage             0.803    deaths_to_jad                 0.046  │
│  episode_return_normal         6.413    wins_normal                   0.000  │
│  min_zuk_hp_normal           503.480    score_normal                  0.580  │
│  zuk_objective_normal          0.580    phase_reached_normal          1.825  │
│  death_tick_normal           140.534    frac_min_hp_le_300_no…        0.050  │
╰──────────────────────────────────────────────────────────────────────────────╯

[0;0H╭──────────────────────────────────────────────────────────────────────────────╮
│  PufferLib 4.0    🐡              GPU: 0%      VRAM: 0.4/18G      RAM: 0.6G  │
│                                                                              │
│  Summary          Value    Evaluate   251ms  38%    Losses            Value  │
│  Env       osrs_inferno      GPU      208ms  31%    policy            0.015  │
│  Params          752.1K      Env       43ms   6%    value             0.031  │
│  Steps            47.0M    Train      409ms  61%    entropy           0.667  │
│  SPS             245.5K      Misc       0ms   0%    total             0.030  │
│  Epoch             1435      Forwa…     0ms   0%    old_kl            0.003  │
│  Uptime    0d 0h 3m 11s                             kl                0.002  │
│  Remaini…  0d 0h 0m 12s                             clipfrac          0.068  │
│                                                     bc                0.000  │
│                                                                              │
│  User Stats                    Value    User Stats                    Value  │
│  episode_return                6.548    damage_dealt                706.076  │
│  damage_received              58.767    episode_length              140.766  │
│  wins                          0.000    wave                         68.000  │
│  idle_ticks                    0.112    brews_used                    1.393  │
│  blood_healed                  0.000    prayer_correct_rate           0.225  │
│  unavoidable_off_praye…        0.003    brews_remaining              10.607  │
│  restores_remaining           11.841    prayer_at_death              89.415  │
│  current_ranged               96.854    current_magic                87.970  │
│  behind_shield_pct             0.777    zuk_hp_remaining            495.361  │
│  min_zuk_hp_seen             494.045    hp_restored                   1.732  │
│  zuk_healer_damage             0.022    deaths_to_jad                 0.059  │
│  episode_return_normal         6.548    wins_normal                   0.000  │
│  min_zuk_hp_normal           494.045    score_normal                  0.588  │
│  zuk_objective_normal          0.588    phase_reached_normal          1.812  │
│  death_tick_normal           140.766    frac_min_hp_le_300_no…        0.054  │
╰──────────────────────────────────────────────────────────────────────────────╯

[0;0H╭──────────────────────────────────────────────────────────────────────────────╮
│  PufferLib 4.0   🐡               GPU: 0%      VRAM: 0.4/18G      RAM: 0.6G  │
│                                                                              │
│  Summary          Value    Evaluate   250ms  37%    Losses            Value  │
│  Env       osrs_inferno      GPU      208ms  31%    policy            0.001  │
│  Params          752.1K      Env       42ms   6%    value             0.033  │
│  Steps            47.2M    Train      411ms  62%    entropy           0.675  │
│  SPS             245.2K      Misc       0ms   0%    total             0.016  │
│  Epoch             1440      Forwa…     0ms   0%    old_kl            0.002  │
│  Uptime    0d 0h 3m 12s                             kl                0.002  │
│  Remaini…  0d 0h 0m 11s                             clipfrac          0.065  │
│                                                     bc                0.000  │
│                                                                              │
│  User Stats                    Value    User Stats                    Value  │
│  episode_return                6.470    damage_dealt                699.819  │
│  damage_received              61.509    episode_length              141.726  │
│  wins                          0.000    wave                         68.000  │
│  idle_ticks                    0.140    brews_used                    1.371  │
│  blood_healed                  0.000    prayer_correct_rate           0.224  │
│  unavoidable_off_praye…        0.004    brews_remaining              10.629  │
│  restores_remaining           11.839    prayer_at_death              89.048  │
│  current_ranged               96.617    current_magic                87.918  │
│  behind_shield_pct             0.777    zuk_hp_remaining            503.039  │
│  min_zuk_hp_seen             500.255    hp_restored                   3.205  │
│  zuk_healer_damage             0.042    deaths_to_jad                 0.045  │
│  episode_return_normal         6.470    wins_normal                   0.000  │
│  min_zuk_hp_normal           500.255    score_normal                  0.583  │
│  zuk_objective_normal          0.583    phase_reached_normal          1.816  │
│  death_tick_normal           141.726    frac_min_hp_le_300_no…        0.083  │
╰──────────────────────────────────────────────────────────────────────────────╯

[0;0H╭──────────────────────────────────────────────────────────────────────────────╮
│  PufferLib 4.0  🐡                GPU: 0%      VRAM: 0.4/18G      RAM: 0.6G  │
│                                                                              │
│  Summary          Value    Evaluate   251ms  37%    Losses            Value  │
│  Env       osrs_inferno      GPU      209ms  31%    policy            0.014  │
│  Params          752.1K      Env       42ms   6%    value             0.032  │
│  Steps            47.3M    Train      410ms  62%    entropy           0.677  │
│  SPS             244.9K      Misc       0ms   0%    total             0.029  │
│  Epoch             1445      Forwa…     0ms   0%    old_kl            0.003  │
│  Uptime    0d 0h 3m 12s                             kl                0.002  │
│  Remaini…  0d 0h 0m 10s                             clipfrac          0.067  │
│                                                     bc                0.000  │
│                                                                              │
│  User Stats                    Value    User Stats                    Value  │
│  episode_return                6.343    damage_dealt                685.983  │
│  damage_received              66.016    episode_length              142.692  │
│  wins                          0.000    wave                         68.000  │
│  idle_ticks                    0.131    brews_used                    1.530  │
│  blood_healed                  0.000    prayer_correct_rate           0.229  │
│  unavoidable_off_praye…        0.003    brews_remaining              10.470  │
│  restores_remaining           11.831    prayer_at_death              88.740  │
│  current_ranged               95.013    current_magic                86.459  │
│  behind_shield_pct             0.773    zuk_hp_remaining            515.265  │
│  min_zuk_hp_seen             514.419    hp_restored                   1.328  │
│  zuk_healer_damage             0.072    deaths_to_jad                 0.071  │
│  episode_return_normal         6.343    wins_normal                   0.000  │
│  min_zuk_hp_normal           514.419    score_normal                  0.571  │
│  zuk_objective_normal          0.571    phase_reached_normal          1.770  │
│  death_tick_normal           142.692    frac_min_hp_le_300_no…        0.049  │
╰──────────────────────────────────────────────────────────────────────────────╯

[0;0H╭──────────────────────────────────────────────────────────────────────────────╮
│  PufferLib 4.0 🐡                 GPU: 0%      VRAM: 0.4/18G      RAM: 0.6G  │
│                                                                              │
│  Summary          Value    Evaluate   250ms  37%    Losses            Value  │
│  Env       osrs_inferno      GPU      209ms  31%    policy           -0.010  │
│  Params          752.1K      Env       41ms   6%    value             0.031  │
│  Steps            47.5M    Train      412ms  62%    entropy           0.663  │
│  SPS             244.8K      Misc       0ms   0%    total             0.005  │
│  Epoch             1450      Forwa…     0ms   0%    old_kl            0.002  │
│  Uptime    0d 0h 3m 13s                             kl                0.002  │
│  Remaini…  0d 0h 0m 10s                             clipfrac          0.068  │
│                                                     bc                0.000  │
│                                                                              │
│  User Stats                    Value    User Stats                    Value  │
│  episode_return                6.329    damage_dealt                683.690  │
│  damage_received              64.365    episode_length              142.759  │
│  wins                          0.000    wave                         68.000  │
│  idle_ticks                    0.123    brews_used                    1.552  │
│  blood_healed                  0.000    prayer_correct_rate           0.240  │
│  unavoidable_off_praye…        0.001    brews_remaining              10.448  │
│  restores_remaining           11.743    prayer_at_death              89.493  │
│  current_ranged               97.123    current_magic                88.255  │
│  behind_shield_pct             0.770    zuk_hp_remaining            516.761  │
│  min_zuk_hp_seen             516.583    hp_restored                   0.596  │
│  zuk_healer_damage             0.051    deaths_to_jad                 0.063  │
│  episode_return_normal         6.329    wins_normal                   0.000  │
│  min_zuk_hp_normal           516.583    score_normal                  0.570  │
│  zuk_objective_normal          0.570    phase_reached_normal          1.777  │
│  death_tick_normal           142.759    frac_min_hp_le_300_no…        0.062  │
╰──────────────────────────────────────────────────────────────────────────────╯

[0;0H╭──────────────────────────────────────────────────────────────────────────────╮
│  PufferLib 4.0          🐡        GPU: 0%      VRAM: 0.4/18G      RAM: 0.6G  │
│                                                                              │
│  Summary          Value    Evaluate   249ms  37%    Losses            Value  │
│  Env       osrs_inferno      GPU      206ms  31%    policy           -0.017  │
│  Params          752.1K      Env       42ms   6%    value             0.029  │
│  Steps            47.7M    Train      409ms  62%    entropy           0.667  │
│  SPS             246.3K      Misc       0ms   0%    total            -0.004  │
│  Epoch             1455      Forwa…     0ms   0%    old_kl            0.002  │
│  Uptime    0d 0h 3m 14s                             kl                0.002  │
│  Remaini…   0d 0h 0m 9s                             clipfrac          0.067  │
│                                                     bc                0.000  │
│                                                                              │
│  User Stats                    Value    User Stats                    Value  │
│  episode_return                6.180    damage_dealt                668.035  │
│  damage_received              69.930    episode_length              144.213  │
│  wins                          0.000    wave                         68.000  │
│  idle_ticks                    0.107    brews_used                    1.754  │
│  blood_healed                  0.000    prayer_correct_rate           0.253  │
│  unavoidable_off_praye…        0.001    brews_remaining              10.246  │
│  restores_remaining           11.708    prayer_at_death              89.582  │
│  current_ranged               95.440    current_magic                86.693  │
│  behind_shield_pct             0.763    zuk_hp_remaining            531.698  │
│  min_zuk_hp_seen             532.021    hp_restored                   0.000  │
│  zuk_healer_damage             0.000    deaths_to_jad                 0.040  │
│  episode_return_normal         6.180    wins_normal                   0.000  │
│  min_zuk_hp_normal           532.021    score_normal                  0.557  │
│  zuk_objective_normal          0.557    phase_reached_normal          1.762  │
│  death_tick_normal           144.213    frac_min_hp_le_300_no…        0.040  │
╰──────────────────────────────────────────────────────────────────────────────╯

[0;0H╭──────────────────────────────────────────────────────────────────────────────╮
│  PufferLib 4.0         🐡         GPU: 0%      VRAM: 0.4/18G      RAM: 0.6G  │
│                                                                              │
│  Summary          Value    Evaluate   248ms  37%    Losses            Value  │
│  Env       osrs_inferno      GPU      206ms  31%    policy            0.005  │
│  Params          752.1K      Env       42ms   6%    value             0.027  │
│  Steps            47.8M    Train      413ms  62%    entropy           0.658  │
│  SPS             244.9K      Misc       0ms   0%    total             0.018  │
│  Epoch             1460      Forwa…     0ms   0%    old_kl            0.002  │
│  Uptime    0d 0h 3m 14s                             kl                0.003  │
│  Remaini…   0d 0h 0m 8s                             clipfrac          0.069  │
│                                                     bc                0.000  │
│                                                                              │
│  User Stats                    Value    User Stats                    Value  │
│  episode_return                6.407    damage_dealt                690.717  │
│  damage_received              67.776    episode_length              144.088  │
│  wins                          0.000    wave                         68.000  │
│  idle_ticks                    0.091    brews_used                    1.530  │
│  blood_healed                  0.000    prayer_correct_rate           0.238  │
│  unavoidable_off_praye…        0.002    brews_remaining              10.470  │
│  restores_remaining           11.702    prayer_at_death              89.832  │
│  current_ranged               97.767    current_magic                88.896  │
│  behind_shield_pct             0.769    zuk_hp_remaining            508.989  │
│  min_zuk_hp_seen             509.303    hp_restored                   0.045  │
│  zuk_healer_damage             0.000    deaths_to_jad                 0.043  │
│  episode_return_normal         6.407    wins_normal                   0.000  │
│  min_zuk_hp_normal           509.303    score_normal                  0.576  │
│  zuk_objective_normal          0.576    phase_reached_normal          1.829  │
│  death_tick_normal           144.088    frac_min_hp_le_300_no…        0.019  │
╰──────────────────────────────────────────────────────────────────────────────╯

[0;0H╭──────────────────────────────────────────────────────────────────────────────╮
│  PufferLib 4.0        🐡          GPU: 0%      VRAM: 0.4/18G      RAM: 0.6G  │
│                                                                              │
│  Summary          Value    Evaluate   253ms  38%    Losses            Value  │
│  Env       osrs_inferno      GPU      208ms  31%    policy           -0.000  │
│  Params          752.1K      Env       45ms   6%    value             0.028  │
│  Steps            48.0M    Train      406ms  61%    entropy           0.650  │
│  SPS             245.7K      Misc       0ms   0%    total             0.013  │
│  Epoch             1465      Forwa…     0ms   0%    old_kl            0.002  │
│  Uptime    0d 0h 3m 15s                             kl                0.002  │
│  Remaini…   0d 0h 0m 8s                             clipfrac          0.066  │
│                                                     bc                0.000  │
│                                                                              │
│  User Stats                    Value    User Stats                    Value  │
│  episode_return                6.644    damage_dealt                714.468  │
│  damage_received              69.982    episode_length              145.259  │
│  wins                          0.000    wave                         68.000  │
│  idle_ticks                    0.151    brews_used                    1.697  │
│  blood_healed                  0.000    prayer_correct_rate           0.249  │
│  unavoidable_off_praye…        0.002    brews_remaining              10.303  │
│  restores_remaining           11.698    prayer_at_death              89.904  │
│  current_ranged               95.867    current_magic                87.289  │
│  behind_shield_pct             0.762    zuk_hp_remaining            484.923  │
│  min_zuk_hp_seen             485.637    hp_restored                   0.000  │
│  zuk_healer_damage             0.000    deaths_to_jad                 0.063  │
│  episode_return_normal         6.644    wins_normal                   0.000  │
│  min_zuk_hp_normal           485.637    score_normal                  0.595  │
│  zuk_objective_normal          0.595    phase_reached_normal          1.858  │
│  death_tick_normal           145.259    frac_min_hp_le_300_no…        0.022  │
╰──────────────────────────────────────────────────────────────────────────────╯

[0;0H╭──────────────────────────────────────────────────────────────────────────────╮
│  PufferLib 4.0       🐡           GPU: 0%      VRAM: 0.4/18G      RAM: 0.6G  │
│                                                                              │
│  Summary          Value    Evaluate   250ms  38%    Losses            Value  │
│  Env       osrs_inferno      GPU      208ms  31%    policy           -0.004  │
│  Params          752.1K      Env       42ms   6%    value             0.029  │
│  Steps            48.2M    Train      407ms  61%    entropy           0.633  │
│  SPS             246.6K      Misc       0ms   0%    total             0.009  │
│  Epoch             1470      Forwa…     0ms   0%    old_kl            0.002  │
│  Uptime    0d 0h 3m 16s                             kl                0.002  │
│  Remaini…   0d 0h 0m 7s                             clipfrac          0.068  │
│                                                     bc                0.000  │
│                                                                              │
│  User Stats                    Value    User Stats                    Value  │
│  episode_return                6.254    damage_dealt                675.383  │
│  damage_received              66.748    episode_length              144.502  │
│  wins                          0.000    wave                         68.000  │
│  idle_ticks                    0.075    brews_used                    1.622  │
│  blood_healed                  0.000    prayer_correct_rate           0.246  │
│  unavoidable_off_praye…        0.003    brews_remaining              10.378  │
│  restores_remaining           11.712    prayer_at_death              89.970  │
│  current_ranged               96.287    current_magic                87.865  │
│  behind_shield_pct             0.766    zuk_hp_remaining            524.319  │
│  min_zuk_hp_seen             524.678    hp_restored                   0.145  │
│  zuk_healer_damage             0.000    deaths_to_jad                 0.058  │
│  episode_return_normal         6.254    wins_normal                   0.000  │
│  min_zuk_hp_normal           524.678    score_normal                  0.563  │
│  zuk_objective_normal          0.563    phase_reached_normal          1.742  │
│  death_tick_normal           144.502    frac_min_hp_le_300_no…        0.027  │
╰──────────────────────────────────────────────────────────────────────────────╯

[0;0H╭──────────────────────────────────────────────────────────────────────────────╮
│  PufferLib 4.0      🐡            GPU: 0%      VRAM: 0.4/18G      RAM: 0.6G  │
│                                                                              │
│  Summary          Value    Evaluate   250ms  37%    Losses            Value  │
│  Env       osrs_inferno      GPU      208ms  31%    policy            0.013  │
│  Params          752.1K      Env       42ms   6%    value             0.027  │
│  Steps            48.3M    Train      411ms  62%    entropy           0.651  │
│  SPS             245.1K      Misc       0ms   0%    total             0.026  │
│  Epoch             1475      Forwa…     0ms   0%    old_kl            0.003  │
│  Uptime    0d 0h 3m 16s                             kl                0.003  │
│  Remaini…   0d 0h 0m 6s                             clipfrac          0.065  │
│                                                     bc                0.000  │
│                                                                              │
│  User Stats                    Value    User Stats                    Value  │
│  episode_return                6.387    damage_dealt                688.993  │
│  damage_received              71.342    episode_length              143.859  │
│  wins                          0.000    wave                         68.000  │
│  idle_ticks                    0.070    brews_used                    1.616  │
│  blood_healed                  0.000    prayer_correct_rate           0.240  │
│  unavoidable_off_praye…        0.003    brews_remaining              10.384  │
│  restores_remaining           11.697    prayer_at_death              89.927  │
│  current_ranged               96.834    current_magic                88.011  │
│  behind_shield_pct             0.768    zuk_hp_remaining            511.238  │
│  min_zuk_hp_seen             511.066    hp_restored                   0.556  │
│  zuk_healer_damage             0.002    deaths_to_jad                 0.061  │
│  episode_return_normal         6.387    wins_normal                   0.000  │
│  min_zuk_hp_normal           511.066    score_normal                  0.574  │
│  zuk_objective_normal          0.574    phase_reached_normal          1.767  │
│  death_tick_normal           143.859    frac_min_hp_le_300_no…        0.049  │
╰──────────────────────────────────────────────────────────────────────────────╯

[0;0H╭──────────────────────────────────────────────────────────────────────────────╮
│  PufferLib 4.0     🐡             GPU: 0%      VRAM: 0.4/18G      RAM: 0.6G  │
│                                                                              │
│  Summary          Value    Evaluate   249ms  37%    Losses            Value  │
│  Env       osrs_inferno      GPU      207ms  31%    policy            0.007  │
│  Params          752.1K      Env       42ms   6%    value             0.027  │
│  Steps            48.5M    Train      409ms  62%    entropy           0.644  │
│  SPS             246.2K      Misc       0ms   0%    total             0.019  │
│  Epoch             1480      Forwa…     0ms   0%    old_kl            0.002  │
│  Uptime    0d 0h 3m 17s                             kl                0.002  │
│  Remaini…   0d 0h 0m 6s                             clipfrac          0.065  │
│                                                     bc                0.000  │
│                                                                              │
│  User Stats                    Value    User Stats                    Value  │
│  episode_return                6.227    damage_dealt                673.324  │
│  damage_received              70.993    episode_length              143.996  │
│  wins                          0.000    wave                         68.000  │
│  idle_ticks                    0.073    brews_used                    1.657  │
│  blood_healed                  0.000    prayer_correct_rate           0.232  │
│  unavoidable_off_praye…        0.001    brews_remaining              10.343  │
│  restores_remaining           11.731    prayer_at_death              89.783  │
│  current_ranged               95.496    current_magic                87.230  │
│  behind_shield_pct             0.771    zuk_hp_remaining            527.093  │
│  min_zuk_hp_seen             526.860    hp_restored                   0.563  │
│  zuk_healer_damage             0.014    deaths_to_jad                 0.076  │
│  episode_return_normal         6.227    wins_normal                   0.000  │
│  min_zuk_hp_normal           526.860    score_normal                  0.561  │
│  zuk_objective_normal          0.561    phase_reached_normal          1.745  │
│  death_tick_normal           143.996    frac_min_hp_le_300_no…        0.025  │
╰──────────────────────────────────────────────────────────────────────────────╯

[0;0H╭──────────────────────────────────────────────────────────────────────────────╮
│  PufferLib 4.0    🐡              GPU: 0%      VRAM: 0.4/18G      RAM: 0.6G  │
│                                                                              │
│  Summary          Value    Evaluate   247ms  37%    Losses            Value  │
│  Env       osrs_inferno      GPU      205ms  31%    policy            0.017  │
│  Params          752.1K      Env       42ms   6%    value             0.027  │
│  Steps            48.7M    Train      409ms  62%    entropy           0.632  │
│  SPS             246.8K      Misc       0ms   0%    total             0.029  │
│  Epoch             1485      Forwa…     0ms   0%    old_kl            0.002  │
│  Uptime    0d 0h 3m 18s                             kl                0.002  │
│  Remaini…   0d 0h 0m 5s                             clipfrac          0.067  │
│                                                     bc                0.000  │
│                                                                              │
│  User Stats                    Value    User Stats                    Value  │
│  episode_return                6.012    damage_dealt                651.426  │
│  damage_received              65.688    episode_length              143.886  │
│  wins                          0.000    wave                         68.000  │
│  idle_ticks                    0.117    brews_used                    1.574  │
│  blood_healed                  0.000    prayer_correct_rate           0.236  │
│  unavoidable_off_praye…        0.001    brews_remaining              10.426  │
│  restores_remaining           11.762    prayer_at_death              89.642  │
│  current_ranged               95.337    current_magic                87.354  │
│  behind_shield_pct             0.772    zuk_hp_remaining            548.566  │
│  min_zuk_hp_seen             548.619    hp_restored                   0.266  │
│  zuk_healer_damage             0.002    deaths_to_jad                 0.044  │
│  episode_return_normal         6.012    wins_normal                   0.000  │
│  min_zuk_hp_normal           548.619    score_normal                  0.543  │
│  zuk_objective_normal          0.543    phase_reached_normal          1.662  │
│  death_tick_normal           143.886    frac_min_hp_le_300_no…        0.032  │
╰──────────────────────────────────────────────────────────────────────────────╯

[0;0H╭──────────────────────────────────────────────────────────────────────────────╮
│  PufferLib 4.0   🐡               GPU: 0%      VRAM: 0.4/18G      RAM: 0.6G  │
│                                                                              │
│  Summary          Value    Evaluate   251ms  37%    Losses            Value  │
│  Env       osrs_inferno      GPU      208ms  31%    policy            0.012  │
│  Params          752.1K      Env       42ms   6%    value             0.027  │
│  Steps            48.8M    Train      410ms  62%    entropy           0.638  │
│  SPS             245.1K      Misc       0ms   0%    total             0.024  │
│  Epoch             1490      Forwa…     0ms   0%    old_kl            0.002  │
│  Uptime    0d 0h 3m 18s                             kl                0.002  │
│  Remaini…   0d 0h 0m 4s                             clipfrac          0.069  │
│                                                     bc                0.000  │
│                                                                              │
│  User Stats                    Value    User Stats                    Value  │
│  episode_return                6.238    damage_dealt                673.972  │
│  damage_received              68.605    episode_length              144.599  │
│  wins                          0.000    wave                         68.000  │
│  idle_ticks                    0.132    brews_used                    1.675  │
│  blood_healed                  0.000    prayer_correct_rate           0.247  │
│  unavoidable_off_praye…        0.002    brews_remaining              10.325  │
│  restores_remaining           11.752    prayer_at_death              89.479  │
│  current_ranged               94.067    current_magic                86.179  │
│  behind_shield_pct             0.769    zuk_hp_remaining            525.796  │
│  min_zuk_hp_seen             526.083    hp_restored                   0.148  │
│  zuk_healer_damage             0.000    deaths_to_jad                 0.043  │
│  episode_return_normal         6.238    wins_normal                   0.000  │
│  min_zuk_hp_normal           526.083    score_normal                  0.562  │
│  zuk_objective_normal          0.562    phase_reached_normal          1.725  │
│  death_tick_normal           144.599    frac_min_hp_le_300_no…        0.036  │
╰──────────────────────────────────────────────────────────────────────────────╯

[0;0H╭──────────────────────────────────────────────────────────────────────────────╮
│  PufferLib 4.0  🐡                GPU: 0%      VRAM: 0.4/18G      RAM: 0.6G  │
│                                                                              │
│  Summary          Value    Evaluate   250ms  37%    Losses            Value  │
│  Env       osrs_inferno      GPU      208ms  31%    policy           -0.007  │
│  Params          752.1K      Env       42ms   6%    value             0.029  │
│  Steps            49.0M    Train      410ms  62%    entropy           0.616  │
│  SPS             245.6K      Misc       0ms   0%    total             0.006  │
│  Epoch             1495      Forwa…     0ms   0%    old_kl            0.003  │
│  Uptime    0d 0h 3m 19s                             kl                0.002  │
│  Remaini…   0d 0h 0m 4s                             clipfrac          0.065  │
│                                                     bc                0.000  │
│                                                                              │
│  User Stats                    Value    User Stats                    Value  │
│  episode_return                6.154    damage_dealt                665.335  │
│  damage_received              66.276    episode_length              143.878  │
│  wins                          0.000    wave                         68.000  │
│  idle_ticks                    0.056    brews_used                    1.541  │
│  blood_healed                  0.000    prayer_correct_rate           0.246  │
│  unavoidable_off_praye…        0.001    brews_remaining              10.459  │
│  restores_remaining           11.694    prayer_at_death              90.288  │
│  current_ranged               97.010    current_magic                88.328  │
│  behind_shield_pct             0.765    zuk_hp_remaining            534.360  │
│  min_zuk_hp_seen             534.680    hp_restored                   0.082  │
│  zuk_healer_damage             0.000    deaths_to_jad                 0.040  │
│  episode_return_normal         6.154    wins_normal                   0.000  │
│  min_zuk_hp_normal           534.680    score_normal                  0.554  │
│  zuk_objective_normal          0.554    phase_reached_normal          1.727  │
│  death_tick_normal           143.878    frac_min_hp_le_300_no…        0.010  │
╰──────────────────────────────────────────────────────────────────────────────╯

[0;0H╭──────────────────────────────────────────────────────────────────────────────╮
│  PufferLib 4.0 🐡                 GPU: 0%      VRAM: 0.4/18G      RAM: 0.6G  │
│                                                                              │
│  Summary          Value    Evaluate   251ms  38%    Losses            Value  │
│  Env       osrs_inferno      GPU      208ms  31%    policy            0.002  │
│  Params          752.1K      Env       42ms   6%    value             0.029  │
│  Steps            49.2M    Train      408ms  61%    entropy           0.617  │
│  SPS             245.7K      Misc       0ms   0%    total             0.016  │
│  Epoch             1500      Forwa…     0ms   0%    old_kl            0.002  │
│  Uptime    0d 0h 3m 20s                             kl                0.002  │
│  Remaini…   0d 0h 0m 3s                             clipfrac          0.064  │
│                                                     bc                0.000  │
│                                                                              │
│  User Stats                    Value    User Stats                    Value  │
│  episode_return                6.257    damage_dealt                675.786  │
│  damage_received              58.485    episode_length              143.341  │
│  wins                          0.000    wave                         68.000  │
│  idle_ticks                    0.062    brews_used                    1.399  │
│  blood_healed                  0.000    prayer_correct_rate           0.237  │
│  unavoidable_off_praye…        0.001    brews_remaining              10.601  │
│  restores_remaining           11.721    prayer_at_death              90.016  │
│  current_ranged               97.628    current_magic                88.865  │
│  behind_shield_pct             0.766    zuk_hp_remaining            523.882  │
│  min_zuk_hp_seen             524.284    hp_restored                   0.063  │
│  zuk_healer_damage             0.000    deaths_to_jad                 0.012  │
│  episode_return_normal         6.257    wins_normal                   0.000  │
│  min_zuk_hp_normal           524.284    score_normal                  0.563  │
│  zuk_objective_normal          0.563    phase_reached_normal          1.747  │
│  death_tick_normal           143.341    frac_min_hp_le_300_no…        0.005  │
╰──────────────────────────────────────────────────────────────────────────────╯

[0;0H╭──────────────────────────────────────────────────────────────────────────────╮
│  PufferLib 4.0          🐡        GPU: 0%      VRAM: 0.4/18G      RAM: 0.6G  │
│                                                                              │
│  Summary          Value    Evaluate   249ms  37%    Losses            Value  │
│  Env       osrs_inferno      GPU      207ms  31%    policy            0.016  │
│  Params          752.1K      Env       42ms   6%    value             0.029  │
│  Steps            49.3M    Train      410ms  62%    entropy           0.605  │
│  SPS             245.9K      Misc       0ms   0%    total             0.030  │
│  Epoch             1505      Forwa…     0ms   0%    old_kl            0.002  │
│  Uptime    0d 0h 3m 20s                             kl                0.002  │
│  Remaini…   0d 0h 0m 2s                             clipfrac          0.065  │
│                                                     bc                0.000  │
│                                                                              │
│  User Stats                    Value    User Stats                    Value  │
│  episode_return                6.226    damage_dealt                673.524  │
│  damage_received              59.492    episode_length              143.909  │
│  wins                          0.000    wave                         68.000  │
│  idle_ticks                    0.133    brews_used                    1.475  │
│  blood_healed                  0.000    prayer_correct_rate           0.239  │
│  unavoidable_off_praye…        0.003    brews_remaining              10.525  │
│  restores_remaining           11.707    prayer_at_death              90.036  │
│  current_ranged               97.750    current_magic                88.800  │
│  behind_shield_pct             0.765    zuk_hp_remaining            527.113  │
│  min_zuk_hp_seen             526.598    hp_restored                   0.935  │
│  zuk_healer_damage             0.000    deaths_to_jad                 0.017  │
│  episode_return_normal         6.226    wins_normal                   0.000  │
│  min_zuk_hp_normal           526.598    score_normal                  0.561  │
│  zuk_objective_normal          0.561    phase_reached_normal          1.722  │
│  death_tick_normal           143.909    frac_min_hp_le_300_no…        0.028  │
╰──────────────────────────────────────────────────────────────────────────────╯

[0;0H╭──────────────────────────────────────────────────────────────────────────────╮
│  PufferLib 4.0         🐡         GPU: 0%      VRAM: 0.4/18G      RAM: 0.6G  │
│                                                                              │
│  Summary          Value    Evaluate   250ms  38%    Losses            Value  │
│  Env       osrs_inferno      GPU      208ms  31%    policy           -0.014  │
│  Params          752.1K      Env       42ms   6%    value             0.028  │
│  Steps            49.5M    Train      408ms  61%    entropy           0.593  │
│  SPS             246.2K      Misc       0ms   0%    total            -0.001  │
│  Epoch             1510      Forwa…     0ms   0%    old_kl            0.002  │
│  Uptime    0d 0h 3m 21s                             kl                0.002  │
│  Remaini…   0d 0h 0m 2s                             clipfrac          0.061  │
│                                                     bc                0.000  │
│                                                                              │
│  User Stats                    Value    User Stats                    Value  │
│  episode_return                6.185    damage_dealt                669.488  │
│  damage_received              62.898    episode_length              143.877  │
│  wins                          0.000    wave                         68.000  │
│  idle_ticks                    0.146    brews_used                    1.598  │
│  blood_healed                  0.000    prayer_correct_rate           0.248  │
│  unavoidable_off_praye…        0.001    brews_remaining              10.402  │
│  restores_remaining           11.712    prayer_at_death              90.103  │
│  current_ranged               96.599    current_magic                87.833  │
│  behind_shield_pct             0.763    zuk_hp_remaining            531.158  │
│  min_zuk_hp_seen             530.880    hp_restored                   0.904  │
│  zuk_healer_damage             0.020    deaths_to_jad                 0.031  │
│  episode_return_normal         6.185    wins_normal                   0.000  │
│  min_zuk_hp_normal           530.880    score_normal                  0.558  │
│  zuk_objective_normal          0.558    phase_reached_normal          1.756  │
│  death_tick_normal           143.877    frac_min_hp_le_300_no…        0.053  │
╰──────────────────────────────────────────────────────────────────────────────╯

[0;0H╭──────────────────────────────────────────────────────────────────────────────╮
│  PufferLib 4.0        🐡          GPU: 0%      VRAM: 0.4/18G      RAM: 0.6G  │
│                                                                              │
│  Summary          Value    Evaluate   250ms  37%    Losses            Value  │
│  Env       osrs_inferno      GPU      208ms  31%    policy            0.014  │
│  Params          752.1K      Env       42ms   6%    value             0.026  │
│  Steps            49.6M    Train      409ms  62%    entropy           0.593  │
│  SPS             245.9K      Misc       0ms   0%    total             0.026  │
│  Epoch             1515      Forwa…     0ms   0%    old_kl            0.003  │
│  Uptime    0d 0h 3m 22s                             kl                0.003  │
│  Remaini…   0d 0h 0m 1s                             clipfrac          0.063  │
│                                                     bc                0.000  │
│                                                                              │
│  User Stats                    Value    User Stats                    Value  │
│  episode_return                6.129    damage_dealt                665.031  │
│  damage_received              65.846    episode_length              143.412  │
│  wins                          0.000    wave                         68.000  │
│  idle_ticks                    0.123    brews_used                    1.654  │
│  blood_healed                  0.000    prayer_correct_rate           0.251  │
│  unavoidable_off_praye…        0.001    brews_remaining              10.346  │
│  restores_remaining           11.700    prayer_at_death              90.210  │
│  current_ranged               96.691    current_magic                87.832  │
│  behind_shield_pct             0.761    zuk_hp_remaining            537.413  │
│  min_zuk_hp_seen             535.157    hp_restored                   2.047  │
│  zuk_healer_damage             0.009    deaths_to_jad                 0.029  │
│  episode_return_normal         6.129    wins_normal                   0.000  │
│  min_zuk_hp_normal           535.157    score_normal                  0.554  │
│  zuk_objective_normal          0.554    phase_reached_normal          1.766  │
│  death_tick_normal           143.412    frac_min_hp_le_300_no…        0.027  │
╰──────────────────────────────────────────────────────────────────────────────╯

[0;0H╭──────────────────────────────────────────────────────────────────────────────╮
│  PufferLib 4.0       🐡           GPU: 0%      VRAM: 0.4/18G      RAM: 0.6G  │
│                                                                              │
│  Summary          Value    Evaluate   251ms  37%    Losses            Value  │
│  Env       osrs_inferno      GPU      208ms  31%    policy            0.012  │
│  Params          752.1K      Env       42ms   6%    value             0.031  │
│  Steps            49.8M    Train      410ms  62%    entropy           0.594  │
│  SPS             245.0K      Misc       0ms   0%    total             0.026  │
│  Epoch             1520      Forwa…     0ms   0%    old_kl            0.002  │
│  Uptime    0d 0h 3m 22s                             kl                0.002  │
│  Remaini…         786ms                             clipfrac          0.059  │
│                                                     bc                0.000  │
│                                                                              │
│  User Stats                    Value    User Stats                    Value  │
│  episode_return                6.312    damage_dealt                685.930  │
│  damage_received              64.562    episode_length              143.267  │
│  wins                          0.000    wave                         68.000  │
│  idle_ticks                    0.194    brews_used                    1.552  │
│  blood_healed                  0.000    prayer_correct_rate           0.232  │
│  unavoidable_off_praye…        0.002    brews_remaining              10.448  │
│  restores_remaining           11.740    prayer_at_death              90.106  │
│  current_ranged               97.462    current_magic                88.194  │
│  behind_shield_pct             0.763    zuk_hp_remaining            518.849  │
│  min_zuk_hp_seen             514.537    hp_restored                   4.458  │
│  zuk_healer_damage             0.000    deaths_to_jad                 0.025  │
│  episode_return_normal         6.312    wins_normal                   0.000  │
│  min_zuk_hp_normal           514.537    score_normal                  0.571  │
│  zuk_objective_normal          0.571    phase_reached_normal          1.802  │
│  death_tick_normal           143.267    frac_min_hp_le_300_no…        0.061  │
╰──────────────────────────────────────────────────────────────────────────────╯

[0;0H╭──────────────────────────────────────────────────────────────────────────────╮
│  PufferLib 4.0      🐡            GPU: 0%      VRAM: 0.4/18G      RAM: 0.6G  │
│                                                                              │
│  Summary          Value    Evaluate   250ms  37%    Losses            Value  │
│  Env       osrs_inferno      GPU      207ms  31%    policy            0.023  │
│  Params          752.1K      Env       42ms   6%    value             0.031  │
│  Steps            50.0M    Train      410ms  62%    entropy           0.612  │
│  SPS             245.1K      Misc       0ms   0%    total             0.038  │
│  Epoch             1525      Forwa…     0ms   0%    old_kl            0.002  │
│  Uptime    0d 0h 3m 23s                             kl                0.003  │
│  Remaini…         117ms                             clipfrac          0.064  │
│                                                     bc                0.000  │
│                                                                              │
│  User Stats                    Value    User Stats                    Value  │
│  episode_return                6.515    damage_dealt                702.611  │
│  damage_received              67.592    episode_length              144.838  │
│  wins                          0.000    wave                         68.000  │
│  idle_ticks                    0.175    brews_used                    1.504  │
│  blood_healed                  0.000    prayer_correct_rate           0.237  │
│  unavoidable_off_praye…        0.004    brews_remaining              10.496  │
│  restores_remaining           11.738    prayer_at_death              89.980  │
│  current_ranged               97.281    current_magic                88.225  │
│  behind_shield_pct             0.759    zuk_hp_remaining            497.782  │
│  min_zuk_hp_seen             497.523    hp_restored                   1.132  │
│  zuk_healer_damage             0.016    deaths_to_jad                 0.028  │
│  episode_return_normal         6.515    wins_normal                   0.000  │
│  min_zuk_hp_normal           497.523    score_normal                  0.585  │
│  zuk_objective_normal          0.585    phase_reached_normal          1.834  │
│  death_tick_normal           144.838    frac_min_hp_le_300_no…        0.056  │
╰──────────────────────────────────────────────────────────────────────────────╯

[0;0H╭──────────────────────────────────────────────────────────────────────────────╮
│  PufferLib 4.0     🐡             GPU: 0%      VRAM: 0.4/18G      RAM: 0.6G  │
│                                                                              │
│  Summary          Value    Evaluate   250ms  37%    Losses            Value  │
│  Env       osrs_inferno      GPU      207ms  31%    policy            0.023  │
│  Params          752.1K      Env       42ms   6%    value             0.031  │
│  Steps            50.0M    Train      410ms  62%    entropy           0.612  │
│  SPS             245.1K      Misc       0ms   0%    total             0.038  │
│  Epoch             1525      Forwa…     0ms   0%    old_kl            0.002  │
│  Uptime    0d 0h 3m 23s                             kl                0.003  │
│  Remaini…         117ms                             clipfrac          0.064  │
│                                                     bc                0.000  │
│                                                                              │
│  User Stats                    Value    User Stats                    Value  │
│  episode_return                6.416    damage_dealt                691.587  │
│  damage_received              73.909    episode_length              147.430  │
│  wins                          0.000    wave                         68.000  │
│  idle_ticks                    0.196    brews_used                    1.665  │
│  blood_healed                  0.000    prayer_correct_rate           0.255  │
│  unavoidable_off_praye…        0.004    brews_remaining              10.335  │
│  restores_remaining           11.617    prayer_at_death              90.517  │
│  current_ranged               98.104    current_magic                88.774  │
│  behind_shield_pct             0.750    zuk_hp_remaining            507.722  │
│  min_zuk_hp_seen             508.413    hp_restored                   0.000  │
│  zuk_healer_damage             0.000    deaths_to_jad                 0.048  │
│  episode_return_normal         6.416    wins_normal                   0.000  │
│  min_zuk_hp_normal           508.413    score_normal                  0.576  │
│  zuk_objective_normal          0.576    phase_reached_normal          1.826  │
│  death_tick_normal           147.430    frac_min_hp_le_300_no…        0.057  │
╰──────────────────────────────────────────────────────────────────────────────╯

[0;0H╭──────────────────────────────────────────────────────────────────────────────╮
│  PufferLib 4.0    🐡              GPU: 0%      VRAM: 0.4/18G      RAM: 0.6G  │
│                                                                              │
│  Summary          Value    Evaluate   250ms  37%    Losses            Value  │
│  Env       osrs_inferno      GPU      207ms  31%    policy            0.023  │
│  Params          752.1K      Env       42ms   6%    value             0.031  │
│  Steps            50.0M    Train      410ms  62%    entropy           0.612  │
│  SPS             245.1K      Misc       0ms   0%    total             0.038  │
│  Epoch             1525      Forwa…     0ms   0%    old_kl            0.002  │
│  Uptime    0d 0h 3m 23s                             kl                0.003  │
│  Remaini…         117ms                             clipfrac          0.064  │
│                                                     bc                0.000  │
│                                                                              │
│  User Stats                    Value    User Stats                    Value  │
│  episode_return                6.295    damage_dealt                680.035  │
│  damage_received              72.856    episode_length              146.384  │
│  wins                          0.000    wave                         68.000  │
│  idle_ticks                    0.157    brews_used                    1.672  │
│  blood_healed                  0.000    prayer_correct_rate           0.251  │
│  unavoidable_off_praye…        0.003    brews_remaining              10.328  │
│  restores_remaining           11.647    prayer_at_death              90.450  │
│  current_ranged               97.639    current_magic                88.412  │
│  behind_shield_pct             0.752    zuk_hp_remaining            520.082  │
│  min_zuk_hp_seen             520.100    hp_restored                   0.497  │
│  zuk_healer_damage             0.000    deaths_to_jad                 0.051  │
│  episode_return_normal         6.295    wins_normal                   0.000  │
│  min_zuk_hp_normal           520.100    score_normal                  0.567  │
│  zuk_objective_normal          0.567    phase_reached_normal          1.783  │
│  death_tick_normal           146.384    frac_min_hp_le_300_no…        0.051  │
╰──────────────────────────────────────────────────────────────────────────────╯

[0;0H╭──────────────────────────────────────────────────────────────────────────────╮
│  PufferLib 4.0   🐡               GPU: 0%      VRAM: 0.4/18G      RAM: 0.6G  │
│                                                                              │
│  Summary          Value    Evaluate   250ms  37%    Losses            Value  │
│  Env       osrs_inferno      GPU      207ms  31%    policy            0.023  │
│  Params          752.1K      Env       42ms   6%    value             0.031  │
│  Steps            50.0M    Train      410ms  62%    entropy           0.612  │
│  SPS             245.1K      Misc       0ms   0%    total             0.038  │
│  Epoch             1525      Forwa…     0ms   0%    old_kl            0.002  │
│  Uptime    0d 0h 3m 23s                             kl                0.003  │
│  Remaini…         117ms                             clipfrac          0.064  │
│                                                     bc                0.000  │
│                                                                              │
│  User Stats                    Value    User Stats                    Value  │
│  episode_return                6.311    damage_dealt                681.316  │
│  damage_received              72.192    episode_length              145.927  │
│  wins                          0.000    wave                         68.000  │
│  idle_ticks                    0.134    brews_used                    1.673  │
│  blood_healed                  0.000    prayer_correct_rate           0.248  │
│  unavoidable_off_praye…        0.003    brews_remaining              10.327  │
│  restores_remaining           11.668    prayer_at_death              90.241  │
│  current_ranged               97.311    current_magic                88.081  │
│  behind_shield_pct             0.754    zuk_hp_remaining            518.596  │
│  min_zuk_hp_seen             518.774    hp_restored                   0.329  │
│  zuk_healer_damage             0.000    deaths_to_jad                 0.062  │
│  episode_return_normal         6.311    wins_normal                   0.000  │
│  min_zuk_hp_normal           518.774    score_normal                  0.568  │
│  zuk_objective_normal          0.568    phase_reached_normal          1.772  │
│  death_tick_normal           145.927    frac_min_hp_le_300_no…        0.053  │
╰──────────────────────────────────────────────────────────────────────────────╯

[0;0H╭──────────────────────────────────────────────────────────────────────────────╮
│  PufferLib 4.0  🐡                GPU: 0%      VRAM: 0.4/18G      RAM: 0.6G  │
│                                                                              │
│  Summary          Value    Evaluate   250ms  37%    Losses            Value  │
│  Env       osrs_inferno      GPU      207ms  31%    policy            0.023  │
│  Params          752.1K      Env       42ms   6%    value             0.031  │
│  Steps            50.0M    Train      410ms  62%    entropy           0.612  │
│  SPS             245.1K      Misc       0ms   0%    total             0.038  │
│  Epoch             1525      Forwa…     0ms   0%    old_kl            0.002  │
│  Uptime    0d 0h 3m 23s                             kl                0.003  │
│  Remaini…         117ms                             clipfrac          0.064  │
│                                                     bc                0.000  │
│                                                                              │
│  User Stats                    Value    User Stats                    Value  │
│  episode_return                6.266    damage_dealt                676.833  │
│  damage_received              71.577    episode_length              145.584  │
│  wins                          0.000    wave                         68.000  │
│  idle_ticks                    0.126    brews_used                    1.664  │
│  blood_healed                  0.000    prayer_correct_rate           0.246  │
│  unavoidable_off_praye…        0.003    brews_remaining              10.336  │
│  restores_remaining           11.691    prayer_at_death              90.084  │
│  current_ranged               96.888    current_magic                87.674  │
│  behind_shield_pct             0.755    zuk_hp_remaining            523.123  │
│  min_zuk_hp_seen             523.267    hp_restored                   0.331  │
│  zuk_healer_damage             0.000    deaths_to_jad                 0.057  │
│  episode_return_normal         6.266    wins_normal                   0.000  │
│  min_zuk_hp_normal           523.267    score_normal                  0.564  │
│  zuk_objective_normal          0.564    phase_reached_normal          1.756  │
│  death_tick_normal           145.584    frac_min_hp_le_300_no…        0.046  │
╰──────────────────────────────────────────────────────────────────────────────╯

[0;0H╭──────────────────────────────────────────────────────────────────────────────╮
│  PufferLib 4.0 🐡                 GPU: 0%      VRAM: 0.4/18G      RAM: 0.6G  │
│                                                                              │
│  Summary          Value    Evaluate   250ms  37%    Losses            Value  │
│  Env       osrs_inferno      GPU      207ms  31%    policy            0.023  │
│  Params          752.1K      Env       42ms   6%    value             0.031  │
│  Steps            50.0M    Train      410ms  62%    entropy           0.612  │
│  SPS             245.1K      Misc       0ms   0%    total             0.038  │
│  Epoch             1525      Forwa…     0ms   0%    old_kl            0.002  │
│  Uptime    0d 0h 3m 23s                             kl                0.003  │
│  Remaini…         117ms                             clipfrac          0.064  │
│                                                     bc                0.000  │
│                                                                              │
│  User Stats                    Value    User Stats                    Value  │
│  episode_return                6.248    damage_dealt                675.296  │
│  damage_received              69.235    episode_length              145.288  │
│  wins                          0.000    wave                         68.000  │
│  idle_ticks                    0.131    brews_used                    1.608  │
│  blood_healed                  0.000    prayer_correct_rate           0.243  │
│  unavoidable_off_praye…        0.002    brews_remaining              10.392  │
│  restores_remaining           11.697    prayer_at_death              90.016  │
│  current_ranged               97.232    current_magic                88.007  │
│  behind_shield_pct             0.758    zuk_hp_remaining            524.876  │
│  min_zuk_hp_seen             524.893    hp_restored                   0.507  │
│  zuk_healer_damage             0.001    deaths_to_jad                 0.052  │
│  episode_return_normal         6.248    wins_normal                   0.000  │
│  min_zuk_hp_normal           524.893    score_normal                  0.563  │
│  zuk_objective_normal          0.563    phase_reached_normal          1.749  │
│  death_tick_normal           145.288    frac_min_hp_le_300_no…        0.043  │
╰──────────────────────────────────────────────────────────────────────────────╯

[0;0H╭──────────────────────────────────────────────────────────────────────────────╮
│  PufferLib 4.0          🐡        GPU: 0%      VRAM: 0.4/18G      RAM: 0.6G  │
│                                                                              │
│  Summary          Value    Evaluate   250ms  37%    Losses            Value  │
│  Env       osrs_inferno      GPU      207ms  31%    policy            0.023  │
│  Params          752.1K      Env       42ms   6%    value             0.031  │
│  Steps            50.0M    Train      410ms  62%    entropy           0.612  │
│  SPS             245.1K      Misc       0ms   0%    total             0.038  │
│  Epoch             1525      Forwa…     0ms   0%    old_kl            0.002  │
│  Uptime    0d 0h 3m 23s                             kl                0.003  │
│  Remaini…         117ms                             clipfrac          0.064  │
│                                                     bc                0.000  │
│                                                                              │
│  User Stats                    Value    User Stats                    Value  │
│  episode_return                6.236    damage_dealt                674.202  │
│  damage_received              68.423    episode_length              145.257  │
│  wins                          0.000    wave                         68.000  │
│  idle_ticks                    0.166    brews_used                    1.573  │
│  blood_healed                  0.000    prayer_correct_rate           0.241  │
│  unavoidable_off_praye…        0.002    brews_remaining              10.427  │
│  restores_remaining           11.708    prayer_at_death              89.825  │
│  current_ranged               97.403    current_magic                88.095  │
│  behind_shield_pct             0.759    zuk_hp_remaining            526.054  │
│  min_zuk_hp_seen             526.007    hp_restored                   0.536  │
│  zuk_healer_damage             0.001    deaths_to_jad                 0.054  │
│  episode_return_normal         6.236    wins_normal                   0.000  │
│  min_zuk_hp_normal           526.007    score_normal                  0.562  │
│  zuk_objective_normal          0.562    phase_reached_normal          1.742  │
│  death_tick_normal           145.257    frac_min_hp_le_300_no…        0.040  │
╰──────────────────────────────────────────────────────────────────────────────╯

[0;0H╭──────────────────────────────────────────────────────────────────────────────╮
│  PufferLib 4.0         🐡         GPU: 0%      VRAM: 0.4/18G      RAM: 0.6G  │
│                                                                              │
│  Summary          Value    Evaluate   250ms  37%    Losses            Value  │
│  Env       osrs_inferno      GPU      207ms  31%    policy            0.023  │
│  Params          752.1K      Env       42ms   6%    value             0.031  │
│  Steps            50.0M    Train      410ms  62%    entropy           0.612  │
│  SPS             245.1K      Misc       0ms   0%    total             0.038  │
│  Epoch             1525      Forwa…     0ms   0%    old_kl            0.002  │
│  Uptime    0d 0h 3m 23s                             kl                0.003  │
│  Remaini…         117ms                             clipfrac          0.064  │
│                                                     bc                0.000  │
│                                                                              │
│  User Stats                    Value    User Stats                    Value  │
│  episode_return                6.256    damage_dealt                676.303  │
│  damage_received              67.634    episode_length              145.188  │
│  wins                          0.000    wave                         68.000  │
│  idle_ticks                    0.170    brews_used                    1.557  │
│  blood_healed                  0.000    prayer_correct_rate           0.239  │
│  unavoidable_off_praye…        0.002    brews_remaining              10.443  │
│  restores_remaining           11.713    prayer_at_death              89.762  │
│  current_ranged               97.361    current_magic                88.070  │
│  behind_shield_pct             0.760    zuk_hp_remaining            524.058  │
│  min_zuk_hp_seen             523.948    hp_restored                   0.633  │
│  zuk_healer_damage             0.001    deaths_to_jad                 0.055  │
│  episode_return_normal         6.256    wins_normal                   0.000  │
│  min_zuk_hp_normal           523.948    score_normal                  0.563  │
│  zuk_objective_normal          0.563    phase_reached_normal          1.747  │
│  death_tick_normal           145.188    frac_min_hp_le_300_no…        0.040  │
╰──────────────────────────────────────────────────────────────────────────────╯

[0;0H╭──────────────────────────────────────────────────────────────────────────────╮
│  PufferLib 4.0        🐡          GPU: 0%      VRAM: 0.4/18G      RAM: 0.6G  │
│                                                                              │
│  Summary          Value    Evaluate   250ms  37%    Losses            Value  │
│  Env       osrs_inferno      GPU      207ms  31%    policy            0.023  │
│  Params          752.1K      Env       42ms   6%    value             0.031  │
│  Steps            50.0M    Train      410ms  62%    entropy           0.612  │
│  SPS             245.1K      Misc       0ms   0%    total             0.038  │
│  Epoch             1525      Forwa…     0ms   0%    old_kl            0.002  │
│  Uptime    0d 0h 3m 23s                             kl                0.003  │
│  Remaini…         117ms                             clipfrac          0.064  │
│                                                     bc                0.000  │
│                                                                              │
│  User Stats                    Value    User Stats                    Value  │
│  episode_return                6.271    damage_dealt                677.746  │
│  damage_received              67.400    episode_length              145.033  │
│  wins                          0.000    wave                         68.000  │
│  idle_ticks                    0.167    brews_used                    1.539  │
│  blood_healed                  0.000    prayer_correct_rate           0.238  │
│  unavoidable_off_praye…        0.002    brews_remaining              10.461  │
│  restores_remaining           11.722    prayer_at_death              89.692  │
│  current_ranged               97.359    current_magic                88.070  │
│  behind_shield_pct             0.761    zuk_hp_remaining            522.640  │
│  min_zuk_hp_seen             522.512    hp_restored                   0.640  │
│  zuk_healer_damage             0.001    deaths_to_jad                 0.053  │
│  episode_return_normal         6.271    wins_normal                   0.000  │
│  min_zuk_hp_normal           522.512    score_normal                  0.565  │
│  zuk_objective_normal          0.565    phase_reached_normal          1.751  │
│  death_tick_normal           145.033    frac_min_hp_le_300_no…        0.039  │
╰──────────────────────────────────────────────────────────────────────────────╯

[0;0H╭──────────────────────────────────────────────────────────────────────────────╮
│  PufferLib 4.0       🐡           GPU: 0%      VRAM: 0.4/18G      RAM: 0.6G  │
│                                                                              │
│  Summary          Value    Evaluate   250ms  37%    Losses            Value  │
│  Env       osrs_inferno      GPU      207ms  31%    policy            0.023  │
│  Params          752.1K      Env       42ms   6%    value             0.031  │
│  Steps            50.0M    Train      410ms  62%    entropy           0.612  │
│  SPS             245.1K      Misc       0ms   0%    total             0.038  │
│  Epoch             1525      Forwa…     0ms   0%    old_kl            0.002  │
│  Uptime    0d 0h 3m 23s                             kl                0.003  │
│  Remaini…         117ms                             clipfrac          0.064  │
│                                                     bc                0.000  │
│                                                                              │
│  User Stats                    Value    User Stats                    Value  │
│  episode_return                6.288    damage_dealt                679.561  │
│  damage_received              67.675    episode_length              145.176  │
│  wins                          0.000    wave                         68.000  │
│  idle_ticks                    0.163    brews_used                    1.546  │
│  blood_healed                  0.000    prayer_correct_rate           0.237  │
│  unavoidable_off_praye…        0.002    brews_remaining              10.454  │
│  restores_remaining           11.711    prayer_at_death              89.731  │
│  current_ranged               97.467    current_magic                88.160  │
│  behind_shield_pct             0.760    zuk_hp_remaining            520.887  │
│  min_zuk_hp_seen             520.720    hp_restored                   0.685  │
│  zuk_healer_damage             0.002    deaths_to_jad                 0.054  │
│  episode_return_normal         6.288    wins_normal                   0.000  │
│  min_zuk_hp_normal           520.720    score_normal                  0.566  │
│  zuk_objective_normal          0.566    phase_reached_normal          1.761  │
│  death_tick_normal           145.176    frac_min_hp_le_300_no…        0.038  │
╰──────────────────────────────────────────────────────────────────────────────╯

[0;0H╭──────────────────────────────────────────────────────────────────────────────╮
│  PufferLib 4.0      🐡            GPU: 0%      VRAM: 0.4/18G      RAM: 0.6G  │
│                                                                              │
│  Summary          Value    Evaluate   250ms  37%    Losses            Value  │
│  Env       osrs_inferno      GPU      207ms  31%    policy            0.023  │
│  Params          752.1K      Env       42ms   6%    value             0.031  │
│  Steps            50.0M    Train      410ms  62%    entropy           0.612  │
│  SPS             245.1K      Misc       0ms   0%    total             0.038  │
│  Epoch             1525      Forwa…     0ms   0%    old_kl            0.002  │
│  Uptime    0d 0h 3m 23s                             kl                0.003  │
│  Remaini…         117ms                             clipfrac          0.064  │
│                                                     bc                0.000  │
│                                                                              │
│  User Stats                    Value    User Stats                    Value  │
│  episode_return                6.281    damage_dealt                679.033  │
│  damage_received              66.770    episode_length              145.011  │
│  wins                          0.000    wave                         68.000  │
│  idle_ticks                    0.177    brews_used                    1.515  │
│  blood_healed                  0.000    prayer_correct_rate           0.236  │
│  unavoidable_off_praye…        0.002    brews_remaining              10.485  │
│  restores_remaining           11.714    prayer_at_death              89.758  │
│  current_ranged               97.816    current_magic                88.502  │
│  behind_shield_pct             0.761    zuk_hp_remaining            521.476  │
│  min_zuk_hp_seen             521.288    hp_restored                   0.789  │
│  zuk_healer_damage             0.003    deaths_to_jad                 0.052  │
│  episode_return_normal         6.281    wins_normal                   0.000  │
│  min_zuk_hp_normal           521.288    score_normal                  0.566  │
│  zuk_objective_normal          0.566    phase_reached_normal          1.761  │
│  death_tick_normal           145.011    frac_min_hp_le_300_no…        0.038  │
╰──────────────────────────────────────────────────────────────────────────────╯

[0;0H╭──────────────────────────────────────────────────────────────────────────────╮
│  PufferLib 4.0     🐡             GPU: 0%      VRAM: 0.4/18G      RAM: 0.6G  │
│                                                                              │
│  Summary          Value    Evaluate   250ms  37%    Losses            Value  │
│  Env       osrs_inferno      GPU      207ms  31%    policy            0.023  │
│  Params          752.1K      Env       42ms   6%    value             0.031  │
│  Steps            50.0M    Train      410ms  62%    entropy           0.612  │
│  SPS             245.1K      Misc       0ms   0%    total             0.038  │
│  Epoch             1525      Forwa…     0ms   0%    old_kl            0.002  │
│  Uptime    0d 0h 3m 23s                             kl                0.003  │
│  Remaini…         117ms                             clipfrac          0.064  │
│                                                     bc                0.000  │
│                                                                              │
│  User Stats                    Value    User Stats                    Value  │
│  episode_return                6.285    damage_dealt                679.328  │
│  damage_received              66.033    episode_length              145.013  │
│  wins                          0.000    wave                         68.000  │
│  idle_ticks                    0.173    brews_used                    1.491  │
│  blood_healed                  0.000    prayer_correct_rate           0.235  │
│  unavoidable_off_praye…        0.002    brews_remaining              10.509  │
│  restores_remaining           11.716    prayer_at_death              89.769  │
│  current_ranged               98.074    current_magic                88.716  │
│  behind_shield_pct             0.761    zuk_hp_remaining            521.171  │
│  min_zuk_hp_seen             520.986    hp_restored                   0.767  │
│  zuk_healer_damage             0.003    deaths_to_jad                 0.051  │
│  episode_return_normal         6.285    wins_normal                   0.000  │
│  min_zuk_hp_normal           520.986    score_normal                  0.566  │
│  zuk_objective_normal          0.566    phase_reached_normal          1.759  │
│  death_tick_normal           145.013    frac_min_hp_le_300_no…        0.039  │
╰──────────────────────────────────────────────────────────────────────────────╯

[0;0H╭──────────────────────────────────────────────────────────────────────────────╮
│  PufferLib 4.0    🐡              GPU: 0%      VRAM: 0.4/18G      RAM: 0.6G  │
│                                                                              │
│  Summary          Value    Evaluate   250ms  37%    Losses            Value  │
│  Env       osrs_inferno      GPU      207ms  31%    policy            0.023  │
│  Params          752.1K      Env       42ms   6%    value             0.031  │
│  Steps            50.0M    Train      410ms  62%    entropy           0.612  │
│  SPS             245.1K      Misc       0ms   0%    total             0.038  │
│  Epoch             1525      Forwa…     0ms   0%    old_kl            0.002  │
│  Uptime    0d 0h 3m 23s                             kl                0.003  │
│  Remaini…         117ms                             clipfrac          0.064  │
│                                                     bc                0.000  │
│                                                                              │
│  User Stats                    Value    User Stats                    Value  │
│  episode_return                6.277    damage_dealt                678.647  │
│  damage_received              65.079    episode_length              144.986  │
│  wins                          0.000    wave                         68.000  │
│  idle_ticks                    0.179    brews_used                    1.466  │
│  blood_healed                  0.000    prayer_correct_rate           0.234  │
│  unavoidable_off_praye…        0.002    brews_remaining              10.534  │
│  restores_remaining           11.722    prayer_at_death              89.748  │
│  current_ranged               98.332    current_magic                88.918  │
│  behind_shield_pct             0.762    zuk_hp_remaining            521.867  │
│  min_zuk_hp_seen             521.681    hp_restored                   0.794  │
│  zuk_healer_damage             0.012    deaths_to_jad                 0.052  │
│  episode_return_normal         6.277    wins_normal                   0.000  │
│  min_zuk_hp_normal           521.681    score_normal                  0.565  │
│  zuk_objective_normal          0.565    phase_reached_normal          1.752  │
│  death_tick_normal           144.986    frac_min_hp_le_300_no…        0.037  │
╰──────────────────────────────────────────────────────────────────────────────╯

[0;0H╭──────────────────────────────────────────────────────────────────────────────╮
│  PufferLib 4.0   🐡               GPU: 0%      VRAM: 0.4/18G      RAM: 0.6G  │
│                                                                              │
│  Summary          Value    Evaluate   250ms  37%    Losses            Value  │
│  Env       osrs_inferno      GPU      207ms  31%    policy            0.023  │
│  Params          752.1K      Env       42ms   6%    value             0.031  │
│  Steps            50.0M    Train      410ms  62%    entropy           0.612  │
│  SPS             245.1K      Misc       0ms   0%    total             0.038  │
│  Epoch             1525      Forwa…     0ms   0%    old_kl            0.002  │
│  Uptime    0d 0h 3m 23s                             kl                0.003  │
│  Remaini…         117ms                             clipfrac          0.064  │
│                                                     bc                0.000  │
│                                                                              │
│  User Stats                    Value    User Stats                    Value  │
│  episode_return                6.270    damage_dealt                677.818  │
│  damage_received              64.357    episode_length              144.959  │
│  wins                          0.000    wave                         68.000  │
│  idle_ticks                    0.170    brews_used                    1.456  │
│  blood_healed                  0.000    prayer_correct_rate           0.234  │
│  unavoidable_off_praye…        0.002    brews_remaining              10.544  │
│  restores_remaining           11.722    prayer_at_death              89.786  │
│  current_ranged               98.518    current_magic                89.079  │
│  behind_shield_pct             0.762    zuk_hp_remaining            522.624  │
│  min_zuk_hp_seen             522.484    hp_restored                   0.732  │
│  zuk_healer_damage             0.012    deaths_to_jad                 0.052  │
│  episode_return_normal         6.270    wins_normal                   0.000  │
│  min_zuk_hp_normal           522.484    score_normal                  0.565  │
│  zuk_objective_normal          0.565    phase_reached_normal          1.747  │
│  death_tick_normal           144.959    frac_min_hp_le_300_no…        0.035  │
╰──────────────────────────────────────────────────────────────────────────────╯

[0;0H╭──────────────────────────────────────────────────────────────────────────────╮
│  PufferLib 4.0  🐡                GPU: 0%      VRAM: 0.4/18G      RAM: 0.6G  │
│                                                                              │
│  Summary          Value    Evaluate   250ms  37%    Losses            Value  │
│  Env       osrs_inferno      GPU      207ms  31%    policy            0.023  │
│  Params          752.1K      Env       42ms   6%    value             0.031  │
│  Steps            50.0M    Train      410ms  62%    entropy           0.612  │
│  SPS             245.1K      Misc       0ms   0%    total             0.038  │
│  Epoch             1525      Forwa…     0ms   0%    old_kl            0.002  │
│  Uptime    0d 0h 3m 23s                             kl                0.003  │
│  Remaini…         117ms                             clipfrac          0.064  │
│                                                     bc                0.000  │
│                                                                              │
│  User Stats                    Value    User Stats                    Value  │
│  episode_return                6.253    damage_dealt                676.109  │
│  damage_received              63.890    episode_length              144.974  │
│  wins                          0.000    wave                         68.000  │
│  idle_ticks                    0.161    brews_used                    1.450  │
│  blood_healed                  0.000    prayer_correct_rate           0.234  │
│  unavoidable_off_praye…        0.002    brews_remaining              10.550  │
│  restores_remaining           11.721    prayer_at_death              89.823  │
│  current_ranged               98.614    current_magic                89.186  │
│  behind_shield_pct             0.762    zuk_hp_remaining            524.251  │
│  min_zuk_hp_seen             524.173    hp_restored                   0.682  │
│  zuk_healer_damage             0.011    deaths_to_jad                 0.052  │
│  episode_return_normal         6.253    wins_normal                   0.000  │
│  min_zuk_hp_normal           524.173    score_normal                  0.563  │
│  zuk_objective_normal          0.563    phase_reached_normal          1.741  │
│  death_tick_normal           144.974    frac_min_hp_le_300_no…        0.034  │
╰──────────────────────────────────────────────────────────────────────────────╯

[0;0H╭──────────────────────────────────────────────────────────────────────────────╮
│  PufferLib 4.0 🐡                 GPU: 0%      VRAM: 0.4/18G      RAM: 0.6G  │
│                                                                              │
│  Summary          Value    Evaluate   250ms  37%    Losses            Value  │
│  Env       osrs_inferno      GPU      207ms  31%    policy            0.023  │
│  Params          752.1K      Env       42ms   6%    value             0.031  │
│  Steps            50.0M    Train      410ms  62%    entropy           0.612  │
│  SPS             245.1K      Misc       0ms   0%    total             0.038  │
│  Epoch             1525      Forwa…     0ms   0%    old_kl            0.002  │
│  Uptime    0d 0h 3m 23s                             kl                0.003  │
│  Remaini…         117ms                             clipfrac          0.064  │
│                                                     bc                0.000  │
│                                                                              │
│  User Stats                    Value    User Stats                    Value  │
│  episode_return                6.231    damage_dealt                673.833  │
│  damage_received              63.349    episode_length              144.894  │
│  wins                          0.000    wave                         68.000  │
│  idle_ticks                    0.155    brews_used                    1.440  │
│  blood_healed                  0.000    prayer_correct_rate           0.235  │
│  unavoidable_off_praye…        0.002    brews_remaining              10.560  │
│  restores_remaining           11.723    prayer_at_death              89.842  │
│  current_ranged               98.714    current_magic                89.274  │
│  behind_shield_pct             0.762    zuk_hp_remaining            526.405  │
│  min_zuk_hp_seen             526.429    hp_restored                   0.635  │
│  zuk_healer_damage             0.010    deaths_to_jad                 0.052  │
│  episode_return_normal         6.231    wins_normal                   0.000  │
│  min_zuk_hp_normal           526.429    score_normal                  0.561  │
│  zuk_objective_normal          0.561    phase_reached_normal          1.732  │
│  death_tick_normal           144.894    frac_min_hp_le_300_no…        0.033  │
╰──────────────────────────────────────────────────────────────────────────────╯

[0;0H╭──────────────────────────────────────────────────────────────────────────────╮
│  PufferLib 4.0          🐡        GPU: 0%      VRAM: 0.4/18G      RAM: 0.6G  │
│                                                                              │
│  Summary          Value    Evaluate   250ms  37%    Losses            Value  │
│  Env       osrs_inferno      GPU      207ms  31%    policy            0.023  │
│  Params          752.1K      Env       42ms   6%    value             0.031  │
│  Steps            50.0M    Train      410ms  62%    entropy           0.612  │
│  SPS             245.1K      Misc       0ms   0%    total             0.038  │
│  Epoch             1525      Forwa…     0ms   0%    old_kl            0.002  │
│  Uptime    0d 0h 3m 23s                             kl                0.003  │
│  Remaini…         117ms                             clipfrac          0.064  │
│                                                     bc                0.000  │
│                                                                              │
│  User Stats                    Value    User Stats                    Value  │
│  episode_return                6.207    damage_dealt                671.394  │
│  damage_received              62.531    episode_length              144.718  │
│  wins                          0.000    wave                         68.000  │
│  idle_ticks                    0.145    brews_used                    1.427  │
│  blood_healed                  0.000    prayer_correct_rate           0.235  │
│  unavoidable_off_praye…        0.002    brews_remaining              10.573  │
│  restores_remaining           11.727    prayer_at_death              89.841  │
│  current_ranged               98.804    current_magic                89.322  │
│  behind_shield_pct             0.762    zuk_hp_remaining            528.777  │
│  min_zuk_hp_seen             528.852    hp_restored                   0.595  │
│  zuk_healer_damage             0.009    deaths_to_jad                 0.051  │
│  episode_return_normal         6.207    wins_normal                   0.000  │
│  min_zuk_hp_normal           528.852    score_normal                  0.559  │
│  zuk_objective_normal          0.559    phase_reached_normal          1.723  │
│  death_tick_normal           144.718    frac_min_hp_le_300_no…        0.031  │
╰──────────────────────────────────────────────────────────────────────────────╯

[0;0H╭──────────────────────────────────────────────────────────────────────────────╮
│  PufferLib 4.0         🐡         GPU: 0%      VRAM: 0.4/18G      RAM: 0.6G  │
│                                                                              │
│  Summary          Value    Evaluate   250ms  37%    Losses            Value  │
│  Env       osrs_inferno      GPU      207ms  31%    policy            0.023  │
│  Params          752.1K      Env       42ms   6%    value             0.031  │
│  Steps            50.0M    Train      410ms  62%    entropy           0.612  │
│  SPS             245.1K      Misc       0ms   0%    total             0.038  │
│  Epoch             1525      Forwa…     0ms   0%    old_kl            0.002  │
│  Uptime    0d 0h 3m 23s                             kl                0.003  │
│  Remaini…         117ms                             clipfrac          0.064  │
│                                                     bc                0.000  │
│                                                                              │
│  User Stats                    Value    User Stats                    Value  │
│  episode_return                6.200    damage_dealt                670.790  │
│  damage_received              61.732    episode_length              144.498  │
│  wins                          0.000    wave                         68.000  │
│  idle_ticks                    0.140    brews_used                    1.407  │
│  blood_healed                  0.000    prayer_correct_rate           0.235  │
│  unavoidable_off_praye…        0.002    brews_remaining              10.593  │
│  restores_remaining           11.736    prayer_at_death              89.802  │
│  current_ranged               98.874    current_magic                89.376  │
│  behind_shield_pct             0.763    zuk_hp_remaining            529.490  │
│  min_zuk_hp_seen             529.484    hp_restored                   0.662  │
│  zuk_healer_damage             0.027    deaths_to_jad                 0.051  │
│  episode_return_normal         6.200    wins_normal                   0.000  │
│  min_zuk_hp_normal           529.484    score_normal                  0.559  │
│  zuk_objective_normal          0.559    phase_reached_normal          1.718  │
│  death_tick_normal           144.498    frac_min_hp_le_300_no…        0.031  │
╰──────────────────────────────────────────────────────────────────────────────╯

[0;0H╭──────────────────────────────────────────────────────────────────────────────╮
│  PufferLib 4.0        🐡          GPU: 0%      VRAM: 0.4/18G      RAM: 0.6G  │
│                                                                              │
│  Summary          Value    Evaluate   250ms  37%    Losses            Value  │
│  Env       osrs_inferno      GPU      207ms  31%    policy            0.023  │
│  Params          752.1K      Env       42ms   6%    value             0.031  │
│  Steps            50.0M    Train      410ms  62%    entropy           0.612  │
│  SPS             245.1K      Misc       0ms   0%    total             0.038  │
│  Epoch             1525      Forwa…     0ms   0%    old_kl            0.002  │
│  Uptime    0d 0h 3m 23s                             kl                0.003  │
│  Remaini…         117ms                             clipfrac          0.064  │
│                                                     bc                0.000  │
│                                                                              │
│  User Stats                    Value    User Stats                    Value  │
│  episode_return                6.192    damage_dealt                669.972  │
│  damage_received              61.340    episode_length              144.324  │
│  wins                          0.000    wave                         68.000  │
│  idle_ticks                    0.132    brews_used                    1.395  │
│  blood_healed                  0.000    prayer_correct_rate           0.235  │
│  unavoidable_off_praye…        0.002    brews_remaining              10.605  │
│  restores_remaining           11.743    prayer_at_death              89.761  │
│  current_ranged               98.912    current_magic                89.406  │
│  behind_shield_pct             0.763    zuk_hp_remaining            530.293  │
│  min_zuk_hp_seen             530.296    hp_restored                   0.638  │
│  zuk_healer_damage             0.026    deaths_to_jad                 0.053  │
│  episode_return_normal         6.192    wins_normal                   0.000  │
│  min_zuk_hp_normal           530.296    score_normal                  0.558  │
│  zuk_objective_normal          0.558    phase_reached_normal          1.714  │
│  death_tick_normal           144.324    frac_min_hp_le_300_no…        0.030  │
╰──────────────────────────────────────────────────────────────────────────────╯

[0;0H╭──────────────────────────────────────────────────────────────────────────────╮
│  PufferLib 4.0       🐡           GPU: 0%      VRAM: 0.4/18G      RAM: 0.6G  │
│                                                                              │
│  Summary          Value    Evaluate   250ms  37%    Losses            Value  │
│  Env       osrs_inferno      GPU      207ms  31%    policy            0.023  │
│  Params          752.1K      Env       42ms   6%    value             0.031  │
│  Steps            50.0M    Train      410ms  62%    entropy           0.612  │
│  SPS             245.1K      Misc       0ms   0%    total             0.038  │
│  Epoch             1525      Forwa…     0ms   0%    old_kl            0.002  │
│  Uptime    0d 0h 3m 23s                             kl                0.003  │
│  Remaini…         117ms                             clipfrac          0.064  │
│                                                     bc                0.000  │
│                                                                              │
│  User Stats                    Value    User Stats                    Value  │
│  episode_return                6.191    damage_dealt                669.782  │
│  damage_received              60.740    episode_length              144.101  │
│  wins                          0.000    wave                         68.000  │
│  idle_ticks                    0.125    brews_used                    1.380  │
│  blood_healed                  0.000    prayer_correct_rate           0.234  │
│  unavoidable_off_praye…        0.002    brews_remaining              10.620  │
│  restores_remaining           11.751    prayer_at_death              89.718  │
│  current_ranged               98.893    current_magic                89.395  │
│  behind_shield_pct             0.764    zuk_hp_remaining            530.451  │
│  min_zuk_hp_seen             530.471    hp_restored                   0.602  │
│  zuk_healer_damage             0.024    deaths_to_jad                 0.055  │
│  episode_return_normal         6.191    wins_normal                   0.000  │
│  min_zuk_hp_normal           530.471    score_normal                  0.558  │
│  zuk_objective_normal          0.558    phase_reached_normal          1.708  │
│  death_tick_normal           144.101    frac_min_hp_le_300_no…        0.029  │
╰──────────────────────────────────────────────────────────────────────────────╯

[0;0H╭──────────────────────────────────────────────────────────────────────────────╮
│  PufferLib 4.0      🐡            GPU: 0%      VRAM: 0.4/18G      RAM: 0.6G  │
│                                                                              │
│  Summary          Value    Evaluate   250ms  37%    Losses            Value  │
│  Env       osrs_inferno      GPU      207ms  31%    policy            0.023  │
│  Params          752.1K      Env       42ms   6%    value             0.031  │
│  Steps            50.0M    Train      410ms  62%    entropy           0.612  │
│  SPS             245.1K      Misc       0ms   0%    total             0.038  │
│  Epoch             1525      Forwa…     0ms   0%    old_kl            0.002  │
│  Uptime    0d 0h 3m 23s                             kl                0.003  │
│  Remaini…         117ms                             clipfrac          0.064  │
│                                                     bc                0.000  │
│                                                                              │
│  User Stats                    Value    User Stats                    Value  │
│  episode_return                6.198    damage_dealt                670.477  │
│  damage_received              60.308    episode_length              143.903  │
│  wins                          0.000    wave                         68.000  │
│  idle_ticks                    0.119    brews_used                    1.368  │
│  blood_healed                  0.000    prayer_correct_rate           0.233  │
│  unavoidable_off_praye…        0.002    brews_remaining              10.632  │
│  restores_remaining           11.758    prayer_at_death              89.696  │
│  current_ranged               98.876    current_magic                89.395  │
│  behind_shield_pct             0.765    zuk_hp_remaining            529.811  │
│  min_zuk_hp_seen             529.774    hp_restored                   0.628  │
│  zuk_healer_damage             0.034    deaths_to_jad                 0.054  │
│  episode_return_normal         6.198    wins_normal                   0.000  │
│  min_zuk_hp_normal           529.774    score_normal                  0.559  │
│  zuk_objective_normal          0.559    phase_reached_normal          1.709  │
│  death_tick_normal           143.903    frac_min_hp_le_300_no…        0.029  │
╰──────────────────────────────────────────────────────────────────────────────╯

[0;0H╭──────────────────────────────────────────────────────────────────────────────╮
│  PufferLib 4.0     🐡             GPU: 0%      VRAM: 0.4/18G      RAM: 0.6G  │
│                                                                              │
│  Summary          Value    Evaluate   250ms  37%    Losses            Value  │
│  Env       osrs_inferno      GPU      207ms  31%    policy            0.023  │
│  Params          752.1K      Env       42ms   6%    value             0.031  │
│  Steps            50.0M    Train      410ms  62%    entropy           0.612  │
│  SPS             245.1K      Misc       0ms   0%    total             0.038  │
│  Epoch             1525      Forwa…     0ms   0%    old_kl            0.002  │
│  Uptime    0d 0h 3m 23s                             kl                0.003  │
│  Remaini…         117ms                             clipfrac          0.064  │
│                                                     bc                0.000  │
│                                                                              │
│  User Stats                    Value    User Stats                    Value  │
│  episode_return                6.208    damage_dealt                671.461  │
│  damage_received              59.757    episode_length              143.670  │
│  wins                          0.000    wave                         68.000  │
│  idle_ticks                    0.114    brews_used                    1.353  │
│  blood_healed                  0.000    prayer_correct_rate           0.233  │
│  unavoidable_off_praye…        0.002    brews_remaining              10.647  │
│  restores_remaining           11.766    prayer_at_death              89.654  │
│  current_ranged               98.865    current_magic                89.393  │
│  behind_shield_pct             0.765    zuk_hp_remaining            528.784  │
│  min_zuk_hp_seen             528.778    hp_restored                   0.597  │
│  zuk_healer_damage             0.033    deaths_to_jad                 0.053  │
│  episode_return_normal         6.208    wins_normal                   0.000  │
│  min_zuk_hp_normal           528.778    score_normal                  0.559  │
│  zuk_objective_normal          0.559    phase_reached_normal          1.708  │
│  death_tick_normal           143.670    frac_min_hp_le_300_no…        0.029  │
╰──────────────────────────────────────────────────────────────────────────────╯

[0;0H╭──────────────────────────────────────────────────────────────────────────────╮
│  PufferLib 4.0    🐡              GPU: 0%      VRAM: 0.4/18G      RAM: 0.6G  │
│                                                                              │
│  Summary          Value    Evaluate   250ms  37%    Losses            Value  │
│  Env       osrs_inferno      GPU      207ms  31%    policy            0.023  │
│  Params          752.1K      Env       42ms   6%    value             0.031  │
│  Steps            50.0M    Train      410ms  62%    entropy           0.612  │
│  SPS             245.1K      Misc       0ms   0%    total             0.038  │
│  Epoch             1525      Forwa…     0ms   0%    old_kl            0.002  │
│  Uptime    0d 0h 3m 23s                             kl                0.003  │
│  Remaini…         117ms                             clipfrac          0.064  │
│                                                     bc                0.000  │
│                                                                              │
│  User Stats                    Value    User Stats                    Value  │
│  episode_return                6.212    damage_dealt                671.834  │
│  damage_received              59.495    episode_length              143.494  │
│  wins                          0.000    wave                         68.000  │
│  idle_ticks                    0.109    brews_used                    1.345  │
│  blood_healed                  0.000    prayer_correct_rate           0.233  │
│  unavoidable_off_praye…        0.002    brews_remaining              10.655  │
│  restores_remaining           11.772    prayer_at_death              89.617  │
│  current_ranged               98.852    current_magic                89.376  │
│  behind_shield_pct             0.766    zuk_hp_remaining            528.375  │
│  min_zuk_hp_seen             528.393    hp_restored                   0.570  │
│  zuk_healer_damage             0.031    deaths_to_jad                 0.052  │
│  episode_return_normal         6.212    wins_normal                   0.000  │
│  min_zuk_hp_normal           528.393    score_normal                  0.560  │
│  zuk_objective_normal          0.560    phase_reached_normal          1.707  │
│  death_tick_normal           143.494    frac_min_hp_le_300_no…        0.028  │
╰──────────────────────────────────────────────────────────────────────────────╯

[0;0H╭──────────────────────────────────────────────────────────────────────────────╮
│  PufferLib 4.0   🐡               GPU: 0%      VRAM: 0.4/18G      RAM: 0.6G  │
│                                                                              │
│  Summary          Value    Evaluate   250ms  37%    Losses            Value  │
│  Env       osrs_inferno      GPU      207ms  31%    policy            0.023  │
│  Params          752.1K      Env       42ms   6%    value             0.031  │
│  Steps            50.0M    Train      410ms  62%    entropy           0.612  │
│  SPS             245.1K      Misc       0ms   0%    total             0.038  │
│  Epoch             1525      Forwa…     0ms   0%    old_kl            0.002  │
│  Uptime    0d 0h 3m 23s                             kl                0.003  │
│  Remaini…         117ms                             clipfrac          0.064  │
│                                                     bc                0.000  │
│                                                                              │
│  User Stats                    Value    User Stats                    Value  │
│  episode_return                6.226    damage_dealt                673.309  │
│  damage_received              59.705    episode_length              143.439  │
│  wins                          0.000    wave                         68.000  │
│  idle_ticks                    0.107    brews_used                    1.346  │
│  blood_healed                  0.000    prayer_correct_rate           0.233  │
│  unavoidable_off_praye…        0.002    brews_remaining              10.654  │
│  restores_remaining           11.775    prayer_at_death              89.605  │
│  current_ranged               98.772    current_magic                89.317  │
│  behind_shield_pct             0.766    zuk_hp_remaining            526.926  │
│  min_zuk_hp_seen             526.921    hp_restored                   0.624  │
│  zuk_healer_damage             0.033    deaths_to_jad                 0.052  │
│  episode_return_normal         6.226    wins_normal                   0.000  │
│  min_zuk_hp_normal           526.921    score_normal                  0.561  │
│  zuk_objective_normal          0.561    phase_reached_normal          1.712  │
│  death_tick_normal           143.439    frac_min_hp_le_300_no…        0.028  │
╰──────────────────────────────────────────────────────────────────────────────╯

[0;0H╭──────────────────────────────────────────────────────────────────────────────╮
│  PufferLib 4.0  🐡                GPU: 0%      VRAM: 0.4/18G      RAM: 0.6G  │
│                                                                              │
│  Summary          Value    Evaluate   250ms  37%    Losses            Value  │
│  Env       osrs_inferno      GPU      207ms  31%    policy            0.023  │
│  Params          752.1K      Env       42ms   6%    value             0.031  │
│  Steps            50.0M    Train      410ms  62%    entropy           0.612  │
│  SPS             245.1K      Misc       0ms   0%    total             0.038  │
│  Epoch             1525      Forwa…     0ms   0%    old_kl            0.002  │
│  Uptime    0d 0h 3m 23s                             kl                0.003  │
│  Remaini…         117ms                             clipfrac          0.064  │
│                                                     bc                0.000  │
│                                                                              │
│  User Stats                    Value    User Stats                    Value  │
│  episode_return                6.235    damage_dealt                674.153  │
│  damage_received              59.886    episode_length              143.390  │
│  wins                          0.000    wave                         68.000  │
│  idle_ticks                    0.107    brews_used                    1.353  │
│  blood_healed                  0.000    prayer_correct_rate           0.233  │
│  unavoidable_off_praye…        0.002    brews_remaining              10.647  │
│  restores_remaining           11.776    prayer_at_death              89.601  │
│  current_ranged               98.659    current_magic                89.239  │
│  behind_shield_pct             0.766    zuk_hp_remaining            526.070  │
│  min_zuk_hp_seen             526.067    hp_restored                   0.622  │
│  zuk_healer_damage             0.031    deaths_to_jad                 0.051  │
│  episode_return_normal         6.235    wins_normal                   0.000  │
│  min_zuk_hp_normal           526.067    score_normal                  0.562  │
│  zuk_objective_normal          0.562    phase_reached_normal          1.716  │
│  death_tick_normal           143.390    frac_min_hp_le_300_no…        0.028  │
╰──────────────────────────────────────────────────────────────────────────────╯

[0;0H╭──────────────────────────────────────────────────────────────────────────────╮
│  PufferLib 4.0 🐡                 GPU: 0%      VRAM: 0.4/18G      RAM: 0.6G  │
│                                                                              │
│  Summary          Value    Evaluate   250ms  37%    Losses            Value  │
│  Env       osrs_inferno      GPU      207ms  31%    policy            0.023  │
│  Params          752.1K      Env       42ms   6%    value             0.031  │
│  Steps            50.0M    Train      410ms  62%    entropy           0.612  │
│  SPS             245.1K      Misc       0ms   0%    total             0.038  │
│  Epoch             1525      Forwa…     0ms   0%    old_kl            0.002  │
│  Uptime    0d 0h 3m 23s                             kl                0.003  │
│  Remaini…         117ms                             clipfrac          0.064  │
│                                                     bc                0.000  │
│                                                                              │
│  User Stats                    Value    User Stats                    Value  │
│  episode_return                6.237    damage_dealt                674.435  │
│  damage_received              60.238    episode_length              143.376  │
│  wins                          0.000    wave                         68.000  │
│  idle_ticks                    0.106    brews_used                    1.359  │
│  blood_healed                  0.000    prayer_correct_rate           0.233  │
│  unavoidable_off_praye…        0.002    brews_remaining              10.641  │
│  restores_remaining           11.775    prayer_at_death              89.606  │
│  current_ranged               98.609    current_magic                89.205  │
│  behind_shield_pct             0.766    zuk_hp_remaining            525.890  │
│  min_zuk_hp_seen             525.810    hp_restored                   0.697  │
│  zuk_healer_damage             0.040    deaths_to_jad                 0.050  │
│  episode_return_normal         6.237    wins_normal                   0.000  │
│  min_zuk_hp_normal           525.810    score_normal                  0.562  │
│  zuk_objective_normal          0.562    phase_reached_normal          1.721  │
│  death_tick_normal           143.376    frac_min_hp_le_300_no…        0.028  │
╰──────────────────────────────────────────────────────────────────────────────╯

[0;0H╭──────────────────────────────────────────────────────────────────────────────╮
│  PufferLib 4.0          🐡        GPU: 0%      VRAM: 0.4/18G      RAM: 0.6G  │
│                                                                              │
│  Summary          Value    Evaluate   250ms  37%    Losses            Value  │
│  Env       osrs_inferno      GPU      207ms  31%    policy            0.023  │
│  Params          752.1K      Env       42ms   6%    value             0.031  │
│  Steps            50.0M    Train      410ms  62%    entropy           0.612  │
│  SPS             245.1K      Misc       0ms   0%    total             0.038  │
│  Epoch             1525      Forwa…     0ms   0%    old_kl            0.002  │
│  Uptime    0d 0h 3m 23s                             kl                0.003  │
│  Remaini…         117ms                             clipfrac          0.064  │
│                                                     bc                0.000  │
│                                                                              │
│  User Stats                    Value    User Stats                    Value  │
│  episode_return                6.243    damage_dealt                675.085  │
│  damage_received              60.327    episode_length              143.349  │
│  wins                          0.000    wave                         68.000  │
│  idle_ticks                    0.103    brews_used                    1.357  │
│  blood_healed                  0.000    prayer_correct_rate           0.234  │
│  unavoidable_off_praye…        0.002    brews_remaining              10.643  │
│  restores_remaining           11.774    prayer_at_death              89.632  │
│  current_ranged               98.644    current_magic                89.258  │
│  behind_shield_pct             0.766    zuk_hp_remaining            525.229  │
│  min_zuk_hp_seen             525.153    hp_restored                   0.670  │
│  zuk_healer_damage             0.038    deaths_to_jad                 0.049  │
│  episode_return_normal         6.243    wins_normal                   0.000  │
│  min_zuk_hp_normal           525.153    score_normal                  0.562  │
│  zuk_objective_normal          0.562    phase_reached_normal          1.724  │
│  death_tick_normal           143.349    frac_min_hp_le_300_no…        0.027  │
╰──────────────────────────────────────────────────────────────────────────────╯

[0;0H╭──────────────────────────────────────────────────────────────────────────────╮
│  PufferLib 4.0         🐡         GPU: 0%      VRAM: 0.4/18G      RAM: 0.6G  │
│                                                                              │
│  Summary          Value    Evaluate   250ms  37%    Losses            Value  │
│  Env       osrs_inferno      GPU      207ms  31%    policy            0.023  │
│  Params          752.1K      Env       42ms   6%    value             0.031  │
│  Steps            50.0M    Train      410ms  62%    entropy           0.612  │
│  SPS             245.1K      Misc       0ms   0%    total             0.038  │
│  Epoch             1525      Forwa…     0ms   0%    old_kl            0.002  │
│  Uptime    0d 0h 3m 23s                             kl                0.003  │
│  Remaini…         117ms                             clipfrac          0.064  │
│                                                     bc                0.000  │
│                                                                              │
│  User Stats                    Value    User Stats                    Value  │
│  episode_return                6.239    damage_dealt                674.594  │
│  damage_received              60.665    episode_length              143.380  │
│  wins                          0.000    wave                         68.000  │
│  idle_ticks                    0.100    brews_used                    1.367  │
│  blood_healed                  0.000    prayer_correct_rate           0.234  │
│  unavoidable_off_praye…        0.002    brews_remaining              10.633  │
│  restores_remaining           11.774    prayer_at_death              89.632  │
│  current_ranged               98.551    current_magic                89.182  │
│  behind_shield_pct             0.765    zuk_hp_remaining            525.728  │
│  min_zuk_hp_seen             525.636    hp_restored                   0.665  │
│  zuk_healer_damage             0.037    deaths_to_jad                 0.049  │
│  episode_return_normal         6.239    wins_normal                   0.000  │
│  min_zuk_hp_normal           525.636    score_normal                  0.562  │
│  zuk_objective_normal          0.562    phase_reached_normal          1.724  │
│  death_tick_normal           143.380    frac_min_hp_le_300_no…        0.027  │
╰──────────────────────────────────────────────────────────────────────────────╯

[0;0H╭──────────────────────────────────────────────────────────────────────────────╮
│  PufferLib 4.0        🐡          GPU: 0%      VRAM: 0.4/18G      RAM: 0.6G  │
│                                                                              │
│  Summary          Value    Evaluate   250ms  37%    Losses            Value  │
│  Env       osrs_inferno      GPU      207ms  31%    policy            0.023  │
│  Params          752.1K      Env       42ms   6%    value             0.031  │
│  Steps            50.0M    Train      410ms  62%    entropy           0.612  │
│  SPS             245.1K      Misc       0ms   0%    total             0.038  │
│  Epoch             1525      Forwa…     0ms   0%    old_kl            0.002  │
│  Uptime    0d 0h 3m 23s                             kl                0.003  │
│  Remaini…         117ms                             clipfrac          0.064  │
│                                                     bc                0.000  │
│                                                                              │
│  User Stats                    Value    User Stats                    Value  │
│  episode_return                6.228    damage_dealt                673.525  │
│  damage_received              60.817    episode_length              143.454  │
│  wins                          0.000    wave                         68.000  │
│  idle_ticks                    0.099    brews_used                    1.375  │
│  blood_healed                  0.000    prayer_correct_rate           0.235  │
│  unavoidable_off_praye…        0.002    brews_remaining              10.625  │
│  restores_remaining           11.770    prayer_at_death              89.671  │
│  current_ranged               98.566    current_magic                89.208  │
│  behind_shield_pct             0.765    zuk_hp_remaining            526.787  │
│  min_zuk_hp_seen             526.699    hp_restored                   0.642  │
│  zuk_healer_damage             0.036    deaths_to_jad                 0.048  │
│  episode_return_normal         6.228    wins_normal                   0.000  │
│  min_zuk_hp_normal           526.699    score_normal                  0.561  │
│  zuk_objective_normal          0.561    phase_reached_normal          1.723  │
│  death_tick_normal           143.454    frac_min_hp_le_300_no…        0.026  │
╰──────────────────────────────────────────────────────────────────────────────╯

[0;0H╭──────────────────────────────────────────────────────────────────────────────╮
│  PufferLib 4.0       🐡           GPU: 0%      VRAM: 0.4/18G      RAM: 0.6G  │
│                                                                              │
│  Summary          Value    Evaluate   250ms  37%    Losses            Value  │
│  Env       osrs_inferno      GPU      207ms  31%    policy            0.023  │
│  Params          752.1K      Env       42ms   6%    value             0.031  │
│  Steps            50.0M    Train      410ms  62%    entropy           0.612  │
│  SPS             245.1K      Misc       0ms   0%    total             0.038  │
│  Epoch             1525      Forwa…     0ms   0%    old_kl            0.002  │
│  Uptime    0d 0h 3m 23s                             kl                0.003  │
│  Remaini…         117ms                             clipfrac          0.064  │
│                                                     bc                0.000  │
│                                                                              │
│  User Stats                    Value    User Stats                    Value  │
│  episode_return                6.224    damage_dealt                673.232  │
│  damage_received              61.237    episode_length              143.575  │
│  wins                          0.000    wave                         68.000  │
│  idle_ticks                    0.095    brews_used                    1.386  │
│  blood_healed                  0.000    prayer_correct_rate           0.236  │
│  unavoidable_off_praye…        0.002    brews_remaining              10.614  │
│  restores_remaining           11.767    prayer_at_death              89.685  │
│  current_ranged               98.528    current_magic                89.168  │
│  behind_shield_pct             0.765    zuk_hp_remaining            527.215  │
│  min_zuk_hp_seen             527.010    hp_restored                   0.732  │
│  zuk_healer_damage             0.042    deaths_to_jad                 0.047  │
│  episode_return_normal         6.224    wins_normal                   0.000  │
│  min_zuk_hp_normal           527.010    score_normal                  0.561  │
│  zuk_objective_normal          0.561    phase_reached_normal          1.725  │
│  death_tick_normal           143.575    frac_min_hp_le_300_no…        0.027  │
╰──────────────────────────────────────────────────────────────────────────────╯

[0;0H╭──────────────────────────────────────────────────────────────────────────────╮
│  PufferLib 4.0      🐡            GPU: 0%      VRAM: 0.4/18G      RAM: 0.6G  │
│                                                                              │
│  Summary          Value    Evaluate   250ms  37%    Losses            Value  │
│  Env       osrs_inferno      GPU      207ms  31%    policy            0.023  │
│  Params          752.1K      Env       42ms   6%    value             0.031  │
│  Steps            50.0M    Train      410ms  62%    entropy           0.612  │
│  SPS             245.1K      Misc       0ms   0%    total             0.038  │
│  Epoch             1525      Forwa…     0ms   0%    old_kl            0.002  │
│  Uptime    0d 0h 3m 23s                             kl                0.003  │
│  Remaini…         117ms                             clipfrac          0.064  │
│                                                     bc                0.000  │
│                                                                              │
│  User Stats                    Value    User Stats                    Value  │
│  episode_return                6.226    damage_dealt                673.391  │
│  damage_received              61.503    episode_length              143.644  │
│  wins                          0.000    wave                         68.000  │
│  idle_ticks                    0.093    brews_used                    1.391  │
│  blood_healed                  0.000    prayer_correct_rate           0.236  │
│  unavoidable_off_praye…        0.002    brews_remaining              10.609  │
│  restores_remaining           11.766    prayer_at_death              89.694  │
│  current_ranged               98.560    current_magic                89.189  │
│  behind_shield_pct             0.764    zuk_hp_remaining            527.095  │
│  min_zuk_hp_seen             526.845    hp_restored                   0.757  │
│  zuk_healer_damage             0.042    deaths_to_jad                 0.047  │
│  episode_return_normal         6.226    wins_normal                   0.000  │
│  min_zuk_hp_normal           526.845    score_normal                  0.561  │
│  zuk_objective_normal          0.561    phase_reached_normal          1.727  │
│  death_tick_normal           143.644    frac_min_hp_le_300_no…        0.027  │
╰──────────────────────────────────────────────────────────────────────────────╯

[0;0H╭──────────────────────────────────────────────────────────────────────────────╮
│  PufferLib 4.0     🐡             GPU: 0%      VRAM: 0.4/18G      RAM: 0.6G  │
│                                                                              │
│  Summary          Value    Evaluate   250ms  37%    Losses            Value  │
│  Env       osrs_inferno      GPU      207ms  31%    policy            0.023  │
│  Params          752.1K      Env       42ms   6%    value             0.031  │
│  Steps            50.0M    Train      410ms  62%    entropy           0.612  │
│  SPS             245.1K      Misc       0ms   0%    total             0.038  │
│  Epoch             1525      Forwa…     0ms   0%    old_kl            0.002  │
│  Uptime    0d 0h 3m 23s                             kl                0.003  │
│  Remaini…         117ms                             clipfrac          0.064  │
│                                                     bc                0.000  │
│                                                                              │
│  User Stats                    Value    User Stats                    Value  │
│  episode_return                6.226    damage_dealt                673.470  │
│  damage_received              61.605    episode_length              143.692  │
│  wins                          0.000    wave                         68.000  │
│  idle_ticks                    0.090    brews_used                    1.392  │
│  blood_healed                  0.000    prayer_correct_rate           0.236  │
│  unavoidable_off_praye…        0.002    brews_remaining              10.608  │
│  restores_remaining           11.766    prayer_at_death              89.693  │
│  current_ranged               98.583    current_magic                89.203  │
│  behind_shield_pct             0.764    zuk_hp_remaining            527.049  │
│  min_zuk_hp_seen             526.764    hp_restored                   0.778  │
│  zuk_healer_damage             0.042    deaths_to_jad                 0.048  │
│  episode_return_normal         6.226    wins_normal                   0.000  │
│  min_zuk_hp_normal           526.764    score_normal                  0.561  │
│  zuk_objective_normal          0.561    phase_reached_normal          1.726  │
│  death_tick_normal           143.692    frac_min_hp_le_300_no…        0.027  │
╰──────────────────────────────────────────────────────────────────────────────╯

[0;0H╭──────────────────────────────────────────────────────────────────────────────╮
│  PufferLib 4.0    🐡              GPU: 0%      VRAM: 0.4/18G      RAM: 0.6G  │
│                                                                              │
│  Summary          Value    Evaluate   250ms  37%    Losses            Value  │
│  Env       osrs_inferno      GPU      207ms  31%    policy            0.023  │
│  Params          752.1K      Env       42ms   6%    value             0.031  │
│  Steps            50.0M    Train      410ms  62%    entropy           0.612  │
│  SPS             245.1K      Misc       0ms   0%    total             0.038  │
│  Epoch             1525      Forwa…     0ms   0%    old_kl            0.002  │
│  Uptime    0d 0h 3m 23s                             kl                0.003  │
│  Remaini…         117ms                             clipfrac          0.064  │
│                                                     bc                0.000  │
│                                                                              │
│  User Stats                    Value    User Stats                    Value  │
│  episode_return                6.225    damage_dealt                673.334  │
│  damage_received              61.706    episode_length              143.762  │
│  wins                          0.000    wave                         68.000  │
│  idle_ticks                    0.091    brews_used                    1.396  │
│  blood_healed                  0.000    prayer_correct_rate           0.237  │
│  unavoidable_off_praye…        0.002    brews_remaining              10.604  │
│  restores_remaining           11.766    prayer_at_death              89.677  │
│  current_ranged               98.523    current_magic                89.153  │
│  behind_shield_pct             0.764    zuk_hp_remaining            527.181  │
│  min_zuk_hp_seen             526.893    hp_restored                   0.769  │
│  zuk_healer_damage             0.041    deaths_to_jad                 0.048  │
│  episode_return_normal         6.225    wins_normal                   0.000  │
│  min_zuk_hp_normal           526.893    score_normal                  0.561  │
│  zuk_objective_normal          0.561    phase_reached_normal          1.726  │
│  death_tick_normal           143.762    frac_min_hp_le_300_no…        0.027  │
╰──────────────────────────────────────────────────────────────────────────────╯

[0;0H╭──────────────────────────────────────────────────────────────────────────────╮
│  PufferLib 4.0   🐡               GPU: 0%      VRAM: 0.4/18G      RAM: 0.6G  │
│                                                                              │
│  Summary          Value    Evaluate   250ms  37%    Losses            Value  │
│  Env       osrs_inferno      GPU      207ms  31%    policy            0.023  │
│  Params          752.1K      Env       42ms   6%    value             0.031  │
│  Steps            50.0M    Train      410ms  62%    entropy           0.612  │
│  SPS             245.1K      Misc       0ms   0%    total             0.038  │
│  Epoch             1525      Forwa…     0ms   0%    old_kl            0.002  │
│  Uptime    0d 0h 3m 23s                             kl                0.003  │
│  Remaini…         117ms                             clipfrac          0.064  │
│                                                     bc                0.000  │
│                                                                              │
│  User Stats                    Value    User Stats                    Value  │
│  episode_return                6.224    damage_dealt                673.225  │
│  damage_received              61.774    episode_length              143.841  │
│  wins                          0.000    wave                         68.000  │
│  idle_ticks                    0.089    brews_used                    1.399  │
│  blood_healed                  0.000    prayer_correct_rate           0.237  │
│  unavoidable_off_praye…        0.002    brews_remaining              10.601  │
│  restores_remaining           11.766    prayer_at_death              89.674  │
│  current_ranged               98.516    current_magic                89.146  │
│  behind_shield_pct             0.764    zuk_hp_remaining            527.309  │
│  min_zuk_hp_seen             526.995    hp_restored                   0.778  │
│  zuk_healer_damage             0.040    deaths_to_jad                 0.048  │
│  episode_return_normal         6.224    wins_normal                   0.000  │
│  min_zuk_hp_normal           526.995    score_normal                  0.561  │
│  zuk_objective_normal          0.561    phase_reached_normal          1.725  │
│  death_tick_normal           143.841    frac_min_hp_le_300_no…        0.027  │
╰──────────────────────────────────────────────────────────────────────────────╯

[0;0H╭──────────────────────────────────────────────────────────────────────────────╮
│  PufferLib 4.0  🐡                GPU: 0%      VRAM: 0.4/18G      RAM: 0.6G  │
│                                                                              │
│  Summary          Value    Evaluate   250ms  37%    Losses            Value  │
│  Env       osrs_inferno      GPU      207ms  31%    policy            0.023  │
│  Params          752.1K      Env       42ms   6%    value             0.031  │
│  Steps            50.0M    Train      410ms  62%    entropy           0.612  │
│  SPS             245.1K      Misc       0ms   0%    total             0.038  │
│  Epoch             1525      Forwa…     0ms   0%    old_kl            0.002  │
│  Uptime    0d 0h 3m 23s                             kl                0.003  │
│  Remaini…         117ms                             clipfrac          0.064  │
│                                                     bc                0.000  │
│                                                                              │
│  User Stats                    Value    User Stats                    Value  │
│  episode_return                6.220    damage_dealt                672.810  │
│  damage_received              62.072    episode_length              143.910  │
│  wins                          0.000    wave                         68.000  │
│  idle_ticks                    0.088    brews_used                    1.408  │
│  blood_healed                  0.000    prayer_correct_rate           0.237  │
│  unavoidable_off_praye…        0.002    brews_remaining              10.592  │
│  restores_remaining           11.766    prayer_at_death              89.661  │
│  current_ranged               98.457    current_magic                89.087  │
│  behind_shield_pct             0.763    zuk_hp_remaining            527.707  │
│  min_zuk_hp_seen             527.404    hp_restored                   0.756  │
│  zuk_healer_damage             0.038    deaths_to_jad                 0.047  │
│  episode_return_normal         6.220    wins_normal                   0.000  │
│  min_zuk_hp_normal           527.404    score_normal                  0.560  │
│  zuk_objective_normal          0.560    phase_reached_normal          1.724  │
│  death_tick_normal           143.910    frac_min_hp_le_300_no…        0.027  │
╰──────────────────────────────────────────────────────────────────────────────╯

[0;0H╭──────────────────────────────────────────────────────────────────────────────╮
│  PufferLib 4.0 🐡                 GPU: 0%      VRAM: 0.4/18G      RAM: 0.6G  │
│                                                                              │
│  Summary          Value    Evaluate   250ms  37%    Losses            Value  │
│  Env       osrs_inferno      GPU      207ms  31%    policy            0.023  │
│  Params          752.1K      Env       42ms   6%    value             0.031  │
│  Steps            50.0M    Train      410ms  62%    entropy           0.612  │
│  SPS             245.1K      Misc       0ms   0%    total             0.038  │
│  Epoch             1525      Forwa…     0ms   0%    old_kl            0.002  │
│  Uptime    0d 0h 3m 23s                             kl                0.003  │
│  Remaini…         117ms                             clipfrac          0.064  │
│                                                     bc                0.000  │
│                                                                              │
│  User Stats                    Value    User Stats                    Value  │
│  episode_return                6.215    damage_dealt                672.329  │
│  damage_received              62.325    episode_length              143.996  │
│  wins                          0.000    wave                         68.000  │
│  idle_ticks                    0.086    brews_used                    1.413  │
│  blood_healed                  0.000    prayer_correct_rate           0.237  │
│  unavoidable_off_praye…        0.002    brews_remaining              10.587  │
│  restores_remaining           11.765    prayer_at_death              89.655  │
│  current_ranged               98.440    current_magic                89.064  │
│  behind_shield_pct             0.763    zuk_hp_remaining            528.156  │
│  min_zuk_hp_seen             527.879    hp_restored                   0.735  │
│  zuk_healer_damage             0.037    deaths_to_jad                 0.046  │
│  episode_return_normal         6.215    wins_normal                   0.000  │
│  min_zuk_hp_normal           527.879    score_normal                  0.560  │
│  zuk_objective_normal          0.560    phase_reached_normal          1.723  │
│  death_tick_normal           143.996    frac_min_hp_le_300_no…        0.026  │
╰──────────────────────────────────────────────────────────────────────────────╯

[0;0H╭──────────────────────────────────────────────────────────────────────────────╮
│  PufferLib 4.0          🐡        GPU: 0%      VRAM: 0.4/18G      RAM: 0.6G  │
│                                                                              │
│  Summary          Value    Evaluate   250ms  37%    Losses            Value  │
│  Env       osrs_inferno      GPU      207ms  31%    policy            0.023  │
│  Params          752.1K      Env       42ms   6%    value             0.031  │
│  Steps            50.0M    Train      410ms  62%    entropy           0.612  │
│  SPS             245.1K      Misc       0ms   0%    total             0.038  │
│  Epoch             1525      Forwa…     0ms   0%    old_kl            0.002  │
│  Uptime    0d 0h 3m 23s                             kl                0.003  │
│  Remaini…         117ms                             clipfrac          0.064  │
│                                                     bc                0.000  │
│                                                                              │
│  User Stats                    Value    User Stats                    Value  │
│  episode_return                6.211    damage_dealt                671.862  │
│  damage_received              62.496    episode_length              144.058  │
│  wins                          0.000    wave                         68.000  │
│  idle_ticks                    0.085    brews_used                    1.422  │
│  blood_healed                  0.000    prayer_correct_rate           0.237  │
│  unavoidable_off_praye…        0.002    brews_remaining              10.578  │
│  restores_remaining           11.766    prayer_at_death              89.633  │
│  current_ranged               98.363    current_magic                88.992  │
│  behind_shield_pct             0.763    zuk_hp_remaining            528.598  │
│  min_zuk_hp_seen             528.340    hp_restored                   0.715  │
│  zuk_healer_damage             0.036    deaths_to_jad                 0.046  │
│  episode_return_normal         6.211    wins_normal                   0.000  │
│  min_zuk_hp_normal           528.340    score_normal                  0.560  │
│  zuk_objective_normal          0.560    phase_reached_normal          1.721  │
│  death_tick_normal           144.058    frac_min_hp_le_300_no…        0.026  │
╰──────────────────────────────────────────────────────────────────────────────╯

[0;0H╭──────────────────────────────────────────────────────────────────────────────╮
│  PufferLib 4.0         🐡         GPU: 0%      VRAM: 0.4/18G      RAM: 0.6G  │
│                                                                              │
│  Summary          Value    Evaluate   250ms  37%    Losses            Value  │
│  Env       osrs_inferno      GPU      207ms  31%    policy            0.023  │
│  Params          752.1K      Env       42ms   6%    value             0.031  │
│  Steps            50.0M    Train      410ms  62%    entropy           0.612  │
│  SPS             245.1K      Misc       0ms   0%    total             0.038  │
│  Epoch             1525      Forwa…     0ms   0%    old_kl            0.002  │
│  Uptime    0d 0h 3m 23s                             kl                0.003  │
│  Remaini…         117ms                             clipfrac          0.064  │
│                                                     bc                0.000  │
│                                                                              │
│  User Stats                    Value    User Stats                    Value  │
│  episode_return                6.204    damage_dealt                671.203  │
│  damage_received              62.688    episode_length              144.116  │
│  wins                          0.000    wave                         68.000  │
│  idle_ticks                    0.084    brews_used                    1.427  │
│  blood_healed                  0.000    prayer_correct_rate           0.238  │
│  unavoidable_off_praye…        0.002    brews_remaining              10.573  │
│  restores_remaining           11.766    prayer_at_death              89.625  │
│  current_ranged               98.338    current_magic                88.964  │
│  behind_shield_pct             0.763    zuk_hp_remaining            529.245  │
│  min_zuk_hp_seen             528.994    hp_restored                   0.696  │
│  zuk_healer_damage             0.035    deaths_to_jad                 0.046  │
│  episode_return_normal         6.204    wins_normal                   0.000  │
│  min_zuk_hp_normal           528.994    score_normal                  0.559  │
│  zuk_objective_normal          0.559    phase_reached_normal          1.720  │
│  death_tick_normal           144.116    frac_min_hp_le_300_no…        0.025  │
╰──────────────────────────────────────────────────────────────────────────────╯

[0;0H╭──────────────────────────────────────────────────────────────────────────────╮
│  PufferLib 4.0        🐡          GPU: 0%      VRAM: 0.4/18G      RAM: 0.6G  │
│                                                                              │
│  Summary          Value    Evaluate   250ms  37%    Losses            Value  │
│  Env       osrs_inferno      GPU      207ms  31%    policy            0.023  │
│  Params          752.1K      Env       42ms   6%    value             0.031  │
│  Steps            50.0M    Train      410ms  62%    entropy           0.612  │
│  SPS             245.1K      Misc       0ms   0%    total             0.038  │
│  Epoch             1525      Forwa…     0ms   0%    old_kl            0.002  │
│  Uptime    0d 0h 3m 23s                             kl                0.003  │
│  Remaini…         117ms                             clipfrac          0.064  │
│                                                     bc                0.000  │
│                                                                              │
│  User Stats                    Value    User Stats                    Value  │
│  episode_return                6.201    damage_dealt                670.810  │
│  damage_received              62.825    episode_length              144.177  │
│  wins                          0.000    wave                         68.000  │
│  idle_ticks                    0.085    brews_used                    1.431  │
│  blood_healed                  0.000    prayer_correct_rate           0.238  │
│  unavoidable_off_praye…        0.002    brews_remaining              10.569  │
│  restores_remaining           11.765    prayer_at_death              89.619  │
│  current_ranged               98.334    current_magic                88.950  │
│  behind_shield_pct             0.763    zuk_hp_remaining            529.634  │
│  min_zuk_hp_seen             529.387    hp_restored                   0.687  │
│  zuk_healer_damage             0.034    deaths_to_jad                 0.045  │
│  episode_return_normal         6.201    wins_normal                   0.000  │
│  min_zuk_hp_normal           529.387    score_normal                  0.559  │
│  zuk_objective_normal          0.559    phase_reached_normal          1.719  │
│  death_tick_normal           144.177    frac_min_hp_le_300_no…        0.025  │
╰──────────────────────────────────────────────────────────────────────────────╯

[0;0H╭──────────────────────────────────────────────────────────────────────────────╮
│  PufferLib 4.0       🐡           GPU: 0%      VRAM: 0.4/18G      RAM: 0.6G  │
│                                                                              │
│  Summary          Value    Evaluate   250ms  37%    Losses            Value  │
│  Env       osrs_inferno      GPU      207ms  31%    policy            0.023  │
│  Params          752.1K      Env       42ms   6%    value             0.031  │
│  Steps            50.0M    Train      410ms  62%    entropy           0.612  │
│  SPS             245.1K      Misc       0ms   0%    total             0.038  │
│  Epoch             1525      Forwa…     0ms   0%    old_kl            0.002  │
│  Uptime    0d 0h 3m 23s                             kl                0.003  │
│  Remaini…         117ms                             clipfrac          0.064  │
│                                                     bc                0.000  │
│                                                                              │
│  User Stats                    Value    User Stats                    Value  │
│  episode_return                6.191    damage_dealt                669.874  │
│  damage_received              62.996    episode_length              144.205  │
│  wins                          0.000    wave                         68.000  │
│  idle_ticks                    0.085    brews_used                    1.434  │
│  blood_healed                  0.000    prayer_correct_rate           0.238  │
│  unavoidable_off_praye…        0.002    brews_remaining              10.566  │
│  restores_remaining           11.766    prayer_at_death              89.600  │
│  current_ranged               98.318    current_magic                88.921  │
│  behind_shield_pct             0.763    zuk_hp_remaining            530.554  │
│  min_zuk_hp_seen             530.317    hp_restored                   0.669  │
│  zuk_healer_damage             0.034    deaths_to_jad                 0.045  │
│  episode_return_normal         6.191    wins_normal                   0.000  │
│  min_zuk_hp_normal           530.317    score_normal                  0.558  │
│  zuk_objective_normal          0.558    phase_reached_normal          1.716  │
│  death_tick_normal           144.205    frac_min_hp_le_300_no…        0.025  │
╰──────────────────────────────────────────────────────────────────────────────╯

[0;0H╭──────────────────────────────────────────────────────────────────────────────╮
│  PufferLib 4.0      🐡            GPU: 0%      VRAM: 0.4/18G      RAM: 0.6G  │
│                                                                              │
│  Summary          Value    Evaluate   250ms  37%    Losses            Value  │
│  Env       osrs_inferno      GPU      207ms  31%    policy            0.023  │
│  Params          752.1K      Env       42ms   6%    value             0.031  │
│  Steps            50.0M    Train      410ms  62%    entropy           0.612  │
│  SPS             245.1K      Misc       0ms   0%    total             0.038  │
│  Epoch             1525      Forwa…     0ms   0%    old_kl            0.002  │
│  Uptime    0d 0h 3m 23s                             kl                0.003  │
│  Remaini…         117ms                             clipfrac          0.064  │
│                                                     bc                0.000  │
│                                                                              │
│  User Stats                    Value    User Stats                    Value  │
│  episode_return                6.185    damage_dealt                669.199  │
│  damage_received              63.089    episode_length              144.234  │
│  wins                          0.000    wave                         68.000  │
│  idle_ticks                    0.086    brews_used                    1.433  │
│  blood_healed                  0.000    prayer_correct_rate           0.238  │
│  unavoidable_off_praye…        0.002    brews_remaining              10.567  │
│  restores_remaining           11.767    prayer_at_death              89.587  │
│  current_ranged               98.336    current_magic                88.923  │
│  behind_shield_pct             0.763    zuk_hp_remaining            531.211  │
│  min_zuk_hp_seen             530.988    hp_restored                   0.653  │
│  zuk_healer_damage             0.033    deaths_to_jad                 0.045  │
│  episode_return_normal         6.185    wins_normal                   0.000  │
│  min_zuk_hp_normal           530.988    score_normal                  0.558  │
│  zuk_objective_normal          0.558    phase_reached_normal          1.714  │
│  death_tick_normal           144.234    frac_min_hp_le_300_no…        0.025  │
╰──────────────────────────────────────────────────────────────────────────────╯

[0;0H╭──────────────────────────────────────────────────────────────────────────────╮
│  PufferLib 4.0     🐡             GPU: 0%      VRAM: 0.4/18G      RAM: 0.6G  │
│                                                                              │
│  Summary          Value    Evaluate   250ms  37%    Losses            Value  │
│  Env       osrs_inferno      GPU      207ms  31%    policy            0.023  │
│  Params          752.1K      Env       42ms   6%    value             0.031  │
│  Steps            50.0M    Train      410ms  62%    entropy           0.612  │
│  SPS             245.1K      Misc       0ms   0%    total             0.038  │
│  Epoch             1525      Forwa…     0ms   0%    old_kl            0.002  │
│  Uptime    0d 0h 3m 23s                             kl                0.003  │
│  Remaini…         117ms                             clipfrac          0.064  │
│                                                     bc                0.000  │
│                                                                              │
│  User Stats                    Value    User Stats                    Value  │
│  episode_return                6.181    damage_dealt                668.750  │
│  damage_received              63.253    episode_length              144.262  │
│  wins                          0.000    wave                         68.000  │
│  idle_ticks                    0.085    brews_used                    1.436  │
│  blood_healed                  0.000    prayer_correct_rate           0.239  │
│  unavoidable_off_praye…        0.002    brews_remaining              10.564  │
│  restores_remaining           11.767    prayer_at_death              89.580  │
│  current_ranged               98.314    current_magic                88.902  │
│  behind_shield_pct             0.763    zuk_hp_remaining            531.648  │
│  min_zuk_hp_seen             531.432    hp_restored                   0.637  │
│  zuk_healer_damage             0.032    deaths_to_jad                 0.044  │
│  episode_return_normal         6.181    wins_normal                   0.000  │
│  min_zuk_hp_normal           531.432    score_normal                  0.557  │
│  zuk_objective_normal          0.557    phase_reached_normal          1.713  │
│  death_tick_normal           144.262    frac_min_hp_le_300_no…        0.025  │
╰──────────────────────────────────────────────────────────────────────────────╯

[0;0H╭──────────────────────────────────────────────────────────────────────────────╮
│  PufferLib 4.0    🐡              GPU: 0%      VRAM: 0.4/18G      RAM: 0.6G  │
│                                                                              │
│  Summary          Value    Evaluate   250ms  37%    Losses            Value  │
│  Env       osrs_inferno      GPU      207ms  31%    policy            0.023  │
│  Params          752.1K      Env       42ms   6%    value             0.031  │
│  Steps            50.0M    Train      410ms  62%    entropy           0.612  │
│  SPS             245.1K      Misc       0ms   0%    total             0.038  │
│  Epoch             1525      Forwa…     0ms   0%    old_kl            0.002  │
│  Uptime    0d 0h 3m 23s                             kl                0.003  │
│  Remaini…         117ms                             clipfrac          0.064  │
│                                                     bc                0.000  │
│                                                                              │
│  User Stats                    Value    User Stats                    Value  │
│  episode_return                6.178    damage_dealt                668.540  │
│  damage_received              63.242    episode_length              144.289  │
│  wins                          0.000    wave                         68.000  │
│  idle_ticks                    0.088    brews_used                    1.439  │
│  blood_healed                  0.000    prayer_correct_rate           0.239  │
│  unavoidable_off_praye…        0.002    brews_remaining              10.561  │
│  restores_remaining           11.767    prayer_at_death              89.570  │
│  current_ranged               98.285    current_magic                88.876  │
│  behind_shield_pct             0.763    zuk_hp_remaining            531.877  │
│  min_zuk_hp_seen             531.641    hp_restored                   0.656  │
│  zuk_healer_damage             0.033    deaths_to_jad                 0.044  │
│  episode_return_normal         6.178    wins_normal                   0.000  │
│  min_zuk_hp_normal           531.641    score_normal                  0.557  │
│  zuk_objective_normal          0.557    phase_reached_normal          1.713  │
│  death_tick_normal           144.289    frac_min_hp_le_300_no…        0.025  │
╰──────────────────────────────────────────────────────────────────────────────╯

[0;0H╭──────────────────────────────────────────────────────────────────────────────╮
│  PufferLib 4.0   🐡               GPU: 0%      VRAM: 0.4/18G      RAM: 0.6G  │
│                                                                              │
│  Summary          Value    Evaluate   250ms  37%    Losses            Value  │
│  Env       osrs_inferno      GPU      207ms  31%    policy            0.023  │
│  Params          752.1K      Env       42ms   6%    value             0.031  │
│  Steps            50.0M    Train      410ms  62%    entropy           0.612  │
│  SPS             245.1K      Misc       0ms   0%    total             0.038  │
│  Epoch             1525      Forwa…     0ms   0%    old_kl            0.002  │
│  Uptime    0d 0h 3m 23s                             kl                0.003  │
│  Remaini…         117ms                             clipfrac          0.064  │
│                                                     bc                0.000  │
│                                                                              │
│  User Stats                    Value    User Stats                    Value  │
│  episode_return                6.180    damage_dealt                668.732  │
│  damage_received              63.327    episode_length              144.334  │
│  wins                          0.000    wave                         68.000  │
│  idle_ticks                    0.091    brews_used                    1.438  │
│  blood_healed                  0.000    prayer_correct_rate           0.239  │
│  unavoidable_off_praye…        0.002    brews_remaining              10.562  │
│  restores_remaining           11.768    prayer_at_death              89.551  │
│  current_ranged               98.286    current_magic                88.866  │
│  behind_shield_pct             0.763    zuk_hp_remaining            531.667  │
│  min_zuk_hp_seen             531.447    hp_restored                   0.647  │
│  zuk_healer_damage             0.032    deaths_to_jad                 0.044  │
│  episode_return_normal         6.180    wins_normal                   0.000  │
│  min_zuk_hp_normal           531.447    score_normal                  0.557  │
│  zuk_objective_normal          0.557    phase_reached_normal          1.714  │
│  death_tick_normal           144.334    frac_min_hp_le_300_no…        0.025  │
╰──────────────────────────────────────────────────────────────────────────────╯

[0;0H╭──────────────────────────────────────────────────────────────────────────────╮
│  PufferLib 4.0  🐡                GPU: 0%      VRAM: 0.4/18G      RAM: 0.6G  │
│                                                                              │
│  Summary          Value    Evaluate   250ms  37%    Losses            Value  │
│  Env       osrs_inferno      GPU      207ms  31%    policy            0.023  │
│  Params          752.1K      Env       42ms   6%    value             0.031  │
│  Steps            50.0M    Train      410ms  62%    entropy           0.612  │
│  SPS             245.1K      Misc       0ms   0%    total             0.038  │
│  Epoch             1525      Forwa…     0ms   0%    old_kl            0.002  │
│  Uptime    0d 0h 3m 23s                             kl                0.003  │
│  Remaini…         117ms                             clipfrac          0.064  │
│                                                     bc                0.000  │
│                                                                              │
│  User Stats                    Value    User Stats                    Value  │
│  episode_return                6.191    damage_dealt                669.776  │
│  damage_received              63.293    episode_length              144.316  │
│  wins                          0.000    wave                         68.000  │
│  idle_ticks                    0.091    brews_used                    1.433  │
│  blood_healed                  0.000    prayer_correct_rate           0.238  │
│  unavoidable_off_praye…        0.003    brews_remaining              10.567  │
│  restores_remaining           11.770    prayer_at_death              89.531  │
│  current_ranged               98.293    current_magic                88.867  │
│  behind_shield_pct             0.763    zuk_hp_remaining            530.601  │
│  min_zuk_hp_seen             530.400    hp_restored                   0.633  │
│  zuk_healer_damage             0.031    deaths_to_jad                 0.044  │
│  episode_return_normal         6.191    wins_normal                   0.000  │
│  min_zuk_hp_normal           530.400    score_normal                  0.558  │
│  zuk_objective_normal          0.558    phase_reached_normal          1.718  │
│  death_tick_normal           144.316    frac_min_hp_le_300_no…        0.025  │
╰──────────────────────────────────────────────────────────────────────────────╯

[0;0H╭──────────────────────────────────────────────────────────────────────────────╮
│  PufferLib 4.0 🐡                 GPU: 0%      VRAM: 0.4/18G      RAM: 0.6G  │
│                                                                              │
│  Summary          Value    Evaluate   250ms  37%    Losses            Value  │
│  Env       osrs_inferno      GPU      207ms  31%    policy            0.023  │
│  Params          752.1K      Env       42ms   6%    value             0.031  │
│  Steps            50.0M    Train      410ms  62%    entropy           0.612  │
│  SPS             245.1K      Misc       0ms   0%    total             0.038  │
│  Epoch             1525      Forwa…     0ms   0%    old_kl            0.002  │
│  Uptime    0d 0h 3m 23s                             kl                0.003  │
│  Remaini…         117ms                             clipfrac          0.064  │
│                                                     bc                0.000  │
│                                                                              │
│  User Stats                    Value    User Stats                    Value  │
│  episode_return                6.199    damage_dealt                670.585  │
│  damage_received              63.393    episode_length              144.302  │
│  wins                          0.000    wave                         68.000  │
│  idle_ticks                    0.093    brews_used                    1.431  │
│  blood_healed                  0.000    prayer_correct_rate           0.238  │
│  unavoidable_off_praye…        0.003    brews_remaining              10.569  │
│  restores_remaining           11.771    prayer_at_death              89.524  │
│  current_ranged               98.283    current_magic                88.860  │
│  behind_shield_pct             0.763    zuk_hp_remaining            529.783  │
│  min_zuk_hp_seen             529.587    hp_restored                   0.628  │
│  zuk_healer_damage             0.030    deaths_to_jad                 0.044  │
│  episode_return_normal         6.199    wins_normal                   0.000  │
│  min_zuk_hp_normal           529.587    score_normal                  0.559  │
│  zuk_objective_normal          0.559    phase_reached_normal          1.721  │
│  death_tick_normal           144.302    frac_min_hp_le_300_no…        0.026  │
╰──────────────────────────────────────────────────────────────────────────────╯

wandb: uploading artifact 1wv5prug; updating run metadata
wandb: uploading artifact 1wv5prug; uploading config.yaml
wandb: uploading artifact 1wv5prug
wandb: uploading artifact 1wv5prug; uploading history steps 291-305, summary
wandb: uploading data
wandb: 
wandb: Run history:
wandb:                   SPS ▆▆▆▆▆█▆▆▆▁▆▅▆▅▆▆▆▅▆▅▆▅▆▆▅▅▆▅▆▅▆▆▅▆▆▅▆▆▆▆
wandb:           agent_steps ▁▁▁▂▂▂▂▂▃▃▃▃▃▄▄▄▄▄▄▅▅▅▅▅▅▆▆▆▆▆▆▇▇▇▇█████
wandb: env/behind_shield_pct ▁▁▁▁▁▁▁▁▁▁▁▂▂▃▃█████████████████████████
wandb:      env/blood_healed █▄▁▁▁▁▁▁▁▁▁▁▁▁▁▁▁▁▁▁▁▁▁▁▁▁▁▁▁▁▁▁▁▁▁▁▁▁▁▁
wandb:   env/brews_remaining ▆▆▅▅▄▄▃▂▃▂▁▃▂▃▂▂▇▇██████▇█▇▇▇▇▇▇█▇▇█▇▇▇▇
wandb:        env/brews_used ▆▅▇▆▇▇█▅▇█▂▂▁▂▂▁▁▂▂▂▂▂▂▃▂▂▃▃▂▂▁▂▂▂▃▂▂▃▂▂
wandb:     env/current_magic ▆▅▅▂▅▆▄▂▄▄▄▆▄▆▃▅▅▄▅█▅▅▆▆▇▃▃▃▅▂▂▃▃▄▄▄▁▄▃▅
wandb:    env/current_ranged ▆▆▆▅▅▄▃▅▅▃▅▅▅▅▅▅▃▁▂▄▅▆█▆▅▄▄▄▄▄▄▄▃▄▄▅▄▄▅▆
wandb:      env/damage_dealt ▁▁▂▂▂▂▂▂▂▂▂▃▃▆▇▇▇▇▇▇█▇▇▇▇▇█▇▇▇▇█▇▇█▇▇▇▇█
wandb:   env/damage_received ▄▄▄▅▃▃▄▅▅▆▁▅█▄▄▇▄▅▄▅▅▄▄▄▄▃▅▆▄▅▄▆▄▃▃▄▃▅▅▄
wandb:                   +98 ...
wandb: 
wandb: Run summary:
wandb:                   SPS 245123
wandb:           agent_steps 51445760
wandb: env/behind_shield_pct 0.75878
wandb:      env/blood_healed 0
wandb:   env/brews_remaining 10.49644
wandb:        env/brews_used 1.50356
wandb:     env/current_magic 88.22509
wandb:    env/current_ranged 97.28114
wandb:      env/damage_dealt 702.61121
wandb:   env/damage_received 67.59164
wandb:                   +98 ...
wandb: 
wandb: 🚀 View run hokey-fleet-23 at: https://wandb.ai/valtterivalo-clock-cloud/puffer4/runs/1wv5prug
wandb: ⭐️ View project at: https://wandb.ai/valtterivalo-clock-cloud/puffer4
wandb: Synced 4 W&B file(s), 0 media file(s), 2 artifact file(s) and 0 other file(s)
wandb: Find logs at: ./wandb/run-20260505_005544-1wv5prug/logs
[0;0H╭──────────────────────────────────────────────────────────────────────────────╮
│  PufferLib 4.0          🐡        GPU: 0%      VRAM: 0.4/18G      RAM: 0.6G  │
│                                                                              │
│  Summary          Value    Evaluate   250ms  37%    Losses            Value  │
│  Env       osrs_inferno      GPU      207ms  31%    policy            0.023  │
│  Params          752.1K      Env       42ms   6%    value             0.031  │
│  Steps            50.0M    Train      410ms  62%    entropy           0.612  │
│  SPS             245.1K      Misc       0ms   0%    total             0.038  │
│  Epoch             1525      Forwa…     0ms   0%    old_kl            0.002  │
│  Uptime    0d 0h 3m 23s                             kl                0.003  │
│  Remaini…         117ms                             clipfrac          0.064  │
│                                                     bc                0.000  │
│                                                                              │
│  User Stats                    Value    User Stats                    Value  │
│  episode_return                6.199    damage_dealt                670.585  │
│  damage_received              63.393    episode_length              144.302  │
│  wins                          0.000    wave                         68.000  │
│  idle_ticks                    0.093    brews_used                    1.431  │
│  blood_healed                  0.000    prayer_correct_rate           0.238  │
│  unavoidable_off_praye…        0.003    brews_remaining              10.569  │
│  restores_remaining           11.771    prayer_at_death              89.524  │
│  current_ranged               98.283    current_magic                88.860  │
│  behind_shield_pct             0.763    zuk_hp_remaining            529.783  │
│  min_zuk_hp_seen             529.587    hp_restored                   0.628  │
│  zuk_healer_damage             0.030    deaths_to_jad                 0.044  │
│  episode_return_normal         6.199    wins_normal                   0.000  │
│  min_zuk_hp_normal           529.587    score_normal                  0.559  │
│  zuk_objective_normal          0.559    phase_reached_normal          1.721  │
│  death_tick_normal           144.302    frac_min_hp_le_300_no…        0.026  │
╰──────────────────────────────────────────────────────────────────────────────╯

